t,stiff_force,compliant_force,stiff_torque,compliant_torque
0.0000,0.0000,0.0000,208.8571,208.8570
0.0020,0.0000,0.0000,173.1541,209.4541
0.0040,0.0000,0.0000,143.4571,208.6547
0.0060,0.0000,0.0000,154.8338,207.5420
0.0080,0.0000,0.0000,184.6309,201.2771
0.0100,0.0000,0.0000,210.3638,201.6350
0.0120,0.0000,0.0000,234.2588,196.6892
0.0140,0.0000,0.0000,255.2419,194.5477
0.0160,0.0000,0.0000,273.8873,189.6432
0.0180,0.0000,0.0000,291.6058,188.4476
0.0200,0.0000,0.0000,307.5383,184.1637
0.0220,0.0000,0.0000,322.0838,183.8133
0.0240,0.0000,0.0000,336.4140,180.3454
0.0260,0.0000,0.0000,347.4620,180.7012
0.0280,0.0000,0.0000,359.0299,178.2254
0.0300,0.0000,0.0000,371.9371,179.4373
0.0320,0.0000,0.0000,384.3648,176.8479
0.0340,0.0000,0.0000,396.1062,178.2092
0.0360,0.0000,0.0000,407.8542,175.9477
0.0380,0.0000,0.0000,418.4121,177.6573
0.0400,0.0000,0.0000,429.3525,175.9298
0.0420,0.0000,0.0000,437.3043,178.3802
0.0440,0.0000,0.0000,446.1456,177.0748
0.0460,0.0000,0.0000,455.6460,179.7329
0.0480,0.0000,0.0000,465.1520,178.3048
0.0500,0.0000,0.0000,474.9065,180.8462
0.0520,0.0000,0.0000,483.4441,179.5653
0.0540,0.0000,0.0000,493.2768,182.0654
0.0560,0.0000,0.0000,502.0520,180.4663
0.0580,0.0000,0.0000,512.5183,183.3331
0.0600,0.0000,0.0000,522.4658,181.7251
0.0620,0.0000,0.0000,531.9991,184.3300
0.0640,0.0000,0.0000,540.7099,182.6084
0.0660,0.0000,0.0000,550.4040,185.4861
0.0680,0.0000,0.0000,560.1371,183.7497
0.0700,0.0000,0.0000,569.1170,186.2298
0.0720,0.0000,0.0000,578.6237,184.4110
0.0740,0.0000,0.0000,587.5052,186.8471
0.0760,0.0000,0.0000,598.5441,184.9468
0.0780,0.0000,0.0000,608.5524,187.3058
0.0800,0.0000,0.0000,617.1688,185.3273
0.0820,0.0000,0.0000,624.0069,186.5400
0.0840,0.0000,0.0000,632.2322,185.9343
0.0860,0.0000,0.0000,640.3371,189.3036
0.0880,0.0000,0.0000,651.7277,187.3491
0.0900,0.0000,0.0000,661.6505,189.8272
0.0920,0.0000,0.0000,671.7347,187.8355
0.0940,0.0000,0.0000,683.2573,190.1379
0.0960,0.0000,0.0000,690.9970,188.8472
0.0980,0.0000,0.0000,697.0957,191.0896
0.1000,0.0000,0.0000,704.7112,188.6684
0.1020,0.0000,0.0000,714.0230,191.8236
0.1040,0.0000,0.0000,723.4638,189.3702
0.1060,0.0000,0.0000,732.3675,191.3270
0.1080,0.0000,0.0000,741.8306,188.5911
0.1100,0.0000,0.0000,750.7889,190.3797
0.1120,0.0000,0.0000,757.9370,187.2362
0.1140,0.0000,0.0000,767.8098,189.7432
0.1160,0.0000,0.0000,777.8924,189.5338
0.1180,0.0000,0.0000,769.1517,191.5089
0.1200,0.0000,0.0000,762.8839,188.9531
0.1220,0.0000,0.0000,758.1767,191.7415
0.1240,0.0000,0.0000,755.7638,190.0964
0.1260,0.0000,0.0000,748.1122,193.3270
0.1280,0.0000,0.0000,743.9675,191.5363
0.1300,0.0000,0.0000,742.5829,195.4012
0.1320,0.0000,0.0000,741.0134,194.1795
0.1340,0.0000,0.0000,740.1099,197.3491
0.1360,0.0000,0.0000,741.1507,195.7881
0.1380,0.0000,0.0000,742.5108,199.1121
0.1400,0.0000,0.0000,743.9271,197.1434
0.1420,0.0000,0.0000,745.0052,200.1652
0.1440,0.0000,0.0000,746.1481,198.1141
0.1460,0.0000,0.0000,749.2492,201.0180
0.1480,0.0000,0.0000,752.2047,198.8901
0.1500,0.0000,0.0000,752.2903,201.2120
0.1520,0.0000,0.0000,752.5989,199.4303
0.1540,0.0000,0.0000,751.8043,202.2747
0.1560,0.0000,0.0000,752.4806,200.1404
0.1580,0.0000,0.0000,753.0490,203.0159
0.1600,0.0000,0.0000,755.8936,200.8329
0.1620,0.0000,0.0000,756.6181,203.7165
0.1640,0.0000,0.0000,759.5473,201.5195
0.1660,0.0000,0.0000,761.5422,204.2443
0.1680,0.0000,0.0000,764.1441,201.7711
0.1700,0.0000,0.0000,765.8881,204.4083
0.1720,0.0000,0.0000,768.3954,201.8161
0.1740,0.0000,0.0000,769.0819,204.2847
0.1760,0.0000,0.0000,770.9944,201.5299
0.1780,0.0000,0.0000,772.6178,203.7104
0.1800,0.0000,0.0000,774.5328,200.9965
0.1820,0.0000,0.0000,773.6373,204.2964
0.1840,0.0000,0.0000,774.2255,202.3484
0.1860,0.0000,0.0000,774.9625,204.4964
0.1880,0.0000,0.0000,776.5119,201.1890
0.1900,0.0000,0.0000,775.3859,204.8240
0.1920,0.0000,0.0000,775.7972,203.0165
0.1940,0.0000,0.0000,776.1466,206.2018
0.1960,0.0000,0.0000,777.4226,203.9902
0.1980,0.0000,0.0000,780.8411,206.9875
0.2000,0.0000,0.0000,781.2280,202.5303
0.2020,0.0000,0.0000,781.6096,207.9238
0.2040,0.0000,0.0000,782.7796,205.2638
0.2060,0.0000,0.0000,783.4311,207.8428
0.2080,0.0000,0.0000,785.6806,205.2184
0.2100,0.0000,0.0000,785.9126,207.9562
0.2120,0.0000,0.0000,787.0556,205.3912
0.2140,0.0000,0.0000,787.7670,208.1609
0.2160,0.0000,0.0000,789.1660,205.5984
0.2180,0.0000,0.0000,789.9847,208.3775
0.2200,0.0000,0.0000,792.3364,205.8134
0.2220,0.0000,0.0000,793.8579,208.5968
0.2240,0.0000,0.0000,795.7085,206.0508
0.2260,0.0000,0.0000,796.9683,208.8705
0.2280,0.0000,0.0000,798.8872,206.3268
0.2300,0.0000,0.0000,800.2029,209.1449
0.2320,0.0000,0.0000,802.2245,206.5849
0.2340,0.0000,0.0000,802.1248,209.3986
0.2360,0.0000,0.0000,803.1532,206.8275
0.2380,0.0000,0.0000,804.3974,209.6366
0.2400,0.0000,0.0000,806.3732,207.0377
0.2420,0.0000,0.0000,807.8370,209.7844
0.2440,0.0000,0.0000,810.0056,207.1670
0.2460,0.0000,0.0000,811.6775,210.0035
0.2480,0.0000,0.0000,811.6718,207.3927
0.2500,0.0000,0.0000,812.0526,210.1770
0.2520,0.0000,0.0000,811.9194,207.5253
0.2540,0.0000,0.0000,812.0130,210.2317
0.2560,0.0000,0.0000,812.7648,207.3698
0.2580,0.0000,0.0000,813.3914,210.2704
0.2600,0.0000,0.0000,814.8558,207.6660
0.2620,0.0000,0.0000,815.9200,210.4662
0.2640,0.0000,0.0000,817.6415,207.8115
0.2660,0.0000,0.0000,819.0269,210.6601
0.2680,0.0000,0.0000,820.9770,208.0033
0.2700,0.0000,0.0000,822.2849,210.7690
0.2720,0.0000,0.0000,823.6170,208.0508
0.2740,0.0000,0.0000,824.4909,210.7454
0.2760,0.0000,0.0000,826.0813,207.7253
0.2780,0.0000,0.0000,827.1062,210.6213
0.2800,0.0000,0.0000,828.7931,208.0072
0.2820,0.0000,0.0000,829.9845,210.8086
0.2840,0.0000,0.0000,831.7746,208.1781
0.2860,0.0000,0.0000,832.9386,210.9847
0.2880,0.0000,0.0000,834.7279,208.3453
0.2900,0.0000,0.0000,835.8979,211.1800
0.2920,0.0000,0.0000,837.7006,208.3841
0.2940,0.0000,0.0000,838.8918,211.2942
0.2960,0.0000,0.0000,840.7229,208.4153
0.2980,0.0000,0.0000,841.9384,210.8883
0.3000,0.0000,0.0000,843.7870,207.5348
0.3020,0.0000,0.0000,845.0258,210.3693
0.3040,0.0000,0.0000,846.7796,207.7059
0.3060,0.0000,0.0000,847.9507,210.2736
0.3080,0.0000,0.0000,849.7759,207.9106
0.3100,0.0000,0.0000,850.9930,210.9647
0.3120,0.0000,0.0000,852.8495,208.4142
0.3140,0.0000,0.0000,854.0864,211.2631
0.3160,0.0000,0.0000,855.9531,208.6613
0.3180,0.0000,0.0000,857.7892,211.5163
0.3200,0.0000,0.0000,860.0996,208.8380
0.3220,0.0000,0.0000,861.6985,211.6541
0.3240,0.0000,0.0000,863.8816,208.9527
0.3260,0.0000,0.0000,865.2136,211.6037
0.3280,0.0000,0.0000,867.2416,208.9115
0.3300,0.0000,0.0000,868.6896,211.7293
0.3320,0.0000,0.0000,870.8175,209.0277
0.3340,0.0000,0.0000,872.3473,211.8246
0.3360,0.0000,0.0000,874.5278,209.1169
0.3380,0.0000,0.0000,876.0738,212.1045
0.3400,0.0000,0.0000,878.2761,209.1108
0.3420,0.0000,0.0000,879.8750,211.9659
0.3440,0.0000,0.0000,882.1244,209.2720
0.3460,0.0000,0.0000,883.7706,212.0904
0.3480,0.0000,0.0000,886.1432,209.4248
0.3500,0.0000,0.0000,887.8860,212.2223
0.3520,0.0000,0.0000,890.2662,209.4734
0.3540,0.0000,0.0000,892.0321,212.2420
0.3560,0.0000,0.0000,894.4446,209.3765
0.3580,0.0000,0.0000,896.2484,212.2313
0.3600,0.0000,0.0000,898.7024,209.5206
0.3620,0.0000,0.0000,900.5497,212.2955
0.3640,0.0000,0.0000,903.0490,209.5967
0.3660,0.0000,0.0000,904.9422,212.4240
0.3680,0.0000,0.0000,907.4000,209.8380
0.3700,0.0000,0.0000,909.3665,212.3763
0.3720,0.0000,0.0000,911.9709,209.6836
0.3740,0.0000,0.0000,913.9643,212.5189
0.3760,0.0000,0.0000,916.5345,209.4127
0.3780,0.0000,0.0000,918.5502,212.2644
0.3800,0.0000,0.0000,921.3189,209.6241
0.3820,0.0000,0.0000,923.4628,212.4328
0.3840,0.0000,0.0000,926.2459,209.6520
0.3860,0.0000,0.0000,928.4157,212.3126
0.3880,0.0000,0.0000,931.2839,209.5674
0.3900,0.0000,0.0000,933.5333,212.7246
0.3920,0.0000,0.0000,936.4256,207.9006
0.3940,0.0000,0.0000,938.7066,213.2843
0.3960,0.0000,0.0000,941.5752,210.3613
0.3980,0.0000,0.0000,943.8627,212.7862
0.4000,0.0000,0.0000,946.8167,209.7720
0.4020,0.0000,0.0000,949.1733,212.3074
0.4040,0.0000,0.0000,952.1890,209.1877
0.4060,0.0000,0.0000,954.6022,211.8343
0.4080,0.0000,0.0000,957.6720,208.6371
0.4100,0.0000,0.0000,960.1373,211.9251
0.4120,0.0000,0.0000,963.2586,209.5000
0.4140,0.0000,0.0000,965.7748,212.4887
0.4160,0.0000,0.0000,968.9470,209.8504
0.4180,0.0000,0.0000,971.5092,212.7104
0.4200,0.0000,0.0000,974.7302,209.9701
0.4220,0.0000,0.0000,977.4207,212.7037
0.4240,0.0000,0.0000,980.7435,210.1123
0.4260,0.0000,0.0000,983.2516,212.3743
0.4280,0.0000,0.0000,986.5518,209.7280
0.4300,0.0000,0.0000,989.1215,212.6016
0.4320,0.0000,0.0000,992.3949,209.9059
0.4340,0.0000,0.0000,995.0955,212.7391
0.4360,0.0000,0.0000,998.4721,210.0071
0.4380,0.0000,0.0000,1001.3436,212.8305
0.4400,0.0000,0.0000,1004.8522,210.0943
0.4420,0.0000,0.0000,1007.7420,212.9112
0.4440,0.0000,0.0000,1011.1916,210.1771
0.4460,0.0000,0.0000,1014.0645,212.9948
0.4480,0.0000,0.0000,1017.7953,210.2604
0.4500,0.0000,0.0000,1020.8755,213.0798
0.4520,0.0000,0.0000,1024.5885,210.2944
0.4540,0.0000,0.0000,1027.5979,213.0123
0.4560,0.0000,0.0000,1031.2898,210.2010
0.4580,0.0000,0.0000,1034.3872,213.0013
0.4600,0.0000,0.0000,1038.2366,210.2323
0.4620,0.0000,0.0000,1041.4512,212.9990
0.4640,0.0000,0.0000,1045.3117,210.2496
0.4660,0.0000,0.0000,1048.4704,213.1494
0.4680,0.0000,0.0000,1052.3571,210.5071
0.4700,0.0000,0.0000,1055.6416,213.4919
0.4720,0.0000,0.0000,1059.9405,210.9099
0.4740,0.0000,0.0000,1063.2906,213.7966
0.4760,0.0000,0.0000,1066.9726,210.1330
0.4780,0.0000,0.0000,1070.2229,213.0822
0.4800,0.0000,0.0000,1074.5699,210.3394
0.4820,0.0000,0.0000,1078.1928,213.2291
0.4840,0.0000,0.0000,1082.4258,210.5101
0.4860,0.0000,0.0000,1086.0056,212.0926
0.4880,0.0000,0.0000,1090.2317,208.7756
0.4900,0.0000,0.0000,1093.5741,210.9642
0.4920,0.0000,0.0000,1097.3669,207.5369
0.4940,0.0000,0.0000,1100.6820,209.6858
0.4960,0.0000,0.0000,1105.0787,206.3785
0.4980,0.0000,0.0000,1108.8301,208.7347
0.5000,0.0000,0.0000,1113.2239,205.5147
0.5020,0.0000,0.0000,1117.1804,207.9849
0.5040,0.0000,0.0000,1121.7454,204.8947
0.5060,0.0000,0.0000,1125.6616,207.4986
0.5080,0.0000,0.0000,1130.0554,204.5132
0.5100,0.0000,0.0000,1133.8752,207.2141
0.5120,0.0000,0.0000,1138.3906,204.3282
0.5140,0.0000,0.0000,1127.2742,207.1154
0.5160,0.0000,0.0000,1117.4803,204.2869
0.5180,0.0000,0.0000,1109.1879,207.1235
0.5200,0.0000,0.0000,1102.2244,204.3475
0.5220,0.0000,0.0000,1096.3217,207.2257
0.5240,0.0000,0.0000,1091.3569,204.4169
0.5260,0.0000,0.0000,1086.5344,206.4602
0.5280,0.0000,0.0000,1082.9953,201.6605
0.5300,0.0000,0.0000,1080.0003,207.3105
0.5320,0.0000,0.0000,1077.4836,204.4232
0.5340,0.0000,0.0000,1075.3443,207.1440
0.5360,0.0000,0.0000,1073.5584,204.3831
0.5380,0.0000,0.0000,1072.0269,207.2962
0.5400,0.0000,0.0000,1070.7621,204.6296
0.5420,0.0000,0.0000,1069.6623,207.5813
0.5440,0.0000,0.0000,1068.7707,204.9075
0.5460,0.0000,0.0000,1067.9803,207.8456
0.5480,0.0000,0.0000,1067.3601,205.1559
0.5500,0.0000,0.0000,1066.7843,208.0817
0.5520,0.0000,0.0000,1066.3520,205.3805
0.5540,0.0000,0.0000,1065.9253,208.2936
0.5560,0.0000,0.0000,1065.6292,205.5804
0.5580,0.0000,0.0000,1065.3144,208.4818
0.5600,0.0000,0.0000,1065.1198,205.7671
0.5620,0.0000,0.0000,1064.8851,208.6656
0.5640,0.0000,0.0000,1064.7646,205.9379
0.5660,0.0000,0.0000,1064.5882,208.8256
0.5680,0.0000,0.0000,1064.5218,206.0892
0.5700,0.0000,0.0000,1064.3945,208.9696
0.5720,0.0000,0.0000,1064.3704,206.2329
0.5740,0.0000,0.0000,1064.2652,209.1131
0.5760,0.0000,0.0000,1063.3405,204.6756
0.5780,0.0000,0.0000,1063.2522,207.7885
0.5800,0.0000,0.0000,1063.2684,205.2178
0.5820,0.0000,0.0000,1063.2023,208.2238
0.5840,0.0000,0.0000,1063.2375,205.5670
0.5860,0.0000,0.0000,1063.1883,208.5193
0.5880,0.0000,0.0000,1063.2366,205.8280
0.5900,0.0000,0.0000,1063.1993,208.7473
0.5920,0.0000,0.0000,1063.2565,206.0333
0.5940,0.0000,0.0000,1063.2262,208.9393
0.5960,0.0000,0.0000,1063.2920,206.2081
0.5980,0.0000,0.0000,1063.2676,209.1003
0.6000,0.0000,0.0000,1063.3367,206.3562
0.6020,0.0000,0.0000,1063.3165,209.2386
0.6040,0.0000,0.0000,1063.3855,206.4859
0.6060,0.0000,0.0000,1063.3703,209.3624
0.6080,0.0000,0.0000,1063.4417,206.6031
0.6100,0.0000,0.0000,1063.4262,209.4738
0.6120,0.0000,0.0000,1063.4952,206.7063
0.6140,0.0000,0.0000,1063.4816,209.5726
0.6160,0.0000,0.0000,1063.5491,206.7993
0.6180,0.0000,0.0000,1063.5463,209.6239
0.6200,0.0000,0.0000,1063.6264,206.8624
0.6220,0.0000,0.0000,1063.6231,209.7311
0.6240,0.0000,0.0000,1063.6987,206.9533
0.6260,0.0000,0.0000,1062.4199,207.8083
0.6280,0.0000,0.0000,1062.4830,205.3126
0.6300,0.0000,0.0000,1062.4630,208.3857
0.6320,0.0000,0.0000,1062.5360,205.7593
0.6340,0.0000,0.0000,1062.5324,208.7418
0.6360,0.0000,0.0000,1062.6152,206.0505
0.6380,0.0000,0.0000,1062.6074,208.9983
0.6400,0.0000,0.0000,1062.6876,206.2737
0.6420,0.0000,0.0000,1062.6830,209.1885
0.6440,0.0000,0.0000,1062.7646,206.4431
0.6460,0.0000,0.0000,1062.7677,209.3477
0.6480,0.0000,0.0000,1062.8537,206.5781
0.6500,0.0000,0.0000,1062.8513,209.4659
0.6520,0.0000,0.0000,1062.9127,206.6914
0.6540,0.0000,0.0000,1062.8909,209.5873
0.6560,0.0000,0.0000,1062.9802,206.8034
0.6580,0.0000,0.0000,1062.9806,209.6824
0.6600,0.0000,0.0000,1063.0576,206.8963
0.6620,0.0000,0.0000,1063.0397,209.7762
0.6640,0.0000,0.0000,1063.0988,206.9706
0.6660,0.0000,0.0000,1063.0740,209.8370
0.6680,0.0000,0.0000,1063.1331,207.0384
0.6700,0.0000,0.0000,1063.1067,209.9090
0.6720,0.0000,0.0000,1063.1728,207.0336
0.6740,0.0000,0.0000,1063.1502,210.3636
0.6760,0.0000,0.0000,1061.6078,203.0576
0.6780,0.0000,0.0000,1061.5424,208.8757
0.6800,0.0000,0.0000,1061.5736,206.0360
0.6820,0.0000,0.0000,1061.5222,208.8026
0.6840,0.0000,0.0000,1061.5636,206.0254
0.6860,0.0000,0.0000,1061.5324,208.9593
0.6880,0.0000,0.0000,1061.5869,206.2309
0.6900,0.0000,0.0000,1061.5503,209.1669
0.6920,0.0000,0.0000,1061.5988,206.4116
0.6940,0.0000,0.0000,1061.5792,209.3443
0.6960,0.0000,0.0000,1061.6267,206.5883
0.6980,0.0000,0.0000,1061.5930,209.5003
0.7000,0.0000,0.0000,1061.6484,206.7261
0.7020,0.0000,0.0000,1061.6211,209.6271
0.7040,0.0000,0.0000,1061.6665,206.8404
0.7060,0.0000,0.0000,1061.6305,209.7324
0.7080,0.0000,0.0000,1061.6762,206.9346
0.7100,0.0000,0.0000,1061.6408,209.8218
0.7120,0.0000,0.0000,1061.6866,207.0279
0.7140,0.0000,0.0000,1061.6662,209.9133
0.7160,0.0000,0.0000,1061.7072,207.1075
0.7180,0.0000,0.0000,1061.6670,209.9879
0.7200,0.0000,0.0000,1061.7103,207.1767
0.7220,0.0000,0.0000,1061.6713,210.0534
0.7240,0.0000,0.0000,1061.7147,207.2374
0.7260,0.0000,0.0000,1059.7944,207.6752
0.7280,0.0000,0.0000,1059.8061,205.2144
0.7300,0.0000,0.0000,1059.7386,208.3440
0.7320,0.0000,0.0000,1059.7586,205.7400
0.7340,0.0000,0.0000,1059.7028,208.7838
0.7360,0.0000,0.0000,1059.7351,206.0926
0.7380,0.0000,0.0000,1059.6898,209.0741
0.7400,0.0000,0.0000,1059.7304,206.3354
0.7420,0.0000,0.0000,1059.7007,209.2862
0.7440,0.0000,0.0000,1059.7445,206.5221
0.7460,0.0000,0.0000,1059.7094,209.4557
0.7480,0.0000,0.0000,1059.7524,206.6753
0.7500,0.0000,0.0000,1059.7278,209.5986
0.7520,0.0000,0.0000,1059.7730,206.8019
0.7540,0.0000,0.0000,1059.7392,209.7068
0.7560,0.0000,0.0000,1059.7853,206.9120
0.7580,0.0000,0.0000,1059.7585,209.8239
0.7600,0.0000,0.0000,1059.8081,207.0170
0.7620,0.0000,0.0000,1059.7756,209.9217
0.7640,0.0000,0.0000,1059.8149,207.1057
0.7660,0.0000,0.0000,1059.7757,210.0048
0.7680,0.0000,0.0000,1059.8176,207.1829
0.7700,0.0000,0.0000,1059.7790,210.0782
0.7720,0.0000,0.0000,1059.8346,207.2502
0.7740,0.0000,0.0000,1059.7997,210.1203
0.7760,0.0000,0.0000,1057.6970,204.6820
0.7780,0.0000,0.0000,1057.6123,207.9662
0.7800,0.0000,0.0000,1057.6252,205.4220
0.7820,0.0000,0.0000,1057.5586,208.5376
0.7840,0.0000,0.0000,1057.5858,205.8750
0.7860,0.0000,0.0000,1057.5421,208.9120
0.7880,0.0000,0.0000,1057.5876,206.1784
0.7900,0.0000,0.0000,1057.5561,209.1661
0.7920,0.0000,0.0000,1057.5933,206.4009
0.7940,0.0000,0.0000,1057.5527,209.3724
0.7960,0.0000,0.0000,1057.5939,206.5858
0.7980,0.0000,0.0000,1057.5655,209.5360
0.8000,0.0000,0.0000,1057.6165,206.7380
0.8020,0.0000,0.0000,1057.5689,209.6850
0.8040,0.0000,0.0000,1057.6063,206.8649
0.8060,0.0000,0.0000,1057.5668,209.7949
0.8080,0.0000,0.0000,1057.6298,206.9763
0.8100,0.0000,0.0000,1057.6126,209.9096
0.8120,0.0000,0.0000,1057.6689,207.0754
0.8140,0.0000,0.0000,1057.6406,210.0002
0.8160,0.0000,0.0000,1057.6892,207.1637
0.8180,0.0000,0.0000,1057.6455,210.0872
0.8200,0.0000,0.0000,1057.6832,207.2416
0.8220,0.0000,0.0000,1057.6406,210.1595
0.8240,0.0000,0.0000,1057.6790,207.2660
0.8260,0.0000,0.0000,1055.2802,207.7383
0.8280,0.0000,0.0000,1055.2823,203.1302
0.8300,0.0000,0.0000,1055.2085,208.9906
0.8320,0.0000,0.0000,1055.2226,206.0639
0.8340,0.0000,0.0000,1055.1644,208.8767
0.8360,0.0000,0.0000,1055.1948,206.0540
0.8380,0.0000,0.0000,1055.1596,209.0373
0.8400,0.0000,0.0000,1055.2070,206.2659
0.8420,0.0000,0.0000,1055.1681,209.2591
0.8440,0.0000,0.0000,1055.2113,206.4751
0.8460,0.0000,0.0000,1055.1788,209.4534
0.8480,0.0000,0.0000,1055.2342,206.6510
0.8500,0.0000,0.0000,1055.2040,209.6124
0.8520,0.0000,0.0000,1055.2632,206.7957
0.8540,0.0000,0.0000,1055.2419,209.7560
0.8560,0.0000,0.0000,1055.2822,206.9311
0.8580,0.0000,0.0000,1055.2519,209.8796
0.8600,0.0000,0.0000,1055.2985,207.0436
0.8620,0.0000,0.0000,1055.2585,209.9848
0.8640,0.0000,0.0000,1055.2766,207.1403
0.8660,0.0000,0.0000,1055.2677,210.0722
0.8680,0.0000,0.0000,1055.2857,207.2080
0.8700,0.0000,0.0000,1055.2767,210.1515
0.8720,0.0000,0.0000,1055.3466,207.3022
0.8740,0.0000,0.0000,1055.2660,210.2352
0.8760,0.0000,0.0000,1052.7711,204.4492
0.8780,0.0000,0.0000,1052.7038,207.8000
0.8800,0.0000,0.0000,1052.7230,205.2532
0.8820,0.0000,0.0000,1052.6655,208.4275
0.8840,0.0000,0.0000,1052.6842,205.7534
0.8860,0.0000,0.0000,1052.6411,208.8364
0.8880,0.0000,0.0000,1052.6626,206.0970
0.8900,0.0000,0.0000,1052.6248,209.1299
0.8920,0.0000,0.0000,1052.6567,206.3187
0.8940,0.0000,0.0000,1052.6276,209.3427
0.8960,0.0000,0.0000,1052.6660,206.5470
0.8980,0.0000,0.0000,1052.6508,209.5415
0.9000,0.0000,0.0000,1052.6990,206.7180
0.9020,0.0000,0.0000,1052.6816,209.6974
0.9040,0.0000,0.0000,1052.7073,206.8596
0.9060,0.0000,0.0000,1052.6730,209.8292
0.9080,0.0000,0.0000,1052.7291,206.9808
0.9100,0.0000,0.0000,1052.7176,209.9447
0.9120,0.0000,0.0000,1052.7649,207.0888
0.9140,0.0000,0.0000,1052.7445,210.0465
0.9160,0.0000,0.0000,1052.7736,207.1867
0.9180,0.0000,0.0000,1052.7397,210.1271
0.9200,0.0000,0.0000,1052.7774,207.2683
0.9220,0.0000,0.0000,1052.7478,210.2245
0.9240,0.0000,0.0000,1052.7819,207.3529
0.9260,0.0000,0.0000,1050.0570,207.2232
0.9280,0.0000,0.0000,1050.0298,204.7860
0.9300,0.0000,0.0000,1049.9563,208.0668
0.9320,0.0000,0.0000,1049.9599,205.4421
0.9340,0.0000,0.0000,1049.9008,208.5949
0.9360,0.0000,0.0000,1049.9301,205.8701
0.9380,0.0000,0.0000,1049.8693,208.9508
0.9400,0.0000,0.0000,1049.9292,206.1755
0.9420,0.0000,0.0000,1049.9002,209.2079
0.9440,0.0000,0.0000,1049.9538,206.4052
0.9460,0.0000,0.0000,1049.9653,209.4306
0.9480,0.0000,0.0000,1049.9667,206.6027
0.9500,0.0000,0.0000,1049.9497,209.6179
0.9520,0.0000,0.0000,1050.0111,206.7666
0.9540,0.0000,0.0000,1049.9410,209.7632
0.9560,0.0000,0.0000,1049.9953,206.9034
0.9580,0.0000,0.0000,1049.9870,209.8965
0.9600,0.0000,0.0000,1050.0310,207.0180
0.9620,0.0000,0.0000,1050.0196,210.0054
0.9640,0.0000,0.0000,1050.0554,207.1341
0.9660,0.0000,0.0000,1050.0234,210.1237
0.9680,0.0000,0.0000,1050.0546,207.2319
0.9700,0.0000,0.0000,1050.0274,210.2072
0.9720,0.0000,0.0000,1050.0640,207.3163
0.9740,0.0000,0.0000,1050.0473,210.2942
0.9760,0.0000,0.0000,1047.2557,204.1481
0.9780,0.0000,0.0000,1047.1702,207.5838
0.9800,0.0000,0.0000,1047.1691,205.0334
0.9820,0.0000,0.0000,1047.0974,208.2820
0.9840,0.0000,0.0000,1047.1087,205.5234
0.9860,0.0000,0.0000,1047.0615,209.0874
0.9880,0.0000,0.0000,1047.0963,203.9987
0.9900,0.0000,0.0000,1047.0683,209.8104
0.9920,0.0000,0.0000,1047.1003,206.7182
0.9940,0.0000,0.0000,1047.0725,209.4920
0.9960,0.0000,0.0000,1047.1120,206.5383
0.9980,0.0000,0.0000,1047.0979,209.5262
1.0000,0.0000,0.0000,1047.1470,206.6537
1.0020,0.0000,0.0000,1047.1190,209.6699
1.0040,0.0000,0.0000,1047.1678,206.8008
1.0060,0.0000,0.0000,1047.1229,209.8217
1.0080,0.0000,0.0000,1047.1766,206.9495
1.0100,0.0000,0.0000,1047.1783,209.9612
1.0120,0.0000,0.0000,1047.1812,207.0761
1.0140,0.0000,0.0000,1047.1644,210.0788
1.0160,0.0000,0.0000,1047.2146,207.1840
1.0180,0.0000,0.0000,1047.1922,210.1794
1.0200,0.0000,0.0000,1047.2132,207.2792
1.0220,0.0000,0.0000,1047.1751,210.2674
1.0240,0.0000,0.0000,1047.2022,207.3265
1.0260,0.0000,0.0000,1044.2302,206.9313
1.0280,0.0000,0.0000,1044.2177,204.5156
1.0300,0.0000,0.0000,1044.1525,207.8764
1.0320,0.0000,0.0000,1044.1593,205.2459
1.0340,0.0000,0.0000,1044.0879,208.4597
1.0360,0.0000,0.0000,1044.1143,205.7191
1.0380,0.0000,0.0000,1044.0774,208.8558
1.0400,0.0000,0.0000,1044.1177,206.0538
1.0420,0.0000,0.0000,1044.0436,209.1483
1.0440,0.0000,0.0000,1044.1011,206.3107
1.0460,0.0000,0.0000,1044.1031,209.3807
1.0480,0.0000,0.0000,1044.1546,206.5206
1.0500,0.0000,0.0000,1044.1381,209.5713
1.0520,0.0000,0.0000,1044.1773,206.6979
1.0540,0.0000,0.0000,1044.1544,209.7452
1.0560,0.0000,0.0000,1044.2022,206.8586
1.0580,0.0000,0.0000,1044.1906,209.8935
1.0600,0.0000,0.0000,1044.2255,206.9944
1.0620,0.0000,0.0000,1044.1974,210.0215
1.0640,0.0000,0.0000,1044.2412,207.1098
1.0660,0.0000,0.0000,1044.2123,210.1239
1.0680,0.0000,0.0000,1044.2537,207.2162
1.0700,0.0000,0.0000,1044.2224,210.2375
1.0720,0.0000,0.0000,1044.2548,207.3150
1.0740,0.0000,0.0000,1044.2226,210.3275
1.0760,0.0000,0.0000,1041.1891,203.8428
1.0780,0.0000,0.0000,1041.1043,207.3566
1.0800,0.0000,0.0000,1041.0936,204.8051
1.0820,0.0000,0.0000,1041.0191,208.1092
1.0840,0.0000,0.0000,1041.0278,205.4095
1.0860,0.0000,0.0000,1040.9670,208.6057
1.0880,0.0000,0.0000,1041.0001,205.7918
1.0900,0.0000,0.0000,1040.9762,208.9500
1.0920,0.0000,0.0000,1041.0295,206.1253
1.0940,0.0000,0.0000,1040.9681,209.2377
1.0960,0.0000,0.0000,1041.0181,206.3759
1.0980,0.0000,0.0000,1041.0231,209.4654
1.1000,0.0000,0.0000,1041.0227,206.5783
1.1020,0.0000,0.0000,1041.0196,209.6497
1.1040,0.0000,0.0000,1041.0769,206.7494
1.1060,0.0000,0.0000,1041.0678,209.8136
1.1080,0.0000,0.0000,1041.1182,206.8953
1.1100,0.0000,0.0000,1041.1006,209.9514
1.1120,0.0000,0.0000,1041.1376,207.0285
1.1140,0.0000,0.0000,1041.1104,210.0715
1.1160,0.0000,0.0000,1041.1470,207.1460
1.1180,0.0000,0.0000,1041.1189,210.1935
1.1200,0.0000,0.0000,1041.1667,207.2591
1.1220,0.0000,0.0000,1041.1333,210.3055
1.1240,0.0000,0.0000,1041.1713,207.3530
1.1260,0.0000,0.0000,1037.9453,206.6813
1.1280,0.0000,0.0000,1037.9119,204.2558
1.1300,0.0000,0.0000,1037.8341,207.6941
1.1320,0.0000,0.0000,1037.8335,205.0336
1.1340,0.0000,0.0000,1037.7833,208.3010
1.1360,0.0000,0.0000,1037.8093,205.5444
1.1380,0.0000,0.0000,1037.7676,208.7538
1.1400,0.0000,0.0000,1037.7990,205.9188
1.1420,0.0000,0.0000,1037.7692,209.0728
1.1440,0.0000,0.0000,1037.8083,206.2022
1.1460,0.0000,0.0000,1037.7713,209.3325
1.1480,0.0000,0.0000,1037.8286,206.3686
1.1500,0.0000,0.0000,1037.8221,209.9497
1.1520,0.0000,0.0000,1037.8729,204.6478
1.1540,0.0000,0.0000,1037.8463,210.5115
1.1560,0.0000,0.0000,1037.8869,207.2828
1.1580,0.0000,0.0000,1037.8705,210.0691
1.1600,0.0000,0.0000,1037.9067,207.0132
1.1620,0.0000,0.0000,1037.8939,210.0375
1.1640,0.0000,0.0000,1037.9350,207.0773
1.1660,0.0000,0.0000,1037.9093,210.1408
1.1680,0.0000,0.0000,1037.9474,207.1897
1.1700,0.0000,0.0000,1037.9131,210.2521
1.1720,0.0000,0.0000,1037.9434,207.2997
1.1740,0.0000,0.0000,1037.9095,210.3564
1.1760,0.0000,0.0000,1034.6544,203.5189
1.1780,0.0000,0.0000,1034.5620,207.1314
1.1800,0.0000,0.0000,1034.5514,204.5820
1.1820,0.0000,0.0000,1034.4754,207.9600
1.1840,0.0000,0.0000,1034.4853,205.2394
1.1860,0.0000,0.0000,1034.4495,208.4979
1.1880,0.0000,0.0000,1034.4823,205.6851
1.1900,0.0000,0.0000,1034.4459,208.8803
1.1920,0.0000,0.0000,1034.4705,206.0169
1.1940,0.0000,0.0000,1034.4467,209.1774
1.1960,0.0000,0.0000,1034.4757,206.2830
1.1980,0.0000,0.0000,1034.4698,209.4193
1.2000,0.0000,0.0000,1034.5269,206.5014
1.2020,0.0000,0.0000,1034.5165,209.6219
1.2040,0.0000,0.0000,1034.5573,206.6914
1.2060,0.0000,0.0000,1034.5319,209.7999
1.2080,0.0000,0.0000,1034.5904,206.8504
1.2100,0.0000,0.0000,1034.5226,209.9560
1.2120,0.0000,0.0000,1034.5769,207.0010
1.2140,0.0000,0.0000,1034.5658,210.0960
1.2160,0.0000,0.0000,1034.6159,207.1296
1.2180,0.0000,0.0000,1034.5944,210.2142
1.2200,0.0000,0.0000,1034.6333,207.2261
1.2220,0.0000,0.0000,1034.6063,210.3185
1.2240,0.0000,0.0000,1034.6351,207.3434
1.2260,0.0000,0.0000,1031.2060,206.4399
1.2280,0.0000,0.0000,1031.1760,204.0083
1.2300,0.0000,0.0000,1031.1018,207.5084
1.2320,0.0000,0.0000,1031.0962,204.8418
1.2340,0.0000,0.0000,1031.0341,208.1766
1.2360,0.0000,0.0000,1031.0525,205.3959
1.2380,0.0000,0.0000,1031.0242,208.6500
1.2400,0.0000,0.0000,1031.0678,205.7958
1.2420,0.0000,0.0000,1031.0392,208.9992
1.2440,0.0000,0.0000,1031.0742,206.1018
1.2460,0.0000,0.0000,1031.0470,209.2744
1.2480,0.0000,0.0000,1031.0755,206.3495
1.2500,0.0000,0.0000,1031.0607,209.5018
1.2520,0.0000,0.0000,1031.1084,206.5519
1.2540,0.0000,0.0000,1031.0964,209.6985
1.2560,0.0000,0.0000,1031.1411,206.7435
1.2580,0.0000,0.0000,1031.1098,209.8789
1.2600,0.0000,0.0000,1031.1674,206.9055
1.2620,0.0000,0.0000,1031.1578,210.0269
1.2640,0.0000,0.0000,1031.2052,207.0453
1.2660,0.0000,0.0000,1031.1787,210.1649
1.2680,0.0000,0.0000,1031.2097,207.1659
1.2700,0.0000,0.0000,1031.1777,210.2695
1.2720,0.0000,0.0000,1031.2107,207.2775
1.2740,0.0000,0.0000,1031.1860,210.3921
1.2760,0.0000,0.0000,1027.7393,203.2716
1.2780,0.0000,0.0000,1027.6285,206.9451
1.2800,0.0000,0.0000,1027.6146,204.3699
1.2820,0.0000,0.0000,1027.5326,207.8172
1.2840,0.0000,0.0000,1027.5611,205.0593
1.2860,0.0000,0.0000,1027.4678,208.3826
1.2880,0.0000,0.0000,1027.5197,205.5399
1.2900,0.0000,0.0000,1027.5017,208.8021
1.2920,0.0000,0.0000,1027.5420,205.8975
1.2940,0.0000,0.0000,1027.5178,209.1139
1.2960,0.0000,0.0000,1027.5624,206.1816
1.2980,0.0000,0.0000,1027.5500,209.3794
1.3000,0.0000,0.0000,1027.6057,206.3525
1.3020,0.0000,0.0000,1027.5961,209.9898
1.3040,0.0000,0.0000,1027.6476,204.5993
1.3060,0.0000,0.0000,1027.6187,210.5843
1.3080,0.0000,0.0000,1027.6622,207.2912
1.3100,0.0000,0.0000,1027.6333,210.1441
1.3120,0.0000,0.0000,1027.6688,207.0249
1.3140,0.0000,0.0000,1027.6483,210.1154
1.3160,0.0000,0.0000,1027.6829,207.0927
1.3180,0.0000,0.0000,1027.6519,210.2226
1.3200,0.0000,0.0000,1027.6956,207.2089
1.3220,0.0000,0.0000,1027.6612,210.3435
1.3240,0.0000,0.0000,1027.6945,207.3212
1.3260,0.0000,0.0000,1024.0435,206.2232
1.3280,0.0000,0.0000,1024.0383,203.7874
1.3300,0.0000,0.0000,1023.9803,207.3581
1.3320,0.0000,0.0000,1023.9987,204.6740
1.3340,0.0000,0.0000,1023.9059,208.0715
1.3360,0.0000,0.0000,1023.9252,205.2573
1.3380,0.0000,0.0000,1023.9209,208.5621
1.3400,0.0000,0.0000,1023.9156,205.6791
1.3420,0.0000,0.0000,1023.9004,208.9365
1.3440,0.0000,0.0000,1023.9619,206.0065
1.3460,0.0000,0.0000,1023.8854,209.2303
1.3480,0.0000,0.0000,1023.9450,206.2707
1.3500,0.0000,0.0000,1023.9443,209.4750
1.3520,0.0000,0.0000,1024.0051,206.4971
1.3540,0.0000,0.0000,1023.9960,209.6871
1.3560,0.0000,0.0000,1024.0400,206.6914
1.3580,0.0000,0.0000,1024.0186,209.8684
1.3600,0.0000,0.0000,1024.0704,206.8643
1.3620,0.0000,0.0000,1024.0473,210.0295
1.3640,0.0000,0.0000,1024.0951,207.0004
1.3660,0.0000,0.0000,1024.0687,210.1710
1.3680,0.0000,0.0000,1024.1183,207.1471
1.3700,0.0000,0.0000,1024.0969,210.3028
1.3720,0.0000,0.0000,1024.1310,207.2648
1.3740,0.0000,0.0000,1024.0983,210.4130
1.3760,0.0000,0.0000,1020.4823,203.0259
1.3780,0.0000,0.0000,1020.3645,206.7676
1.3800,0.0000,0.0000,1020.3461,204.1746
1.3820,0.0000,0.0000,1020.2504,207.6741
1.3840,0.0000,0.0000,1020.2671,204.8929
1.3860,0.0000,0.0000,1020.2235,208.2742
1.3880,0.0000,0.0000,1020.2487,205.4098
1.3900,0.0000,0.0000,1020.2151,208.7220
1.3920,0.0000,0.0000,1020.2550,205.7953
1.3940,0.0000,0.0000,1020.2335,209.0598
1.3960,0.0000,0.0000,1020.2934,206.0956
1.3980,0.0000,0.0000,1020.2855,209.3342
1.4000,0.0000,0.0000,1020.3390,206.3421
1.4020,0.0000,0.0000,1020.3143,209.5541
1.4040,0.0000,0.0000,1020.3562,206.5553
1.4060,0.0000,0.0000,1020.3337,209.7687
1.4080,0.0000,0.0000,1020.3760,206.7491
1.4100,0.0000,0.0000,1020.3611,209.9486
1.4120,0.0000,0.0000,1020.4085,206.9146
1.4140,0.0000,0.0000,1020.3880,210.1054
1.4160,0.0000,0.0000,1020.4231,207.0563
1.4180,0.0000,0.0000,1020.3926,210.2268
1.4200,0.0000,0.0000,1020.4157,207.1816
1.4220,0.0000,0.0000,1020.3767,210.3671
1.4240,0.0000,0.0000,1020.4308,207.3024
1.4260,0.0000,0.0000,1016.7056,206.0256
1.4280,0.0000,0.0000,1016.6689,203.5699
1.4300,0.0000,0.0000,1016.5862,207.2114
1.4320,0.0000,0.0000,1016.5727,204.4909
1.4340,0.0000,0.0000,1016.5043,207.9513
1.4360,0.0000,0.0000,1016.5253,205.1113
1.4380,0.0000,0.0000,1016.4847,208.4852
1.4400,0.0000,0.0000,1016.5127,205.5560
1.4420,0.0000,0.0000,1016.4754,208.8625
1.4440,0.0000,0.0000,1016.5318,205.8956
1.4460,0.0000,0.0000,1016.4818,209.1814
1.4480,0.0000,0.0000,1016.5330,206.1745
1.4500,0.0000,0.0000,1016.5446,209.4309
1.4520,0.0000,0.0000,1016.5413,206.4156
1.4540,0.0000,0.0000,1016.5447,209.6597
1.4560,0.0000,0.0000,1016.6166,206.5683
1.4580,0.0000,0.0000,1016.6090,209.8225
1.4600,0.0000,0.0000,1016.6614,206.7407
1.4620,0.0000,0.0000,1016.6372,210.3201
1.4640,0.0000,0.0000,1016.6770,205.0434
1.4660,0.0000,0.0000,1016.6627,211.0997
1.4680,0.0000,0.0000,1016.6973,207.6430
1.4700,0.0000,0.0000,1016.6654,210.5171
1.4720,0.0000,0.0000,1016.7061,207.2775
1.4740,0.0000,0.0000,1016.6681,210.4129
1.4760,0.0000,0.0000,1012.9435,202.7658
1.4780,0.0000,0.0000,1012.7712,206.5805
1.4800,0.0000,0.0000,1012.7779,203.9696
1.4820,0.0000,0.0000,1012.7117,207.5380
1.4840,0.0000,0.0000,1012.7230,204.7422
1.4860,0.0000,0.0000,1012.6836,208.1744
1.4880,0.0000,0.0000,1012.7080,205.2724
1.4900,0.0000,0.0000,1012.6768,208.5910
1.4920,0.0000,0.0000,1012.7195,205.6540
1.4940,0.0000,0.0000,1012.6918,208.9896
1.4960,0.0000,0.0000,1012.7357,205.9984
1.4980,0.0000,0.0000,1012.7161,209.2919
1.5000,0.0000,0.0000,1012.7639,206.2686
1.5020,0.0000,0.0000,1012.7474,209.5439
1.5040,0.0000,0.0000,1012.7968,206.4956
1.5060,0.0000,0.0000,1012.7928,209.7511
1.5080,0.0000,0.0000,1012.8489,206.6902
1.5100,0.0000,0.0000,1012.8293,209.9404
1.5120,0.0000,0.0000,1012.8732,206.8603
1.5140,0.0000,0.0000,1012.8429,210.0956
1.5160,0.0000,0.0000,1012.8789,207.0117
1.5180,0.0000,0.0000,1012.8484,210.2483
1.5200,0.0000,0.0000,1012.8840,207.1448
1.5220,0.0000,0.0000,1012.8528,210.3725
1.5240,0.0000,0.0000,1012.8961,207.2703
1.5260,0.0000,0.0000,1009.0494,205.8499
1.5280,0.0000,0.0000,1009.0039,203.3281
1.5300,0.0000,0.0000,1008.9079,207.0471
1.5320,0.0000,0.0000,1008.8957,204.3212
1.5340,0.0000,0.0000,1008.8277,207.8535
1.5360,0.0000,0.0000,1008.8443,204.9710
1.5380,0.0000,0.0000,1008.8134,208.3936
1.5400,0.0000,0.0000,1008.8544,205.4357
1.5420,0.0000,0.0000,1008.8107,208.8053
1.5440,0.0000,0.0000,1008.8427,205.7290
1.5460,0.0000,0.0000,1008.8377,209.5492
1.5480,0.0000,0.0000,1008.8972,204.0172
1.5500,0.0000,0.0000,1008.8824,210.2224
1.5520,0.0000,0.0000,1008.9269,206.8413
1.5540,0.0000,0.0000,1008.9077,209.8190
1.5560,0.0000,0.0000,1008.9540,206.6246
1.5580,0.0000,0.0000,1008.9342,209.8502
1.5600,0.0000,0.0000,1008.9799,206.7487
1.5620,0.0000,0.0000,1008.9663,210.0088
1.5640,0.0000,0.0000,1009.0152,206.9122
1.5660,0.0000,0.0000,1008.9942,210.1690
1.5680,0.0000,0.0000,1009.0369,207.0623
1.5700,0.0000,0.0000,1009.0038,210.3085
1.5720,0.0000,0.0000,1009.0375,207.1884
1.5740,0.0000,0.0000,1009.0035,210.4364
1.5760,0.0000,0.0000,1005.1685,202.5796
1.5780,0.0000,0.0000,1005.0483,206.4606
1.5800,0.0000,0.0000,1005.0311,203.8205
1.5820,0.0000,0.0000,1004.9557,207.4402
1.5840,0.0000,0.0000,1004.9716,204.6091
1.5860,0.0000,0.0000,1004.9174,208.0934
1.5880,0.0000,0.0000,1004.9514,205.1573
1.5900,0.0000,0.0000,1004.8689,208.5638
1.5920,0.0000,0.0000,1004.9036,205.5660
1.5940,0.0000,0.0000,1004.9122,208.9375
1.5960,0.0000,0.0000,1004.9105,205.9041
1.5980,0.0000,0.0000,1004.9134,209.2432
1.6000,0.0000,0.0000,1004.9903,206.1826
1.6020,0.0000,0.0000,1004.9783,209.5011
1.6040,0.0000,0.0000,1005.0423,206.4192
1.6060,0.0000,0.0000,1004.9986,209.7225
1.6080,0.0000,0.0000,1005.0525,206.6209
1.6100,0.0000,0.0000,1005.0200,209.8960
1.6120,0.0000,0.0000,1005.0739,206.7966
1.6140,0.0000,0.0000,1005.0608,210.0888
1.6160,0.0000,0.0000,1005.1023,206.9692
1.6180,0.0000,0.0000,1005.0739,210.2437
1.6200,0.0000,0.0000,1005.1071,207.1112
1.6220,0.0000,0.0000,1005.0707,210.3773
1.6240,0.0000,0.0000,1005.1142,207.2349
1.6260,0.0000,0.0000,1001.1681,205.6715
1.6280,0.0000,0.0000,1001.1217,203.1732
1.6300,0.0000,0.0000,1001.0116,206.9293
1.6320,0.0000,0.0000,1001.0133,204.1430
1.6340,0.0000,0.0000,1000.9387,207.7244
1.6360,0.0000,0.0000,1000.9557,204.8259
1.6380,0.0000,0.0000,1000.9061,208.3004
1.6400,0.0000,0.0000,1000.9445,205.3147
1.6420,0.0000,0.0000,1000.9199,208.7257
1.6440,0.0000,0.0000,1000.9823,205.6899
1.6460,0.0000,0.0000,1000.9549,209.0642
1.6480,0.0000,0.0000,1000.9940,205.9961
1.6500,0.0000,0.0000,1000.9876,209.3477
1.6520,0.0000,0.0000,1001.0537,206.2589
1.6540,0.0000,0.0000,1001.0235,209.5912
1.6560,0.0000,0.0000,1001.0755,206.4796
1.6580,0.0000,0.0000,1001.0476,209.8080
1.6600,0.0000,0.0000,1001.1058,206.6831
1.6620,0.0000,0.0000,1001.0803,209.9930
1.6640,0.0000,0.0000,1001.1143,206.8568
1.6660,0.0000,0.0000,1001.0814,210.1603
1.6680,0.0000,0.0000,1001.1315,207.0039
1.6700,0.0000,0.0000,1001.1042,210.3021
1.6720,0.0000,0.0000,1001.1503,207.1484
1.6740,0.0000,0.0000,1001.1198,210.4424
1.6760,0.0000,0.0000,997.2070,202.3580
1.6780,0.0000,0.0000,997.0736,206.2969
1.6800,0.0000,0.0000,997.0648,203.6295
1.6820,0.0000,0.0000,996.9638,207.3112
1.6840,0.0000,0.0000,996.9899,204.4439
1.6860,0.0000,0.0000,996.9282,207.9883
1.6880,0.0000,0.0000,996.9652,205.0206
1.6900,0.0000,0.0000,996.9168,208.4919
1.6920,0.0000,0.0000,996.9614,205.4512
1.6940,0.0000,0.0000,996.9284,208.8704
1.6960,0.0000,0.0000,996.9893,205.7942
1.6980,0.0000,0.0000,996.9615,209.1891
1.7000,0.0000,0.0000,997.0248,206.0174
1.7020,0.0000,0.0000,996.9981,209.8748
1.7040,0.0000,0.0000,997.0537,204.1991
1.7060,0.0000,0.0000,997.0353,210.5128
1.7080,0.0000,0.0000,997.0966,207.0570
1.7100,0.0000,0.0000,997.0655,210.0944
1.7120,0.0000,0.0000,997.1167,206.8184
1.7140,0.0000,0.0000,997.0835,210.0917
1.7160,0.0000,0.0000,997.1339,206.9122
1.7180,0.0000,0.0000,997.1099,210.2244
1.7200,0.0000,0.0000,997.1671,207.0508
1.7220,0.0000,0.0000,997.1277,210.3533
1.7240,0.0000,0.0000,997.1675,207.1821
1.7260,0.0000,0.0000,993.1156,205.5064
1.7280,0.0000,0.0000,993.0593,202.9891
1.7300,0.0000,0.0000,992.9428,206.8022
1.7320,0.0000,0.0000,992.9617,204.0099
1.7340,0.0000,0.0000,992.8993,207.6306
1.7360,0.0000,0.0000,992.9321,204.6910
1.7380,0.0000,0.0000,992.8756,208.2083
1.7400,0.0000,0.0000,992.9155,205.1947
1.7420,0.0000,0.0000,992.8773,208.6556
1.7440,0.0000,0.0000,992.9355,205.5878
1.7460,0.0000,0.0000,992.9046,209.0072
1.7480,0.0000,0.0000,992.9672,205.9036
1.7500,0.0000,0.0000,992.9466,209.3001
1.7520,0.0000,0.0000,993.0001,206.1733
1.7540,0.0000,0.0000,992.9721,209.5489
1.7560,0.0000,0.0000,993.0275,206.4060
1.7580,0.0000,0.0000,992.9999,209.7755
1.7600,0.0000,0.0000,993.0634,206.6172
1.7620,0.0000,0.0000,993.0400,209.9714
1.7640,0.0000,0.0000,993.0910,206.7985
1.7660,0.0000,0.0000,993.0551,210.1412
1.7680,0.0000,0.0000,993.1135,206.9562
1.7700,0.0000,0.0000,993.0615,210.2911
1.7720,0.0000,0.0000,993.1192,207.0954
1.7740,0.0000,0.0000,993.0858,210.4232
1.7760,0.0000,0.0000,989.1011,202.1171
1.7780,0.0000,0.0000,988.9616,206.1339
1.7800,0.0000,0.0000,988.9510,203.4545
1.7820,0.0000,0.0000,988.8448,207.1906
1.7840,0.0000,0.0000,988.8652,204.3046
1.7860,0.0000,0.0000,988.8029,207.8941
1.7880,0.0000,0.0000,988.8422,204.8959
1.7900,0.0000,0.0000,988.7932,208.4044
1.7920,0.0000,0.0000,988.8394,205.3408
1.7940,0.0000,0.0000,988.8059,208.8014
1.7960,0.0000,0.0000,988.8687,205.6964
1.7980,0.0000,0.0000,988.8411,209.1273
1.8000,0.0000,0.0000,988.9059,205.9908
1.8020,0.0000,0.0000,988.8794,209.4018
1.8040,0.0000,0.0000,988.9243,206.2522
1.8060,0.0000,0.0000,988.9147,209.6476
1.8080,0.0000,0.0000,988.9832,206.4765
1.8100,0.0000,0.0000,988.9382,209.8581
1.8120,0.0000,0.0000,988.9916,206.6716
1.8140,0.0000,0.0000,988.9684,210.0397
1.8160,0.0000,0.0000,989.0196,206.8468
1.8180,0.0000,0.0000,988.9886,210.2117
1.8200,0.0000,0.0000,989.0404,207.0013
1.8220,0.0000,0.0000,988.9947,210.3527
1.8240,0.0000,0.0000,989.0396,207.1342
1.8260,0.0000,0.0000,984.9453,205.3537
1.8280,0.0000,0.0000,984.9017,202.8038
1.8300,0.0000,0.0000,984.7738,206.6624
1.8320,0.0000,0.0000,984.7729,203.8439
1.8340,0.0000,0.0000,984.6950,207.5229
1.8360,0.0000,0.0000,984.7284,204.5482
1.8380,0.0000,0.0000,984.6869,208.1149
1.8400,0.0000,0.0000,984.7271,205.0644
1.8420,0.0000,0.0000,984.6879,208.5758
1.8440,0.0000,0.0000,984.7405,205.4411
1.8460,0.0000,0.0000,984.7196,208.9224
1.8480,0.0000,0.0000,984.7889,205.7969
1.8500,0.0000,0.0000,984.7588,209.2517
1.8520,0.0000,0.0000,984.8148,206.0815
1.8540,0.0000,0.0000,984.7871,209.5087
1.8560,0.0000,0.0000,984.8566,206.3223
1.8580,0.0000,0.0000,984.8362,209.7397
1.8600,0.0000,0.0000,984.8905,206.5310
1.8620,0.0000,0.0000,984.8587,209.9292
1.8640,0.0000,0.0000,984.9043,206.6714
1.8660,0.0000,0.0000,984.8536,210.4312
1.8680,0.0000,0.0000,984.8914,204.8673
1.8700,0.0000,0.0000,984.8413,211.2126
1.8720,0.0000,0.0000,984.9030,207.5918
1.8740,0.0000,0.0000,984.8790,210.6216
1.8760,0.0000,0.0000,980.8549,202.0255
1.8780,0.0000,0.0000,980.7236,206.0148
1.8800,0.0000,0.0000,980.7107,203.2796
1.8820,0.0000,0.0000,980.5997,207.0530
1.8840,0.0000,0.0000,980.6181,204.1375
1.8860,0.0000,0.0000,980.5509,207.7758
1.8880,0.0000,0.0000,980.5887,204.7509
1.8900,0.0000,0.0000,980.5363,208.3074
1.8920,0.0000,0.0000,980.5826,205.2141
1.8940,0.0000,0.0000,980.5479,208.7262
1.8960,0.0000,0.0000,980.6041,205.5896
1.8980,0.0000,0.0000,980.5868,209.0400
1.9000,0.0000,0.0000,980.6540,205.8901
1.9020,0.0000,0.0000,980.6266,209.3515
1.9040,0.0000,0.0000,980.6856,206.1688
1.9060,0.0000,0.0000,980.6667,209.6053
1.9080,0.0000,0.0000,980.7310,206.4002
1.9100,0.0000,0.0000,980.6991,209.8208
1.9120,0.0000,0.0000,980.7531,206.6020
1.9140,0.0000,0.0000,980.7249,210.0122
1.9160,0.0000,0.0000,980.7863,206.7813
1.9180,0.0000,0.0000,980.7492,210.1809
1.9200,0.0000,0.0000,980.7941,206.9376
1.9220,0.0000,0.0000,980.7537,210.3290
1.9240,0.0000,0.0000,980.7962,207.0733
1.9260,0.0000,0.0000,976.6364,205.1966
1.9280,0.0000,0.0000,976.5919,202.6285
1.9300,0.0000,0.0000,976.4629,206.5431
1.9320,0.0000,0.0000,976.4609,203.6943
1.9340,0.0000,0.0000,976.3804,207.4105
1.9360,0.0000,0.0000,976.4095,204.4140
1.9380,0.0000,0.0000,976.3446,208.0266
1.9400,0.0000,0.0000,976.4020,204.9414
1.9420,0.0000,0.0000,976.3778,208.4631
1.9440,0.0000,0.0000,976.4285,205.3437
1.9460,0.0000,0.0000,976.3944,208.8682
1.9480,0.0000,0.0000,976.4555,205.6990
1.9500,0.0000,0.0000,976.4383,209.1833
1.9520,0.0000,0.0000,976.5037,205.9903
1.9540,0.0000,0.0000,976.4744,209.4609
1.9560,0.0000,0.0000,976.5336,206.2390
1.9580,0.0000,0.0000,976.5054,209.6860
1.9600,0.0000,0.0000,976.5710,206.4566
1.9620,0.0000,0.0000,976.5443,209.8990
1.9640,0.0000,0.0000,976.6027,206.6468
1.9660,0.0000,0.0000,976.5622,210.0764
1.9680,0.0000,0.0000,976.6120,206.8224
1.9700,0.0000,0.0000,976.5766,210.2482
1.9720,0.0000,0.0000,976.6235,206.9722
1.9740,0.0000,0.0000,976.5776,210.3825
1.9760,0.0000,0.0000,972.5030,201.7900
1.9780,0.0000,0.0000,972.3666,205.8897
1.9800,0.0000,0.0000,972.3567,203.1317
1.9820,0.0000,0.0000,972.2407,206.9400
1.9840,0.0000,0.0000,972.2492,203.9555
1.9860,0.0000,0.0000,972.1741,207.9738
1.9880,0.0000,0.0000,972.2083,202.8002
1.9900,0.0000,0.0000,972.1486,209.3517
1.9920,0.0000,0.0000,972.2173,205.7086
1.9940,0.0000,0.0000,972.1943,208.8756
1.9960,0.0000,0.0000,972.2599,203.2340
1.9980,0.0000,0.0000,972.2365,209.7941
2.0000,0.0000,0.0000,972.2786,206.2977
2.0020,0.0000,0.0000,972.2385,209.4999
2.0040,0.0000,0.0000,972.3002,206.1616
2.0060,0.0000,0.0000,972.2780,209.5858
2.0080,0.0000,0.0000,972.3389,206.3302
2.0100,0.0000,0.0000,972.3194,209.7824
2.0120,0.0000,0.0000,972.3763,206.5294
2.0140,0.0000,0.0000,972.3445,209.9773
2.0160,0.0000,0.0000,972.4127,206.7143
2.0180,0.0000,0.0000,972.3768,210.1503
2.0200,0.0000,0.0000,972.4239,206.8485
2.0220,0.0000,0.0000,972.3797,210.2911
2.0240,0.0000,0.0000,972.4393,207.0191
2.0260,0.0000,0.0000,968.2414,205.0794
2.0280,0.0000,0.0000,968.1933,202.4783
2.0300,0.0000,0.0000,968.0648,206.4299
2.0320,0.0000,0.0000,968.0607,203.5532
2.0340,0.0000,0.0000,967.9748,207.3109
2.0360,0.0000,0.0000,967.9975,204.2866
2.0380,0.0000,0.0000,967.9483,207.9341
2.0400,0.0000,0.0000,968.0000,204.8183
2.0420,0.0000,0.0000,967.9587,208.4116
2.0440,0.0000,0.0000,968.0120,205.2516
2.0460,0.0000,0.0000,967.9807,208.8001
2.0480,0.0000,0.0000,968.0305,205.6021
2.0500,0.0000,0.0000,968.0696,209.1219
2.0520,0.0000,0.0000,968.0819,205.8952
2.0540,0.0000,0.0000,968.0643,209.3951
2.0560,0.0000,0.0000,968.1485,206.1562
2.0580,0.0000,0.0000,968.0574,209.6420
2.0600,0.0000,0.0000,968.1466,206.3819
2.0620,0.0000,0.0000,968.1414,209.8533
2.0640,0.0000,0.0000,968.1929,206.5792
2.0660,0.0000,0.0000,968.1735,210.0386
2.0680,0.0000,0.0000,968.2220,206.7519
2.0700,0.0000,0.0000,968.1875,210.2015
2.0720,0.0000,0.0000,968.2257,206.9027
2.0740,0.0000,0.0000,968.1897,210.3482
2.0760,0.0000,0.0000,964.0600,201.6257
2.0780,0.0000,0.0000,963.9301,205.7578
2.0800,0.0000,0.0000,963.9120,202.9852
2.0820,0.0000,0.0000,963.8065,206.8457
2.0840,0.0000,0.0000,963.8062,203.8718
2.0860,0.0000,0.0000,963.7413,207.5853
2.0880,0.0000,0.0000,963.7678,204.4853
2.0900,0.0000,0.0000,963.7284,208.1293
2.0920,0.0000,0.0000,963.7840,204.9821
2.0940,0.0000,0.0000,963.7677,208.5694
2.0960,0.0000,0.0000,963.8132,205.3748
2.0980,0.0000,0.0000,963.7893,208.9261
2.1000,0.0000,0.0000,963.8468,205.6998
2.1020,0.0000,0.0000,963.8320,209.2270
2.1040,0.0000,0.0000,963.8681,205.9776
2.1060,0.0000,0.0000,963.8370,209.4860
2.1080,0.0000,0.0000,963.8917,206.2224
2.1100,0.0000,0.0000,963.8885,209.7142
2.1120,0.0000,0.0000,963.9499,206.4012
2.1140,0.0000,0.0000,963.9323,209.9010
2.1160,0.0000,0.0000,963.9714,206.6169
2.1180,0.0000,0.0000,963.9385,210.0957
2.1200,0.0000,0.0000,963.9773,206.7920
2.1220,0.0000,0.0000,963.9419,210.2558
2.1240,0.0000,0.0000,963.9873,206.9392
2.1260,0.0000,0.0000,959.7604,204.9367
2.1280,0.0000,0.0000,959.7112,202.3056
2.1300,0.0000,0.0000,959.5425,206.2917
2.1320,0.0000,0.0000,959.5518,203.3889
2.1340,0.0000,0.0000,959.5086,207.1839
2.1360,0.0000,0.0000,959.4617,204.1355
2.1380,0.0000,0.0000,959.4507,207.8277
2.1400,0.0000,0.0000,959.5148,204.6930
2.1420,0.0000,0.0000,959.4854,208.3221
2.1440,0.0000,0.0000,959.5334,205.1288
2.1460,0.0000,0.0000,959.4984,208.7121
2.1480,0.0000,0.0000,959.5680,205.4831
2.1500,0.0000,0.0000,959.5610,209.0375
2.1520,0.0000,0.0000,959.6223,205.7868
2.1540,0.0000,0.0000,959.5850,209.3261
2.1560,0.0000,0.0000,959.6364,206.0552
2.1580,0.0000,0.0000,959.6160,209.5821
2.1600,0.0000,0.0000,959.6741,206.2847
2.1620,0.0000,0.0000,959.6509,209.7896
2.1640,0.0000,0.0000,959.7054,206.4858
2.1660,0.0000,0.0000,959.6154,209.9869
2.1680,0.0000,0.0000,959.6952,206.6578
2.1700,0.0000,0.0000,959.6796,210.1488
2.1720,0.0000,0.0000,959.7247,206.8245
2.1740,0.0000,0.0000,959.6961,210.3105
2.1760,0.0000,0.0000,955.5257,201.4657
2.1780,0.0000,0.0000,955.3910,205.6338
2.1800,0.0000,0.0000,955.3319,202.8260
2.1820,0.0000,0.0000,955.2537,206.7279
2.1840,0.0000,0.0000,955.2368,203.7161
2.1860,0.0000,0.0000,955.1886,207.4820
2.1880,0.0000,0.0000,955.2497,204.3128
2.1900,0.0000,0.0000,955.1490,208.3953
2.1920,0.0000,0.0000,955.2128,202.6245
2.1940,0.0000,0.0000,955.2205,209.3051
2.1960,0.0000,0.0000,955.2198,205.7859
2.1980,0.0000,0.0000,955.2159,209.0865
2.2000,0.0000,0.0000,955.3039,205.7018
2.2020,0.0000,0.0000,955.2870,209.1920
2.2040,0.0000,0.0000,955.3439,205.9004
2.2060,0.0000,0.0000,955.3215,209.4369
2.2080,0.0000,0.0000,955.3733,206.1417
2.2100,0.0000,0.0000,955.3578,209.6686
2.2120,0.0000,0.0000,955.4105,206.3563
2.2140,0.0000,0.0000,955.3798,209.8699
2.2160,0.0000,0.0000,955.4236,206.5465
2.2180,0.0000,0.0000,955.3924,210.0466
2.2200,0.0000,0.0000,955.4421,206.7091
2.2220,0.0000,0.0000,955.4131,210.2084
2.2240,0.0000,0.0000,955.4487,206.8664
2.2260,0.0000,0.0000,951.1906,204.8196
2.2280,0.0000,0.0000,951.1408,202.1620
2.2300,0.0000,0.0000,951.0355,206.1842
2.2320,0.0000,0.0000,951.0169,203.2560
2.2340,0.0000,0.0000,950.9348,207.0848
2.2360,0.0000,0.0000,950.9491,204.0082
2.2380,0.0000,0.0000,950.8976,207.7331
2.2400,0.0000,0.0000,950.9477,204.5708
2.2420,0.0000,0.0000,950.9233,208.2254
2.2440,0.0000,0.0000,950.9726,205.0145
2.2460,0.0000,0.0000,950.9496,208.6328
2.2480,0.0000,0.0000,950.9959,205.3826
2.2500,0.0000,0.0000,950.9705,208.9702
2.2520,0.0000,0.0000,951.0215,205.6922
2.2540,0.0000,0.0000,950.9942,209.2553
2.2560,0.0000,0.0000,951.0639,205.9493
2.2580,0.0000,0.0000,950.9974,209.5065
2.2600,0.0000,0.0000,951.0689,206.1965
2.2620,0.0000,0.0000,951.0622,209.7311
2.2640,0.0000,0.0000,951.0391,206.4018
2.2660,0.0000,0.0000,951.0647,209.9248
2.2680,0.0000,0.0000,951.1420,206.5796
2.2700,0.0000,0.0000,951.1230,210.0785
2.2720,0.0000,0.0000,951.1712,206.7362
2.2740,0.0000,0.0000,951.1158,210.2492
2.2760,0.0000,0.0000,946.9194,201.3250
2.2780,0.0000,0.0000,946.7823,205.5141
2.2800,0.0000,0.0000,946.7620,202.6872
2.2820,0.0000,0.0000,946.6581,206.6136
2.2840,0.0000,0.0000,946.6737,203.5873
2.2860,0.0000,0.0000,946.6115,207.3672
2.2880,0.0000,0.0000,946.6419,204.2383
2.2900,0.0000,0.0000,946.5956,207.9427
2.2920,0.0000,0.0000,946.6366,204.7426
2.2940,0.0000,0.0000,946.6070,208.3934
2.2960,0.0000,0.0000,946.6580,205.1473
2.2980,0.0000,0.0000,946.6443,208.7625
2.3000,0.0000,0.0000,946.7052,205.4827
2.3020,0.0000,0.0000,946.6901,209.0659
2.3040,0.0000,0.0000,946.7412,205.7725
2.3060,0.0000,0.0000,946.7141,209.3480
2.3080,0.0000,0.0000,946.7759,206.0312
2.3100,0.0000,0.0000,946.6858,209.5876
2.3120,0.0000,0.0000,946.7769,206.2527
2.3140,0.0000,0.0000,946.7762,209.7955
2.3160,0.0000,0.0000,946.8262,206.4472
2.3180,0.0000,0.0000,946.7817,209.9775
2.3200,0.0000,0.0000,946.8399,206.6216
2.3220,0.0000,0.0000,946.8143,210.1409
2.3240,0.0000,0.0000,946.8609,206.7424
2.3260,0.0000,0.0000,942.5679,204.6811
2.3280,0.0000,0.0000,942.5127,202.0075
2.3300,22.4192,0.0000,942.3230,206.0617
2.3320,68.2745,0.0000,942.3471,203.1120
2.3340,22.5072,0.0000,942.2899,206.9744
2.3360,69.5283,0.0000,942.2813,203.8742
2.3380,22.9742,0.0000,942.1835,207.6247
2.3400,69.5215,0.0000,942.1706,204.4369
2.3420,23.4315,0.0000,942.0993,208.1291
2.3440,68.6588,0.0000,942.1251,204.8881
2.3460,23.6965,0.0000,942.0751,208.5306
2.3480,67.4830,75.3662,942.1067,205.2605
2.3500,24.0318,4.5697,942.0412,203.6198
2.3520,66.6533,72.9298,942.0659,201.2472
2.3540,23.8013,1.7218,942.0082,200.4100
2.3560,74.3775,69.7868,942.0404,198.5645
2.3580,16.1883,0.0000,941.9910,198.2728
2.3600,97.7067,66.2695,942.0549,196.6699
2.3620,31.5086,0.0000,941.9420,196.7871
2.3640,59.6153,62.7416,942.0159,195.3495
2.3660,24.2001,0.0000,941.9705,195.8378
2.3680,55.4261,59.4342,942.0107,194.4371
2.3700,45.2716,0.0000,941.9667,195.1984
2.3720,32.1662,56.5291,941.9883,193.7938
2.3740,36.9809,0.0000,941.9168,194.7616
2.3760,80.1505,0.0000,937.7398,187.7147
2.3780,67.4003,0.0000,937.1240,193.3555
2.3800,70.2712,0.0000,937.2010,191.7326
2.3820,67.0146,0.0000,936.6675,196.6706
2.3840,68.4047,0.0000,936.7134,194.4723
2.3860,66.4794,0.0000,935.9884,198.9876
2.3880,67.2520,65.6003,936.2532,196.4362
2.3900,66.0212,0.0000,936.1630,195.9942
2.3920,67.3538,63.9107,936.3872,194.0956
2.3940,66.0722,0.0000,935.6382,194.1612
2.3960,66.9884,62.8123,935.8194,192.6228
2.3980,65.7421,0.0000,935.5271,193.0790
2.4000,66.7397,0.0000,936.0043,191.7133
2.4020,65.8264,0.0000,935.7767,196.8206
2.4040,66.8652,0.0000,936.0044,194.6801
2.4060,65.9663,0.0000,935.5935,199.8812
2.4080,66.8393,102.3582,935.6974,194.6631
2.4100,65.9447,0.0000,935.3767,194.7753
2.4120,66.7154,0.0000,935.5509,192.9208
2.4140,65.8125,0.0000,935.2963,197.6075
2.4160,66.4224,0.0000,935.7090,195.2796
2.4180,65.8472,0.0000,935.5971,199.7361
2.4200,66.3700,64.1587,935.8930,197.1520
2.4220,65.9799,0.0000,935.7051,196.8056
2.4240,66.4422,63.0574,935.7851,194.8573
2.4260,112.8157,0.0000,931.2007,189.3985
2.4280,102.8689,67.2291,930.0405,188.4514
2.4300,102.2311,0.0000,928.9187,189.0176
2.4320,101.7985,0.0000,928.3293,188.0557
2.4340,99.8062,0.0000,927.7650,193.5255
2.4360,101.2918,0.0000,927.6122,191.6900
2.4380,99.4111,0.0000,926.7313,196.5138
2.4400,100.8796,70.5245,926.4349,194.1993
2.4420,98.9700,0.0000,925.7864,193.6316
2.4440,100.4432,69.5193,925.6666,191.9489
2.4460,98.4379,0.0000,925.1570,191.8828
2.4480,99.8115,67.7815,925.3337,190.5105
2.4500,98.2441,0.0000,925.0242,190.7785
2.4520,99.7002,66.5388,924.9678,189.6016
2.4540,98.0399,0.0000,924.5257,190.1279
2.4560,99.2006,0.0000,924.5740,189.0357
2.4580,97.5802,0.0000,924.3970,194.4072
2.4600,98.8041,66.8859,924.6069,192.5294
2.4620,97.5059,0.0000,924.3432,192.4984
2.4640,98.6893,65.8279,924.3374,190.9929
2.4660,97.3363,0.0000,923.9411,191.3169
2.4680,98.3185,0.0000,924.0231,190.0110
2.4700,97.3089,0.0000,923.6971,195.2472
2.4720,97.7223,0.0000,923.5540,193.1958
2.4740,96.5091,0.3172,923.6690,198.4341
2.4760,145.3003,113.6574,919.7823,187.6594
2.4780,139.9568,0.0000,918.3101,187.8399
2.4800,144.9933,69.4549,917.8036,186.7301
2.4820,140.7777,0.0000,916.5847,187.0763
2.4840,143.4738,70.3023,916.0386,186.1270
2.4860,139.8173,0.0000,915.3498,186.6385
2.4880,142.4904,0.0000,915.1616,185.8130
2.4900,139.2959,0.0000,914.3678,191.4279
2.4920,141.9481,72.2211,914.1331,189.7208
2.4940,138.3250,0.0000,913.2498,189.5293
2.4960,133.3939,71.5698,913.5156,188.2475
2.4980,130.3407,0.0000,913.1846,188.3988
2.5000,131.4379,70.5528,913.2307,187.3365
2.5020,129.3747,0.0000,912.6130,187.7178
2.5040,130.5767,0.0000,912.5149,186.7487
2.5060,128.7916,0.0000,912.0336,192.2487
2.5080,129.7191,71.9218,912.0480,190.4975
2.5100,128.0875,0.0000,911.9532,190.2818
2.5120,129.2538,71.2708,912.1805,188.9553
2.5140,128.1960,0.0000,911.9014,189.0909
2.5160,129.7450,69.6722,911.7673,187.9905
2.5180,128.3507,0.0000,910.9766,188.3689
2.5200,129.2428,0.0000,911.0766,187.3619
2.5220,127.8909,0.0000,910.7534,192.8583
2.5240,128.6053,71.5661,911.0682,191.0679
2.5260,175.4474,0.9599,906.5998,185.1867
2.5280,167.6436,77.3861,905.3212,184.4112
2.5300,166.6882,0.0000,904.1254,184.6287
2.5320,166.6175,76.3632,903.4475,183.9819
2.5340,164.6866,0.0000,902.7872,184.3231
2.5360,166.1000,75.3627,902.3008,183.7062
2.5380,163.9454,0.0000,901.4958,184.1423
2.5400,165.2414,0.0000,901.2383,183.4878
2.5420,163.0601,0.8119,900.7777,189.3076
2.5440,164.5432,77.4025,900.7546,187.7396
2.5460,162.7157,0.7136,900.2905,187.3981
2.5480,164.2832,77.0761,900.1165,186.2886
2.5500,162.3612,0.1261,899.5706,186.2771
2.5520,163.7478,76.2580,899.5226,185.4154
2.5540,161.8756,0.0000,899.0806,185.6178
2.5560,162.8734,75.0757,899.1191,184.8452
2.5580,160.9373,0.0000,898.9220,185.2082
2.5600,162.0443,74.2895,899.2238,184.5150
2.5620,160.7359,0.0000,898.8729,184.9799
2.5640,161.7684,73.3691,898.8061,184.3122
2.5660,160.3978,0.0000,898.3512,184.8556
2.5680,161.2148,0.0000,898.3788,184.1646
2.5700,159.9410,0.0678,898.0020,189.9313
2.5720,160.6067,75.4998,898.0984,188.3343
2.5740,159.5093,0.1340,897.7595,188.0953
2.5760,208.4962,81.7231,893.5766,181.2573
2.5780,197.3827,3.8077,891.6346,181.5370
2.5800,200.3037,80.7793,891.3959,180.8841
2.5820,196.6244,3.4599,890.5755,181.2584
2.5840,198.4127,79.8517,890.2571,180.7297
2.5860,195.9106,2.6108,889.3941,181.1934
2.5880,197.5864,79.0654,889.0773,180.7171
2.5900,195.4505,1.5608,888.2166,181.2217
2.5920,196.5125,0.0000,887.9178,180.7598
2.5940,194.4260,4.2672,887.5912,186.8468
2.5960,195.7574,81.5061,887.4888,185.1859
2.5980,193.8058,4.4972,886.9779,184.8192
2.6000,194.7991,80.7890,886.9392,183.6208
2.6020,193.2161,3.8356,886.5951,183.6187
2.6040,194.3160,80.6086,886.4478,182.6835
2.6060,192.4254,3.2570,885.9453,182.8899
2.6080,193.3743,79.7517,886.1736,182.1817
2.6100,191.9886,2.2016,885.6993,182.5291
2.6120,192.4489,78.7385,885.7280,181.9257
2.6140,190.9356,1.4314,885.5484,182.3662
2.6160,192.0257,77.9849,885.8780,181.8321
2.6180,190.6690,0.7474,885.1126,182.3276
2.6200,190.9076,77.1105,885.4412,181.8336
2.6220,190.4991,0.0000,885.2198,182.3669
2.6240,191.1090,0.0000,884.9055,181.8841
2.6260,237.0615,9.5430,880.0055,182.1674
2.6280,229.3915,86.4542,879.1363,180.7360
2.6300,228.9174,9.5522,878.2818,180.5675
2.6320,229.2736,86.1463,877.5188,179.5205
2.6340,227.2298,8.4358,876.5565,179.6300
2.6360,228.2809,87.4329,876.1606,178.8155
2.6380,226.1589,0.0000,875.4223,179.1194
2.6400,226.9822,119.9489,875.2097,177.9865
2.6420,224.8035,0.0000,874.7785,178.7232
2.6440,225.7497,118.5661,874.8842,175.6767
2.6460,224.0712,0.0000,874.3838,177.0379
2.6480,225.0722,0.0000,874.3375,174.3224
2.6500,223.6396,0.0000,873.6971,184.1179
2.6520,224.3686,0.0000,873.5728,180.0922
2.6540,222.8223,0.6164,873.0606,188.8791
2.6560,223.4466,124.9019,873.1893,184.1233
2.6580,222.2693,0.0000,872.7123,183.7575
2.6600,222.3561,123.1188,872.7299,180.0694
2.6620,221.1546,0.0000,872.6261,180.5367
2.6640,221.5420,120.8123,872.8804,177.4490
2.6660,220.9161,0.0000,872.4966,178.4958
2.6680,221.2163,117.7222,872.4005,175.7681
2.6700,220.5321,0.0000,871.9212,177.2297
2.6720,220.6287,0.0000,871.9323,174.6647
2.6740,220.0416,0.0000,871.5411,184.4265
2.6760,264.5486,0.0000,867.3326,174.8150
2.6780,251.2140,0.0000,865.4909,184.2391
2.6800,254.4200,130.1030,865.3728,180.0531
2.6820,250.2580,0.0000,864.6733,179.7143
2.6840,251.7716,129.0772,864.4709,176.5373
2.6860,249.7085,0.0000,863.8170,176.9198
2.6880,251.5288,126.1078,863.1699,174.2683
2.6900,249.2769,0.0000,862.2490,175.1823
2.6920,250.0090,123.8115,862.2298,172.7898
2.6940,247.8440,0.0000,862.0520,174.0750
2.6960,248.8459,0.0000,862.1994,171.8450
2.6980,247.3523,0.0000,861.7112,181.8115
2.7000,248.4185,125.1885,861.5398,178.0606
2.7020,247.0115,0.0000,860.9779,178.3397
2.7040,247.8737,123.7661,860.9125,175.3305
2.7060,246.3654,0.0000,860.4383,176.2119
2.7080,246.8628,0.0000,860.6329,173.6227
2.7100,245.4955,0.3238,860.3266,183.3733
2.7120,245.9884,125.9705,860.5551,179.4042
2.7140,245.1524,0.0000,860.1407,179.4900
2.7160,245.6982,124.5510,860.0448,176.4003
2.7180,244.8808,0.0000,859.5663,177.1539
2.7200,245.0104,122.3934,859.5875,174.4908
2.7220,244.1240,0.0000,859.3970,175.6784
2.7240,244.3871,0.0000,859.5973,173.2358
2.7260,273.9753,0.0000,854.8443,177.3871
2.7280,263.3175,0.0000,853.9714,174.1800
2.7300,258.9434,0.3891,853.4385,183.4951
2.7320,257.7751,137.1119,853.7151,179.2810
2.7340,254.1318,0.0000,853.3685,178.5004
2.7360,254.9449,137.1800,853.4706,175.4073
2.7380,252.0494,0.0000,852.9490,175.3255
2.7400,253.4981,135.1804,852.9298,172.8354
2.7420,250.8428,0.0000,852.2136,173.2934
2.7440,251.8142,132.0074,852.3754,171.1291
2.7460,249.1445,0.0000,852.0443,172.0402
2.7480,250.5094,128.6136,852.4482,169.9583
2.7500,248.1552,0.0000,851.7084,171.2329
2.7520,248.6847,125.6826,852.1606,169.2995
2.7540,246.8757,0.0000,852.0151,170.8425
2.7560,247.7078,0.0000,852.1065,168.9097
2.7580,246.0772,0.0000,851.7451,179.1848
2.7600,247.0293,127.9754,851.8378,175.6830
2.7620,245.7452,0.0000,851.2991,176.0057
2.7640,246.5030,136.8189,851.2771,173.1448
2.7660,245.2512,0.0000,850.8526,173.0530
2.7680,245.5583,0.0000,850.9260,170.8340
2.7700,244.2148,0.6621,850.8112,180.8771
2.7720,244.4945,139.3737,851.0766,177.1935
2.7740,243.4262,0.0000,850.8494,176.3250
2.7760,274.9523,144.7758,846.7431,167.8969
2.7780,261.2062,0.0000,845.5140,167.9607
2.7800,262.0143,141.6037,845.3669,166.3705
2.7820,256.2566,0.0000,844.8192,166.8397
2.7840,257.0882,0.0000,844.8699,165.3820
2.7860,253.1230,0.0000,844.4993,176.0789
2.7880,253.8199,145.1210,844.6245,172.8808
2.7900,250.3536,0.0000,844.6197,172.0366
2.7920,251.4424,143.8676,844.9086,169.7188
2.7940,248.7566,0.0000,844.6566,169.5667
2.7960,250.2468,141.6936,844.6976,167.7109
2.7980,247.9977,0.0000,844.1443,168.0294
2.8000,249.3340,0.0000,844.1016,166.4099
2.8020,247.1999,0.0000,843.6451,176.8899
2.8040,248.1339,144.6910,843.6827,173.5828
2.8060,245.9660,0.0000,843.4932,172.7336
2.8080,247.0825,143.4374,843.7018,170.3539
2.8100,245.6531,0.0000,843.2391,170.2022
2.8120,246.5349,141.2147,843.0056,168.2799
2.8140,244.7649,0.0000,842.7609,168.6074
2.8160,245.1820,0.0000,842.9308,166.9286
2.8180,244.0011,1.0389,842.9461,177.4633
2.8200,244.4292,143.8035,842.6938,174.1451
2.8220,242.7670,0.0000,842.7210,173.3100
2.8240,243.4535,142.9209,843.0546,170.8390
2.8260,272.5953,0.0000,838.2978,165.0420
2.8280,263.0715,147.7447,837.4390,163.7276
2.8300,258.4001,0.0000,837.0483,164.0831
2.8320,257.5150,144.7178,836.9269,162.8397
2.8340,253.2676,0.0000,836.6442,163.4693
2.8360,254.4582,0.0000,836.7893,162.2820
2.8380,250.9171,0.0000,836.2784,173.2690
2.8400,252.2807,149.2017,836.4359,170.2876
2.8420,249.3383,0.0000,836.1089,169.4037
2.8440,250.9332,148.3883,836.0886,167.2759
2.8460,247.9439,0.0000,835.6635,167.0404
2.8480,249.2010,145.9212,835.9324,165.3266
2.8500,246.5830,0.0000,835.6816,165.5655
2.8520,248.0621,144.4364,835.8476,164.0812
2.8540,245.8607,0.0000,835.3610,164.6051
2.8560,247.1782,0.0000,835.3813,163.2875
2.8580,245.0672,0.0000,834.9830,174.1510
2.8600,245.8826,137.9558,835.0707,171.0477
2.8620,243.6917,0.0000,835.0290,171.2068
2.8640,244.7272,137.6946,835.3000,168.7815
2.8660,243.1497,0.0000,834.9351,169.4122
2.8680,244.5597,135.9693,834.8712,167.3054
2.8700,242.9885,0.0000,834.1314,168.2808
2.8720,243.7876,134.9777,834.2827,166.3886
2.8740,242.6385,0.0000,833.9597,167.5806
2.8760,274.5517,0.0000,829.4776,160.1771
2.8780,260.6304,0.1714,828.3824,171.3697
2.8800,260.7933,146.2388,828.7613,168.4754
2.8820,254.4862,0.0000,828.5077,168.2776
2.8840,255.7405,146.5688,828.7297,166.0852
2.8860,251.5062,0.0000,828.1564,166.3332
2.8880,253.0211,145.7381,828.2578,164.5385
2.8900,249.7190,0.0000,827.8782,165.1024
2.8920,251.6245,143.6151,827.7776,163.5229
2.8940,248.5805,0.0000,827.2724,164.3593
2.8960,250.0841,142.2674,827.2695,162.8982
2.8980,247.0347,0.0000,827.0578,163.9345
2.9000,248.5403,140.4315,827.2440,162.5588
2.9020,245.8832,0.0000,826.9388,163.7553
2.9040,247.5607,138.6796,827.0190,162.3927
2.9060,252.8160,0.0000,826.5027,163.7081
2.9080,255.6448,137.3815,826.5916,162.3163
2.9100,252.8212,0.0000,826.3369,163.7092
2.9120,255.0317,0.0000,826.5994,162.2968
2.9140,251.4551,0.2262,826.4571,173.0764
2.9160,253.1231,142.6077,827.0951,169.9690
2.9180,249.7793,0.0000,827.1306,169.8439
2.9200,251.7749,142.8648,827.5188,167.5003
2.9220,248.9143,0.1991,827.2806,167.8716
2.9240,251.1117,141.9798,827.3433,165.9046
2.9260,281.1526,0.0000,822.6931,160.9957
2.9280,265.7319,146.6094,821.9529,159.8841
2.9300,258.1743,0.0000,821.3805,160.9192
2.9320,257.1774,145.7735,821.2378,159.7610
2.9340,252.2310,0.0000,820.6985,160.8676
2.9360,253.2414,144.5481,820.6590,159.7527
2.9380,249.0627,0.0000,820.4711,160.9270
2.9400,251.4679,143.4869,820.6235,159.7874
2.9420,248.2874,0.0000,819.9559,161.0153
2.9440,251.1538,0.0000,819.8165,159.8511
2.9460,248.0248,0.5098,818.9776,170.9446
2.9480,250.6337,149.7315,819.0385,168.0049
2.9500,247.2018,0.0000,818.3383,167.5550
2.9520,248.8829,151.1523,818.8105,165.4107
2.9540,245.8449,0.3400,818.6493,165.3956
2.9560,247.6517,150.3723,818.8631,163.6826
2.9580,245.0518,0.3897,818.5556,163.9905
2.9600,246.9787,149.7552,818.5246,162.5145
2.9620,244.6969,0.0000,818.0621,163.0630
2.9640,246.6487,148.1040,817.8956,161.7761
2.9660,244.1577,0.0000,817.3423,162.5411
2.9680,245.4810,146.2165,817.5232,161.3189
2.9700,243.2948,0.0000,817.3263,162.2669
2.9720,244.8059,144.3989,817.3295,161.0520
2.9740,242.7469,0.8979,816.9067,162.1568
2.9760,275.6823,149.1794,812.6555,155.3062
2.9780,262.5900,0.0000,811.2712,156.7145
2.9800,262.9214,147.8938,811.1443,156.0864
2.9820,256.0780,0.0000,810.5892,157.4412
2.9840,257.0786,146.9574,810.8638,156.6466
2.9860,252.1220,0.0000,810.5878,157.9578
2.9880,253.8416,146.4021,810.8647,157.0662
2.9900,250.4493,0.0000,810.5193,158.3471
2.9920,252.7701,0.0000,810.1122,157.3158
2.9940,257.8204,1.3422,809.6661,168.6269
2.9960,261.7530,153.6387,809.7834,165.8446
2.9980,258.4698,1.8010,809.5034,165.3385
3.0000,261.2103,155.3091,809.4308,163.3081
3.0020,256.6497,1.6062,809.5477,163.2190
3.0040,259.3958,155.6515,810.0890,161.6475
3.0060,255.2465,1.0014,809.9219,161.8246
3.0080,258.0053,154.8506,810.1898,160.5409
3.0100,253.9191,0.5158,809.9784,160.9318
3.0120,248.9720,153.6008,810.2080,159.8231
3.0140,245.0580,0.1472,809.7083,160.3946
3.0160,247.0626,152.3879,809.6492,159.3517
3.0180,243.7628,0.1552,809.1384,160.0851
3.0200,245.6806,150.7752,809.2692,159.0880
3.0220,242.7121,0.1735,808.9083,159.9646
3.0240,244.5692,149.2114,809.1716,158.9667
3.0260,273.4962,0.6735,804.4799,154.3944
3.0280,266.3509,154.3233,803.4515,153.9517
3.0300,260.0374,0.0000,802.7241,155.1152
3.0320,259.6816,152.7971,802.5238,154.5356
3.0340,254.7447,0.0000,802.1638,155.6799
3.0360,256.2057,152.6232,802.0648,154.9919
3.0380,251.6418,0.0000,801.8384,156.1075
3.0400,254.2253,152.0587,801.9934,155.3840
3.0420,250.5314,0.0000,801.3394,156.4872
3.0440,253.0175,151.5861,801.2211,155.7141
3.0460,249.4481,0.0000,800.8586,156.8099
3.0480,252.5611,151.1873,800.7634,155.9810
3.0500,249.3938,0.0000,799.9647,157.0766
3.0520,251.7083,150.3903,799.7599,156.2145
3.0540,247.7673,0.0000,799.5116,157.3197
3.0560,249.6856,150.6474,799.9706,156.4205
3.0580,246.2441,0.0000,799.8163,157.5151
3.0600,248.5696,150.4267,800.0422,156.6075
3.0620,245.7076,0.0000,799.4743,157.7022
3.0640,247.8808,0.0000,799.4201,156.7760
3.0660,244.8664,5.3464,798.9466,168.1080
3.0680,246.6765,158.5569,799.1466,165.2379
3.0700,243.8897,6.3085,798.8449,164.5060
3.0720,245.6583,160.4695,798.9751,162.3893
3.0740,243.2736,5.9190,798.6331,162.0687
3.0760,276.7824,168.3822,794.2342,154.9276
3.0780,263.4550,9.8392,792.8729,155.0144
3.0800,263.9140,167.5698,792.7285,153.9136
3.0820,256.9475,8.3842,792.1342,154.1691
3.0840,258.4078,166.1471,792.1373,153.2765
3.0860,252.9768,6.7637,791.7062,153.7067
3.0880,254.7598,164.2161,792.0898,152.9579
3.0900,250.2949,5.4045,791.8958,153.5534
3.0920,252.6751,161.7821,792.0738,152.8845
3.0940,249.0084,4.3572,791.7269,153.6325
3.0960,251.8874,160.6247,791.5487,152.9827
3.0980,248.3213,3.5176,790.9764,153.8166
3.1000,250.9691,159.1331,790.9163,153.1749
3.1020,247.4693,2.8795,790.4380,154.0866
3.1040,249.8919,157.9081,790.4585,153.4273
3.1060,246.2718,2.4102,790.0520,154.3925
3.1080,248.3270,156.2999,790.3227,153.7076
3.1100,245.0111,2.1169,790.0674,154.7219
3.1120,247.2581,156.3000,790.2282,153.9791
3.1140,244.3290,1.9485,789.7393,154.9982
3.1160,246.7237,155.7094,789.7548,154.2620
3.1180,243.5788,1.7151,789.0689,155.2919
3.1200,245.1701,155.1853,789.4906,154.5275
3.1220,242.3654,1.6387,789.3119,155.5623
3.1240,244.3226,154.3463,789.5068,154.7784
3.1260,272.0531,7.5532,784.6680,150.3167
3.1280,265.2713,160.7358,783.9559,149.6698
3.1300,258.7214,7.2065,783.4337,150.8597
3.1320,258.9703,160.3338,783.3658,150.1550
3.1340,263.0606,6.6805,782.6978,151.2992
3.1360,266.8352,159.9909,782.6759,150.5504
3.1380,262.0788,6.5031,782.3140,151.6598
3.1400,265.3931,159.2407,782.4984,150.8722
3.1420,260.3412,6.6047,782.2690,151.9699
3.1440,263.2110,159.5798,782.5445,151.1326
3.1460,257.9509,6.4671,782.5795,152.2136
3.1480,252.0615,159.4062,782.9867,151.3810
3.1500,246.6604,6.3347,782.8891,152.4531
3.1520,249.3139,159.2447,783.0981,151.6093
3.1540,245.4839,5.9945,782.4643,152.6749
3.1560,248.2018,159.0573,782.3380,151.8298
3.1580,244.5497,5.9075,781.9575,152.8840
3.1600,247.4743,158.4116,782.0052,152.0304
3.1620,244.3123,6.0662,781.3969,153.0868
3.1640,247.0097,158.8156,781.3099,152.2108
3.1660,243.6885,6.0012,780.8108,153.2575
3.1680,245.9523,158.6925,781.0175,152.3966
3.1700,243.0779,5.9367,780.7107,153.4407
3.1720,245.4714,158.5642,780.6459,152.5805
3.1740,242.6548,5.8781,780.1794,153.6214
3.1760,276.6114,164.6210,775.9131,147.2925
3.1780,262.8746,11.2500,774.6629,148.5190
3.1800,263.2311,163.7860,774.5953,147.7958
3.1820,255.7847,11.0070,774.3118,148.9704
3.1840,258.1450,164.1127,774.3926,148.1655
3.1860,253.4201,11.0414,773.4739,149.2903
3.1880,255.4133,163.8642,773.1934,148.4835
3.1900,250.4407,10.9019,773.1409,149.5868
3.1920,253.0100,163.6624,773.4039,148.7574
3.1940,248.9694,10.6764,773.1274,149.8449
3.1960,252.0821,163.4575,772.9912,149.0066
3.1980,247.9953,10.2991,772.4451,150.0847
3.2000,250.7735,162.6861,772.5736,149.2436
3.2020,246.8946,10.4221,772.2105,150.3201
3.2040,249.8239,163.2511,772.2955,149.4362
3.2060,246.3101,10.3482,771.7149,150.4985
3.2080,249.0127,163.0243,771.6632,149.6480
3.2100,245.3376,10.1675,771.2015,150.7063
3.2120,247.4481,162.8728,771.4028,149.8510
3.2140,243.9185,9.8274,771.3039,150.9022
3.2160,246.4212,162.2126,771.4635,150.0510
3.2180,243.3368,9.7568,770.9421,151.1014
3.2200,245.6277,152.9634,770.9481,150.2263
3.2220,242.3842,15.8514,770.5437,148.4673
3.2240,244.3163,156.5261,770.8312,148.1685
3.2260,271.9216,24.9788,766.2949,141.3627
3.2280,265.2188,164.3528,765.4583,141.5894
3.2300,258.4590,26.9475,765.1560,140.4753
3.2320,258.9312,165.0269,764.9216,140.9062
3.2340,253.3544,28.2222,764.3365,139.9280
3.2360,255.5222,166.6081,764.4455,140.4775
3.2380,251.1914,28.6761,763.8808,139.6312
3.2400,254.2065,167.1709,763.5550,140.2819
3.2420,249.2672,29.1579,762.8839,139.4987
3.2440,251.7036,178.1654,763.3834,140.1927
3.2460,247.3238,23.1019,763.2392,142.4198
3.2480,250.4023,162.7454,763.4584,142.5470
3.2500,246.5916,26.3187,762.9042,141.3618
3.2520,249.5384,165.2800,762.8638,141.7225
3.2540,245.7659,28.0431,762.3932,140.7162
3.2560,248.5268,177.2830,762.4165,141.2350
3.2580,244.6568,22.3639,762.0041,143.3035
3.2600,247.0709,162.5783,762.2537,143.3280
3.2620,243.4673,25.8656,761.9825,142.0406
3.2640,245.8763,164.6198,762.1362,142.3490
3.2660,242.6741,27.3413,761.8042,141.2407
3.2680,245.1974,165.8230,761.7477,141.7379
3.2700,242.0798,28.9164,761.2832,140.7558
3.2720,244.3862,166.4733,761.3203,141.3611
3.2740,241.3526,29.2731,760.9329,140.4758
3.2760,274.4644,175.8834,756.7392,135.7744
3.2780,260.9428,37.2347,755.5677,134.8833
3.2800,261.4257,197.5856,755.8430,135.5224
3.2820,254.3425,29.7680,755.4731,136.5863
3.2840,256.3714,191.8204,755.2883,136.9931
3.2860,251.1020,25.0485,754.8647,137.8390
3.2880,253.8912,166.8738,754.7534,138.1226
3.2900,249.2497,30.0665,754.2152,136.8890
3.2920,252.2156,169.2651,754.1890,137.3115
3.2940,247.8405,32.5873,753.7277,136.2319
3.2960,250.6758,170.7439,753.7670,136.7720
3.2980,246.5020,16.1721,753.5469,135.8065
3.3000,249.5629,173.4451,753.5553,137.1926
3.3020,245.8914,36.2232,753.1189,136.1550
3.3040,248.3911,173.4596,752.8741,136.6727
3.3060,244.1045,36.3529,752.8986,135.7489
3.3080,246.6593,174.0912,753.2241,136.3734
3.3100,242.9989,34.6064,752.9779,135.5251
3.3120,245.6803,183.4588,753.0139,136.4575
3.3140,242.3844,27.8244,752.6019,138.8124
3.3160,245.1271,166.4666,752.4874,139.1116
3.3180,241.5592,31.3461,751.9737,137.8757
3.3200,243.9095,168.4037,752.3015,138.3898
3.3220,240.7739,32.9581,751.9091,137.2759
3.3240,243.2078,169.8799,751.9901,137.9305
3.3260,269.6707,40.3040,747.1916,131.5568
3.3280,264.3459,176.1368,746.6337,132.4679
3.3300,266.4840,40.9505,745.9634,131.5422
3.3320,269.0256,176.5870,745.9130,132.4780
3.3340,262.7116,70.5128,745.8037,131.5659
3.3360,266.1330,112.9503,746.1310,132.0712
3.3380,260.3018,110.4668,745.7763,132.0646
3.3400,263.8624,137.9684,745.9466,131.8854
3.3420,249.2873,40.3265,745.6785,131.6493
3.3440,251.0914,176.5712,746.1186,132.6714
3.3460,245.8178,73.4411,745.8152,131.6032
3.3480,249.1232,140.2186,745.8814,132.2342
3.3500,244.9018,74.8363,745.1989,131.8606
3.3520,248.4436,141.5723,745.0450,132.3166
3.3540,244.7854,75.7266,744.4668,131.9046
3.3560,248.1552,141.8442,744.0742,132.3355
3.3580,244.0780,75.5605,743.6807,131.9130
3.3600,247.1477,141.8210,743.7618,132.3233
3.3620,243.0562,76.1932,743.3979,131.8884
3.3640,245.6221,141.7699,743.6964,132.3300
3.3660,241.7370,76.1022,743.5803,131.9084
3.3680,244.5379,141.5941,743.8121,132.3328
3.3700,241.2456,76.1174,743.3904,131.8949
3.3720,244.1155,141.5436,743.2883,132.3153
3.3740,240.7073,76.1732,742.7823,131.8717
3.3760,273.7368,146.6194,738.6552,127.0007
3.3780,260.8892,82.0360,737.5047,126.5775
3.3800,261.6856,147.2726,737.4531,127.0249
3.3820,254.0904,82.2213,736.9404,126.6118
3.3840,279.2530,147.2614,736.9525,127.0526
3.3860,207.0282,82.0409,736.1362,126.6211
3.3880,302.1461,147.2368,736.3560,127.0404
3.3900,230.4156,82.1372,735.5946,126.6021
3.3920,245.9586,146.6200,735.5821,127.0187
3.3940,248.3693,82.4350,735.4545,126.5593
3.3960,273.7574,147.2830,735.4844,126.9828
3.3980,222.3937,82.5233,734.5880,126.5480
3.4000,269.1570,147.2715,735.1180,126.9752
3.4020,218.5557,82.6273,734.8632,126.5337
3.4040,297.1819,147.2082,734.8765,126.9598
3.4060,205.1021,82.6439,734.1221,126.5137
3.4080,292.9294,146.4712,734.3767,126.9398
3.4100,203.6438,82.7449,733.7674,126.4754
3.4120,291.9379,147.2812,733.8864,126.8922
3.4140,203.4686,82.8036,733.3599,126.4662
3.4160,290.7013,147.3312,733.5481,126.9042
3.4180,202.6124,82.8745,733.2642,126.4738
3.4200,289.4284,147.1972,733.6117,126.9101
3.4220,202.3288,82.6096,733.2125,126.4728
3.4240,288.6167,147.1437,733.3210,126.9004
3.4260,224.3625,88.3085,728.4785,121.2310
3.4280,315.8956,152.3907,727.9969,121.6964
3.4300,215.6741,89.8201,727.2390,121.2966
3.4320,304.2399,142.9429,727.2843,121.7202
3.4340,209.9496,119.5928,726.9153,121.4189
3.4360,300.1849,121.7018,727.2300,121.4525
3.4380,207.7292,119.6610,726.4002,121.3625
3.4400,297.7885,121.8853,726.6041,121.5213
3.4420,206.4757,119.5273,725.8446,121.4304
3.4440,296.2176,122.0158,725.9307,121.5481
3.4460,205.6351,119.5945,725.2660,121.4656
3.4480,294.8428,122.1165,725.4327,121.5574
3.4500,204.8954,119.6528,724.8413,121.4856
3.4520,293.3279,121.6599,725.0734,121.5635
3.4540,203.6321,119.7323,724.8408,121.4859
3.4560,292.1962,122.3803,725.2034,121.5571
3.4580,203.3775,119.9306,724.4916,121.5135
3.4600,291.3088,122.4518,724.8012,121.5749
3.4620,203.2747,119.9529,724.1349,121.5337
3.4640,290.5336,122.5078,724.3078,121.5834
3.4660,203.0295,119.9674,723.7211,121.5478
3.4680,289.4118,122.3391,723.9605,121.5894
3.4700,202.2165,119.7388,723.6182,121.5531
3.4720,288.3073,122.0098,724.0070,121.5919
3.4740,202.0221,120.0924,723.3898,121.5523
3.4760,317.4795,128.4669,719.3368,116.3841
3.4780,220.9108,125.5765,718.1833,116.4232
3.4800,318.3966,128.5225,718.4004,116.4938
3.4820,222.2924,125.6161,717.6507,116.5094
3.4840,315.5685,128.5677,717.9149,116.5576
3.4860,219.2218,125.6067,717.4018,116.5620
3.4880,312.5984,128.5723,717.7794,116.5966
3.4900,215.9916,125.6240,717.6267,116.5961
3.4920,298.7332,128.5840,718.1884,116.6246
3.4940,206.6766,125.5855,717.1827,116.6214
3.4960,295.3076,128.5340,717.3767,116.6448
3.4980,204.6818,125.3693,716.7060,116.6409
3.5000,293.2928,128.2735,716.8741,116.6612
3.5020,203.4093,125.3428,716.3839,116.6528
3.5040,292.0698,128.3237,716.6639,116.6781
3.5060,203.2782,125.4206,715.9337,116.6692
3.5080,291.3308,128.6523,716.0734,116.6810
3.5100,202.8204,125.6296,715.4252,116.6912
3.5120,290.2575,128.6480,715.9151,116.7143
3.5140,202.5718,125.6174,715.3593,116.7185
3.5160,289.6563,128.6404,715.6132,116.7372
3.5180,202.7961,125.4073,714.8829,116.7402
3.5200,289.0711,128.4739,715.0252,116.7547
3.5220,202.7514,124.9594,714.3925,116.7528
3.5240,288.2520,128.7250,714.6151,116.7616
3.5260,224.1723,131.0923,709.7834,111.6340
3.5280,314.8623,134.4323,709.5883,111.6992
3.5300,215.5362,131.1508,708.9168,111.7392
3.5320,303.7738,134.4580,709.0605,111.7811
3.5340,210.9991,131.1656,708.2017,111.8043
3.5360,311.5806,134.4484,708.2819,111.8338
3.5380,217.7226,130.9303,707.6439,111.8464
3.5400,310.7521,134.4245,707.6858,111.8627
3.5420,215.5784,130.9316,707.6129,111.8672
3.5440,308.6859,133.8329,708.2480,111.8847
3.5460,214.5868,130.4269,707.9391,111.8753
3.5480,296.3448,134.5866,707.8810,111.8970
3.5500,205.5065,131.2940,707.3272,111.8747
3.5520,293.1537,134.5999,707.5578,111.9158
3.5540,203.6333,131.2793,707.0805,111.9375
3.5560,291.5066,134.5703,707.3732,111.9625
3.5580,203.2789,131.2277,706.6222,111.9711
3.5600,290.6704,134.5321,706.7550,111.9879
3.5620,202.9589,131.2045,706.0816,111.9917
3.5640,289.6777,134.5150,706.4491,112.0073
3.5660,202.8160,131.2023,705.9331,112.0093
3.5680,289.1545,134.5044,706.0647,112.0246
3.5700,202.7198,130.9589,705.4102,112.0252
3.5720,288.3081,134.4029,705.7925,112.0354
3.5740,202.5182,130.9401,705.1344,112.0307
3.5760,317.0230,139.3294,701.2550,106.9920
3.5780,222.3022,136.3982,699.8239,107.0145
3.5800,306.4756,140.2148,699.8779,107.0565
3.5820,213.9008,136.7577,698.7549,107.0948
3.5840,301.1700,140.3266,699.2205,107.1365
3.5860,209.3852,136.6641,698.7472,107.1621
3.5880,298.2066,140.2575,699.0644,107.1891
3.5900,207.9043,135.9622,698.1950,107.2010
3.5920,296.4367,140.3417,698.2615,107.2143
3.5940,206.8654,136.7638,697.5029,107.2189
3.5960,294.8133,140.3340,697.6581,107.2474
3.5980,205.5999,136.7517,697.1706,107.2583
3.6000,293.2958,140.3215,697.5005,107.2799
3.6020,204.9893,136.7368,696.9409,107.2854
3.6040,292.3825,140.3106,697.0452,107.3036
3.6060,204.6910,136.7253,696.3480,107.3065
3.6080,291.6557,139.6888,696.5579,107.3235
3.6100,204.3546,136.7991,695.6584,107.3076
3.6120,290.1092,140.3567,696.2468,107.3207
3.6140,203.0869,136.7693,696.0036,107.3333
3.6160,288.9859,140.3325,696.4858,107.3559
3.6180,203.0031,136.7438,695.7676,107.3607
3.6200,288.2101,140.3143,695.9585,107.3794
3.6220,202.7367,136.5028,695.3299,107.3814
3.6240,287.1375,140.2866,695.5889,107.3949
3.6260,223.1513,141.7638,690.9378,102.4062
3.6280,313.3639,145.6944,690.6949,102.4571
3.6300,215.8401,141.4739,689.9565,102.4871
3.6320,303.0094,145.9872,689.6307,102.5199
3.6340,211.1180,142.2590,688.8962,102.5209
3.6360,298.7866,146.0655,689.0982,102.5700
3.6380,208.1464,142.2499,688.7349,102.5950
3.6400,296.4350,146.0240,688.8279,102.6266
3.6420,206.5744,141.9826,688.0718,102.6368
3.6440,294.4729,146.0277,688.4168,102.6559
3.6460,205.5040,141.9838,687.8396,102.6612
3.6480,293.2425,146.0075,687.9748,102.6770
3.6500,204.9291,141.9856,687.2706,102.6793
3.6520,292.1111,145.9802,687.4883,102.6958
3.6540,204.3481,141.9891,686.8558,102.6977
3.6560,290.8705,145.3692,687.1353,102.7147
3.6580,203.2320,142.0334,686.7342,102.7009
3.6600,289.4583,146.0410,687.2628,102.7266
3.6620,202.7241,142.2091,686.8355,102.7355
3.6640,288.7456,146.0324,686.9659,102.7579
3.6660,202.6048,142.1975,686.2789,102.7611
3.6680,287.8723,146.0213,686.5117,102.7802
3.6700,202.0682,142.1369,685.9020,102.7817
3.6720,286.6039,145.1880,686.3706,102.7998
3.6740,201.5422,142.2749,685.9066,102.7829
3.6760,314.3978,151.6679,681.8821,97.8692
3.6780,221.2371,147.6446,680.5219,97.9259
3.6800,304.2211,151.6046,680.3741,97.9857
3.6820,211.5239,147.5665,679.9652,98.0130
3.6840,297.8662,151.6306,680.3619,98.0509
3.6860,207.1784,147.5865,679.7542,98.0662
3.6880,295.1510,151.6441,679.7401,98.0963
3.6900,205.3858,147.3356,678.5753,98.1051
3.6920,292.7095,151.4524,678.9638,98.1270
3.6940,203.4558,147.3856,678.3716,98.1316
3.6960,291.2955,151.7213,678.6702,98.1528
3.6980,202.8651,147.6656,677.5550,98.1564
3.7000,289.5365,151.7008,677.8213,98.1833
3.7020,201.6152,147.6458,677.1835,98.1885
3.7040,288.1124,151.6843,677.4888,98.2105
3.7060,200.2889,147.6283,676.8982,98.2119
3.7080,286.4895,151.0353,677.5114,98.2320
3.7100,199.1099,147.6988,677.0824,98.2157
3.7120,285.5342,151.8065,677.4895,98.2310
3.7140,199.0175,147.7715,676.6766,98.2441
3.7160,284.9520,151.6727,676.8382,98.2711
3.7180,198.4785,147.6156,676.1312,98.2707
3.7200,283.2315,151.6565,676.3697,98.2907
3.7220,197.5416,147.6779,675.7121,98.2899
3.7240,281.8296,150.9777,676.1922,98.3085
3.7260,215.5516,152.5847,671.4643,93.4437
3.7280,305.0391,157.1499,671.2168,93.4957
3.7300,208.0835,152.8983,670.2187,93.5366
3.7320,294.7385,157.1837,670.2222,93.5842
3.7340,203.1345,152.9253,669.3431,93.6062
3.7360,290.9133,157.1993,669.6835,93.6416
3.7380,200.5588,152.7852,669.0133,93.6540
3.7400,288.7505,157.1922,669.1123,93.6775
3.7420,199.0715,152.6610,668.3056,93.6855
3.7440,286.1616,156.5637,668.5058,93.7065
3.7460,196.8280,152.7688,668.0819,93.7012
3.7480,284.4386,157.3646,668.3587,93.7058
3.7500,195.8062,153.0629,667.6685,93.7275
3.7520,283.3092,157.2645,667.9283,93.7592
3.7540,195.4960,152.9907,667.0609,93.7651
3.7560,291.9721,157.2282,667.2104,93.7872
3.7580,195.7322,153.0925,666.5312,93.7883
3.7600,291.1281,157.1575,666.8291,93.8070
3.7620,200.8273,152.7022,666.2485,93.8069
3.7640,290.1722,156.8148,666.8958,93.8361
3.7660,199.5189,152.5367,666.5356,93.8424
3.7680,289.2170,157.1956,667.0918,93.8708
3.7700,199.3596,152.9514,666.2126,93.8804
3.7720,288.1674,157.1803,666.4291,93.9123
3.7740,197.3726,152.9676,666.3092,93.9231
3.7760,314.0769,162.5230,662.8332,89.1732
3.7780,217.0266,157.9118,661.8128,89.2178
3.7800,304.9934,162.0479,662.2261,89.2683
3.7820,208.8413,158.4277,661.2848,89.2809
3.7840,300.4260,162.6842,661.5884,89.3034
3.7860,204.9852,158.2597,660.8880,89.3391
3.7880,297.5152,162.6872,660.9822,89.3792
3.7900,202.8210,158.2242,660.1465,89.3994
3.7920,280.8580,162.6322,660.3516,89.4277
3.7940,189.9155,157.9513,659.7092,89.4371
3.7960,277.4188,162.6342,659.9156,89.4564
3.7980,188.7508,157.9436,658.8358,89.4627
3.8000,276.6424,162.5892,658.8189,89.4781
3.8020,188.5716,157.5738,657.8711,89.4829
3.8040,276.3379,162.6381,658.1936,89.4928
3.8060,188.9148,157.9643,657.4790,89.5059
3.8080,276.6243,162.6223,657.5415,89.5279
3.8100,189.8382,157.9730,656.6914,89.5374
3.8120,276.8466,162.6023,656.5911,89.5555
3.8140,189.5477,158.1415,656.2468,89.5611
3.8160,276.4974,161.9512,656.7295,89.5818
3.8180,189.4854,158.2534,656.1535,89.5684
3.8200,276.3513,162.6536,656.5228,89.5857
3.8220,189.9694,158.3456,655.6160,89.5997
3.8240,276.2813,162.6114,655.7565,89.6263
3.8260,205.5600,163.2226,650.7632,84.9339
3.8280,295.7721,167.9181,650.3824,84.9933
3.8300,198.4224,163.4518,649.6220,85.0267
3.8320,286.4320,167.9385,649.8060,85.0691
3.8340,194.0678,163.0309,648.9809,85.0913
3.8360,282.9805,167.7606,649.0111,85.1213
3.8380,192.2208,163.0980,647.7351,85.1370
3.8400,280.8822,168.0451,647.9602,85.1646
3.8420,190.5554,163.3903,647.1889,85.1759
3.8440,279.3183,168.0319,647.4831,85.2068
3.8460,188.9493,163.5028,646.9713,85.2166
3.8480,277.8377,168.0053,647.5314,85.2401
3.8500,188.1016,163.3467,646.9591,85.2461
3.8520,277.0716,167.3592,647.0870,85.2675
3.8540,187.8764,163.4164,646.2506,85.2541
3.8560,276.3753,168.0488,646.4783,85.2749
3.8580,186.8273,163.4659,645.7203,85.2879
3.8600,273.7950,167.9989,646.1696,85.3132
3.8620,186.0356,163.1137,645.5194,85.3188
3.8640,272.8097,167.9167,645.6957,85.3363
3.8660,185.7194,163.1527,644.8893,85.3369
3.8680,271.7118,167.8926,645.3090,85.3555
3.8700,185.4001,163.0981,644.4928,85.3587
3.8720,271.0161,167.7069,644.9095,85.3786
3.8740,185.3844,163.2307,644.0990,85.3753
3.8760,290.8018,172.5061,640.1652,80.7780
3.8780,195.1151,168.4222,638.9354,80.8055
3.8800,280.0938,173.3741,638.9863,80.8280
3.8820,188.4723,168.4757,638.1394,80.8819
3.8840,276.8095,173.3032,638.1865,80.9386
3.8860,186.2413,168.4587,637.2355,80.9643
3.8880,275.0807,173.3011,637.1041,80.9999
3.8900,183.9747,168.5332,636.6523,81.0132
3.8920,272.1744,173.2977,637.0944,81.0412
3.8940,183.1814,168.5113,636.3855,81.0494
3.8960,271.4544,173.2460,636.1298,81.0753
3.8980,182.9186,168.2810,635.2816,81.0764
3.9000,270.7135,172.6001,635.5167,81.0956
3.9020,182.4354,168.2178,634.8949,81.0839
3.9040,270.0700,173.2758,635.2790,81.1091
3.9060,182.4732,168.4753,634.4140,81.1206
3.9080,269.6677,173.2581,634.6526,81.1466
3.9100,182.2230,168.4005,633.8709,81.1523
3.9120,268.7253,173.2440,634.3491,81.1758
3.9140,182.0633,168.3508,633.7112,81.1788
3.9160,268.3430,172.4296,633.9328,81.1945
3.9180,182.1086,168.3834,633.1407,81.2234
3.9200,267.9567,173.1742,633.6098,81.2562
3.9220,182.2941,168.3794,632.8145,81.3034
3.9240,267.7121,173.1445,633.1156,81.3524
3.9260,191.2871,173.2609,628.2136,76.8460
3.9280,281.3887,178.3344,627.9542,76.9212
3.9300,185.4038,173.3868,627.3059,76.9713
3.9320,272.4542,178.3370,627.3130,77.0258
3.9340,181.0558,173.3676,626.4446,77.0555
3.9360,269.9235,177.6388,626.4863,77.0917
3.9380,179.9282,173.1079,625.6621,77.0986
3.9400,268.8251,178.2990,625.7363,77.1403
3.9420,179.3608,173.1193,624.7824,77.1645
3.9440,268.0921,178.2766,625.1667,77.1937
3.9460,179.1531,173.5526,624.4251,77.2101
3.9480,267.7319,178.2391,624.5740,77.2374
3.9500,179.3149,173.0110,623.6931,77.2514
3.9520,266.5771,177.6052,623.9531,77.2708
3.9540,178.7180,173.3422,623.3374,77.2711
3.9560,266.1099,178.3133,623.7522,77.2828
3.9580,178.9492,173.3301,622.8607,77.3095
3.9600,265.9207,178.2929,623.1132,77.3437
3.9620,179.2203,173.3106,622.3111,77.3586
3.9640,265.7210,178.2572,622.6318,77.3863
3.9660,179.0886,173.5172,622.1706,77.3945
3.9680,265.3916,178.1813,622.6997,77.4187
3.9700,179.4456,173.0233,621.7825,77.4225
3.9720,265.3306,178.1577,622.1753,77.4398
3.9740,179.9447,172.4704,621.2902,77.4481
3.9760,280.2881,183.2313,617.3972,76.4066
3.9780,183.5829,178.1035,616.1818,76.4238
3.9800,270.5747,183.2909,616.5737,76.4038
3.9820,178.5687,178.1460,615.3239,76.4221
3.9840,267.2238,183.2273,617.8480,76.4039
3.9860,176.4917,178.0668,615.7803,76.4238
3.9880,265.7555,183.2910,618.0391,76.4060
3.9900,176.1681,177.2411,615.6803,76.4281
3.9920,265.3918,183.3771,617.6503,76.4074
3.9940,176.2786,178.2922,615.0960,76.4331
3.9960,264.9923,183.4298,617.1469,76.4207
3.9980,175.9085,178.3416,614.7982,76.4456
4.0000,264.7352,183.2888,616.8271,76.4334
4.0020,176.1664,178.1212,614.4610,76.4572
4.0040,264.7358,183.2735,616.3890,76.4438
4.0060,176.6301,177.9710,613.9917,76.4684
4.0080,264.7330,182.6117,615.9484,76.4552
4.0100,177.1809,177.7940,613.5996,76.4761
4.0120,264.8328,183.1035,615.5092,76.4694
4.0140,177.8802,178.2631,613.1472,76.4961
4.0160,264.9189,183.0843,615.0681,76.4894
4.0180,178.2654,177.9469,612.7741,76.5138
4.0200,264.8445,183.0593,614.7864,76.5027
4.0220,178.4791,177.9160,612.6088,76.5266
4.0240,264.8289,182.4512,614.5754,76.5155
4.0260,181.9870,182.6848,621.9041,78.6237
4.0280,273.2457,188.0148,628.5936,78.6030
4.0300,177.6716,182.7071,626.6098,78.6171
4.0320,267.5814,188.0208,629.6835,78.5981
4.0340,175.1084,182.9105,627.8814,78.6140
4.0360,266.1748,187.9796,630.1845,78.5984
4.0380,174.2630,182.4609,628.2173,78.6161
4.0400,265.5006,187.9606,630.1720,78.5989
4.0420,174.2022,182.4534,628.0286,78.6193
4.0440,265.2839,187.3103,629.8170,78.6045
4.0460,174.4424,182.4772,627.6450,78.6218
4.0480,265.0727,187.9372,629.4445,78.6108
4.0500,174.6013,182.7260,627.3475,78.6346
4.0520,264.9788,187.9025,629.1001,78.6253
4.0540,175.0528,182.5717,626.9696,78.6488
4.0560,264.9287,187.8702,628.7125,78.6383
4.0580,175.1418,182.5564,626.6728,78.6620
4.0600,264.8056,187.9020,628.4787,78.6521
4.0620,175.5644,182.8376,626.4217,78.6763
4.0640,264.8368,187.8516,628.1575,78.6686
4.0660,176.1691,182.3070,626.0620,78.6926
4.0680,264.8603,186.7020,627.8051,78.6807
4.0700,176.0433,182.3499,625.8999,78.6933
4.0720,264.6978,187.5385,627.7400,78.6733
4.0740,176.2485,182.2962,625.8297,78.6884
4.0760,275.8690,191.0904,636.9599,80.7045
4.0780,177.6777,185.7277,638.8722,80.7197
4.0800,267.9117,191.1255,641.4640,80.6914
4.0820,173.6640,185.9406,640.5955,80.7055
4.0840,266.2723,191.1237,642.6361,80.6792
4.0860,172.3588,185.7040,640.9807,80.6933
4.0880,265.6043,190.5987,642.7283,80.6661
4.0900,172.3827,185.4983,640.8266,80.6782
4.0920,265.3032,191.1411,642.4237,80.6533
4.0940,172.2823,185.4856,640.5132,80.6699
4.0960,265.0426,191.1299,642.1365,80.6464
4.0980,172.1799,185.5544,640.2985,80.6633
4.1000,264.8583,191.0870,641.8996,80.6420
4.1020,172.5188,188.2527,640.0164,80.6592
4.1040,264.8397,194.2211,641.5440,80.6072
4.1060,172.8606,186.9514,639.6809,80.5831
4.1080,264.8164,193.7428,641.2166,80.5366
4.1100,172.8082,187.2651,639.4614,80.5184
4.1120,264.7020,193.2737,641.0604,80.4802
4.1140,173.3053,187.0417,639.2361,80.4651
4.1160,264.7843,192.8934,640.7313,80.4337
4.1180,173.7855,186.4610,638.9247,80.4222
4.1200,264.8433,192.6362,640.4318,80.3933
4.1220,174.0664,186.2358,638.7021,80.3855
4.1240,264.8522,191.7030,640.2237,80.3614
4.1260,176.5589,187.6493,647.7102,82.3414
4.1280,270.7862,194.2441,653.5091,82.3267
4.1300,173.0232,187.6881,652.0958,82.3394
4.1320,266.7957,194.1382,654.4596,82.3235
4.1340,170.2825,187.4834,653.1408,82.3342
4.1360,265.7052,193.9801,655.0018,82.3167
4.1380,170.2296,187.1752,653.4009,82.3268
4.1400,265.2823,193.2762,654.8262,82.3084
4.1420,169.6631,187.0570,653.2032,82.3190
4.1440,264.9983,190.8385,654.6433,82.3020
4.1460,169.9409,184.6645,652.9617,82.3498
4.1480,264.9204,191.3642,654.2910,82.3634
4.1500,170.0103,185.4391,652.6233,82.4069
4.1520,264.7948,191.7167,654.0264,82.4192
4.1540,170.1749,185.4762,652.4247,82.4590
4.1560,264.7903,192.0135,653.7351,82.4649
4.1580,170.6121,185.7534,652.0916,82.5015
4.1600,264.8370,191.7236,653.3943,82.5045
4.1620,171.0991,186.2751,651.7237,82.5326
4.1640,264.8709,192.5020,653.0837,82.5372
4.1660,171.0978,186.4340,651.6005,82.5656
4.1680,264.8681,192.5522,652.9129,82.5640
4.1700,171.4406,186.3975,651.3775,82.5872
4.1720,264.9110,192.6411,652.6771,82.5811
4.1740,171.9154,186.3431,651.1238,82.6012
4.1760,273.6476,194.4985,661.4833,84.5131
4.1780,173.1984,187.5317,663.5270,84.5460
4.1800,267.2261,194.7055,665.6156,84.5324
4.1820,169.1051,188.1167,665.1587,84.5592
4.1840,265.8417,194.8400,666.7714,84.5432
4.1860,167.8422,188.1045,665.5512,84.5619
4.1880,265.2849,194.9747,666.8822,84.5391
4.1900,167.7742,188.2210,665.4310,84.5522
4.1920,265.0579,195.0800,666.6166,84.5251
4.1940,167.5352,188.5173,665.1841,84.5327
4.1960,264.8918,194.6877,666.3657,84.5029
4.1980,167.7987,188.0989,664.9004,84.5023
4.2000,264.8855,195.4845,666.0062,84.4681
4.2020,168.0011,188.9549,664.5593,84.4715
4.2040,264.8552,195.5904,665.7078,84.4363
4.2060,168.1288,189.0445,664.2965,84.4316
4.2080,264.8319,195.4590,665.4621,84.3934
4.2100,168.4549,188.8205,664.0707,84.3836
4.2120,264.9226,195.5262,665.1509,84.3432
4.2140,168.7231,188.7352,663.8048,84.3329
4.2160,264.9602,195.6252,664.8949,84.2896
4.2180,169.5360,188.8325,663.4620,84.2769
4.2200,265.1853,195.7282,664.4682,84.2328
4.2220,169.4193,189.0017,663.2264,84.2174
4.2240,265.0891,195.8312,664.4286,84.1729
4.2260,171.4785,190.5164,672.0938,85.9957
4.2280,269.1048,197.8371,676.9959,85.9536
4.2300,169.1300,190.7215,676.0957,85.9481
4.2320,266.3080,197.6495,677.8114,85.8988
4.2340,165.8272,190.9302,676.9492,85.8862
4.2360,265.4064,198.2550,678.4029,85.8376
4.2380,166.0503,191.1219,677.1842,85.8213
4.2400,265.1435,198.4275,678.1456,85.7657
4.2420,165.7279,191.2982,676.8795,85.7443
4.2440,272.0860,198.5944,677.9062,85.6857
4.2460,165.1370,191.6344,677.2811,85.6601
4.2480,270.9891,198.7368,678.1769,85.5999
4.2500,168.9296,191.6245,677.5890,85.5706
4.2520,269.5965,198.9031,678.7726,85.5066
4.2540,168.1292,191.8049,678.0583,85.4741
4.2560,268.5268,199.0665,679.1435,85.4089
4.2580,167.1066,192.0203,678.3781,85.3729
4.2600,267.6162,199.2294,679.4574,85.3064
4.2620,166.2110,191.9297,678.7064,85.2673
4.2640,266.9807,198.8362,679.6147,85.1961
4.2660,165.9576,192.9399,678.7018,85.1531
4.2680,266.5554,199.8146,679.5735,85.0950
4.2700,165.7632,192.9381,678.6364,85.0460
4.2720,266.2676,199.7379,679.4606,84.9767
4.2740,165.7874,192.7380,678.5005,84.9249
4.2760,274.5343,201.8565,687.9627,86.5883
4.2780,170.1342,194.6866,690.3878,86.5534
4.2800,267.8750,202.1280,692.3623,86.4797
4.2820,164.1295,194.8866,692.3951,86.4380
4.2840,266.3756,202.3916,693.2528,86.3589
4.2860,162.9708,195.3700,692.3647,86.3110
4.2880,255.9433,202.6203,693.0799,86.2295
4.2900,157.6291,195.3901,691.0459,86.1764
4.2920,257.8422,202.8735,691.3304,86.0895
4.2940,159.6062,195.6558,689.2764,86.0321
4.2960,260.1360,202.6918,689.6064,85.9431
4.2980,161.5779,195.9377,687.8234,85.8785
4.3000,262.2691,203.4020,688.2332,85.7932
4.3020,163.0886,196.3546,686.7229,85.7263
4.3040,263.8930,203.6381,687.3248,85.6345
4.3060,164.5074,196.4685,686.0037,85.5639
4.3080,265.0903,203.4364,686.6783,85.4694
4.3100,165.4684,196.7581,685.5391,85.3927
4.3120,265.8242,204.1735,686.3059,85.3030
4.3140,165.7705,197.5031,685.3496,85.2244
4.3160,266.1219,204.4009,686.2145,85.1312
4.3180,165.9204,197.2832,685.3313,85.0452
4.3200,266.2102,204.6242,686.1890,84.9447
4.3220,166.2478,197.5118,685.2993,84.8560
4.3240,266.2572,204.8303,686.0955,84.7482
4.3260,168.8890,199.7255,693.7504,86.2536
4.3280,269.0178,207.0092,697.9515,86.1420
4.3300,166.4473,199.6273,697.6903,86.0509
4.3320,266.7413,207.5326,698.9458,85.9242
4.3340,162.7548,200.5788,698.5400,85.8232
4.3360,265.6876,207.9272,699.7821,85.6875
4.3380,162.4092,200.8245,699.0382,85.5670
4.3400,265.2750,208.0148,699.7083,85.4194
4.3420,162.1682,200.7917,698.8500,85.2920
4.3440,265.1141,208.2299,699.4826,85.1330
4.3460,162.7340,201.0234,698.5527,84.9951
4.3480,265.1452,208.4158,699.0287,84.8273
4.3500,163.0125,201.2270,698.0703,84.6787
4.3520,265.1655,208.1098,698.6890,84.5031
4.3540,162.5546,201.4110,697.9300,84.3427
4.3560,265.0904,208.7170,698.5238,84.1649
4.3580,162.7951,201.8371,697.6521,83.9956
4.3600,265.1998,208.7817,698.2476,83.8068
4.3620,162.5195,201.9624,697.5427,83.6305
4.3640,265.1918,208.8433,698.1283,83.4359
4.3660,162.7367,201.7331,697.3646,83.2502
4.3680,265.2761,232.3202,697.8895,83.0497
4.3700,163.2643,139.8613,697.0925,82.9744
4.3720,265.4372,269.8296,697.5659,82.9447
4.3740,163.7267,168.1871,696.7971,83.0059
4.3760,270.1787,212.2893,705.6042,84.0050
4.3780,165.9978,204.9056,707.8680,83.7815
4.3800,266.2935,237.5148,709.0779,83.5152
4.3820,161.7880,171.8609,709.2872,83.3989
4.3840,265.4201,239.0368,710.0275,82.9904
4.3860,160.9220,173.3568,709.4809,82.8959
4.3880,265.0947,240.0563,710.0323,82.4941
4.3900,160.5732,173.7512,709.3483,82.4094
4.3920,264.9472,240.3249,709.8333,82.0088
4.3940,160.0363,173.9959,709.2018,81.9299
4.3960,264.8220,240.1616,709.6578,81.5303
4.3980,160.2671,173.6419,708.9413,81.4514
4.4000,264.9196,239.9697,709.2720,81.0513
4.4020,160.3702,173.3856,708.5702,80.9747
4.4040,264.9908,239.7252,708.9623,80.5754
4.4060,160.5811,175.9293,708.3027,80.5006
4.4080,265.1267,239.2593,708.6012,80.0805
4.4100,161.0268,174.9042,707.9007,79.9972
4.4120,265.3234,238.5073,708.2626,79.5829
4.4140,161.0014,161.9185,707.7307,79.5128
4.4160,265.4076,238.9109,708.0481,79.2211
4.4180,161.5555,173.6081,707.4511,79.1532
4.4200,265.6128,237.1072,707.6929,78.7552
4.4220,161.8746,161.2555,707.1315,78.6994
4.4240,265.7580,235.0782,707.4770,78.4058
4.4260,163.5840,164.0222,715.1366,79.7211
4.4280,267.5131,240.5622,718.4703,79.4308
4.4300,161.1020,173.8993,718.5140,79.3708
4.4320,265.8120,239.5213,719.4708,79.0045
4.4340,159.4063,172.4356,719.2153,78.9472
4.4360,265.2696,237.8476,719.7880,78.5845
4.4380,159.0465,172.7546,719.3207,78.5289
4.4400,265.0682,225.5593,719.6316,78.1772
4.4420,158.5838,198.9793,719.1669,78.0723
4.4440,264.9562,201.4562,719.4442,77.8371
4.4460,158.7882,194.9836,718.9096,77.6831
4.4480,265.0400,201.4207,719.0712,77.4983
4.4500,158.8299,194.9783,718.5886,77.3572
4.4520,265.1252,201.2539,718.7532,77.1782
4.4540,158.7724,194.6990,718.3056,77.0454
4.4560,265.2024,200.9961,718.4942,76.8665
4.4580,158.8694,194.3347,718.0691,76.7407
4.4600,265.3289,200.6504,718.1909,76.5607
4.4620,159.2553,194.1788,717.7429,76.4407
4.4640,265.5042,200.0010,717.8645,76.2603
4.4660,159.5287,193.4190,717.4624,76.1407
4.4680,265.6922,199.7617,717.6027,75.9571
4.4700,159.3555,192.8918,717.3060,75.8501
4.4720,265.7541,199.2376,717.5226,75.6667
4.4740,159.5662,192.3251,717.1974,75.5650
4.4760,268.5226,201.5778,725.2294,76.6724
4.4780,162.0618,194.5581,727.5108,76.5876
4.4800,265.7669,200.9222,728.3522,76.4074
4.4820,158.5199,194.1937,728.7635,76.3182
4.4840,265.2937,200.5844,729.0323,76.1347
4.4860,157.7426,193.8575,728.8354,76.0540
4.4880,265.0661,199.9002,729.0105,75.8748
4.4900,157.1986,192.7436,728.7047,75.8063
4.4920,264.9613,199.0688,728.8515,75.6292
4.4940,157.0066,192.0476,728.5271,75.5830
4.4960,264.9892,198.2815,728.5736,75.4256
4.4980,157.0809,191.1683,728.2375,75.4028
4.5000,265.0777,197.4178,728.2501,75.2645
4.5020,157.1608,190.4732,727.9316,75.2582
4.5040,265.2097,196.9139,727.9256,75.1408
4.5060,157.4154,190.0340,727.6314,75.1572
4.5080,265.4071,196.2800,727.5757,75.0589
4.5100,157.3680,189.2220,727.3511,75.0899
4.5120,265.5175,195.7125,727.3372,75.0052
4.5140,157.6283,188.6791,727.0980,75.0490
4.5160,265.6807,195.1807,727.0677,74.9779
4.5180,157.7929,188.1451,726.8617,75.0324
4.5200,265.8695,194.6868,726.8435,74.9719
4.5220,157.9591,187.8586,726.6732,75.0362
4.5240,266.0806,194.1990,726.6574,74.9885
4.5260,159.9864,190.0247,734.1787,76.3547
4.5280,267.0167,196.7771,736.5832,76.3153
4.5300,157.1850,189.8306,736.9569,76.3867
4.5320,265.6306,196.5033,737.7932,76.3395
4.5340,156.0355,189.6634,737.8525,76.4053
4.5360,265.2344,196.0546,738.0017,76.3560
4.5380,155.4335,189.1977,737.9700,76.4174
4.5400,265.0552,195.7592,737.9093,76.3680
4.5420,155.5180,188.8199,737.7286,76.4341
4.5440,265.1010,195.3381,737.5676,76.3886
4.5460,155.5456,188.6637,737.3977,76.4563
4.5480,265.1874,194.8753,737.2724,76.4150
4.5500,155.6459,187.9887,737.1707,76.4859
4.5520,265.2768,194.4362,736.9115,76.4474
4.5540,156.0533,187.5718,736.7105,76.5221
4.5560,265.4962,193.9864,736.5739,76.4883
4.5580,155.6745,187.1814,736.5650,76.5659
4.5600,265.5419,193.5618,736.4212,76.5381
4.5620,155.7495,186.7863,736.3578,76.6197
4.5640,265.7385,192.8917,736.1444,76.5968
4.5660,155.9320,186.6620,736.1272,76.6738
4.5680,265.9417,192.6912,735.8787,76.6548
4.5700,156.4106,190.0167,735.8484,76.7451
4.5720,266.1189,196.1707,735.6005,76.9449
4.5740,156.4347,189.4524,735.6418,77.2894
4.5760,267.2306,193.4819,742.8691,78.6949
4.5780,159.2523,186.9907,745.2523,78.6499
4.5800,265.3529,193.1465,745.7444,78.5171
4.5820,155.1329,186.7499,746.4507,78.5101
4.5840,265.0307,192.7285,746.4698,78.4086
4.5860,154.2292,186.7368,746.6421,78.4450
4.5880,264.9304,192.3071,746.4406,78.3619
4.5900,154.1707,186.2994,746.4368,78.4312
4.5920,265.0262,191.9052,746.1618,78.3587
4.5940,153.7594,186.0558,746.2197,78.4501
4.5960,265.0149,191.4777,745.9734,78.3811
4.5980,153.9937,185.7685,745.9586,78.4863
4.6000,265.1457,191.0160,745.5955,78.4158
4.6020,154.5574,185.4284,745.5340,78.5294
4.6040,265.4345,190.5060,745.1654,78.4535
4.6060,154.4502,185.2909,745.2680,78.5705
4.6080,265.5620,189.9630,744.9134,78.4899
4.6100,154.5170,184.6237,744.9928,78.6106
4.6120,265.7339,189.4098,744.6925,78.5211
4.6140,154.4948,184.1764,744.8156,78.6412
4.6160,266.0033,188.8331,744.4512,78.5442
4.6180,154.5295,183.6720,744.6325,78.6620
4.6200,266.2041,188.2437,744.2685,78.5562
4.6220,174.9440,183.2143,744.4296,78.6714
4.6240,201.1850,187.6397,743.5117,78.5614
4.6260,206.1673,185.3493,752.4361,80.0290
4.6280,229.6171,188.3628,752.7843,79.9031
4.6300,154.4613,184.6112,753.7379,80.7607
4.6320,265.9979,187.3161,755.0064,81.0339
4.6340,174.9563,183.4898,755.2585,81.6405
4.6360,229.3712,186.3407,753.6146,81.7235
4.6380,174.9579,173.1018,755.1699,82.1799
4.6400,231.0031,176.4861,754.2294,82.0159
4.6420,175.6932,173.0122,754.9064,82.1840
4.6440,231.6150,176.4424,753.9991,82.0448
4.6460,175.9239,173.0160,754.5443,82.2423
4.6480,231.7674,176.3873,753.7436,82.1296
4.6500,175.9229,173.1523,754.3243,82.3488
4.6520,231.8837,176.2809,753.4791,82.2565
4.6540,176.1347,172.8723,754.0437,82.4901
4.6560,232.0459,176.1547,753.1600,82.4102
4.6580,176.6168,172.7236,753.6906,82.6506
4.6600,232.2530,175.9459,752.8261,82.5791
4.6620,176.8593,172.5560,753.3883,82.8166
4.6640,232.3941,175.8237,752.5609,82.7513
4.6660,176.9896,172.5061,753.1955,82.9933
4.6680,232.4664,175.5830,752.4377,82.9326
4.6700,177.2402,172.0441,753.0295,83.1675
4.6720,232.6536,175.3500,752.2216,83.1052
4.6740,177.3770,171.7604,752.8970,83.3311
4.6760,233.2250,175.3472,758.9549,84.6453
4.6780,177.9597,172.2128,761.1278,84.9103
4.6800,232.3649,175.2163,761.4452,84.8371
4.6820,175.2708,172.2233,762.4603,85.0768
4.6840,231.6751,174.9895,762.0347,84.9846
4.6860,174.8662,171.7258,762.7677,85.1991
4.6880,231.6606,174.7583,761.9485,85.0904
4.6900,174.8308,171.4233,762.5960,85.2825
4.6920,231.5925,174.5094,761.6985,85.1638
4.6940,174.7884,171.0987,762.3766,85.3352
4.6960,231.6849,174.2591,761.4949,85.2100
4.6980,174.7651,170.7802,762.1585,85.3629
4.7000,231.6892,174.0518,761.2100,85.2413
4.7020,175.0910,170.3257,761.8329,85.3813
4.7040,231.9434,173.8150,760.8803,85.2634
4.7060,175.2302,170.1275,761.5282,85.3911
4.7080,231.9905,173.5202,760.6431,85.2788
4.7100,175.3169,169.6005,761.3581,85.4002
4.7120,232.1115,173.2628,760.4783,85.2923
4.7140,175.5669,169.2755,761.1406,85.4079
4.7160,232.2312,173.0260,760.2192,85.3057
4.7180,176.1183,168.9517,760.8294,85.4162
4.7200,232.6357,172.8085,759.8614,85.3186
4.7220,175.5884,168.9056,760.6510,85.4248
4.7240,237.4752,172.5716,759.8816,85.3363
4.7260,154.2501,168.7374,767.2461,86.8060
4.7280,266.8761,172.4123,768.2590,86.7276
4.7300,172.0350,168.5642,769.1536,86.8693
4.7320,229.1894,172.2126,768.8027,86.7852
4.7340,172.7137,168.3567,770.1604,86.9140
4.7360,230.5905,172.0399,769.3071,86.8234
4.7380,173.5034,168.1812,770.0923,86.9430
4.7400,231.1856,171.8404,769.0636,86.8468
4.7420,173.8329,167.8866,769.7610,86.9545
4.7440,231.3649,171.6553,768.7907,86.8536
4.7460,173.7602,167.8611,769.5559,86.9502
4.7480,231.4097,171.4608,768.5772,86.8472
4.7500,174.0278,167.4122,769.2781,86.9341
4.7520,231.5990,171.2991,768.2320,86.8284
4.7540,174.2694,167.1976,768.9531,86.9065
4.7560,231.7534,171.1446,767.9369,86.8008
4.7580,174.3910,181.7352,768.6951,86.8705
4.7600,231.8552,185.0099,767.7618,86.9239
4.7620,174.4446,179.5802,768.6083,87.1331
4.7640,231.9019,183.1846,767.6941,87.0398
4.7660,174.3823,177.6072,768.5113,87.1033
4.7680,232.0741,181.8558,767.5154,86.9097
4.7700,174.8252,176.2572,768.2580,86.8740
4.7720,232.3511,180.9200,767.2539,86.6208
4.7740,175.1953,175.2890,768.0294,86.5234
4.7760,231.5388,180.2671,773.3982,87.5777
4.7780,175.3094,175.0628,775.4375,87.4729
4.7800,231.4009,179.7209,775.5890,87.1784
4.7820,173.0950,174.2813,776.7062,87.0438
4.7840,231.1752,179.3262,775.9904,86.7389
4.7860,172.8255,173.7406,776.8654,86.5865
4.7880,231.1480,178.9605,775.8912,86.2795
4.7900,172.7912,173.2560,776.7214,86.1123
4.7920,231.1839,178.6412,775.6813,85.8087
4.7940,172.7329,172.8661,776.5057,85.6315
4.7960,231.2159,178.3431,775.5068,85.3354
4.7980,172.5818,172.4263,776.3895,85.1510
4.8000,231.2721,178.1300,775.2957,84.8669
4.8020,172.8732,172.2429,776.0875,84.6825
4.8040,231.4816,177.9528,774.9807,84.4166
4.8060,173.0184,171.7902,775.8315,84.2367
4.8080,231.5442,177.7674,774.7851,83.9861
4.8100,173.3111,171.4978,775.6051,83.8074
4.8120,231.8350,165.6641,774.5169,83.5724
4.8140,173.5489,161.1577,775.3951,83.2165
4.8160,231.9709,166.7222,774.3316,82.9401
4.8180,173.7999,162.1244,775.1859,82.7025
4.8200,232.2916,167.4359,774.1702,82.5337
4.8220,173.9357,162.5726,775.0950,82.3840
4.8240,232.4226,167.9533,774.0355,82.2921
4.8260,172.5663,162.9965,780.9735,83.4979
4.8280,232.4023,168.2155,780.9915,83.4594
4.8300,172.4607,163.4430,783.0110,83.4421
4.8320,231.0905,168.4829,782.1550,83.4392
4.8340,171.7380,163.5198,783.3414,83.4565
4.8360,230.9842,168.6156,782.3720,83.4727
4.8380,171.4390,163.6134,783.3734,83.5082
4.8400,230.9125,168.6446,782.2453,83.5326
4.8420,171.6726,163.7780,783.1312,83.5750
4.8440,231.1257,168.5628,781.9735,83.5989
4.8460,171.6294,163.4894,782.8948,83.6370
4.8480,231.1218,168.4886,781.7755,83.6540
4.8500,171.9208,163.3632,782.6593,83.6867
4.8520,231.3997,168.3571,781.4123,83.6927
4.8540,172.2035,163.2160,782.3004,83.7118
4.8560,231.5142,168.2185,781.1623,83.7050
4.8580,171.9117,163.2179,782.0943,83.7090
4.8600,235.3694,168.0686,781.0411,83.6899
4.8620,154.6024,162.9069,782.0271,83.6784
4.8640,267.5897,167.9534,781.0934,83.6467
4.8660,169.3175,162.7658,782.1215,83.6206
4.8680,199.8795,167.8626,779.9741,83.5772
4.8700,203.6275,162.6862,782.2476,83.5384
4.8720,228.0962,184.0566,780.9344,83.4894
4.8740,148.4316,177.2931,780.7633,83.5635
4.8760,265.2926,182.0437,786.6709,84.7564
4.8780,169.8350,175.3115,788.4562,84.6926
4.8800,228.5920,180.6586,787.2230,84.5310
4.8820,169.6969,174.0126,789.3668,84.3663
4.8840,229.9975,179.6560,788.2395,84.1327
4.8860,170.5658,173.0539,789.3894,83.8993
4.8880,230.6314,178.9790,788.1910,83.6227
4.8900,170.7696,172.4095,789.1850,83.3497
4.8920,230.8319,178.5201,788.0257,83.0577
4.8940,170.6516,171.9513,789.0458,82.7644
4.8960,230.8763,178.1953,787.8908,82.4705
4.8980,170.8053,171.7266,788.8510,82.1677
4.9000,236.5562,177.9205,787.6016,81.8781
4.9020,174.2654,171.2817,789.2336,81.5699
4.9040,234.9946,177.7266,788.3888,81.2864
4.9060,172.9854,171.0500,789.9252,80.9776
4.9080,233.8437,177.6150,789.0373,80.7025
4.9100,171.9822,170.9304,790.5363,80.3988
4.9120,233.0578,177.5178,789.4612,80.1405
4.9140,171.4533,170.7136,790.7707,79.8416
4.9160,232.5677,176.8491,789.6104,79.5975
4.9180,171.2040,169.7986,790.8715,79.3105
4.9200,232.3584,176.0439,789.6637,79.0827
4.9220,171.0223,169.0528,790.8821,78.8081
4.9240,232.1604,175.2898,789.6386,78.5936
4.9260,170.0834,158.1880,796.2828,79.5003
4.9280,232.4447,163.2614,795.8564,79.1683
4.9300,169.7048,158.3196,797.9705,78.8008
4.9320,230.8960,163.5393,796.9292,78.5812
4.9340,168.9338,158.4214,798.4064,78.3098
4.9360,230.5412,163.6655,797.1579,78.1663
4.9380,168.7786,158.6241,798.3124,77.9521
4.9400,230.4112,163.7079,796.9473,77.8556
4.9420,168.9508,158.4299,798.0365,77.6766
4.9440,230.5246,163.7238,796.6553,77.6088
4.9460,168.7342,158.3924,797.7715,77.4511
4.9480,230.4889,163.7080,796.4340,77.4008
4.9500,168.7898,158.3270,797.5402,77.2550
4.9520,230.6511,180.6380,796.1398,77.2136
4.9540,169.1788,173.8200,797.1945,77.2256
4.9560,223.8597,179.1619,795.7996,77.2234
4.9580,164.9403,172.0654,796.0074,77.1097
4.9600,230.2559,177.8006,794.1995,77.0047
4.9620,149.1926,170.7652,794.6109,76.8047
4.9640,264.4998,0.0000,793.1897,76.6367
4.9660,165.5343,176.6247,793.9478,74.3494
4.9680,198.6410,164.4443,791.3819,70.7119
4.9700,201.1535,161.8730,793.5737,69.1788
4.9720,227.0481,169.3566,792.1479,69.0510
4.9740,169.1038,164.6860,791.9709,71.1411
4.9760,207.0226,172.5288,796.7487,73.8984
4.9780,205.6000,166.4617,799.1922,75.1296
4.9800,230.4894,194.9361,799.6131,76.1419
4.9820,171.0239,186.8917,800.1423,76.7783
4.9840,231.7901,190.8928,800.4428,77.1847
4.9860,170.0629,183.2125,801.9107,77.4259
4.9880,232.0701,187.6859,801.1247,77.5237
4.9900,169.3502,180.2404,802.5895,77.5299
4.9920,231.6284,195.9510,801.4440,77.4463
4.9940,169.0715,188.6701,802.7685,76.2333
4.9960,231.3091,192.8083,801.4635,75.1249
4.9980,168.9028,185.6406,802.7384,73.9581
5.0000,231.0825,189.5900,801.3911,72.9003
5.0020,168.7043,182.4528,802.6413,71.7617
5.0040,230.9302,186.1024,801.3168,70.7253
5.0060,168.5156,161.5429,802.5941,69.5837
5.0080,230.7566,168.4587,801.2337,70.0552
5.0100,168.7098,161.6229,802.3654,70.3008
5.0120,230.9474,167.9160,800.8719,70.4551
5.0140,168.9050,161.3366,802.0171,70.4290
5.0160,231.0536,167.2112,800.7009,70.3671
5.0180,168.4644,161.0028,802.0146,70.1651
5.0200,231.0830,166.6542,800.6689,69.9882
5.0220,168.4469,160.7782,801.9235,69.7025
5.0240,231.1783,166.3051,800.5416,69.4778
5.0260,167.3944,161.7545,806.6045,70.1613
5.0280,231.5743,167.4349,805.8457,69.9042
5.0300,168.2408,161.8744,807.8681,69.5653
5.0320,230.5273,0.0000,806.5601,69.3228
5.0340,167.7228,168.6827,808.0501,72.2075
5.0360,223.4168,156.2352,806.7295,69.2007
5.0380,163.5651,153.7131,807.1950,67.7650
5.0400,225.6417,161.8157,805.2573,66.2116
5.0420,165.7347,157.5166,805.7221,65.1475
5.0440,227.7661,164.2488,803.9716,65.8133
5.0460,167.2137,184.7240,804.6559,66.9677
5.0480,229.2269,187.3573,803.1018,67.7158
5.0500,168.4182,180.6393,803.9859,68.2384
5.0520,230.4591,184.0827,802.5022,68.5785
5.0540,168.8791,177.7528,803.5734,68.7773
5.0560,231.1619,181.6711,802.2556,68.8641
5.0580,169.2889,175.5910,803.4481,68.8686
5.0600,231.7538,179.7696,802.0344,68.8053
5.0620,169.8167,185.2726,803.2658,68.6931
5.0640,232.0743,188.9704,801.8982,67.6013
5.0660,169.9502,182.9010,803.1794,66.4407
5.0680,232.3028,186.3822,801.8952,65.4442
5.0700,170.1188,180.4839,803.1573,64.3474
5.0720,232.5206,183.7454,801.8902,63.4110
5.0740,169.7996,178.1004,803.2161,63.0887
5.0760,232.5418,181.4025,806.4001,62.3528
5.0780,154.3713,194.5858,808.2388,62.0155
5.0800,266.0695,189.8996,807.8343,61.8627
5.0820,143.9346,182.5411,809.4025,60.6264
5.0840,266.5660,179.2253,807.5765,59.5184
5.0860,163.8552,174.0859,809.1795,59.0438
5.0880,198.1509,172.7593,807.7341,58.9631
5.0900,198.5963,168.5493,809.8269,58.7536
5.0920,223.3550,168.2959,808.6701,58.7196
5.0940,144.1079,164.8118,808.5221,58.5417
5.0960,268.2231,165.2727,808.3342,58.5374
5.0980,164.4538,162.1353,809.6002,58.3841
5.1000,229.1037,163.3703,806.8550,58.4055
5.1020,166.7038,160.4706,809.0834,58.2774
5.1040,230.3238,162.2930,807.4501,58.3162
5.1060,167.9934,159.8227,808.8527,58.2142
5.1080,231.3840,161.8098,807.3331,58.2853
5.1100,168.7188,159.6899,808.5720,58.2091
5.1120,231.8185,161.7407,807.0979,58.3004
5.1140,168.9923,159.7070,808.3573,58.2464
5.1160,232.1470,161.9686,806.8564,58.3543
5.1180,169.3388,160.0877,808.1990,58.3205
5.1200,232.4543,162.1166,806.8411,58.4417
5.1220,169.3224,160.6659,808.1782,58.4108
5.1240,232.6745,162.8849,806.7294,58.5429
5.1260,166.2329,162.3211,812.1657,59.3290
5.1280,231.1238,164.4796,811.2309,59.4551
5.1300,166.6248,162.8678,813.2139,59.4452
5.1320,236.8558,164.9723,811.8453,59.5655
5.1340,143.4093,163.1783,813.2674,59.5618
5.1360,268.3323,165.4908,811.9540,59.6766
5.1380,164.1936,163.8691,813.4985,59.6814
5.1400,229.1408,165.9694,811.1762,59.8065
5.1420,166.4300,164.3718,813.2881,59.8155
5.1440,230.5405,166.4029,811.6749,59.9381
5.1460,167.5761,164.9855,813.0787,59.9490
5.1480,231.1300,166.7608,811.5342,60.0687
5.1500,167.7701,165.1818,812.8471,60.0783
5.1520,231.5502,166.8047,811.4161,60.1934
5.1540,167.9625,165.6761,812.7746,60.1852
5.1560,231.8422,167.4153,811.2652,60.3073
5.1580,168.3896,165.9659,812.5648,60.3182
5.1600,232.2299,167.6194,811.0583,60.4339
5.1620,168.7724,166.0144,812.4153,60.4383
5.1640,232.5038,167.8036,810.9592,60.5386
5.1660,169.0176,166.3350,812.2792,60.5404
5.1680,232.8601,167.5950,810.7723,60.6376
5.1700,169.4070,166.2852,812.1020,60.6164
5.1720,233.2641,168.0640,810.6459,60.7137
5.1740,169.7203,166.3973,812.0316,60.7339
5.1760,228.6311,169.0128,814.3332,61.4728
5.1780,168.0306,167.3606,816.0253,61.4514
5.1800,230.2842,169.0837,815.1732,61.5298
5.1820,167.0256,167.2639,816.6124,61.5076
5.1840,230.7361,169.0920,815.3334,61.5765
5.1860,167.0803,167.3336,816.6981,61.5537
5.1880,231.0912,168.9831,815.2020,61.6222
5.1900,167.4039,167.0306,816.5486,61.5929
5.1920,231.4629,169.0525,815.0359,61.6511
5.1940,167.7047,167.3287,816.4313,61.6300
5.1960,231.7142,169.0724,814.9578,61.7075
5.1980,167.9371,167.1643,816.3083,61.6845
5.2000,232.0016,168.9534,814.7134,61.7493
5.2020,168.4821,166.9747,816.0007,61.7220
5.2040,232.5042,168.8698,814.5647,61.7843
5.2060,168.5254,166.8626,816.0345,61.8662
5.2080,232.7353,168.7791,814.5775,61.9190
5.2100,168.8025,166.7120,815.9440,62.1083
5.2120,233.1142,168.6619,814.3957,62.1338
5.2140,169.2805,166.5968,815.7896,62.3303
5.2160,233.4101,168.5618,814.2863,62.3832
5.2180,169.5775,166.4626,815.6428,62.5737
5.2200,233.7839,168.4504,814.0906,62.6168
5.2220,170.0228,166.3194,815.4591,62.8001
5.2240,234.2296,168.3309,813.9671,62.8374
5.2260,165.6517,166.6843,818.7977,62.4131
5.2280,231.6187,168.8936,817.5570,62.4438
5.2300,167.0432,166.7546,819.4852,62.3957
5.2320,231.4504,168.7166,817.9975,62.4474
5.2340,167.2609,166.4142,819.5751,62.5454
5.2360,231.7204,168.5605,818.1079,62.5872
5.2380,167.4914,166.3420,819.5767,62.7709
5.2400,232.0227,168.3887,818.0340,62.8032
5.2420,168.0472,166.0395,819.4260,62.9827
5.2440,232.3704,168.2341,817.8744,63.0105
5.2460,168.2245,165.7173,819.2743,63.1873
5.2480,232.6844,168.0727,817.8014,63.1860
5.2500,168.5903,165.6797,819.1558,63.3506
5.2520,233.1931,167.2665,817.6486,63.3788
5.2540,168.7567,165.1879,819.1347,63.7363
5.2560,233.4976,166.9105,817.6009,63.8981
5.2580,169.2130,164.6370,819.0216,64.2029
5.2600,233.8052,166.5812,817.4343,64.3188
5.2620,169.6365,163.9220,818.8114,64.5927
5.2640,234.1876,165.3843,817.2298,64.8084
5.2660,170.0924,163.5681,818.6339,65.1357
5.2680,234.6780,165.2382,817.1148,65.3294
5.2700,170.5781,163.1228,818.5865,65.6872
5.2720,234.9198,164.7795,816.9560,65.8503
5.2740,170.9138,162.6163,818.3640,66.1596
5.2760,230.3227,164.8503,819.8234,65.5284
5.2780,168.1042,162.3608,821.5175,65.8468
5.2800,231.8712,164.2320,820.5097,65.9988
5.2820,167.8876,161.9965,821.9347,66.3511
5.2840,232.5559,163.6889,820.5356,66.4663
5.2860,168.0484,161.6638,822.0439,66.7511
5.2880,233.0293,163.6156,820.5227,66.8400
5.2900,168.4040,161.5199,821.9872,67.1636
5.2920,233.2968,163.3588,820.3965,67.2358
5.2940,168.8518,161.1505,821.8111,67.5351
5.2960,233.8291,163.1457,820.2173,67.5809
5.2980,169.1589,160.9464,821.6931,67.8616
5.3000,234.1086,162.7376,820.1518,67.8886
5.3020,169.7921,160.9228,821.5893,68.1090
5.3040,234.5820,162.8570,819.9864,68.1568
5.3060,169.9113,160.6906,821.4680,68.4296
5.3080,234.8898,162.6542,819.9291,68.4292
5.3100,170.3407,160.4743,821.3752,68.6702
5.3120,235.3282,162.5192,819.7720,68.6537
5.3140,170.7572,160.3476,821.2245,68.8838
5.3160,235.7883,162.1801,819.6376,68.8598
5.3180,171.0997,160.3868,821.1742,69.0379
5.3200,236.2020,162.3100,819.6638,69.0153
5.3220,171.5562,160.2734,821.1564,69.2559
5.3240,236.4720,162.2318,819.5456,69.2613
5.3260,167.1784,160.2888,823.4617,69.0460
5.3280,233.8913,162.3778,822.0846,69.0164
5.3300,167.8057,160.1820,823.9575,69.2305
5.3320,239.1228,162.2704,822.3807,69.1966
5.3340,144.2307,160.0698,823.9548,69.4053
5.3360,273.4147,161.9571,822.2716,69.3679
5.3380,165.5619,160.0876,824.2115,69.5362
5.3400,232.8905,162.0429,821.6432,69.4888
5.3420,168.7603,159.8648,823.9945,69.7112
5.3440,234.4426,161.9437,822.2005,69.6835
5.3460,169.9746,159.7650,823.7667,69.8939
5.3480,235.3402,161.8395,822.1383,69.8571
5.3500,170.5700,159.6641,823.6570,70.0598
5.3520,235.7794,161.7334,822.0161,70.0214
5.3540,171.1214,159.6697,823.4736,70.2209
5.3560,236.2299,166.2630,821.8895,70.1821
5.3580,171.5434,163.9185,823.3701,69.6840
5.3600,236.6452,165.4423,821.7869,69.2372
5.3620,171.9540,163.5719,823.2746,68.9153
5.3640,237.0941,165.2774,821.6480,68.6707
5.3660,172.3567,163.2682,823.1844,68.5502
5.3680,237.4990,164.7940,821.5787,68.4296
5.3700,172.9527,162.5208,823.1119,68.3789
5.3720,237.7188,164.4150,821.5050,68.2890
5.3740,173.2715,162.1610,822.9321,68.3013
5.3760,234.0981,164.2347,823.3260,68.0850
5.3780,170.4750,161.7894,825.0588,68.1504
5.3800,235.3466,163.9656,823.8314,68.1186
5.3820,170.5707,156.9217,825.3520,68.2097
5.3840,235.9340,159.1397,823.8169,68.8089
5.3860,171.0181,157.1163,825.3142,69.5613
5.3880,236.3958,159.3996,823.7216,69.9313
5.3900,171.6409,157.3841,825.2171,70.4929
5.3920,236.8403,159.6527,823.5707,70.7067
5.3940,171.9180,157.6473,825.1109,71.1399
5.3960,237.2729,159.6627,823.4860,71.2499
5.3980,172.3383,158.0001,825.0297,71.5472
5.4000,237.6262,160.0594,823.4016,71.5952
5.4020,172.8133,158.2214,824.9044,71.8910
5.4040,238.0694,160.2379,823.3180,71.9286
5.4060,173.2319,158.2406,824.8469,72.1643
5.4080,238.3970,160.3621,823.1456,72.1295
5.4100,173.7221,158.3609,824.6655,72.3346
5.4120,238.9801,160.3839,823.1313,72.2838
5.4140,174.1188,158.4909,824.7431,72.4610
5.4160,239.2691,160.4617,823.1738,72.4094
5.4180,174.3464,158.4532,824.6853,72.5904
5.4200,239.6491,160.4556,823.0237,72.5358
5.4220,174.7981,158.3372,824.5671,72.7138
5.4240,239.9874,160.4169,822.9540,72.6417
5.4260,171.7265,158.6073,825.8757,72.7880
5.4280,238.0208,160.3572,824.3060,72.7524
5.4300,172.9833,158.3554,826.0590,72.9398
5.4320,238.3180,160.2839,824.4759,72.8996
5.4340,173.2571,158.2897,826.1128,73.0841
5.4360,238.7081,160.1986,824.5201,73.0437
5.4380,173.7079,158.2130,826.0584,73.2294
5.4400,239.0905,160.1044,824.3986,73.1928
5.4420,174.2048,158.1171,825.9342,73.3795
5.4440,239.5448,159.7817,824.2915,73.3466
5.4460,174.6518,158.2877,825.8447,73.4965
5.4480,240.0841,159.9670,824.2841,73.4932
5.4500,175.0682,158.1726,825.9140,73.7087
5.4520,240.3874,159.8024,824.2966,73.7310
5.4540,175.3211,157.8577,825.8213,73.9123
5.4560,240.6740,159.6835,824.1506,73.8775
5.4580,175.7840,157.8809,825.6846,74.0602
5.4600,241.0594,159.5582,823.9640,74.0295
5.4620,176.2949,157.6464,825.5131,74.2161
5.4640,241.5800,159.4521,823.9522,74.1883
5.4660,176.7510,157.5475,825.5910,74.3784
5.4680,241.8702,159.1321,823.9410,74.3524
5.4700,176.9570,157.4609,825.4767,74.5053
5.4720,242.1558,159.2476,823.8183,74.4755
5.4740,177.4403,157.4855,825.3741,74.6862
5.4760,240.1662,159.0965,824.7068,74.7214
5.4780,175.7440,157.2592,826.3717,74.9226
5.4800,240.9550,159.0058,824.9060,74.9023
5.4820,176.1679,157.1838,826.4716,75.0984
5.4840,241.4326,158.9135,824.8350,75.0777
5.4860,176.4860,157.1505,826.3944,75.2710
5.4880,241.9028,158.7411,824.7466,75.2502
5.4900,176.9276,156.8922,826.3631,75.4275
5.4920,242.3070,158.7185,824.7556,75.3909
5.4940,177.3416,157.0655,826.3276,75.5740
5.4960,242.6226,158.6503,824.6600,75.5694
5.4980,177.6775,157.0207,826.2315,75.7808
5.5000,243.0449,158.5381,824.5097,75.7937
5.5020,177.8084,156.7913,826.1517,75.9782
5.5040,247.1513,158.4341,824.5815,75.9496
5.5060,159.7899,156.7066,826.2248,76.1346
5.5080,282.8545,158.3350,824.4969,76.1101
5.5100,148.7947,156.7672,826.5707,76.2955
5.5120,282.7828,157.9875,823.6663,76.2704
5.5140,174.6572,156.5211,825.7716,76.4156
5.5160,208.9862,158.1264,823.9782,76.3885
5.5180,214.1143,156.6039,826.0504,76.5954
5.5200,206.3997,158.0454,824.9676,76.6146
5.5220,215.8709,156.3835,825.1111,76.8017
5.5240,237.7258,157.9441,825.1387,76.7782
5.5260,151.2422,156.2379,825.4876,77.0459
5.5280,284.0491,157.7708,825.0769,77.0200
5.5300,174.3501,156.2927,827.0821,77.2026
5.5320,242.4209,157.6627,824.0032,77.1775
5.5340,177.1557,156.0564,826.5773,77.3606
5.5360,233.4665,157.3357,824.6842,77.3341
5.5380,212.7358,155.9793,826.5346,77.4744
5.5400,206.3205,157.5401,825.0527,77.4418
5.5420,215.3026,156.1025,825.7006,77.6597
5.5440,205.7657,180.4679,825.5658,77.6854
5.5460,215.8146,98.9855,825.4443,77.7599
5.5480,206.0236,214.6748,825.5768,78.4968
5.5500,216.3740,123.3119,825.3327,78.2217
5.5520,206.4567,157.5305,825.5179,78.4149
5.5540,216.9490,155.9321,825.3147,78.5815
5.5560,206.7349,182.4115,825.5541,78.3733
5.5580,217.3156,124.8838,825.2627,78.5577
5.5600,207.0394,183.6684,825.4494,78.6978
5.5620,217.7676,126.2843,825.1561,78.7434
5.5640,207.4109,184.6070,825.3606,78.8586
5.5660,218.3095,126.6839,825.1148,78.9054
5.5680,207.7358,184.8400,825.3735,79.0177
5.5700,218.5706,126.8777,825.1167,79.0553
5.5720,207.9651,184.6046,825.3254,79.1631
5.5740,219.0023,126.9008,825.0177,79.1342
5.5760,207.3633,184.8502,825.5239,79.3460
5.5780,218.5549,126.8690,825.2463,79.4065
5.5800,207.9116,184.7559,825.5644,79.5526
5.5820,218.9423,126.6985,825.3237,79.5708
5.5840,208.1718,184.7053,825.5610,79.6669
5.5860,219.1425,126.5774,825.2611,79.6855
5.5880,208.5261,184.6443,825.4294,79.7866
5.5900,219.9384,126.3198,825.2006,79.8060
5.5920,208.8526,184.5915,825.5183,79.8820
5.5940,219.9695,126.6311,825.2759,79.9063
5.5960,209.0465,184.4979,825.4976,80.0252
5.5980,220.2957,126.3479,825.1748,80.0557
5.6000,209.3666,184.4464,825.3842,80.1686
5.6020,220.6721,126.3006,825.0725,80.1975
5.6040,209.7455,184.3554,825.2936,80.3107
5.6060,221.0799,126.1933,825.0375,80.3374
5.6080,209.9931,184.0901,825.2748,80.4517
5.6100,221.7027,126.2887,824.9700,80.4339
5.6120,210.2585,184.2479,825.2359,80.5700
5.6140,221.7112,126.2966,824.9361,80.6217
5.6160,210.5254,184.1288,825.1648,80.7738
5.6180,222.0251,125.9886,824.8681,80.7956
5.6200,210.8089,184.0235,825.1062,80.9076
5.6220,222.4474,125.8844,824.8217,80.9310
5.6240,211.2234,183.9425,825.1328,81.0422
5.6260,222.3771,125.8638,825.0227,81.1039
5.6280,211.1529,183.7770,825.2875,81.2174
5.6300,222.7692,125.4553,825.0209,81.2416
5.6320,211.2622,183.6970,825.2288,81.3252
5.6340,222.9019,125.5789,824.9017,81.3619
5.6360,211.6089,183.6127,825.1190,81.4895
5.6380,223.3342,125.5012,824.8106,81.5215
5.6400,211.9707,183.5371,825.0376,81.6436
5.6420,223.8635,125.5948,824.7431,81.6727
5.6440,212.3905,183.2162,825.0250,81.7919
5.6460,224.2427,125.4531,824.7793,81.7689
5.6480,212.7102,183.3855,825.0765,81.9178
5.6500,224.6140,125.4428,824.8064,81.9623
5.6520,212.8239,183.0778,825.0127,82.1171
5.6540,224.6762,126.8477,824.6820,82.1453
5.6560,213.0605,172.4245,824.8969,82.2504
5.6580,224.8571,153.0590,824.5869,82.3197
5.6600,213.1672,154.0880,824.7540,82.2710
5.6620,225.2930,153.1369,824.3951,82.3564
5.6640,213.7375,153.9901,824.7242,82.4161
5.6660,225.9571,152.9914,824.5394,82.5053
5.6680,213.9801,154.0647,824.8456,82.5528
5.6700,225.9950,152.9745,824.5983,82.6674
5.6720,214.1189,154.0500,824.8729,82.7023
5.6740,226.0690,152.9427,824.5486,82.8290
5.6760,214.1848,153.9805,824.7551,82.8372
5.6780,226.2124,153.0598,824.4270,82.9643
5.6800,214.3892,153.9432,824.6372,82.9726
5.6820,226.4616,152.8281,824.3267,83.1120
5.6840,214.6281,153.8208,824.5554,83.1105
5.6860,227.0114,152.9176,824.2649,83.2394
5.6880,214.9584,153.8721,824.5544,83.2616
5.6900,227.1289,152.7498,824.3150,83.4111
5.6920,215.2097,153.5546,824.5979,83.3972
5.6940,227.3692,152.8191,824.3377,83.4949
5.6960,215.3515,153.8009,824.5979,83.5011
5.6980,227.4827,152.9082,824.2865,83.6805
5.7000,215.4919,153.6909,824.4966,83.7003
5.7020,227.7237,152.5794,824.1894,83.8531
5.7040,215.6861,153.6038,824.4182,83.8193
5.7060,227.8509,152.5103,824.1274,83.9752
5.7080,215.9290,153.2711,824.3120,83.9441
5.7100,228.3852,152.4690,824.0837,84.0489
5.7120,216.2554,153.4381,824.4045,84.0301
5.7140,228.5766,152.4902,824.1782,84.2083
5.7160,216.4310,153.4088,824.4715,84.2096
5.7180,228.6475,152.5713,824.1923,84.3836
5.7200,216.4622,153.2883,824.3969,84.3730
5.7220,228.9724,152.2469,824.0693,84.5325
5.7240,216.5615,152.9436,824.2785,84.4927
5.7260,228.9997,152.1649,823.9642,84.5777
5.7280,216.8804,153.1138,824.2422,84.5523
5.7300,229.1967,152.2227,823.9959,84.7344
5.7320,216.9711,153.0446,824.2241,84.7318
5.7340,229.4239,152.2256,823.9181,84.9010
5.7360,217.1924,152.9652,824.1950,84.8884
5.7380,229.6386,151.9865,823.9097,85.0520
5.7400,217.3831,152.8701,824.1821,85.0105
5.7420,229.9696,151.7854,823.8984,85.1743
5.7440,217.4913,152.7898,824.1289,85.1037
5.7460,229.9477,151.9692,823.8418,85.2778
5.7480,217.7812,152.7197,824.0903,85.2760
5.7500,230.2111,151.9391,823.8760,85.4464
5.7520,217.8590,152.6093,824.1285,85.4074
5.7540,230.3793,151.7053,823.8285,85.5751
5.7560,218.0946,152.5192,824.0991,85.5339
5.7580,230.5586,151.6394,823.8471,85.7004
5.7600,218.1469,152.4317,824.0761,85.6608
5.7620,230.7666,151.3944,823.7723,85.8253
5.7640,218.3783,152.3644,824.0424,85.7529
5.7660,230.8507,151.6038,823.7907,85.9308
5.7680,218.4302,152.2754,824.0199,85.9238
5.7700,231.0932,151.7349,823.7156,86.0910
5.7720,218.5412,152.1998,823.9473,86.0777
5.7740,231.1862,151.4928,823.6579,86.2432
5.7760,218.8256,152.1251,823.9479,86.2181
5.7780,231.4174,151.3195,823.7135,86.3785
5.7800,218.9307,151.7788,823.9910,86.3325
5.7820,231.4995,151.2380,823.7004,86.4390
5.7840,219.0046,151.9464,823.9262,86.4028
5.7860,231.5571,151.3280,823.6352,86.5830
5.7880,219.1703,151.9101,823.8137,86.5836
5.7900,231.9145,151.3402,823.5976,86.7547
5.7920,219.4589,151.7887,823.9316,86.7308
5.7940,232.1600,150.8214,823.7050,86.8880
5.7960,219.5011,151.7146,823.9635,86.7965
5.7980,232.0609,151.1131,823.6800,86.9615
5.8000,219.3606,151.6792,823.8881,86.9608
5.8020,232.0107,151.0642,823.5000,87.1389
5.8040,219.5380,151.5670,823.7103,87.1259
5.8060,232.3990,151.0409,823.4343,87.2820
5.8080,219.7675,151.4568,823.6870,87.2363
5.8100,232.5345,150.8008,823.4642,87.3948
5.8120,219.9337,151.3697,823.7752,87.3503
5.8140,232.7025,150.5548,823.5024,87.5095
5.8160,220.0935,151.3043,823.8056,87.4326
5.8180,232.7242,150.6769,823.5310,87.6004
5.8200,220.1255,151.2202,823.7550,87.5724
5.8220,232.9286,150.7180,823.4662,87.7426
5.8240,220.2054,151.1510,823.7042,87.7286
5.8260,233.0451,150.7995,823.4231,87.8879
5.8280,220.4714,151.0656,823.7381,87.8684
5.8300,233.1839,150.3545,823.5022,88.0234
5.8320,220.5629,151.0000,823.7657,87.9525
5.8340,233.3409,150.5497,823.5030,88.1185
5.8360,220.5110,150.9295,823.7209,88.1090
5.8380,233.2332,150.4946,823.4077,88.2717
5.8400,220.5850,150.8560,823.6335,88.2531
5.8420,233.3346,150.4791,823.3425,88.4073
5.8440,220.7050,150.7752,823.5837,88.3848
5.8460,233.6329,150.2675,823.3114,88.5345
5.8480,220.9966,150.6845,823.6080,88.4886
5.8500,233.8236,150.1159,823.4099,88.6419
5.8520,221.0555,150.6083,823.7195,88.5615
5.8540,233.7843,150.1341,823.4269,88.7314
5.8560,221.0252,150.5236,823.6390,88.6999
5.8580,233.8105,150.1733,823.3386,88.8650
5.8600,221.0907,150.4573,823.5677,88.8488
5.8620,233.9643,150.1432,823.2848,89.0041
5.8640,221.2366,150.3848,823.5277,88.9831
5.8660,234.0269,150.1113,823.2864,89.1341
5.8680,221.2890,150.0519,823.5384,89.1099
5.8700,234.1151,150.0098,823.2552,89.2030
5.8720,221.3772,150.2441,823.5015,89.1951
5.8740,234.4280,150.0549,823.2306,89.3611
5.8760,221.6566,150.1644,823.5491,89.3463
5.8780,234.4619,149.8962,823.3433,89.5016
5.8800,221.6269,150.0927,823.6121,89.4781
5.8820,234.3835,149.8401,823.3094,89.6286
5.8840,221.6079,150.0210,823.5220,89.6040
5.8860,234.5664,149.5505,823.2232,89.7509
5.8880,221.7232,149.9491,823.4528,89.6704
5.8900,234.6277,149.7132,823.2097,89.8323
5.8920,221.8888,149.8623,823.5001,89.8204
5.8940,234.6665,149.7575,823.2550,89.9732
5.8960,221.8527,149.7960,823.4843,89.9505
5.8980,234.5607,149.6103,823.1860,90.1043
5.9000,221.7082,149.7280,823.3555,90.0805
5.9020,235.0056,149.4686,823.0093,90.2300
5.9040,222.2028,149.6447,823.3487,90.1862
5.9060,235.2341,149.3471,823.1819,90.3351
5.9080,222.5499,149.2458,823.5015,90.2825
5.9100,235.3782,149.6007,823.2776,90.3698
5.9120,222.5270,149.5339,823.4966,90.3305
5.9140,235.4561,149.3957,823.1778,90.5228
5.9160,222.7006,149.4438,823.4209,90.5275
5.9180,235.5310,149.3391,823.1549,90.6897
5.9200,222.6764,149.3929,823.3600,90.6705
5.9220,235.7458,149.3026,823.0441,90.8240
5.9240,222.8095,149.3191,823.2581,90.8023
5.9260,235.8089,149.2334,823.0085,90.9465
5.9280,222.9282,149.2412,823.2935,90.9186
5.9300,235.8045,149.3052,823.0017,91.0596
5.9320,223.0569,148.9325,823.2205,91.0321
5.9340,235.9577,149.1186,822.9802,91.1243
5.9360,223.1737,149.0969,823.2197,91.1203
5.9380,236.1534,149.0627,822.9746,91.2766
5.9400,223.1897,149.0264,823.2155,91.2577
5.9420,236.1245,149.0103,822.9268,91.4035
5.9440,223.4014,148.9578,823.1680,91.3793
5.9460,236.4937,149.0402,822.9611,91.5206
5.9480,223.5335,148.6279,823.2697,91.4940
5.9500,236.3849,148.8977,823.0112,91.5794
5.9520,223.3256,148.8184,823.2229,91.5723
5.9540,236.2473,148.8897,822.8509,91.7306
5.9560,223.2102,148.7392,822.9981,91.7207
5.9580,236.4070,148.8620,822.6582,91.8597
5.9600,223.7251,148.6562,822.9960,91.8305
5.9620,236.7515,148.7131,822.8344,91.9704
5.9640,223.8999,148.5862,823.1478,91.9408
5.9660,237.0328,148.6601,822.9269,92.0808
5.9680,223.8396,148.4047,823.2050,92.0528
5.9700,236.7071,148.6120,822.8953,92.1681
5.9720,223.7514,148.4659,823.0893,92.1339
5.9740,236.6761,148.5767,822.7760,92.2843
5.9760,223.8573,148.4058,822.9848,92.2696
5.9780,236.8803,148.5293,822.7359,92.4177
5.9800,224.0093,148.2506,823.0096,92.3962
5.9820,237.1625,148.5559,822.7610,92.5196
5.9840,224.0396,148.2712,823.0200,92.5000
5.9860,236.9422,148.1394,822.7440,92.6473
5.9880,223.9768,148.2096,822.9513,92.5656
5.9900,236.9363,148.3816,822.6439,92.7058
5.9920,224.0403,148.1843,822.8658,92.7023
5.9940,237.0368,148.5106,822.5886,92.8639
5.9960,224.2489,148.0797,822.8359,92.8559
5.9980,237.4890,148.2782,822.6259,92.9953
6.0000,224.5003,148.0138,822.9561,92.9675
6.0020,237.5182,148.2258,822.7511,93.1059
6.0040,224.4747,147.7171,823.0420,93.0759
6.0060,237.3489,148.1720,822.7429,93.1629
6.0080,224.3728,147.8825,822.9377,93.1569
6.0100,237.4775,148.2038,822.6328,93.3071
6.0120,224.5050,147.8100,822.8867,93.2868
6.0140,237.4266,148.0666,822.6383,93.4279
6.0160,224.4425,147.7456,822.8549,93.4024
6.0180,237.4354,148.0141,822.5540,93.5391
6.0200,224.4886,147.6792,822.7758,93.5108
6.0220,237.5706,147.7885,822.5032,93.6456
6.0240,224.4189,147.6055,822.7460,93.5602
6.0260,237.3284,147.8935,822.4092,93.7190
6.0280,224.6352,147.5279,822.5858,93.7024
6.0300,237.8532,147.8416,822.4136,93.8439
6.0320,224.9354,147.4642,822.7658,93.8191
6.0340,238.0154,147.7857,822.5684,93.9568
6.0360,225.0289,147.3945,822.8648,93.9287
6.0380,237.9387,147.8956,822.6326,94.0643
6.0400,224.9062,147.3346,822.8395,94.0363
6.0420,237.9794,147.6938,822.5531,94.1768
6.0440,224.8347,147.0200,822.7909,94.1501
6.0460,237.8303,147.6495,822.4724,94.2312
6.0480,224.9759,147.2203,822.6986,94.2093
6.0500,238.0098,147.6082,822.4726,94.3651
6.0520,224.9496,147.1606,822.7112,94.3493
6.0540,237.8922,147.5600,822.4255,94.4928
6.0560,224.8953,147.0977,822.6313,94.4695
6.0580,238.1859,147.6367,822.3333,94.6067
6.0600,225.1165,147.0217,822.6172,94.5788
6.0620,238.0871,147.4501,822.3993,94.7139
6.0640,225.0797,146.8666,822.6356,94.6842
6.0660,237.9706,147.2961,822.3536,94.7970
6.0680,225.1648,146.8045,822.5337,94.7575
6.0700,238.3048,147.3697,822.3278,94.8800
6.0720,225.3797,146.8520,822.6475,94.8633
6.0740,238.5237,147.4084,822.4269,95.0115
6.0760,225.4081,146.7760,822.6975,94.9922
6.0780,238.1916,147.2611,822.4475,95.1291
6.0800,225.0344,146.7130,822.5915,95.1018
6.0820,238.0839,146.9238,822.2102,95.2349
6.0840,225.2723,146.6526,822.4371,95.1489
6.0860,238.4276,147.2533,822.2239,95.2949
6.0880,225.4358,146.6200,822.5149,95.2847
6.0900,238.3964,147.1126,822.2869,95.4352
6.0920,225.3864,146.5220,822.5217,95.4089
6.0940,238.4830,147.0630,822.2401,95.5424
6.0960,225.3924,146.4589,822.4714,95.5137
6.0980,238.5383,147.0932,822.2010,95.6447
6.1000,225.6799,146.2962,822.5112,95.6152
6.1020,238.7242,146.8539,822.3193,95.7250
6.1040,225.7173,146.2348,822.6096,95.6866
6.1060,238.7695,146.9157,822.3531,95.8079
6.1080,225.5471,146.2719,822.5563,95.7908
6.1100,238.5221,146.9748,822.2517,95.9333
6.1120,225.5441,146.2016,822.4700,95.9107
6.1140,238.5417,146.8154,822.1905,96.0463
6.1160,225.7343,146.1416,822.4249,96.0176
6.1180,238.8277,146.6665,822.2321,96.1496
6.1200,225.8506,145.9463,822.5401,96.0996
6.1220,238.9308,146.7238,822.2935,96.2107
6.1240,225.6870,146.0192,822.4974,96.1930
6.1260,238.5252,146.8259,822.1886,96.3328
6.1280,225.4433,145.9452,822.3347,96.3105
6.1300,238.5244,146.6160,821.9760,96.4444
6.1320,225.8258,145.6269,822.2201,96.4159
6.1340,238.9643,146.5726,822.0641,96.4895
6.1360,226.0704,145.8334,822.3981,96.4705
6.1380,239.1179,146.5716,822.1987,96.6198
6.1400,225.9497,145.8103,822.4535,96.6107
6.1420,238.8609,146.4827,822.1546,96.7515
6.1440,225.8620,145.7112,822.3556,96.7196
6.1460,238.9087,146.5970,822.0628,96.8469
6.1480,226.0166,145.3754,822.3229,96.8154
6.1500,239.1738,146.3740,822.0918,96.8861
6.1520,225.8948,145.5794,822.3086,96.8725
6.1540,238.9736,146.3335,822.0137,97.0181
6.1560,225.9947,145.5224,822.2879,96.9972
6.1580,239.0263,146.2865,822.0199,97.1314
6.1600,226.0602,145.4619,822.2856,97.1043
6.1620,238.9920,146.2393,822.0208,97.2332
6.1640,226.1379,145.4010,822.2424,97.2044
6.1660,239.1754,146.1990,822.0186,97.3305
6.1680,226.1924,145.1927,822.2965,97.2803
6.1700,239.2388,146.1355,822.0267,97.3886
6.1720,226.1554,145.2720,822.2477,97.3691
6.1740,239.2639,146.0950,821.9763,97.5084
6.1760,226.4156,145.2156,822.2793,97.4831
6.1780,239.3536,145.7539,822.0801,97.6151
6.1800,226.3784,145.1582,822.3280,97.5279
6.1820,239.3377,146.1449,822.0651,97.6637
6.1840,226.2063,145.1267,822.2603,97.6547
6.1860,239.1344,145.9966,821.9505,97.8025
6.1880,226.1814,145.0309,822.1553,97.7860
6.1900,239.1429,145.9067,821.8711,97.9104
6.1920,226.2284,144.9702,822.0957,97.8788
6.1940,239.4878,145.8588,821.8341,98.0039
6.1960,226.3519,144.6441,822.1214,97.9714
6.1980,239.4060,145.8613,821.8737,98.0368
6.2000,226.4326,144.8509,822.1625,98.0244
6.2020,239.2050,145.7719,821.9018,98.1664
6.2040,226.4279,144.7934,822.0550,98.1466
6.2060,239.5299,145.8177,821.8508,98.2774
6.2080,226.5870,144.7240,822.1682,98.2495
6.2100,239.5685,145.6719,821.9284,98.3765
6.2120,226.4850,144.3986,822.1692,98.3460
6.2140,239.3573,145.6299,821.8741,98.4117
6.2160,226.3963,144.6107,822.0698,98.3967
6.2180,239.5630,145.6750,821.7807,98.5389
6.2200,226.5419,144.5859,822.0418,98.5277
6.2220,239.5268,145.5389,821.8147,98.6638
6.2240,226.5240,144.4876,822.0783,98.6292
6.2260,239.4026,145.2922,821.7932,98.7510
6.2280,226.4673,144.4196,821.9958,98.6619
6.2300,239.4055,145.4436,821.7184,98.8048
6.2320,226.6023,144.3655,821.9453,98.7886
6.2340,239.8362,145.4004,821.7353,98.9227
6.2360,226.7160,144.3449,822.0234,98.8974
6.2380,239.6149,145.3830,821.7980,99.0324
6.2400,226.6422,144.2440,822.0293,98.9972
6.2420,239.5592,145.3105,821.7534,99.1189
6.2440,226.7836,143.9133,821.9803,99.0860
6.2460,239.8054,145.3987,821.7858,99.1480
6.2480,226.8663,144.1150,822.0849,99.1392
6.2500,239.7452,145.2118,821.8379,99.2784
6.2520,226.8168,144.0614,822.0683,99.2558
6.2540,239.8255,145.1446,821.8062,99.3853
6.2560,226.6089,143.9810,821.9924,99.3521
6.2580,239.4986,145.1192,821.6788,99.4736
6.2600,226.5862,143.6030,821.8810,99.4462
6.2620,239.6051,145.1224,821.5992,99.4948
6.2640,226.8096,143.9215,821.8725,99.4719
6.2660,239.7552,145.0457,821.6638,99.6300
6.2680,226.8016,143.8367,821.9315,99.6175
6.2700,239.6450,145.1310,821.6573,99.7480
6.2720,226.6216,143.7584,821.8648,99.7284
6.2740,239.6334,144.9358,821.5337,99.8478
6.2760,226.7732,143.6992,821.6965,99.8140
6.2780,239.8884,144.8893,821.5330,99.9345
6.2800,227.0682,143.5410,821.8817,99.9007
6.2820,240.0010,144.7591,821.6946,99.9994
6.2840,227.1226,143.2922,821.9772,99.9577
6.2860,239.8882,144.8225,821.7522,100.0265
6.2880,226.9010,143.5413,821.9493,99.9953
6.2900,239.7176,144.9008,821.6427,100.1518
6.2920,226.8129,143.4904,821.8344,100.1439
6.2940,239.8437,144.7405,821.5461,100.2831
6.2960,226.8778,143.4257,821.7562,100.2593
6.2980,239.8458,144.6915,821.5297,100.3850
6.3000,227.0107,143.3568,821.8068,100.3534
6.3020,239.8191,144.6250,821.5798,100.4719
6.3040,226.8996,143.2859,821.7920,100.4364
6.3060,239.7507,144.7273,821.5086,100.5534
6.3080,226.7677,143.2096,821.7245,100.5193
6.3100,239.7720,144.2017,821.3994,100.6375
6.3120,227.0462,143.1567,821.6351,100.5417
6.3140,240.0498,144.4854,821.4762,100.6898
6.3160,227.2503,143.1055,821.7957,100.6721
6.3180,240.0207,144.4441,821.6017,100.8018
6.3200,227.0632,143.0488,821.8172,100.7733
6.3220,240.1655,144.4009,821.5262,100.8966
6.3240,227.0949,142.7109,821.7668,100.8659
6.3260,239.8942,144.5259,821.5234,100.9251
6.3280,226.9774,142.9620,821.7302,100.9134
6.3300,239.8979,144.3102,821.4405,101.0599
6.3320,227.1199,142.8670,821.6936,101.0338
6.3340,239.8978,144.2646,821.4699,101.1574
6.3360,227.0092,142.8093,821.6773,101.1270
6.3380,239.8354,144.2195,821.3945,101.2473
6.3400,227.0113,142.7504,821.6091,101.2141
6.3420,240.1147,143.8537,821.3494,101.3323
6.3440,227.1972,142.6972,821.6280,101.2393
6.3460,240.0861,144.2563,821.4237,101.3812
6.3480,227.1965,142.6305,821.6950,101.3657
6.3500,239.9818,144.0886,821.4330,101.4937
6.3520,227.1426,142.5726,821.6465,101.4656
6.3540,240.1010,144.0212,821.3847,101.5876
6.3560,227.1220,142.4912,821.6763,101.5521
6.3580,240.1881,143.9743,821.3632,101.6677
6.3600,227.3375,142.4514,821.6300,101.6345
6.3620,240.1499,143.9455,821.4445,101.7547
6.3640,227.3035,142.2793,821.6919,101.7024
6.3660,240.0272,143.9082,821.4411,101.8105
6.3680,227.1359,142.3325,821.6335,101.7896
6.3700,239.9104,143.8682,821.3372,101.9170
6.3720,227.0914,141.9831,821.5350,101.8901
6.3740,239.9432,143.8350,821.2612,101.9485
6.3760,227.0201,142.2267,821.4160,101.9305
6.3780,239.9602,143.9689,821.1568,102.0700
6.3800,227.3543,142.1976,821.4257,102.0592
6.3820,240.3064,143.7847,821.2668,102.1922
6.3840,227.5555,142.0951,821.5831,102.1632
6.3860,240.3838,143.6888,821.3870,102.2738
6.3880,227.4636,142.0345,821.6528,102.2379
6.3900,240.2671,143.3087,821.3678,102.3525
6.3920,227.2850,141.9779,821.5464,102.2618
6.3940,240.0550,143.6724,821.2530,102.4039
6.3960,227.2514,141.9176,821.4527,102.3861
6.3980,240.0512,143.5623,821.1803,102.5111
6.4000,227.3747,141.8597,821.3982,102.4833
6.4020,240.3518,143.5186,821.1893,102.6024
6.4040,227.4923,141.5006,821.4648,102.5701
6.4060,240.3133,143.6411,821.2448,102.6237
6.4080,227.4503,141.7341,821.4995,102.6129
6.4100,240.1776,143.4318,821.2266,102.7475
6.4120,227.3743,141.6890,821.4256,102.7256
6.4140,240.3267,143.3882,821.1566,102.8512
6.4160,227.3607,141.6634,821.3737,102.8201
6.4180,240.3208,143.3425,821.1173,102.9468
6.4200,227.6543,141.5594,821.4234,102.9070
6.4220,240.4150,143.2966,821.2442,103.0206
6.4240,227.6116,141.1898,821.4896,102.9862
6.4260,240.2862,143.3864,821.2423,103.0365
6.4280,227.4385,141.4353,821.4324,103.0357
6.4300,240.2558,143.2155,821.1394,103.1657
6.4320,227.4714,141.3801,821.3351,103.1441
6.4340,240.2209,143.1717,821.1063,103.2647
6.4360,227.4347,141.3200,821.3247,103.2354
6.4380,240.0572,142.6887,821.0601,103.3515
6.4400,227.4233,141.2598,821.2124,103.2518
6.4420,240.4592,143.1790,820.9967,103.3861
6.4440,227.6002,141.2416,821.2502,103.3806
6.4460,240.5053,143.0909,821.0685,103.5178
6.4480,227.6530,141.1464,821.3796,103.5006
6.4500,240.3974,142.9936,821.1187,103.6128
6.4520,227.5921,141.0738,821.3502,103.5813
6.4540,240.3522,143.0414,821.0798,103.6921
6.4560,227.5686,141.0026,821.3124,103.6601
6.4580,240.2497,142.7661,821.0431,103.7713
6.4600,227.5929,140.8260,821.2384,103.7200
6.4620,240.5681,142.4797,821.0149,103.8237
6.4640,227.5693,140.8962,821.2723,103.7511
6.4660,240.2664,142.8718,821.0000,103.8735
6.4680,227.5216,140.8578,821.2043,103.8761
6.4700,240.1223,142.8250,820.9414,104.0110
6.4720,227.4593,140.7870,821.0980,103.9945
6.4740,240.4060,142.8319,820.8535,104.1114
6.4760,227.8224,140.7227,821.1745,104.0852
6.4780,240.6666,142.7059,821.0110,104.1985
6.4800,227.7853,140.6519,821.2919,104.1681
6.4820,240.4652,142.6391,821.0230,104.2763
6.4840,227.8814,140.5789,821.1994,104.2438
6.4860,240.7738,142.6858,820.9065,104.3515
6.4880,228.0438,140.3881,821.0858,104.3217
6.4900,240.9348,142.4085,820.7996,104.4070
6.4920,228.3280,140.3307,821.0337,104.3749
6.4940,241.1645,142.1151,820.7985,104.4778
6.4960,228.5155,140.4130,821.0204,104.4065
6.4980,241.4415,142.5490,820.7662,104.5263
6.5000,228.4275,140.3742,820.9360,104.5366
6.5020,241.1890,142.4714,820.6263,104.6732
6.5040,228.4749,140.3031,820.8073,104.6589
6.5060,241.2488,142.5224,820.5238,104.7768
6.5080,228.5683,140.2275,820.7194,104.7499
6.5100,241.4952,142.3649,820.4558,104.8623
6.5120,228.9179,140.1713,820.7326,104.8337
6.5140,241.7111,142.3153,820.5419,104.9426
6.5160,228.8878,140.0994,820.7898,104.9120
6.5180,241.6687,142.2473,820.4983,105.0166
6.5200,228.7395,140.0003,820.6553,104.9858
6.5220,241.4609,142.3094,820.3543,105.0873
6.5240,228.8353,139.8238,820.5339,105.0580
6.5260,241.5658,142.0088,820.2961,105.1472
6.5280,228.8223,139.5300,820.4943,105.1163
6.5300,241.3999,142.1502,820.2130,105.1736
6.5320,228.7268,139.8751,820.3348,105.1648
6.5340,241.7354,142.1306,820.0605,105.3078
6.5360,229.0188,139.8176,820.2864,105.3045
6.5380,241.9060,142.1004,820.1083,105.4263
6.5400,229.2667,139.7607,820.3984,105.4048
6.5420,241.9147,142.0484,820.1895,105.5193
6.5440,229.1176,139.7247,820.3708,105.4923
6.5460,241.8012,141.9941,820.0696,105.6073
6.5480,229.0798,139.6040,820.2396,105.5712
6.5500,241.9271,141.9124,819.9535,105.6766
6.5520,229.2619,139.4111,820.1775,105.6480
6.5540,242.0257,141.8621,819.9460,105.7301
6.5560,229.2599,139.3392,820.1674,105.7020
6.5580,242.1319,141.8398,819.8807,105.8036
6.5600,229.1836,139.4268,820.0485,105.7944
6.5620,241.9234,141.7977,819.7618,105.9144
6.5640,229.3369,139.3689,819.9549,105.8948
6.5660,242.1514,141.7549,819.7336,106.0072
6.5680,229.5022,139.1714,819.9790,105.9823
6.5700,242.1606,141.5703,819.7497,106.0669
6.5720,229.4200,139.2321,819.9352,106.0381
6.5740,242.1147,141.7485,819.6527,106.1597
6.5760,229.4305,139.1833,819.8384,106.1381
6.5780,242.4866,141.6282,819.5715,106.2560
6.5800,229.7054,139.1242,819.8368,106.2339
6.5820,242.4058,141.1247,819.6378,106.3443
6.5840,229.6852,139.0791,819.8544,106.2600
6.5860,242.2859,141.5630,819.5940,106.3997
6.5880,229.5215,139.0161,819.7527,106.3923
6.5900,242.1770,141.6726,819.4472,106.5114
6.5920,229.4771,138.9379,819.6115,106.4928
6.5940,242.3222,141.4572,819.3263,106.6055
6.5960,229.7408,138.8768,819.5547,106.5797
6.5980,242.4882,141.4088,819.3341,106.6897
6.6000,229.5393,138.8140,819.5156,106.6633
6.6020,242.1286,140.7702,819.1690,106.7707
6.6040,229.7053,138.7683,819.2888,106.6694
6.6060,242.6340,141.4095,819.1006,106.8172
6.6080,230.0691,138.7631,819.4005,106.8230
6.6100,243.0206,141.3998,819.2128,106.9505
6.6120,230.0193,138.6290,819.4613,106.9261
6.6140,242.6201,141.2355,819.1766,107.0353
6.6160,229.9767,138.5674,819.3367,107.0102
6.6180,242.6930,141.1897,819.0816,107.1182
6.6200,229.9515,138.0782,819.2886,107.0938
6.6220,242.5603,141.1810,818.9960,107.1287
6.6240,229.8834,138.4666,819.1515,107.1462
6.6260,242.6575,141.2458,818.8666,107.2716
6.6280,259.2626,138.3926,819.0910,107.2600
6.6300,180.5250,141.0728,818.8187,107.3749
6.6320,307.5687,138.3294,818.4894,107.3552
6.6340,203.3391,141.0246,820.3164,107.4658
6.6360,234.1050,137.8808,817.2828,107.4444
6.6380,242.5346,141.0147,819.9274,107.4893
6.6400,263.1504,138.2271,818.6296,107.5082
6.6420,207.2032,141.0564,818.8091,107.6313
6.6440,266.6293,138.1519,818.1742,107.6194
6.6460,207.9940,140.9017,819.5200,107.7344
6.6480,268.0158,138.0864,817.9282,107.7149
6.6500,208.9182,140.8472,819.5030,107.8259
6.6520,268.8044,138.0184,817.9376,107.8049
6.6540,209.0376,140.8004,819.5641,107.9140
6.6560,268.7467,137.4878,817.9183,107.8924
6.6580,208.8597,140.9216,819.4694,107.9272
6.6600,268.5148,137.8994,817.7696,107.9600
6.6620,209.0283,140.7156,819.3313,108.0859
6.6640,268.5117,137.8341,817.6506,108.0756
6.6660,208.9908,140.6618,819.2238,108.1928
6.6680,268.7595,137.7678,817.6090,108.1777
6.6700,209.1117,140.6070,819.2466,108.2902
6.6720,268.8238,137.7002,817.5825,108.2745
6.6740,209.1416,140.3672,819.1930,108.3849
6.6760,268.7114,137.1395,817.5254,108.3439
6.6780,209.2501,140.6080,819.0933,108.3996
6.6800,268.7131,137.5941,817.4258,108.4311
6.6820,209.2185,140.5035,819.0076,108.5671
6.6840,268.9383,137.5952,817.3580,108.5682
6.6860,209.1318,140.4688,819.0231,108.6993
6.6880,272.2268,137.4603,817.4428,108.6850
6.6900,192.8160,140.3827,819.0132,108.7955
6.6920,307.2727,137.3664,817.3278,108.7817
6.6940,179.8818,140.2384,819.3642,108.8932
6.6960,306.4054,137.2595,816.5116,108.8772
6.6980,180.5342,140.0308,818.5102,108.9879
6.7000,306.6305,137.0297,816.8365,108.9491
6.7020,180.3634,139.3809,818.7806,109.0706
6.7040,306.6878,137.1944,816.5965,108.9977
6.7060,180.7457,140.1897,818.6113,109.1493
6.7080,306.9363,137.1514,816.6994,109.1862
6.7100,180.6375,140.0993,818.6946,109.3328
6.7120,306.8725,137.0620,816.6659,109.3455
6.7140,180.6338,140.1004,818.6039,109.4693
6.7160,306.5853,136.9850,816.5712,109.4743
6.7180,180.5814,139.9336,818.4477,109.5935
6.7200,306.7389,136.9143,816.3377,109.5935
6.7220,180.9157,139.8927,818.3925,109.7125
6.7240,307.1641,136.8423,816.4700,109.7123
6.7260,181.0777,139.9589,818.4906,109.8271
6.7280,307.1661,136.7175,816.5227,109.8269
6.7300,180.9020,139.6832,818.4811,109.9398
6.7320,307.0530,136.1622,816.4488,109.9440
6.7340,180.8748,139.6471,818.3924,109.9882
6.7360,306.7618,136.5901,816.3288,110.0705
6.7380,180.8905,139.5494,818.2275,110.1970
6.7400,306.6573,136.5091,816.1654,110.2161
6.7420,181.0000,139.4601,818.0947,110.3395
6.7440,306.6922,136.4294,816.0589,110.3594
6.7460,181.2814,138.8299,818.0158,110.4824
6.7480,307.0365,136.3769,816.0525,110.4290
6.7500,181.2759,139.3086,818.0733,110.6234
6.7520,307.1683,136.2867,816.0961,110.6598
6.7540,181.2709,139.2111,818.0800,110.7913
6.7560,307.0100,136.1696,816.0592,110.8277
6.7580,181.2900,139.0638,817.9864,110.9454
6.7600,307.1511,136.0827,815.9604,110.9838
6.7620,181.4492,139.0590,817.9686,111.1051
6.7640,307.0093,135.9948,815.9557,111.1476
6.7660,181.3016,138.8416,817.8784,111.2745
6.7680,307.1943,135.4304,815.8776,111.3242
6.7700,181.4782,138.8554,817.8407,111.3723
6.7720,307.2915,135.9327,815.8372,111.4917
6.7740,181.5069,138.7426,817.7810,111.6360
6.7760,306.7398,135.8634,815.6671,111.7096
6.7780,181.6061,138.8147,817.4985,111.8443
6.7800,306.7482,135.7821,815.4749,111.9183
6.7820,181.8523,138.5113,817.3701,112.0503
6.7840,307.3812,135.7293,815.4450,112.1268
6.7860,182.1167,138.4100,817.4911,112.2593
6.7880,307.5516,135.1966,815.5393,112.3441
6.7900,182.0116,138.3856,817.5211,112.3848
6.7920,307.4894,135.6949,815.5362,112.5527
6.7940,181.9152,138.2827,817.4501,112.6971
6.7960,307.2143,135.6781,815.4013,112.8117
6.7980,181.9998,138.3277,817.2634,112.9485
6.8000,307.0867,135.6680,815.2186,113.0663
6.8020,182.1355,138.1253,817.1023,113.2016
6.8040,307.0790,135.6983,815.0826,113.3271
6.8060,182.4723,137.5194,816.9891,113.4606
6.8080,307.3791,135.8033,815.0337,113.5205
6.8100,182.4387,138.1163,817.0065,113.7281
6.8120,307.4864,135.8897,815.0351,113.8904
6.8140,182.4405,138.3147,816.9744,114.0281
6.8160,307.2947,136.0113,814.9631,114.1966
6.8180,182.4722,138.1634,816.8440,114.3315
6.8200,307.2322,136.2099,814.8322,114.5074
6.8220,182.5981,138.2676,816.7311,114.6404
6.8240,307.5357,136.2441,814.7684,114.8310
6.8260,182.8208,138.4904,816.7485,114.8851
6.8280,307.5968,136.8374,814.8055,115.1652
6.8300,205.7077,138.6999,816.7199,115.3095
6.8320,234.7670,137.2336,814.6213,115.5341
6.8340,244.5018,139.1981,816.8802,115.6840
6.8360,262.3986,137.7157,815.6179,115.9197
6.8380,183.6150,139.3449,815.6277,116.0769
6.8400,308.6332,138.3528,815.1071,116.3211
6.8420,207.7332,139.6891,816.9206,116.4901
6.8440,267.4532,139.1531,813.8545,116.6610
6.8460,210.0591,140.5480,816.3824,116.9199
6.8480,268.6916,140.0697,814.5235,117.1896
6.8500,211.4579,141.3487,816.1336,117.3858
6.8520,269.6144,141.1927,814.5210,117.6456
6.8540,211.6932,160.5480,816.1536,117.8302
6.8560,269.8574,160.5437,814.5794,117.6411
6.8580,211.6561,161.0981,816.1228,117.5973
6.8600,269.7455,162.8384,814.4600,117.5901
6.8620,211.6538,195.5277,815.9843,117.5636
6.8640,269.6887,195.1206,814.3289,117.9106
6.8660,211.6817,195.7307,815.8596,117.7502
6.8680,269.5492,195.8893,814.2124,117.6691
6.8700,211.8521,197.1828,815.7027,117.5866
6.8720,269.7356,197.1108,814.1124,117.5489
6.8740,211.8067,197.9723,815.6747,117.4950
6.8760,269.6031,198.4875,814.0403,117.4705
6.8780,211.7686,201.5315,815.5357,117.4175
6.8800,269.7154,199.9885,813.9036,117.3359
6.8820,212.1752,200.7675,815.4696,117.3059
6.8840,269.8254,201.5416,813.9017,117.2535
6.8860,211.9590,202.2774,815.4133,117.1545
6.8880,269.8175,203.6841,813.7886,117.0755
6.8900,212.2168,204.3259,815.3389,116.9338
6.8920,270.1699,205.5545,813.7932,116.8218
6.8940,212.1562,206.3618,815.3683,116.6522
6.8960,269.8371,207.8461,813.7315,116.5108
6.8980,212.1421,208.2784,815.2115,116.3078
6.9000,269.7776,210.8388,813.5600,116.1400
6.9020,212.1360,209.3096,815.0420,115.9004
6.9040,269.9500,210.7283,813.4508,115.7234
6.9060,212.2568,210.9907,814.9931,115.4956
6.9080,269.9070,245.6998,813.3582,115.2962
6.9100,212.2219,132.2942,814.8416,114.9216
6.9120,269.8378,297.9591,813.2102,114.8834
6.9140,212.4911,168.0843,814.7133,114.5077
6.9160,269.6829,217.4432,813.0935,114.2066
6.9180,212.3598,216.9653,814.5283,114.0773
6.9200,270.0623,254.2681,812.9680,113.6483
6.9220,212.6145,173.9384,814.5562,113.3440
6.9240,270.1568,259.3514,812.9968,113.0341
6.9260,212.4964,177.7812,814.4811,112.8067
6.9280,270.0852,260.4253,812.8295,112.4089
6.9300,212.2054,179.8181,814.3393,112.1503
6.9320,273.2576,262.0389,812.7035,111.7618
6.9340,196.3674,180.9618,814.2095,111.4861
6.9360,307.5971,263.0551,812.5677,111.0725
6.9380,184.1819,181.8663,814.3892,110.7813
6.9400,307.2776,265.0304,811.8133,110.3543
6.9420,184.6852,182.5513,813.7351,110.0763
6.9440,307.3695,264.3331,812.1813,109.5714
6.9460,184.6365,182.9522,813.9511,109.2886
6.9480,307.3621,264.5600,811.9027,108.8715
6.9500,184.8983,183.1574,813.7356,108.5699
6.9520,307.5529,264.7249,811.9365,108.1548
6.9540,184.9121,183.4986,813.7444,107.8486
6.9560,307.3097,264.7493,811.8001,107.4306
6.9580,184.8925,184.0646,813.5535,107.1170
6.9600,307.2217,264.5709,811.6459,106.7155
6.9620,185.0998,183.2387,813.4115,106.3497
6.9640,307.5680,264.2261,811.5700,105.9736
6.9660,185.0820,182.9406,813.4103,105.6856
6.9680,307.4376,263.8069,811.5174,105.3138
6.9700,185.1014,182.6388,813.2813,105.0222
6.9720,307.1833,263.5347,811.3770,104.6597
6.9740,184.9749,182.1088,813.0944,104.3903
6.9760,306.7169,262.5680,811.1453,103.9732
6.9780,185.0550,181.4749,812.8093,103.7039
6.9800,306.8084,261.7712,810.9017,103.3855
6.9820,185.2093,180.8067,812.6849,103.1006
6.9840,306.9404,260.9071,810.8323,102.7877
6.9860,185.2451,180.0998,812.6025,102.4932
6.9880,306.8801,259.9667,810.7100,102.1922
6.9900,185.4110,179.3884,812.4731,101.8907
6.9920,307.2572,258.8939,810.6553,101.6022
6.9940,185.4861,178.4803,812.4832,101.3014
6.9960,307.1356,258.1316,810.6098,101.0313
6.9980,185.3282,177.8130,812.3647,100.6523
7.0000,306.8087,256.6766,810.4405,100.4148
7.0020,185.3193,179.1847,812.1468,100.1065
7.0040,306.7957,242.4533,810.2380,99.8576
7.0060,185.5382,214.2844,812.0080,99.5523
7.0080,306.7444,216.2901,810.1534,99.2056
7.0100,185.4262,213.1877,811.8772,98.7870
7.0120,306.5815,215.4105,809.9726,98.6167
7.0140,185.5636,212.2019,811.7000,98.2052
7.0160,306.7974,213.9068,809.8617,98.0112
7.0180,185.6911,211.4714,811.6449,97.6309
7.0200,306.5861,213.6810,809.7591,97.3866
7.0220,185.5701,210.3198,811.4778,97.0001
7.0240,306.7638,212.6730,809.5980,96.7765
7.0260,185.7657,209.2121,811.3919,96.3865
7.0280,306.7049,84.1019,809.5638,96.1436
7.0300,185.7096,111.2023,811.2650,100.2725
7.0320,306.5305,112.9665,809.3803,98.6612
7.0340,185.8374,128.0968,811.0833,98.2343
7.0360,306.6548,131.7068,809.2096,98.5664
7.0380,185.9209,145.3705,810.9913,99.3186
7.0400,306.6732,145.4068,809.1594,99.9392
7.0420,185.8756,155.2136,810.8856,100.9668
7.0440,306.1984,160.8918,809.0091,101.6373
7.0460,185.7666,157.0532,810.6223,102.4820
7.0480,305.8102,162.5128,808.6836,103.1838
7.0500,186.0630,167.1953,810.3351,104.3565
7.0520,306.5046,165.3075,808.5784,104.3408
7.0540,186.3438,163.5327,810.4010,105.4771
7.0560,306.6625,166.3680,808.6192,105.5504
7.0580,186.2408,163.8357,810.3771,106.7272
7.0600,306.4533,171.3132,808.5603,106.8017
7.0620,186.0425,161.8167,810.2206,108.0216
7.0640,306.1551,161.8745,808.3388,108.0037
7.0660,186.1612,153.8857,809.9873,109.1020
7.0680,306.2559,153.4645,808.1572,108.8513
7.0700,186.3351,0.0000,809.8636,109.7761
7.0720,306.0911,0.0000,808.0398,113.3401
7.0740,186.2103,170.1082,809.6866,118.4587
7.0760,305.8643,167.9037,807.8117,116.6898
7.0780,186.2959,161.6779,809.4659,116.1029
7.0800,305.9902,0.0000,807.6255,114.5765
7.0820,208.8852,167.6189,809.3537,118.7226
7.0840,234.6542,179.0341,807.3114,116.9627
7.0860,245.8432,0.0000,809.5552,116.7525
7.0880,262.8453,165.9114,808.2466,118.7045
7.0900,186.5894,165.2469,808.2299,118.2896
7.0920,307.8373,0.0000,807.9995,116.5200
7.0940,211.1823,166.2631,809.6110,120.2236
7.0960,266.9497,168.3388,806.6095,118.5169
7.0980,212.9661,179.8664,808.9587,117.8286
7.1000,268.5206,0.0000,807.1389,116.4802
7.1020,213.7939,168.2443,808.6872,120.0525
7.1040,269.0573,169.3266,807.1106,118.2199
7.1060,213.9271,0.0000,808.5033,117.3273
7.1080,269.1017,181.6672,806.9169,119.4851
7.1100,214.1195,196.5180,808.3025,119.5589
7.1120,269.3715,201.0914,806.7902,117.4997
7.1140,214.1890,202.2114,808.2307,116.2598
7.1160,269.2553,201.2659,806.6815,113.7422
7.1180,214.0521,201.1711,808.0647,112.3653
7.1200,269.2536,193.6656,806.4573,109.8654
7.1220,214.6241,187.6821,807.9052,113.3543
7.1240,269.5212,183.0064,806.4439,113.3726
7.1260,214.2696,173.0390,807.8830,114.3465
7.1280,269.2793,169.8834,806.2781,114.1863
7.1300,214.4632,173.5877,807.6812,114.9317
7.1320,269.4626,170.0275,806.1915,114.1332
7.1340,214.4874,135.8310,807.6087,114.4005
7.1360,269.3208,137.3362,806.0607,114.5056
7.1380,214.4829,117.6078,807.4253,115.3695
7.1400,269.2870,114.8527,805.8800,115.4719
7.1420,214.8384,113.7314,807.2607,116.6239
7.1440,269.5536,113.6472,805.7756,116.5630
7.1460,214.8135,112.2017,807.2077,117.3818
7.1480,269.5181,112.4599,805.7228,117.1530
7.1500,214.7378,111.4804,807.0973,117.9738
7.1520,269.4460,112.0229,805.5542,117.6462
7.1540,214.7625,0.0000,806.9279,118.3069
7.1560,269.4248,117.8523,805.4021,123.9805
7.1580,215.0307,118.3764,806.7901,123.7258
7.1600,269.8779,119.3462,805.3451,122.2581
7.1620,215.2975,119.2700,806.8010,121.9491
7.1640,269.7450,119.3444,805.3035,120.7079
7.1660,215.0307,118.7887,806.6874,120.6092
7.1680,269.5365,118.5182,805.1440,119.5847
7.1700,214.9178,117.9025,806.4807,119.6897
7.1720,269.4029,117.3731,804.9362,118.7606
7.1740,214.9977,118.2504,806.2937,119.0468
7.1760,269.4694,115.6027,804.7689,118.3038
7.1780,215.1730,114.4232,806.1427,118.7798
7.1800,269.6110,114.2478,804.6800,118.3056
7.1820,215.4891,113.3951,806.0689,118.9000
7.1840,269.5450,113.4833,804.6192,118.5148
7.1860,215.3127,112.9785,805.9278,119.1797
7.1880,269.4903,113.1761,804.4674,118.7373
7.1900,215.3484,112.7763,805.7855,119.4435
7.1920,269.8097,112.8148,804.3215,119.1647
7.1940,215.4675,112.6689,805.7433,119.9285
7.1960,269.7070,112.6174,804.2581,119.6624
7.1980,215.1170,0.0000,805.6098,120.4459
7.2000,273.1114,118.0790,804.0822,126.0227
7.2020,197.4847,119.4886,805.4131,126.0356
7.2040,306.7228,120.1611,804.0214,124.8947
7.2060,210.8218,120.5377,805.7268,124.8903
7.2080,235.3545,120.1444,802.9876,123.8790
7.2100,247.2333,120.0189,805.6211,124.0895
7.2120,265.1236,119.4831,804.2708,123.4063
7.2140,188.5556,119.2594,804.2565,123.8127
7.2160,307.3361,118.6036,804.0873,123.2755
7.2180,213.0913,119.3404,805.5612,123.8130
7.2200,267.1076,118.2986,802.6327,123.3304
7.2220,214.5183,115.3005,805.0074,123.9188
7.2240,268.8043,114.5803,803.3044,123.7035
7.2260,215.4672,113.8733,804.7677,124.5092
7.2280,269.3360,115.7766,803.1781,124.2765
7.2300,215.9207,115.1835,804.5144,125.0308
7.2320,269.8005,114.7489,803.0617,124.8751
7.2340,216.1606,114.4637,804.4337,125.7389
7.2360,269.6616,0.0000,802.9451,125.6327
7.2380,215.8837,125.3759,804.2483,136.2230
7.2400,269.6723,125.3999,802.7225,136.8701
7.2420,215.9454,123.8908,804.0729,137.4855
7.2440,269.5012,122.1725,802.5660,137.6887
7.2460,216.0702,121.2615,803.8742,138.1076
7.2480,269.7737,117.9512,802.4169,138.1573
7.2500,216.1882,118.6488,803.7853,138.3780
7.2520,269.5260,0.0000,802.2829,138.4942
7.2540,216.0755,121.2890,803.5895,145.5525
7.2560,269.3591,118.4887,802.0979,144.4710
7.2580,216.1446,120.0645,803.3577,143.8947
7.2600,269.7626,116.4586,801.9335,143.0809
7.2620,216.4253,118.2693,803.3428,142.7531
7.2640,269.5938,0.0000,801.9110,142.1827
7.2660,216.1120,120.5609,803.1595,148.3181
7.2680,269.5289,116.8332,801.5846,146.8317
7.2700,216.5196,122.8780,802.9804,145.6657
7.2720,269.9670,119.0564,801.6009,144.4372
7.2740,216.5038,120.9156,802.9798,143.5754
7.2760,269.7988,163.7739,801.5225,142.8095
7.2780,216.4004,162.2389,802.8435,141.4361
7.2800,269.5418,150.4604,801.3301,140.2702
7.2820,216.2742,0.0000,802.6002,139.7270
7.2840,269.5021,129.7143,801.0952,144.8461
7.2860,216.6619,136.0401,802.4263,143.8994
7.2880,269.7778,132.6326,800.9823,142.7562
7.2900,216.6693,137.7071,802.3575,142.2014
7.2920,269.6622,133.3488,800.9372,141.2172
7.2940,216.1208,138.0953,802.2235,140.9124
7.2960,272.9278,132.2301,800.7320,140.5082
7.2980,199.4083,136.7875,802.0085,140.5086
7.3000,306.2970,130.7394,800.7019,140.2328
7.3020,190.2559,133.8841,802.2926,140.3709
7.3040,305.4586,0.0000,800.0026,140.1860
7.3060,213.2810,114.5251,801.5847,146.9241
7.3080,235.1176,116.8099,800.0042,145.9458
7.3100,248.0872,125.5751,802.0516,145.4252
7.3120,263.6123,124.7133,800.8531,144.6520
7.3140,189.5116,131.3794,800.7224,144.1351
7.3160,306.7761,128.6304,800.6561,143.3506
7.3180,214.6565,131.1452,801.9470,143.0340
7.3200,266.7490,127.2061,799.0889,142.6229
7.3220,215.6911,131.1356,801.3612,142.4906
7.3240,268.7240,126.1512,799.6718,142.2157
7.3260,216.6510,129.1191,801.1584,142.2822
7.3280,269.2384,124.6473,799.6429,142.0993
7.3300,216.9900,0.0000,800.9530,142.2596
7.3320,269.3476,107.3841,799.5137,147.4025
7.3340,216.8769,115.6321,800.7745,146.6565
7.3360,269.2478,117.4244,799.2999,146.0589
7.3380,217.0466,125.1398,800.5640,145.6381
7.3400,269.2050,115.8466,799.1098,145.1083
7.3420,216.9465,119.2690,800.3859,142.4820
7.3440,269.4446,116.0955,798.9897,140.5447
7.3460,217.1211,119.0626,800.3117,138.9290
7.3480,269.4214,117.5944,798.9013,137.5460
7.3500,217.0424,119.9103,800.1623,136.3979
7.3520,269.3203,119.1886,798.7003,135.4296
7.3540,217.0694,120.8393,799.9589,134.6437
7.3560,269.5217,120.4678,798.5133,133.9760
7.3580,217.5550,121.5754,799.8488,133.4464
7.3600,269.6306,121.3976,798.4774,132.9887
7.3620,217.2355,122.0999,799.7575,132.6377
7.3640,269.3099,98.2903,798.2940,132.3268
7.3660,217.1428,97.4160,799.5205,132.3263
7.3680,269.1968,102.4527,798.0593,132.3816
7.3700,217.1628,102.9322,799.3030,132.4364
7.3720,269.3335,106.7520,797.8630,132.4524
7.3740,217.4700,106.7596,799.1698,132.4802
7.3760,269.5096,109.7280,797.7913,132.4821
7.3780,217.4019,109.3917,799.0868,132.4934
7.3800,269.2986,111.7525,797.6506,132.4895
7.3820,217.5197,111.1999,798.8886,132.4896
7.3840,269.0085,113.1073,797.4528,132.4865
7.3860,217.4370,112.4173,798.6368,132.4876
7.3880,269.4725,114.0486,797.2766,132.4861
7.3900,217.1665,113.2247,798.6091,132.4861
7.3920,273.1377,114.7117,797.2356,132.4955
7.3940,198.6635,113.6643,798.4413,132.4971
7.3960,305.6266,114.8973,797.2226,132.4771
7.3980,214.8887,113.9968,798.6799,132.4932
7.4000,235.0918,115.1499,795.9748,132.5093
7.4020,248.4889,114.2092,798.5360,132.5157
7.4040,265.2648,115.2850,797.1347,132.5260
7.4060,190.6140,114.3619,797.0709,132.5285
7.4080,306.2101,115.3418,797.1366,132.5424
7.4100,215.8764,114.3653,798.4124,132.5452
7.4120,266.2382,115.3892,795.6012,132.5621
7.4140,216.3758,114.4103,797.8051,132.5649
7.4160,268.1249,115.3253,796.1437,132.5914
7.4180,217.4250,114.3622,797.5392,132.5964
7.4200,268.8667,115.4270,796.0591,132.6203
7.4220,217.7086,114.2834,797.3210,132.6232
7.4240,269.0541,115.2171,795.8947,132.6376
7.4260,217.8089,114.2989,797.1424,132.6512
7.4280,268.9661,115.1395,795.7327,132.6830
7.4300,218.0276,114.1509,796.9399,132.6904
7.4320,269.2289,115.0462,795.6044,132.7202
7.4340,217.9675,114.0607,796.8600,132.7249
7.4360,269.0397,114.9901,795.4742,132.7536
7.4380,217.9352,114.0002,796.6627,132.7536
7.4400,268.9662,115.0816,795.2301,132.7863
7.4420,217.8736,113.9578,796.4612,132.7910
7.4440,268.8310,114.7892,795.0573,132.8343
7.4460,217.9666,113.8176,796.2448,132.8431
7.4480,268.8755,114.7322,794.8888,132.8796
7.4500,218.0534,113.7666,796.0977,132.8845
7.4520,268.9586,114.6638,794.7398,132.9202
7.4540,217.8470,113.7178,795.9466,132.9245
7.4560,268.6401,114.7001,794.4819,132.9606
7.4580,218.1661,113.6853,795.6864,132.9652
7.4600,269.1336,114.5050,794.3812,133.0028
7.4620,218.3563,113.7873,795.6520,133.0098
7.4640,269.0286,114.4145,794.3372,133.0433
7.4660,218.4169,113.5046,795.5301,133.0248
7.4680,269.0684,114.3677,794.1525,133.0730
7.4700,218.2393,113.5108,795.3621,133.0830
7.4720,268.7859,114.3019,793.9980,133.1238
7.4740,218.0904,113.4471,795.1587,133.1305
7.4760,268.6519,114.2922,793.7405,133.1645
7.4780,218.0466,113.4107,794.9051,133.1673
7.4800,268.7380,114.4539,793.5161,133.2021
7.4820,218.4094,113.4069,794.7601,133.2019
7.4840,269.0071,114.1558,793.4470,133.2336
7.4860,218.5050,113.3154,794.6795,133.2433
7.4880,268.7175,114.1284,793.2990,133.2796
7.4900,218.3095,113.2899,794.4651,133.2837
7.4920,268.7083,114.0899,793.0976,133.3172
7.4940,218.4763,113.3126,794.2842,133.3206
7.4960,269.0714,114.4711,792.9739,133.3535
7.4980,218.3628,113.1965,794.2421,133.3484