# https://github.com/mikedh/trimesh
mtllib connector.mtl

o connector
usemtl Silver Metal
v -0.00681066 0.01359209 0.01321515
v -0.00681066 0.01359209 0.01321515
v -0.00681066 0.01359209 0.01321515
v -0.00681066 0.01359209 0.01321515
v -0.00733928 0.01315665 0.01316717
v -0.00733928 0.01315665 0.01316717
v -0.00733928 0.01315665 0.01316717
v -0.00733928 0.01315665 0.01316717
v -0.00000039 0.01315665 0.01316717
v -0.00000039 0.01315665 0.01316717
v -0.00000039 0.01315665 0.01316717
v -0.00000039 0.01315665 0.01316717
v -0.00000039 0.01315665 0.01316717
v -0.00000039 0.01409611 0.01315059
v -0.00000039 0.01409611 0.01315059
v -0.00000039 0.01409611 0.01315059
v -0.00000039 0.01409611 0.01315059
v -0.00000039 0.01409611 0.01315059
v -0.00000039 0.01492433 0.01270683
v -0.00000039 0.01492433 0.01270683
v -0.00000039 0.01492433 0.01270683
v -0.00000039 0.01492433 0.01270683
v -0.00000039 0.01492433 0.01270683
v -0.00000039 0.01492433 0.01270683
v -0.00000039 0.01492433 0.01270683
v -0.00000039 0.01492433 0.01270683
v -0.00000039 0.01492433 0.01270683
v -0.00000039 0.01492433 0.01270683
v -0.00000039 0.01492433 0.01270683
v -0.00600039 0.01492433 0.01270683
v -0.00600039 0.01492433 0.01270683
v -0.00600039 0.01492433 0.01270683
v -0.00600039 0.01492433 0.01270683
v -0.00600039 0.01492433 0.01270683
v -0.00600039 0.01492433 0.01270683
v -0.00600039 0.01492433 0.01270683
v -0.00600039 0.01492433 0.01270683
v -0.00600039 0.01492433 0.01270683
v -0.00600039 0.01492433 0.01270683
v -0.00607767 0.01456386 0.01296318
v -0.00607767 0.01456386 0.01296318
v -0.00607767 0.01456386 0.01296318
v -0.00631499 0.01414359 0.01313760
v -0.00631499 0.01414359 0.01313760
v -0.00631499 0.01414359 0.01313760
v -0.00631499 0.01414359 0.01313760
v -0.00631499 0.01414359 0.01313760
v -0.00631499 0.01414359 0.01313760
v -0.00674789 0.01365161 0.01321426
v -0.00674789 0.01365161 0.01321426
v -0.00674789 0.01365161 0.01321426
v -0.00674789 0.01365161 0.01321426
v -0.00400039 0.01228365 0.00983615
v -0.00400039 0.01228365 0.00983615
v -0.00400039 0.01228365 0.00983615
v -0.00400039 0.01228365 0.00983615
v -0.00400039 0.01228365 0.00983615
v -0.00400039 0.01228365 0.00983615
v -0.00400039 0.01228365 0.00983615
v -0.00400039 0.01504540 0.01259790
v -0.00400039 0.01504540 0.01259790
v -0.00400039 0.01504540 0.01259790
v -0.00400039 0.01504540 0.01259790
v -0.00400039 0.01504540 0.01259790
v -0.00363710 0.01509126 0.01255624
v -0.00363710 0.01509126 0.01255624
v -0.00363710 0.01509126 0.01255624
v -0.00363710 0.01509126 0.01255624
v -0.00363710 0.01509126 0.01255624
v -0.00357807 0.01234668 0.00977997
v -0.00357807 0.01234668 0.00977997
v -0.00357807 0.01234668 0.00977997
v -0.00357807 0.01234668 0.00977997
v -0.00357807 0.01234668 0.00977997
v -0.00357807 0.01234668 0.00977997
v -0.00357688 0.01510847 0.01254054
v -0.00357688 0.01510847 0.01254054
v -0.00357688 0.01510847 0.01254054
v -0.00357688 0.01510847 0.01254054
v -0.00357688 0.01510847 0.01254054
v -0.00321921 0.01252554 0.00961762
v -0.00321921 0.01252554 0.00961762
v -0.00321921 0.01252554 0.00961762
v -0.00321921 0.01252554 0.00961762
v -0.00321921 0.01252554 0.00961762
v -0.00321872 0.01528549 0.01237710
v -0.00321872 0.01528549 0.01237710
v -0.00321872 0.01528549 0.01237710
v -0.00321872 0.01528549 0.01237710
v -0.00321872 0.01528549 0.01237710
v -0.00298249 0.01278643 0.00937300
v -0.00298249 0.01278643 0.00937300
v -0.00298249 0.01278643 0.00937300
v -0.00298249 0.01278643 0.00937300
v -0.00298249 0.01278643 0.00937300
v -0.00298283 0.01554430 0.01213172
v -0.00298283 0.01554430 0.01213172
v -0.00298283 0.01554430 0.01213172
v -0.00298283 0.01554430 0.01213172
v -0.00298283 0.01554430 0.01213172
v -0.00293373 0.01289314 0.00927014
v -0.00293373 0.01289314 0.00927014
v -0.00293373 0.01289314 0.00927014
v -0.00293373 0.01289314 0.00927014
v -0.00293373 0.01289314 0.00927014
v -0.00293357 0.01565111 0.01202813
v -0.00293357 0.01565111 0.01202813
v -0.00293357 0.01565111 0.01202813
v -0.00293357 0.01565111 0.01202813
v -0.00293357 0.01565111 0.01202813
v -0.00290039 0.01308696 0.00907912
v -0.00290039 0.01308696 0.00907912
v -0.00290039 0.01308696 0.00907912
v -0.00290039 0.01308696 0.00907912
v -0.00290039 0.01308696 0.00907912
v -0.00290039 0.01308696 0.00907912
v -0.00290042 0.01584469 0.01183684
v -0.00290042 0.01584469 0.01183684
v -0.00290042 0.01584469 0.01183684
v -0.00290042 0.01584469 0.01183684
v -0.00290042 0.01584469 0.01183684
v -0.00293373 0.01327327 0.00889002
v -0.00293373 0.01327327 0.00889002
v -0.00293373 0.01327327 0.00889002
v -0.00293373 0.01327327 0.00889002
v -0.00293373 0.01327327 0.00889002
v -0.00293357 0.01603127 0.01164797
v -0.00293357 0.01603127 0.01164797
v -0.00293357 0.01603127 0.01164797
v -0.00293357 0.01603127 0.01164797
v -0.00293357 0.01603127 0.01164797
v -0.00293357 0.01603127 0.01164797
v -0.00298499 0.01338033 0.00877890
v -0.00298499 0.01338033 0.00877890
v -0.00298499 0.01338033 0.00877890
v -0.00298499 0.01338033 0.00877890
v -0.00298499 0.01338033 0.00877890
v -0.00298538 0.01613916 0.01153669
v -0.00298538 0.01613916 0.01153669
v -0.00298538 0.01613916 0.01153669
v -0.00298538 0.01613916 0.01153669
v -0.00298538 0.01613916 0.01153669
v -0.00322350 0.01362367 0.00851923
v -0.00322350 0.01362367 0.00851923
v -0.00322350 0.01362367 0.00851923
v -0.00322350 0.01362367 0.00851923
v -0.00322350 0.01362367 0.00851923
v -0.00322350 0.01362367 0.00851923
v -0.00322207 0.01638250 0.01127994
v -0.00322207 0.01638250 0.01127994
v -0.00322207 0.01638250 0.01127994
v -0.00322207 0.01638250 0.01127994
v -0.00356614 0.01654065 0.01110862
v -0.00356614 0.01654065 0.01110862
v -0.00356614 0.01654065 0.01110862
v -0.00356614 0.01654065 0.01110862
v -0.00356614 0.01654065 0.01110862
v -0.00356304 0.01377884 0.00834830
v -0.00356304 0.01377884 0.00834830
v -0.00356304 0.01377884 0.00834830
v -0.00356304 0.01377884 0.00834830
v -0.00356304 0.01377884 0.00834830
v -0.00400039 0.01660103 0.01104227
v -0.00400039 0.01660103 0.01104227
v -0.00400039 0.01660103 0.01104227
v -0.00400039 0.01660103 0.01104227
v -0.00400039 0.01660103 0.01104227
v -0.00400039 0.01660103 0.01104227
v -0.00400039 0.01383929 0.00828051
v -0.00400039 0.01383929 0.00828051
v -0.00400039 0.01383929 0.00828051
v -0.00400039 0.01383929 0.00828051
v -0.00400039 0.01383929 0.00828051
v -0.00400039 0.01383929 0.00828051
v -0.00443459 0.01511182 0.01253748
v -0.00443459 0.01511182 0.01253748
v -0.00443459 0.01511182 0.01253748
v -0.00443459 0.01511182 0.01253748
v -0.00443459 0.01511182 0.01253748
v -0.00443459 0.01511182 0.01253748
v -0.00443816 0.01235159 0.00977558
v -0.00443816 0.01235159 0.00977558
v -0.00443816 0.01235159 0.00977558
v -0.00443816 0.01235159 0.00977558
v -0.00477826 0.01252308 0.00961987
v -0.00477826 0.01252308 0.00961987
v -0.00477826 0.01252308 0.00961987
v -0.00477826 0.01252308 0.00961987
v -0.00477826 0.01252308 0.00961987
v -0.00477826 0.01252308 0.00961987
v -0.00477826 0.01252308 0.00961987
v -0.00477692 0.01528172 0.01238061
v -0.00477692 0.01528172 0.01238061
v -0.00477692 0.01528172 0.01238061
v -0.00477692 0.01528172 0.01238061
v -0.00501434 0.01553804 0.01213774
v -0.00501434 0.01553804 0.01213774
v -0.00501434 0.01553804 0.01213774
v -0.00501434 0.01553804 0.01213774
v -0.00501434 0.01553804 0.01213774
v -0.00501434 0.01553804 0.01213774
v -0.00501679 0.01278380 0.00937551
v -0.00501679 0.01278380 0.00937551
v -0.00501679 0.01278380 0.00937551
v -0.00501679 0.01278380 0.00937551
v -0.00501679 0.01278380 0.00937551
v -0.00506722 0.01565109 0.01202814
v -0.00506722 0.01565109 0.01202814
v -0.00506722 0.01565109 0.01202814
v -0.00506722 0.01565109 0.01202814
v -0.00506722 0.01565109 0.01202814
v -0.00506704 0.01289314 0.00927014
v -0.00506704 0.01289314 0.00927014
v -0.00506704 0.01289314 0.00927014
v -0.00506704 0.01289314 0.00927014
v -0.00506704 0.01289314 0.00927014
v -0.00510034 0.01583804 0.01184347
v -0.00510034 0.01583804 0.01184347
v -0.00510034 0.01583804 0.01184347
v -0.00510034 0.01583804 0.01184347
v -0.00510034 0.01583804 0.01184347
v -0.00510038 0.01308489 0.00908120
v -0.00510038 0.01308489 0.00908120
v -0.00510038 0.01308489 0.00908120
v -0.00510038 0.01308489 0.00908120
v -0.00510038 0.01308489 0.00908120
v -0.00506718 0.01603127 0.01164797
v -0.00506718 0.01603127 0.01164797
v -0.00506718 0.01603127 0.01164797
v -0.00506718 0.01603127 0.01164797
v -0.00506718 0.01603127 0.01164797
v -0.00506718 0.01603127 0.01164797
v -0.00506704 0.01327327 0.00889002
v -0.00506704 0.01327327 0.00889002
v -0.00506704 0.01327327 0.00889002
v -0.00506704 0.01327327 0.00889002
v -0.00506704 0.01327327 0.00889002
v -0.00506704 0.01327327 0.00889002
v -0.00501906 0.01613298 0.01154310
v -0.00501906 0.01613298 0.01154310
v -0.00501906 0.01613298 0.01154310
v -0.00501906 0.01613298 0.01154310
v -0.00501906 0.01613298 0.01154310
v -0.00501651 0.01337913 0.00878016
v -0.00501651 0.01337913 0.00878016
v -0.00501651 0.01337913 0.00878016
v -0.00501651 0.01337913 0.00878016
v -0.00501651 0.01337913 0.00878016
v -0.00478387 0.01637892 0.01128378
v -0.00478387 0.01637892 0.01128378
v -0.00478387 0.01637892 0.01128378
v -0.00478387 0.01637892 0.01128378
v -0.00478387 0.01637892 0.01128378
v -0.00478387 0.01637892 0.01128378
v -0.00481231 0.01359884 0.00854617
v -0.00481231 0.01359884 0.00854617
v -0.00481231 0.01359884 0.00854617
v -0.00481231 0.01359884 0.00854617
v -0.00477786 0.01362328 0.00851966
v -0.00477786 0.01362328 0.00851966
v -0.00477786 0.01362328 0.00851966
v -0.00477786 0.01362328 0.00851966
v -0.00477786 0.01362328 0.00851966
v -0.00442585 0.01654318 0.01110586
v -0.00442585 0.01654318 0.01110586
v -0.00442585 0.01654318 0.01110586
v -0.00442585 0.01654318 0.01110586
v -0.00442585 0.01654318 0.01110586
v -0.00442585 0.01654318 0.01110586
v -0.00442055 0.01378371 0.00834288
v -0.00442055 0.01378371 0.00834288
v -0.00442055 0.01378371 0.00834288
v -0.00442055 0.01378371 0.00834288
v -0.00600039 -0.01491804 0.01270683
v -0.00600039 -0.01491804 0.01270683
v -0.00600039 -0.01491804 0.01270683
v -0.00600039 -0.01491804 0.01270683
v -0.00600039 -0.01491804 0.01270683
v -0.00600039 -0.01491804 0.01270683
v -0.00600039 -0.01491804 0.01270683
v -0.00600039 -0.01491804 0.01270683
v -0.00600039 -0.01491804 0.01270683
v -0.00600039 -0.01491804 0.01270683
v -0.00000039 -0.01491804 0.01270683
v -0.00000039 -0.01491804 0.01270683
v -0.00000039 -0.01491804 0.01270683
v -0.00000039 -0.01491804 0.01270683
v -0.00000039 -0.01491804 0.01270683
v -0.00000039 -0.01491804 0.01270683
v -0.00000039 -0.01491804 0.01270683
v -0.00000039 -0.01491804 0.01270683
v -0.00000039 -0.01491804 0.01270683
v -0.00000039 -0.01491804 0.01270683
v -0.00600172 -0.01487423 0.01274483
v -0.00600172 -0.01487423 0.01274483
v -0.00600172 -0.01487423 0.01274483
v -0.00600172 -0.01487423 0.01274483
v -0.00600172 -0.01487423 0.01274483
v -0.00000039 -0.01429878 0.01308375
v -0.00000039 -0.01429878 0.01308375
v -0.00000039 -0.01429878 0.01308375
v -0.00000039 -0.01429878 0.01308375
v -0.00000039 -0.01429878 0.01308375
v -0.00610162 -0.01450102 0.01299345
v -0.00610162 -0.01450102 0.01299345
v -0.00610162 -0.01450102 0.01299345
v -0.00610162 -0.01450102 0.01299345
v -0.00635062 -0.01408927 0.01315074
v -0.00635062 -0.01408927 0.01315074
v -0.00635062 -0.01408927 0.01315074
v -0.00635062 -0.01408927 0.01315074
v -0.00635062 -0.01408927 0.01315074
v -0.00000039 -0.01358579 0.01321514
v -0.00000039 -0.01358579 0.01321514
v -0.00000039 -0.01358579 0.01321514
v -0.00000039 -0.01358579 0.01321514
v -0.00681067 -0.01358579 0.01321514
v -0.00681067 -0.01358579 0.01321514
v -0.00681067 -0.01358579 0.01321514
v -0.00681067 -0.01358579 0.01321514
v -0.00000039 -0.01315038 0.01316717
v -0.00000039 -0.01315038 0.01316717
v -0.00733928 -0.01315038 0.01316717
v -0.00733928 -0.01315038 0.01316717
v -0.00733928 -0.01315038 0.01316717
v -0.00733928 -0.01315038 0.01316717
v -0.00000039 -0.00908241 0.01428857
v -0.00000039 -0.00908241 0.01428857
v -0.00000039 -0.00908241 0.01428857
v -0.00000039 -0.00908241 0.01428857
v -0.00000039 -0.00908241 0.01428857
v -0.00000039 -0.00842416 0.01440000
v -0.00000039 -0.00842416 0.01440000
v -0.00000039 -0.00842416 0.01440000
v -0.00600039 -0.00842416 0.01440000
v -0.00600039 -0.00842416 0.01440000
v -0.00600039 -0.00842416 0.01440000
v -0.00600039 -0.00842416 0.01440000
v -0.00600039 -0.00842416 0.01440000
v -0.00600039 -0.00842416 0.01440000
v -0.00675087 -0.00966731 0.01396671
v -0.00675087 -0.00966731 0.01396671
v -0.00675087 -0.00966731 0.01396671
v -0.00675087 -0.00966731 0.01396671
v -0.00675087 -0.00966731 0.01396671
v -0.00000039 -0.00966731 0.01396671
v -0.00000039 -0.00966731 0.01396671
v -0.00000039 -0.00966731 0.01396671
v -0.00000039 -0.00966731 0.01396671
v -0.00632264 -0.00926588 0.01421425
v -0.00632264 -0.00926588 0.01421425
v -0.00632264 -0.00926588 0.01421425
v -0.00632264 -0.00926588 0.01421425
v -0.00632264 -0.00926588 0.01421425
v -0.00632264 -0.00926588 0.01421425
v -0.00607978 -0.00884926 0.01435430
v -0.00607978 -0.00884926 0.01435430
v -0.00607978 -0.00884926 0.01435430
v -0.00744155 -0.01027143 0.01356794
v -0.00744155 -0.01027143 0.01356794
v -0.00744155 -0.01027143 0.01356794
v -0.00744155 -0.01027143 0.01356794
v -0.00744155 -0.01027143 0.01356794
v -0.00750039 -0.01033551 0.01353397
v -0.00750039 -0.01033551 0.01353397
v -0.00750039 -0.01033551 0.01353397
v -0.00750039 -0.01088099 0.01329883
v -0.00750039 -0.01088099 0.01329883
v -0.00750039 -0.01088099 0.01329883
v -0.00750039 -0.01088099 0.01329883
v -0.00000039 -0.01088099 0.01329883
v -0.00000039 -0.01088099 0.01329883
v -0.00000039 -0.01088099 0.01329883
v -0.00000039 -0.01088099 0.01329883
v -0.00000039 -0.01088099 0.01329883
v -0.00750039 -0.01224688 0.01306762
v -0.00750039 -0.01224688 0.01306762
v -0.00750039 -0.01224688 0.01306762
v -0.00750039 -0.01224688 0.01306762
v -0.00750039 -0.01224688 0.01306762
v -0.00000039 -0.01224688 0.01306762
v -0.00000039 -0.01224688 0.01306762
v -0.00000039 -0.01224688 0.01306762
v -0.00742041 -0.01309019 0.01315422
v -0.00742041 -0.01309019 0.01315422
v -0.00742041 -0.01309019 0.01315422
v -0.00742041 -0.01309019 0.01315422
v -0.00750039 -0.01302984 0.01314215
v -0.00750039 -0.01302984 0.01314215
v -0.00750039 -0.01302984 0.01314215
v -0.00750039 -0.02081624 0.00150138
v -0.00750039 -0.02081624 0.00150138
v -0.00750039 -0.02081624 0.00150138
v -0.00750039 -0.02081624 0.00150138
v -0.00750039 -0.02081624 0.00150138
v -0.00750039 -0.02081624 0.00150138
v -0.00750039 -0.02081624 0.00150138
v -0.00750039 -0.02081624 0.00150138
v -0.00750039 -0.02135891 -0.00128418
v -0.00750039 -0.02135891 -0.00128418
v -0.00750039 -0.02135891 -0.00128418
v -0.00742042 -0.02139951 -0.00123794
v -0.00742042 -0.02139951 -0.00123794
v -0.00742042 -0.02139951 -0.00123794
v -0.00742042 -0.02139951 -0.00123794
v -0.00733928 -0.02144082 -0.00119231
v -0.00733928 -0.02144082 -0.00119231
v -0.00733928 -0.02144082 -0.00119231
v -0.00733928 -0.02144082 -0.00119231
v -0.00733928 -0.02144082 -0.00119231
v -0.00675261 -0.02172719 -0.00079074
v -0.00675261 -0.02172719 -0.00079074
v -0.00675261 -0.02172719 -0.00079074
v -0.00675261 -0.02172719 -0.00079074
v -0.00632086 -0.02190663 -0.00033097
v -0.00632086 -0.02190663 -0.00033097
v -0.00632086 -0.02190663 -0.00033097
v -0.00632086 -0.02190663 -0.00033097
v -0.00632086 -0.02190663 -0.00033097
v -0.00632086 -0.02190663 -0.00033097
v -0.00750039 -0.01517090 0.01127943
v -0.00750039 -0.01517090 0.01127943
v -0.00750039 -0.01517090 0.01127943
v -0.00750039 -0.01517090 0.01127943
v -0.00750039 -0.01517090 0.01127943
v -0.00750039 -0.01517090 0.01127943
v -0.00750039 -0.01517090 0.01127943
v -0.00750039 -0.01517090 0.01127943
v -0.00750039 -0.01517090 0.01127943
v -0.00750039 -0.01517090 0.01127943
v -0.00750039 -0.01517090 0.01127943
v -0.00600039 -0.02104960 0.00365124
v -0.00600039 -0.02104960 0.00365124
v -0.00600039 -0.02104960 0.00365124
v -0.00600039 -0.02104960 0.00365124
v -0.00750039 -0.01952375 0.00507813
v -0.00750039 -0.01952375 0.00507813
v -0.00750039 -0.01952375 0.00507813
v -0.00750039 -0.01952375 0.00507813
v -0.00750039 -0.01952375 0.00507813
v -0.00750039 -0.01952375 0.00507813
v -0.00600039 -0.02165353 0.00172262
v -0.00600039 -0.02165353 0.00172262
v -0.00600039 -0.02165353 0.00172262
v -0.00600039 -0.02165353 0.00172262
v -0.00600039 -0.02165353 0.00172262
v -0.00600039 -0.02165353 0.00172262
v -0.00600039 -0.02192600 0.00056872
v -0.00600039 -0.02192600 0.00056872
v -0.00600039 -0.02192600 0.00056872
v -0.00600039 -0.02192600 0.00056872
v -0.00600039 -0.02192600 0.00056872
v -0.00600039 -0.02192600 0.00056872
v -0.00607853 -0.02196772 0.00012622
v -0.00607853 -0.02196772 0.00012622
v -0.00607853 -0.02196772 0.00012622
v -0.00600039 -0.02030906 0.00544322
v -0.00600039 -0.02030906 0.00544322
v -0.00600039 -0.02030906 0.00544322
v -0.00600039 -0.02030906 0.00544322
v -0.00600039 -0.02030906 0.00544322
v -0.00600039 -0.01939584 0.00720000
v -0.00600039 -0.01939584 0.00720000
v -0.00600039 -0.01939584 0.00720000
v -0.00600039 -0.01939584 0.00720000
v -0.00600039 -0.01939584 0.00720000
v -0.00750039 -0.01762219 0.00837172
v -0.00750039 -0.01762219 0.00837172
v -0.00750039 -0.01762219 0.00837172
v -0.00750039 -0.01762219 0.00837172
v -0.00750039 -0.01762219 0.00837172
v -0.00600039 -0.01833102 0.00886927
v -0.00600039 -0.01833102 0.00886927
v -0.00600039 -0.01833102 0.00886927
v -0.00600039 -0.01833102 0.00886927
v -0.00600039 -0.01833102 0.00886927
v -0.00600039 -0.01714942 0.01040660
v -0.00600039 -0.01714942 0.01040660
v -0.00600039 -0.01714942 0.01040660
v -0.00600039 -0.01714942 0.01040660
v -0.00600039 -0.01714942 0.01040660
v -0.00600039 -0.01714942 0.01040660
v -0.00600039 -0.01714942 0.01040660
v -0.00600039 -0.01714942 0.01040660
v -0.00600039 -0.01714942 0.01040660
v -0.00600039 -0.01578113 0.01189392
v -0.00600039 -0.01578113 0.01189392
v -0.00600039 -0.01578113 0.01189392
v -0.00600039 -0.01578113 0.01189392
v -0.00600039 -0.01578113 0.01189392
v -0.00600039 -0.01578113 0.01189392
v -0.00600039 -0.01578113 0.01189392
v -0.00400039 -0.01227738 -0.01783615
v -0.00400039 -0.01227738 -0.01783615
v -0.00400039 -0.01227738 -0.01783615
v -0.00400039 -0.01227738 -0.01783615
v -0.00400039 -0.01227738 -0.01783615
v -0.00400039 -0.01227738 -0.01783615
v -0.00400039 -0.01227738 -0.01783615
v -0.00400039 -0.01503912 -0.02059790
v -0.00400039 -0.01503912 -0.02059790
v -0.00400039 -0.01503912 -0.02059790
v -0.00400039 -0.01503912 -0.02059790
v -0.00400039 -0.01503912 -0.02059790
v -0.00363710 -0.01508498 -0.02055623
v -0.00363710 -0.01508498 -0.02055623
v -0.00363710 -0.01508498 -0.02055623
v -0.00363710 -0.01508498 -0.02055623
v -0.00363710 -0.01508498 -0.02055623
v -0.00357807 -0.01234041 -0.01777997
v -0.00357807 -0.01234041 -0.01777997
v -0.00357807 -0.01234041 -0.01777997
v -0.00357807 -0.01234041 -0.01777997
v -0.00357807 -0.01234041 -0.01777997
v -0.00357688 -0.01510219 -0.02054054
v -0.00357688 -0.01510219 -0.02054054
v -0.00357688 -0.01510219 -0.02054054
v -0.00357688 -0.01510219 -0.02054054
v -0.00357688 -0.01510219 -0.02054054
v -0.00321921 -0.01251926 -0.01761762
v -0.00321921 -0.01251926 -0.01761762
v -0.00321921 -0.01251926 -0.01761762
v -0.00321921 -0.01251926 -0.01761762
v -0.00321921 -0.01251926 -0.01761762
v -0.00321872 -0.01527922 -0.02037710
v -0.00321872 -0.01527922 -0.02037710
v -0.00321872 -0.01527922 -0.02037710
v -0.00321872 -0.01527922 -0.02037710
v -0.00321872 -0.01527922 -0.02037710
v -0.00298249 -0.01278014 -0.01737300
v -0.00298249 -0.01278014 -0.01737300
v -0.00298249 -0.01278014 -0.01737300
v -0.00298249 -0.01278014 -0.01737300
v -0.00298249 -0.01278014 -0.01737300
v -0.00298283 -0.01553801 -0.02013172
v -0.00298283 -0.01553801 -0.02013172
v -0.00298283 -0.01553801 -0.02013172
v -0.00298283 -0.01553801 -0.02013172
v -0.00298283 -0.01553801 -0.02013172
v -0.00293373 -0.01288687 -0.01727014
v -0.00293373 -0.01288687 -0.01727014
v -0.00293373 -0.01288687 -0.01727014
v -0.00293373 -0.01288687 -0.01727014
v -0.00293373 -0.01288687 -0.01727014
v -0.00293373 -0.01288687 -0.01727014
v -0.00293357 -0.01564482 -0.02002814
v -0.00293357 -0.01564482 -0.02002814
v -0.00293357 -0.01564482 -0.02002814
v -0.00293357 -0.01564482 -0.02002814
v -0.00293357 -0.01564482 -0.02002814
v -0.00290039 -0.01308069 -0.01707911
v -0.00290039 -0.01308069 -0.01707911
v -0.00290039 -0.01308069 -0.01707911
v -0.00290039 -0.01308069 -0.01707911
v -0.00290039 -0.01308069 -0.01707911
v -0.00290042 -0.01583841 -0.01983684
v -0.00290042 -0.01583841 -0.01983684
v -0.00290042 -0.01583841 -0.01983684
v -0.00290042 -0.01583841 -0.01983684
v -0.00290042 -0.01583841 -0.01983684
v -0.00293373 -0.01326700 -0.01689002
v -0.00293373 -0.01326700 -0.01689002
v -0.00293373 -0.01326700 -0.01689002
v -0.00293373 -0.01326700 -0.01689002
v -0.00293373 -0.01326700 -0.01689002
v -0.00293357 -0.01602499 -0.01964797
v -0.00293357 -0.01602499 -0.01964797
v -0.00293357 -0.01602499 -0.01964797
v -0.00293357 -0.01602499 -0.01964797
v -0.00293357 -0.01602499 -0.01964797
v -0.00293357 -0.01602499 -0.01964797
v -0.00298499 -0.01337405 -0.01677890
v -0.00298499 -0.01337405 -0.01677890
v -0.00298499 -0.01337405 -0.01677890
v -0.00298499 -0.01337405 -0.01677890
v -0.00298499 -0.01337405 -0.01677890
v -0.00298539 -0.01613289 -0.01953669
v -0.00298539 -0.01613289 -0.01953669
v -0.00298539 -0.01613289 -0.01953669
v -0.00298539 -0.01613289 -0.01953669
v -0.00298539 -0.01613289 -0.01953669
v -0.00322350 -0.01361740 -0.01651923
v -0.00322350 -0.01361740 -0.01651923
v -0.00322350 -0.01361740 -0.01651923
v -0.00322350 -0.01361740 -0.01651923
v -0.00322350 -0.01361740 -0.01651923
v -0.00322350 -0.01361740 -0.01651923
v -0.00322207 -0.01637621 -0.01927995
v -0.00322207 -0.01637621 -0.01927995
v -0.00322207 -0.01637621 -0.01927995
v -0.00322207 -0.01637621 -0.01927995
v -0.00356614 -0.01653437 -0.01910863
v -0.00356614 -0.01653437 -0.01910863
v -0.00356614 -0.01653437 -0.01910863
v -0.00356614 -0.01653437 -0.01910863
v -0.00356614 -0.01653437 -0.01910863
v -0.00356305 -0.01377256 -0.01634830
v -0.00356305 -0.01377256 -0.01634830
v -0.00356305 -0.01377256 -0.01634830
v -0.00356305 -0.01377256 -0.01634830
v -0.00356305 -0.01377256 -0.01634830
v -0.00400039 -0.01659475 -0.01904226
v -0.00400039 -0.01659475 -0.01904226
v -0.00400039 -0.01659475 -0.01904226
v -0.00400039 -0.01659475 -0.01904226
v -0.00400039 -0.01659475 -0.01904226
v -0.00400039 -0.01659475 -0.01904226
v -0.00400039 -0.01383300 -0.01628052
v -0.00400039 -0.01383300 -0.01628052
v -0.00400039 -0.01383300 -0.01628052
v -0.00400039 -0.01383300 -0.01628052
v -0.00400039 -0.01383300 -0.01628052
v -0.00400039 -0.01383300 -0.01628052
v -0.00443459 -0.01510555 -0.02053748
v -0.00443459 -0.01510555 -0.02053748
v -0.00443459 -0.01510555 -0.02053748
v -0.00443459 -0.01510555 -0.02053748
v -0.00443459 -0.01510555 -0.02053748
v -0.00443459 -0.01510555 -0.02053748
v -0.00443816 -0.01234530 -0.01777558
v -0.00443816 -0.01234530 -0.01777558
v -0.00443816 -0.01234530 -0.01777558
v -0.00443816 -0.01234530 -0.01777558
v -0.00477827 -0.01251681 -0.01761987
v -0.00477827 -0.01251681 -0.01761987
v -0.00477827 -0.01251681 -0.01761987
v -0.00477827 -0.01251681 -0.01761987
v -0.00477827 -0.01251681 -0.01761987
v -0.00477827 -0.01251681 -0.01761987
v -0.00477692 -0.01527545 -0.02038062
v -0.00477692 -0.01527545 -0.02038062
v -0.00477692 -0.01527545 -0.02038062
v -0.00477692 -0.01527545 -0.02038062
v -0.00501435 -0.01553176 -0.02013774
v -0.00501435 -0.01553176 -0.02013774
v -0.00501435 -0.01553176 -0.02013774
v -0.00501435 -0.01553176 -0.02013774
v -0.00501435 -0.01553176 -0.02013774
v -0.00501435 -0.01553176 -0.02013774
v -0.00501679 -0.01277752 -0.01737551
v -0.00501679 -0.01277752 -0.01737551
v -0.00501679 -0.01277752 -0.01737551
v -0.00501679 -0.01277752 -0.01737551
v -0.00501679 -0.01277752 -0.01737551
v -0.00506722 -0.01564482 -0.02002814
v -0.00506722 -0.01564482 -0.02002814
v -0.00506722 -0.01564482 -0.02002814
v -0.00506722 -0.01564482 -0.02002814
v -0.00506722 -0.01564482 -0.02002814
v -0.00506704 -0.01288687 -0.01727014
v -0.00506704 -0.01288687 -0.01727014
v -0.00506704 -0.01288687 -0.01727014
v -0.00506704 -0.01288687 -0.01727014
v -0.00506704 -0.01288687 -0.01727014
v -0.00510035 -0.01583177 -0.01984347
v -0.00510035 -0.01583177 -0.01984347
v -0.00510035 -0.01583177 -0.01984347
v -0.00510035 -0.01583177 -0.01984347
v -0.00510035 -0.01583177 -0.01984347
v -0.00510039 -0.01307862 -0.01708120
v -0.00510039 -0.01307862 -0.01708120
v -0.00510039 -0.01307862 -0.01708120
v -0.00510039 -0.01307862 -0.01708120
v -0.00510039 -0.01307862 -0.01708120
v -0.00510039 -0.01307862 -0.01708120
v -0.00506718 -0.01602499 -0.01964797
v -0.00506718 -0.01602499 -0.01964797
v -0.00506718 -0.01602499 -0.01964797
v -0.00506718 -0.01602499 -0.01964797
v -0.00506718 -0.01602499 -0.01964797
v -0.00506718 -0.01602499 -0.01964797
v -0.00506704 -0.01326700 -0.01689002
v -0.00506704 -0.01326700 -0.01689002
v -0.00506704 -0.01326700 -0.01689002
v -0.00506704 -0.01326700 -0.01689002
v -0.00506704 -0.01326700 -0.01689002
v -0.00501907 -0.01612669 -0.01954311
v -0.00501907 -0.01612669 -0.01954311
v -0.00501907 -0.01612669 -0.01954311
v -0.00501907 -0.01612669 -0.01954311
v -0.00501907 -0.01612669 -0.01954311
v -0.00501651 -0.01337285 -0.01678017
v -0.00501651 -0.01337285 -0.01678017
v -0.00501651 -0.01337285 -0.01678017
v -0.00501651 -0.01337285 -0.01678017
v -0.00501651 -0.01337285 -0.01678017
v -0.00478387 -0.01637265 -0.01928378
v -0.00478387 -0.01637265 -0.01928378
v -0.00478387 -0.01637265 -0.01928378
v -0.00478387 -0.01637265 -0.01928378
v -0.00478387 -0.01637265 -0.01928378
v -0.00478387 -0.01637265 -0.01928378
v -0.00481232 -0.01359257 -0.01654617
v -0.00481232 -0.01359257 -0.01654617
v -0.00481232 -0.01359257 -0.01654617
v -0.00481232 -0.01359257 -0.01654617
v -0.00477786 -0.01361701 -0.01651966
v -0.00477786 -0.01361701 -0.01651966
v -0.00477786 -0.01361701 -0.01651966
v -0.00477786 -0.01361701 -0.01651966
v -0.00477786 -0.01361701 -0.01651966
v -0.00442585 -0.01653691 -0.01910586
v -0.00442585 -0.01653691 -0.01910586
v -0.00442585 -0.01653691 -0.01910586
v -0.00442585 -0.01653691 -0.01910586
v -0.00442585 -0.01653691 -0.01910586
v -0.00442585 -0.01653691 -0.01910586
v -0.00442055 -0.01377743 -0.01634288
v -0.00442055 -0.01377743 -0.01634288
v -0.00442055 -0.01377743 -0.01634288
v -0.00442055 -0.01377743 -0.01634288
v -0.00600039 -0.02192600 -0.00856872
v -0.00600039 -0.02192600 -0.00856872
v -0.00600039 -0.02192600 -0.00856872
v -0.00600039 -0.02192600 -0.00856872
v -0.00000039 -0.02192600 -0.00856872
v -0.00000039 -0.02192600 -0.00856872
v -0.00000039 -0.02192600 -0.00856872
v -0.00000039 -0.02192600 -0.00856872
v -0.00000039 -0.02192600 -0.00856872
v -0.00605984 -0.02196790 -0.00818355
v -0.00605984 -0.02196790 -0.00818355
v -0.00605984 -0.02196790 -0.00818355
v -0.00605984 -0.02196790 -0.00818355
v -0.00605984 -0.02196790 -0.00818355
v -0.00000039 -0.02189620 -0.00762958
v -0.00000039 -0.02189620 -0.00762958
v -0.00000039 -0.02189620 -0.00762958
v -0.00000039 -0.02189620 -0.00762958
v -0.00000039 -0.02189620 -0.00762958
v -0.00628453 -0.02191915 -0.00772124
v -0.00628453 -0.02191915 -0.00772124
v -0.00628453 -0.02191915 -0.00772124
v -0.00628453 -0.02191915 -0.00772124
v -0.00670951 -0.02174678 -0.00724643
v -0.00670951 -0.02174678 -0.00724643
v -0.00670951 -0.02174678 -0.00724643
v -0.00670951 -0.02174678 -0.00724643
v -0.00670951 -0.02174678 -0.00724643
v -0.00000039 -0.02144082 -0.00680769
v -0.00000039 -0.02144082 -0.00680769
v -0.00000039 -0.02144082 -0.00680769
v -0.00000039 -0.02144082 -0.00680769
v -0.00733928 -0.02144082 -0.00680769
v -0.00733928 -0.02144082 -0.00680769
v -0.00733928 -0.02144082 -0.00680769
v -0.00733928 -0.02144082 -0.00680769
v -0.00733928 -0.02144082 -0.00680769
v -0.00600039 -0.02165353 -0.00972262
v -0.00600039 -0.02165353 -0.00972262
v -0.00600039 -0.02165353 -0.00972262
v -0.00600039 -0.02165353 -0.00972262
v -0.00600039 -0.02165353 -0.00972262
v -0.00000039 -0.02104960 -0.01165125
v -0.00000039 -0.02104960 -0.01165125
v -0.00000039 -0.02104960 -0.01165125
v -0.00000039 -0.02104960 -0.01165125
v -0.00000039 -0.02104960 -0.01165125
v -0.00600039 -0.01714942 -0.01840660
v -0.00600039 -0.01714942 -0.01840660
v -0.00600039 -0.01714942 -0.01840660
v -0.00600039 -0.01714942 -0.01840660
v -0.00600039 -0.01714942 -0.01840660
v -0.00600039 -0.01714942 -0.01840660
v -0.00600039 -0.01714942 -0.01840660
v -0.00600039 -0.01714942 -0.01840660
v -0.00600039 -0.01714942 -0.01840660
v -0.00600039 -0.01578113 -0.01989392
v -0.00600039 -0.01578113 -0.01989392
v -0.00600039 -0.01578113 -0.01989392
v -0.00600039 -0.01578113 -0.01989392
v -0.00600039 -0.01578113 -0.01989392
v -0.00600039 -0.01578113 -0.01989392
v -0.00600039 -0.01578113 -0.01989392
v -0.00600039 -0.01578113 -0.01989392
v -0.00600039 -0.01491804 -0.02070683
v -0.00600039 -0.01491804 -0.02070683
v -0.00600039 -0.01491804 -0.02070683
v -0.00600039 -0.01491804 -0.02070683
v -0.00600039 -0.01491804 -0.02070683
v -0.00600039 -0.01491804 -0.02070683
v -0.00600039 -0.01491804 -0.02070683
v -0.00600039 -0.01491804 -0.02070683
v -0.00600039 -0.01491804 -0.02070683
v -0.00600039 -0.01491804 -0.02070683
v -0.00000039 -0.01714942 -0.01840660
v -0.00000039 -0.01714942 -0.01840660
v -0.00000039 -0.01714942 -0.01840660
v -0.00000039 -0.01714942 -0.01840660
v -0.00000039 -0.01714942 -0.01840660
v -0.00000039 -0.01714942 -0.01840660
v -0.00000039 -0.01714942 -0.01840660
v -0.00000039 -0.01714942 -0.01840660
v -0.00000039 -0.01714942 -0.01840660
v -0.00000039 -0.01491804 -0.02070683
v -0.00000039 -0.01491804 -0.02070683
v -0.00000039 -0.01491804 -0.02070683
v -0.00000039 -0.01491804 -0.02070683
v -0.00000039 -0.01491804 -0.02070683
v -0.00000039 -0.01491804 -0.02070683
v -0.00000039 -0.01491804 -0.02070683
v -0.00000039 -0.01491804 -0.02070683
v -0.00000039 -0.01491804 -0.02070683
v -0.00000039 -0.01491804 -0.02070683
v -0.00000039 -0.01491804 -0.02070683
v -0.00600039 -0.01833102 -0.01686928
v -0.00600039 -0.01833102 -0.01686928
v -0.00600039 -0.01833102 -0.01686928
v -0.00600039 -0.01833102 -0.01686928
v -0.00600039 -0.01833102 -0.01686928
v -0.00600039 -0.01833102 -0.01686928
v -0.00000039 -0.01939584 -0.01520000
v -0.00000039 -0.01939584 -0.01520000
v -0.00000039 -0.01939584 -0.01520000
v -0.00000039 -0.01939584 -0.01520000
v -0.00000039 -0.01939584 -0.01520000
v -0.00000039 -0.01939584 -0.01520000
v -0.00000039 -0.01939584 -0.01520000
v -0.00600039 -0.02104960 -0.01165125
v -0.00600039 -0.02104960 -0.01165125
v -0.00600039 -0.02104960 -0.01165125
v -0.00600039 -0.02104960 -0.01165125
v -0.00600039 -0.02104960 -0.01165125
v -0.00600039 -0.02030906 -0.01344322
v -0.00600039 -0.02030906 -0.01344322
v -0.00600039 -0.02030906 -0.01344322
v -0.00600039 -0.02030906 -0.01344322
v -0.00600039 -0.02030906 -0.01344322
v -0.00600039 -0.01939584 -0.01520000
v -0.00600039 -0.01939584 -0.01520000
v -0.00600039 -0.01939584 -0.01520000
v -0.00600039 -0.01939584 -0.01520000
v -0.00000039 -0.01429878 -0.02108375
v -0.00000039 -0.01429878 -0.02108375
v -0.00000039 -0.01429878 -0.02108375
v -0.00000039 -0.01429878 -0.02108375
v -0.00000039 -0.01429878 -0.02108375
v -0.00607762 -0.01455766 -0.02096314
v -0.00607762 -0.01455766 -0.02096314
v -0.00607762 -0.01455766 -0.02096314
v -0.00631487 -0.01413783 -0.02113745
v -0.00631487 -0.01413783 -0.02113745
v -0.00631487 -0.01413783 -0.02113745
v -0.00631487 -0.01413783 -0.02113745
v -0.00631487 -0.01413783 -0.02113745
v -0.00631487 -0.01413783 -0.02113745
v -0.00000039 -0.01358579 -0.02121515
v -0.00000039 -0.01358579 -0.02121515
v -0.00000039 -0.01358579 -0.02121515
v -0.00000039 -0.01358579 -0.02121515
v -0.00000039 -0.01358579 -0.02121515
v -0.00674741 -0.01364583 -0.02121425
v -0.00674741 -0.01364583 -0.02121425
v -0.00674741 -0.01364583 -0.02121425
v -0.00674741 -0.01364583 -0.02121425
v -0.00681067 -0.01358579 -0.02121515
v -0.00681067 -0.01358579 -0.02121515
v -0.00681067 -0.01358579 -0.02121515
v -0.00681067 -0.01358579 -0.02121515
v -0.00733928 -0.01315038 -0.02116717
v -0.00733928 -0.01315038 -0.02116717
v -0.00733928 -0.01315038 -0.02116717
v -0.00733928 -0.01315038 -0.02116717
v -0.00733928 -0.01315038 -0.02116717
v -0.00000039 -0.01315038 -0.02116717
v -0.00000039 -0.01315038 -0.02116717
v -0.00000039 -0.01315038 -0.02116717
v -0.00600039 0.00000314 -0.02640000
v -0.00600039 0.00000314 -0.02640000
v -0.00600039 0.00000314 -0.02640000
v -0.00600039 0.00000314 -0.02640000
v -0.00750039 0.00000314 -0.02553398
v -0.00750039 0.00000314 -0.02553398
v -0.00750039 0.00000314 -0.02553398
v -0.00750039 0.00000314 -0.02553398
v -0.00750039 0.00272030 -0.02536187
v -0.00750039 0.00272030 -0.02536187
v -0.00750039 0.00272030 -0.02536187
v -0.00750039 0.00272030 -0.02536187
v -0.00750039 0.00833219 -0.02385797
v -0.00750039 0.00833219 -0.02385797
v -0.00750039 0.00833219 -0.02385797
v -0.00750039 0.00833219 -0.02385797
v -0.00750039 0.00833219 -0.02385797
v -0.00742042 0.00831246 -0.02391627
v -0.00742042 0.00831246 -0.02391627
v -0.00742042 0.00831246 -0.02391627
v -0.00742042 0.00831246 -0.02391627
v -0.00750039 0.00580938 -0.02473643
v -0.00750039 0.00580938 -0.02473643
v -0.00750039 0.00580938 -0.02473643
v -0.00750039 0.00580938 -0.02473643
v -0.00750039 0.00580938 -0.02473643
v -0.00750039 0.00580938 -0.02473643
v -0.00750039 0.00580938 -0.02473643
v -0.00750039 0.00580938 -0.02473643
v -0.00750039 0.00580938 -0.02473643
v -0.00733928 0.00829360 -0.02397487
v -0.00733928 0.00829360 -0.02397487
v -0.00733928 0.00829360 -0.02397487
v -0.00733928 0.00829360 -0.02397487
v -0.00733928 0.00829360 -0.02397487
v -0.00607853 0.00741516 -0.02509044
v -0.00607853 0.00741516 -0.02509044
v -0.00607853 0.00741516 -0.02509044
v -0.00600039 0.00701109 -0.02527555
v -0.00600039 0.00701109 -0.02527555
v -0.00600039 0.00701109 -0.02527555
v -0.00600039 0.00701109 -0.02527555
v -0.00600039 0.00701109 -0.02527555
v -0.00600039 0.00701109 -0.02527555
v -0.00632086 0.00778055 -0.02480894
v -0.00632086 0.00778055 -0.02480894
v -0.00632086 0.00778055 -0.02480894
v -0.00632086 0.00778055 -0.02480894
v -0.00632086 0.00778055 -0.02480894
v -0.00632086 0.00778055 -0.02480894
v -0.00675261 0.00808901 -0.02442363
v -0.00675261 0.00808901 -0.02442363
v -0.00675261 0.00808901 -0.02442363
v -0.00675261 0.00808901 -0.02442363
v -0.00600039 0.00604288 -0.02557039
v -0.00600039 0.00604288 -0.02557039
v -0.00600039 0.00604288 -0.02557039
v -0.00600039 0.00604288 -0.02557039
v -0.00600039 0.00604288 -0.02557039
v -0.00600039 0.00355193 -0.02611710
v -0.00600039 0.00355193 -0.02611710
v -0.00600039 0.00355193 -0.02611710
v -0.00600039 0.00355193 -0.02611710
v -0.00600039 0.00355193 -0.02611710
v -0.00600039 0.00282957 -0.02622097
v -0.00600039 0.00282957 -0.02622097
v -0.00600039 0.00282957 -0.02622097
v -0.00600039 0.00282957 -0.02622097
v -0.00600039 0.00282957 -0.02622097
v -0.00400039 0.01228365 -0.01783615
v -0.00400039 0.01228365 -0.01783615
v -0.00400039 0.01228365 -0.01783615
v -0.00400039 0.01228365 -0.01783615
v -0.00400039 0.01228365 -0.01783615
v -0.00400039 0.01228365 -0.01783615
v -0.00400039 0.01228365 -0.01783615
v -0.00400039 0.01504540 -0.02059790
v -0.00400039 0.01504540 -0.02059790
v -0.00400039 0.01504540 -0.02059790
v -0.00400039 0.01504540 -0.02059790
v -0.00400039 0.01504540 -0.02059790
v -0.00436367 0.01509126 -0.02055623
v -0.00436367 0.01509126 -0.02055623
v -0.00436367 0.01509126 -0.02055623
v -0.00436367 0.01509126 -0.02055623
v -0.00436367 0.01509126 -0.02055623
v -0.00442270 0.01234668 -0.01777997
v -0.00442270 0.01234668 -0.01777997
v -0.00442270 0.01234668 -0.01777997
v -0.00442270 0.01234668 -0.01777997
v -0.00442270 0.01234668 -0.01777997
v -0.00442389 0.01510847 -0.02054054
v -0.00442389 0.01510847 -0.02054054
v -0.00442389 0.01510847 -0.02054054
v -0.00442389 0.01510847 -0.02054054
v -0.00442389 0.01510847 -0.02054054
v -0.00478157 0.01252554 -0.01761762
v -0.00478157 0.01252554 -0.01761762
v -0.00478157 0.01252554 -0.01761762
v -0.00478157 0.01252554 -0.01761762
v -0.00478157 0.01252554 -0.01761762
v -0.00478206 0.01528549 -0.02037710
v -0.00478206 0.01528549 -0.02037710
v -0.00478206 0.01528549 -0.02037710
v -0.00478206 0.01528549 -0.02037710
v -0.00478206 0.01528549 -0.02037710
v -0.00501829 0.01278643 -0.01737300
v -0.00501829 0.01278643 -0.01737300
v -0.00501829 0.01278643 -0.01737300
v -0.00501829 0.01278643 -0.01737300
v -0.00501829 0.01278643 -0.01737300
v -0.00501795 0.01554430 -0.02013172
v -0.00501795 0.01554430 -0.02013172
v -0.00501795 0.01554430 -0.02013172
v -0.00501795 0.01554430 -0.02013172
v -0.00501795 0.01554430 -0.02013172
v -0.00506704 0.01289314 -0.01727014
v -0.00506704 0.01289314 -0.01727014
v -0.00506704 0.01289314 -0.01727014
v -0.00506704 0.01289314 -0.01727014
v -0.00506704 0.01289314 -0.01727014
v -0.00506704 0.01289314 -0.01727014
v -0.00506720 0.01565111 -0.02002814
v -0.00506720 0.01565111 -0.02002814
v -0.00506720 0.01565111 -0.02002814
v -0.00506720 0.01565111 -0.02002814
v -0.00506720 0.01565111 -0.02002814
v -0.00506720 0.01565111 -0.02002814
v -0.00510038 0.01308696 -0.01707911
v -0.00510038 0.01308696 -0.01707911
v -0.00510038 0.01308696 -0.01707911
v -0.00510038 0.01308696 -0.01707911
v -0.00510038 0.01308696 -0.01707911
v -0.00510036 0.01584469 -0.01983684
v -0.00510036 0.01584469 -0.01983684
v -0.00510036 0.01584469 -0.01983684
v -0.00510036 0.01584469 -0.01983684
v -0.00510036 0.01584469 -0.01983684
v -0.00506704 0.01327327 -0.01689002
v -0.00506704 0.01327327 -0.01689002
v -0.00506704 0.01327327 -0.01689002
v -0.00506704 0.01327327 -0.01689002
v -0.00506704 0.01327327 -0.01689002
v -0.00506720 0.01603127 -0.01964797
v -0.00506720 0.01603127 -0.01964797
v -0.00506720 0.01603127 -0.01964797
v -0.00506720 0.01603127 -0.01964797
v -0.00506720 0.01603127 -0.01964797
v -0.00501578 0.01338033 -0.01677890
v -0.00501578 0.01338033 -0.01677890
v -0.00501578 0.01338033 -0.01677890
v -0.00501578 0.01338033 -0.01677890
v -0.00501578 0.01338033 -0.01677890
v -0.00501539 0.01613916 -0.01953669
v -0.00501539 0.01613916 -0.01953669
v -0.00501539 0.01613916 -0.01953669
v -0.00501539 0.01613916 -0.01953669
v -0.00501539 0.01613916 -0.01953669
v -0.00501539 0.01613916 -0.01953669
v -0.00477728 0.01362367 -0.01651923
v -0.00477728 0.01362367 -0.01651923
v -0.00477728 0.01362367 -0.01651923
v -0.00477728 0.01362367 -0.01651923
v -0.00477728 0.01362367 -0.01651923
v -0.00477728 0.01362367 -0.01651923
v -0.00477870 0.01638250 -0.01927995
v -0.00477870 0.01638250 -0.01927995
v -0.00477870 0.01638250 -0.01927995
v -0.00477870 0.01638250 -0.01927995
v -0.00443463 0.01654065 -0.01910863
v -0.00443463 0.01654065 -0.01910863
v -0.00443463 0.01654065 -0.01910863
v -0.00443463 0.01654065 -0.01910863
v -0.00443463 0.01654065 -0.01910863
v -0.00443773 0.01377884 -0.01634830
v -0.00443773 0.01377884 -0.01634830
v -0.00443773 0.01377884 -0.01634830
v -0.00443773 0.01377884 -0.01634830
v -0.00443773 0.01377884 -0.01634830
v -0.00400039 0.01660103 -0.01904226
v -0.00400039 0.01660103 -0.01904226
v -0.00400039 0.01660103 -0.01904226
v -0.00400039 0.01660103 -0.01904226
v -0.00400039 0.01660103 -0.01904226
v -0.00400039 0.01660103 -0.01904226
v -0.00400039 0.01383929 -0.01628052
v -0.00400039 0.01383929 -0.01628052
v -0.00400039 0.01383929 -0.01628052
v -0.00400039 0.01383929 -0.01628052
v -0.00400039 0.01383929 -0.01628052
v -0.00400039 0.01383929 -0.01628052
v -0.00356618 0.01511182 -0.02053748
v -0.00356618 0.01511182 -0.02053748
v -0.00356618 0.01511182 -0.02053748
v -0.00356618 0.01511182 -0.02053748
v -0.00356618 0.01511182 -0.02053748
v -0.00356618 0.01511182 -0.02053748
v -0.00356261 0.01235159 -0.01777558
v -0.00356261 0.01235159 -0.01777558
v -0.00356261 0.01235159 -0.01777558
v -0.00356261 0.01235159 -0.01777558
v -0.00322251 0.01252308 -0.01761987
v -0.00322251 0.01252308 -0.01761987
v -0.00322251 0.01252308 -0.01761987
v -0.00322251 0.01252308 -0.01761987
v -0.00322251 0.01252308 -0.01761987
v -0.00322251 0.01252308 -0.01761987
v -0.00322385 0.01528172 -0.02038062
v -0.00322385 0.01528172 -0.02038062
v -0.00322385 0.01528172 -0.02038062
v -0.00322385 0.01528172 -0.02038062
v -0.00298643 0.01553804 -0.02013774
v -0.00298643 0.01553804 -0.02013774
v -0.00298643 0.01553804 -0.02013774
v -0.00298643 0.01553804 -0.02013774
v -0.00298643 0.01553804 -0.02013774
v -0.00298398 0.01278380 -0.01737551
v -0.00298398 0.01278380 -0.01737551
v -0.00298398 0.01278380 -0.01737551
v -0.00298398 0.01278380 -0.01737551
v -0.00298398 0.01278380 -0.01737551
v -0.00293355 0.01565109 -0.02002814
v -0.00293355 0.01565109 -0.02002814
v -0.00293355 0.01565109 -0.02002814
v -0.00293355 0.01565109 -0.02002814
v -0.00293355 0.01565109 -0.02002814
v -0.00293373 0.01289314 -0.01727014
v -0.00293373 0.01289314 -0.01727014
v -0.00293373 0.01289314 -0.01727014
v -0.00293373 0.01289314 -0.01727014
v -0.00293373 0.01289314 -0.01727014
v -0.00290043 0.01583804 -0.01984347
v -0.00290043 0.01583804 -0.01984347
v -0.00290043 0.01583804 -0.01984347
v -0.00290043 0.01583804 -0.01984347
v -0.00290043 0.01583804 -0.01984347
v -0.00290043 0.01583804 -0.01984347
v -0.00290039 0.01308489 -0.01708120
v -0.00290039 0.01308489 -0.01708120
v -0.00290039 0.01308489 -0.01708120
v -0.00290039 0.01308489 -0.01708120
v -0.00290039 0.01308489 -0.01708120
v -0.00290039 0.01308489 -0.01708120
v -0.00293359 0.01603127 -0.01964797
v -0.00293359 0.01603127 -0.01964797
v -0.00293359 0.01603127 -0.01964797
v -0.00293359 0.01603127 -0.01964797
v -0.00293359 0.01603127 -0.01964797
v -0.00293373 0.01327327 -0.01689002
v -0.00293373 0.01327327 -0.01689002
v -0.00293373 0.01327327 -0.01689002
v -0.00293373 0.01327327 -0.01689002
v -0.00293373 0.01327327 -0.01689002
v -0.00298171 0.01613298 -0.01954311
v -0.00298171 0.01613298 -0.01954311
v -0.00298171 0.01613298 -0.01954311
v -0.00298171 0.01613298 -0.01954311
v -0.00298171 0.01613298 -0.01954311
v -0.00298427 0.01337913 -0.01678017
v -0.00298427 0.01337913 -0.01678017
v -0.00298427 0.01337913 -0.01678017
v -0.00298427 0.01337913 -0.01678017
v -0.00298427 0.01337913 -0.01678017
v -0.00321690 0.01637892 -0.01928378
v -0.00321690 0.01637892 -0.01928378
v -0.00321690 0.01637892 -0.01928378
v -0.00321690 0.01637892 -0.01928378
v -0.00321690 0.01637892 -0.01928378
v -0.00321690 0.01637892 -0.01928378
v -0.00318846 0.01359884 -0.01654617
v -0.00318846 0.01359884 -0.01654617
v -0.00318846 0.01359884 -0.01654617
v -0.00318846 0.01359884 -0.01654617
v -0.00322291 0.01362328 -0.01651966
v -0.00322291 0.01362328 -0.01651966
v -0.00322291 0.01362328 -0.01651966
v -0.00322291 0.01362328 -0.01651966
v -0.00322291 0.01362328 -0.01651966
v -0.00357493 0.01654318 -0.01910586
v -0.00357493 0.01654318 -0.01910586
v -0.00357493 0.01654318 -0.01910586
v -0.00357493 0.01654318 -0.01910586
v -0.00357493 0.01654318 -0.01910586
v -0.00357493 0.01654318 -0.01910586
v -0.00358023 0.01378371 -0.01634288
v -0.00358023 0.01378371 -0.01634288
v -0.00358023 0.01378371 -0.01634288
v -0.00358023 0.01378371 -0.01634288
v -0.00635045 0.01409556 -0.02115074
v -0.00635045 0.01409556 -0.02115074
v -0.00635045 0.01409556 -0.02115074
v -0.00635045 0.01409556 -0.02115074
v -0.00000039 0.01409611 -0.02115059
v -0.00000039 0.01409611 -0.02115059
v -0.00000039 0.01409611 -0.02115059
v -0.00000039 0.01409611 -0.02115059
v -0.00000039 0.01409611 -0.02115059
v -0.00000039 0.01409611 -0.02115059
v -0.00681067 0.01359209 -0.02121515
v -0.00681067 0.01359209 -0.02121515
v -0.00681067 0.01359209 -0.02121515
v -0.00681067 0.01359209 -0.02121515
v -0.00681067 0.01359209 -0.02121515
v -0.00000039 0.01315665 -0.02116717
v -0.00000039 0.01315665 -0.02116717
v -0.00000039 0.01315665 -0.02116717
v -0.00000039 0.01315665 -0.02116717
v -0.00000039 0.01315665 -0.02116717
v -0.00733928 0.01315665 -0.02116717
v -0.00733928 0.01315665 -0.02116717
v -0.00733928 0.01315665 -0.02116717
v -0.00733928 0.01315665 -0.02116717
v -0.00600039 0.01492433 -0.02070683
v -0.00600039 0.01492433 -0.02070683
v -0.00600039 0.01492433 -0.02070683
v -0.00600039 0.01492433 -0.02070683
v -0.00600039 0.01492433 -0.02070683
v -0.00600039 0.01492433 -0.02070683
v -0.00600039 0.01492433 -0.02070683
v -0.00600039 0.01492433 -0.02070683
v -0.00600039 0.01492433 -0.02070683
v -0.00600039 0.01492433 -0.02070683
v -0.00000039 0.01492433 -0.02070683
v -0.00000039 0.01492433 -0.02070683
v -0.00000039 0.01492433 -0.02070683
v -0.00000039 0.01492433 -0.02070683
v -0.00000039 0.01492433 -0.02070683
v -0.00000039 0.01492433 -0.02070683
v -0.00000039 0.01492433 -0.02070683
v -0.00000039 0.01492433 -0.02070683
v -0.00000039 0.01492433 -0.02070683
v -0.00000039 0.01492433 -0.02070683
v -0.00600165 0.01488172 -0.02074383
v -0.00600165 0.01488172 -0.02074383
v -0.00600165 0.01488172 -0.02074383
v -0.00600165 0.01488172 -0.02074383
v -0.00600165 0.01488172 -0.02074383
v -0.00610097 0.01450863 -0.02099277
v -0.00610097 0.01450863 -0.02099277
v -0.00610097 0.01450863 -0.02099277
v -0.00610097 0.01450863 -0.02099277
v -0.00600039 0.02193227 0.00056872
v -0.00600039 0.02193227 0.00056872
v -0.00600039 0.02193227 0.00056872
v -0.00600039 0.02193227 0.00056872
v -0.00000039 0.02193227 0.00056872
v -0.00000039 0.02193227 0.00056872
v -0.00000039 0.02193227 0.00056872
v -0.00000039 0.02193227 0.00056872
v -0.00000039 0.02193227 0.00056872
v -0.00605984 0.02197419 0.00018355
v -0.00605984 0.02197419 0.00018355
v -0.00605984 0.02197419 0.00018355
v -0.00605984 0.02197419 0.00018355
v -0.00605984 0.02197419 0.00018355
v -0.00000039 0.02190249 -0.00037042
v -0.00000039 0.02190249 -0.00037042
v -0.00000039 0.02190249 -0.00037042
v -0.00000039 0.02190249 -0.00037042
v -0.00000039 0.02190249 -0.00037042
v -0.00628453 0.02192542 -0.00027876
v -0.00628453 0.02192542 -0.00027876
v -0.00628453 0.02192542 -0.00027876
v -0.00628453 0.02192542 -0.00027876
v -0.00670951 0.02175306 -0.00075357
v -0.00670951 0.02175306 -0.00075357
v -0.00670951 0.02175306 -0.00075357
v -0.00670951 0.02175306 -0.00075357
v -0.00670951 0.02175306 -0.00075357
v -0.00000039 0.02144711 -0.00119231
v -0.00000039 0.02144711 -0.00119231
v -0.00000039 0.02144711 -0.00119231
v -0.00000039 0.02144711 -0.00119231
v -0.00733928 0.02144711 -0.00119231
v -0.00733928 0.02144711 -0.00119231
v -0.00733928 0.02144711 -0.00119231
v -0.00733928 0.02144711 -0.00119231
v -0.00733928 0.02144711 -0.00119231
v -0.00742042 0.02140580 -0.00676206
v -0.00742042 0.02140580 -0.00676206
v -0.00742042 0.02140580 -0.00676206
v -0.00742042 0.02140580 -0.00676206
v -0.00750039 0.02136518 -0.00671582
v -0.00750039 0.02136518 -0.00671582
v -0.00750039 0.02136518 -0.00671582
v -0.00750039 0.02063628 -0.00550664
v -0.00750039 0.02063628 -0.00550664
v -0.00750039 0.02063628 -0.00550664
v -0.00750039 0.02063628 -0.00550664
v -0.00750039 0.02063628 -0.00550664
v -0.00000039 0.02063628 -0.00249336
v -0.00000039 0.02063628 -0.00249336
v -0.00000039 0.02063628 -0.00249336
v -0.00750039 0.02063628 -0.00249336
v -0.00750039 0.02063628 -0.00249336
v -0.00750039 0.02063628 -0.00249336
v -0.00750039 0.02063628 -0.00249336
v -0.00750039 0.02063628 -0.00249336
v -0.00750039 0.02136518 -0.00128418
v -0.00750039 0.02136518 -0.00128418
v -0.00750039 0.02136518 -0.00128418
v -0.00742042 0.02140580 -0.00123794
v -0.00742042 0.02140580 -0.00123794
v -0.00742042 0.02140580 -0.00123794
v -0.00742042 0.02140580 -0.00123794
v -0.00733928 0.02144711 -0.00680769
v -0.00733928 0.02144711 -0.00680769
v -0.00733928 0.02144711 -0.00680769
v -0.00733928 0.02144711 -0.00680769
v -0.00733928 0.02144711 -0.00680769
v -0.00750039 0.02035314 -0.00400000
v -0.00750039 0.02035314 -0.00400000
v -0.00750039 0.02035314 -0.00400000
v -0.00000039 0.02035314 -0.00400000
v -0.00000039 0.02035314 -0.00400000
v -0.00000039 0.02035314 -0.00400000
v -0.00000039 0.02063628 -0.00550664
v -0.00000039 0.02063628 -0.00550664
v -0.00000039 0.02063628 -0.00550664
v -0.00000039 0.02144711 -0.00680769
v -0.00000039 0.02144711 -0.00680769
v -0.00000039 0.02144711 -0.00680769
v -0.00000039 0.02144711 -0.00680769
v -0.00000039 0.02144711 -0.00680769
v -0.00000039 0.02190249 -0.00762958
v -0.00000039 0.02190249 -0.00762958
v -0.00000039 0.02190249 -0.00762958
v -0.00000039 0.02190249 -0.00762958
v -0.00000039 0.02190249 -0.00762958
v -0.00000039 0.02193227 -0.00856872
v -0.00000039 0.02193227 -0.00856872
v -0.00000039 0.02193227 -0.00856872
v -0.00000039 0.02193227 -0.00856872
v -0.00600039 0.02193227 -0.00856872
v -0.00600039 0.02193227 -0.00856872
v -0.00600039 0.02193227 -0.00856872
v -0.00600039 0.02193227 -0.00856872
v -0.00600039 0.02193227 -0.00856872
v -0.00600039 0.02193227 -0.00856872
v -0.00607853 0.02197400 -0.00812622
v -0.00607853 0.02197400 -0.00812622
v -0.00607853 0.02197400 -0.00812622
v -0.00632086 0.02191290 -0.00766903
v -0.00632086 0.02191290 -0.00766903
v -0.00632086 0.02191290 -0.00766903
v -0.00632086 0.02191290 -0.00766903
v -0.00632086 0.02191290 -0.00766903
v -0.00632086 0.02191290 -0.00766903
v -0.00675261 0.02173346 -0.00720926
v -0.00675261 0.02173346 -0.00720926
v -0.00675261 0.02173346 -0.00720926
v -0.00675261 0.02173346 -0.00720926
v -0.00600039 0.02165982 -0.00972262
v -0.00600039 0.02165982 -0.00972262
v -0.00600039 0.02165982 -0.00972262
v -0.00600039 0.02165982 -0.00972262
v -0.00600039 0.02165982 -0.00972262
v -0.00600039 0.02165982 -0.00972262
v -0.00000039 0.02105588 -0.01165125
v -0.00000039 0.02105588 -0.01165125
v -0.00000039 0.02105588 -0.01165125
v -0.00000039 0.02105588 -0.01165125
v -0.00000039 0.02105588 -0.01165125
v -0.00600039 0.02105588 -0.01165125
v -0.00600039 0.02105588 -0.01165125
v -0.00600039 0.02105588 -0.01165125
v -0.00600039 0.02105588 -0.01165125
v -0.00600039 0.01715569 -0.01840660
v -0.00600039 0.01715569 -0.01840660
v -0.00600039 0.01715569 -0.01840660
v -0.00600039 0.01715569 -0.01840660
v -0.00600039 0.01715569 -0.01840660
v -0.00600039 0.01715569 -0.01840660
v -0.00600039 0.01715569 -0.01840660
v -0.00600039 0.01715569 -0.01840660
v -0.00600039 0.01715569 -0.01840660
v -0.00600039 0.01578742 -0.01989392
v -0.00600039 0.01578742 -0.01989392
v -0.00600039 0.01578742 -0.01989392
v -0.00600039 0.01578742 -0.01989392
v -0.00600039 0.01578742 -0.01989392
v -0.00600039 0.01578742 -0.01989392
v -0.00600039 0.01578742 -0.01989392
v -0.00000039 0.01715569 -0.01840660
v -0.00000039 0.01715569 -0.01840660
v -0.00000039 0.01715569 -0.01840660
v -0.00000039 0.01715569 -0.01840660
v -0.00000039 0.01715569 -0.01840660
v -0.00000039 0.01715569 -0.01840660
v -0.00000039 0.01715569 -0.01840660
v -0.00000039 0.01715569 -0.01840660
v -0.00000039 0.01715569 -0.01840660
v -0.00000039 0.01715569 -0.01840660
v -0.00600039 0.02031533 -0.01344322
v -0.00600039 0.02031533 -0.01344322
v -0.00600039 0.02031533 -0.01344322
v -0.00600039 0.02031533 -0.01344322
v -0.00600039 0.02031533 -0.01344322
v -0.00000039 0.01940212 -0.01520000
v -0.00000039 0.01940212 -0.01520000
v -0.00000039 0.01940212 -0.01520000
v -0.00000039 0.01940212 -0.01520000
v -0.00000039 0.01940212 -0.01520000
v -0.00600039 0.01940212 -0.01520000
v -0.00600039 0.01940212 -0.01520000
v -0.00600039 0.01940212 -0.01520000
v -0.00600039 0.01940212 -0.01520000
v -0.00600039 0.01940212 -0.01520000
v -0.00600039 0.01833729 -0.01686928
v -0.00600039 0.01833729 -0.01686928
v -0.00600039 0.01833729 -0.01686928
v -0.00600039 0.01833729 -0.01686928
v -0.00600039 0.01833729 -0.01686928
v -0.00750039 0.02082253 -0.00950137
v -0.00750039 0.02082253 -0.00950137
v -0.00750039 0.02082253 -0.00950137
v -0.00750039 0.02082253 -0.00950137
v -0.00750039 0.02082253 -0.00950137
v -0.00750039 0.02082253 -0.00950137
v -0.00750039 0.02082253 -0.00950137
v -0.00750039 0.02082253 -0.00950137
v -0.00750039 0.01517718 -0.01927943
v -0.00750039 0.01517718 -0.01927943
v -0.00750039 0.01517718 -0.01927943
v -0.00750039 0.01517718 -0.01927943
v -0.00750039 0.01517718 -0.01927943
v -0.00750039 0.01517718 -0.01927943
v -0.00750039 0.01517718 -0.01927943
v -0.00750039 0.01517718 -0.01927943
v -0.00750039 0.01517718 -0.01927943
v -0.00750039 0.01517718 -0.01927943
v -0.00750039 0.01517718 -0.01927943
v -0.00742042 0.01309648 -0.02115422
v -0.00742042 0.01309648 -0.02115422
v -0.00742042 0.01309648 -0.02115422
v -0.00742042 0.01309648 -0.02115422
v -0.00742042 0.01309648 -0.02115422
v -0.00750039 0.01303612 -0.02114216
v -0.00750039 0.01303612 -0.02114216
v -0.00750039 0.01303612 -0.02114216
v -0.00750039 0.01303612 -0.02114216
v -0.00750039 0.01953003 -0.01307813
v -0.00750039 0.01953003 -0.01307813
v -0.00750039 0.01953003 -0.01307813
v -0.00750039 0.01953003 -0.01307813
v -0.00750039 0.01953003 -0.01307813
v -0.00750039 0.01953003 -0.01307813
v -0.00750039 0.01762846 -0.01637173
v -0.00750039 0.01762846 -0.01637173
v -0.00750039 0.01762846 -0.01637173
v -0.00750039 0.01762846 -0.01637173
v -0.00750039 0.01762846 -0.01637173
v -0.00000039 0.01239300 -0.02106998
v -0.00000039 0.01239300 -0.02106998
v -0.00000039 0.01239300 -0.02106998
v -0.00000039 0.01239300 -0.02106998
v -0.00000039 0.01239300 -0.02106998
v -0.00750039 0.01162452 -0.02111551
v -0.00750039 0.01162452 -0.02111551
v -0.00750039 0.01162452 -0.02111551
v -0.00750039 0.01162452 -0.02111551
v -0.00750039 0.01162452 -0.02111551
v -0.00000039 0.00859126 -0.02326491
v -0.00000039 0.00859126 -0.02326491
v -0.00000039 0.00859126 -0.02326491
v -0.00000039 0.00859126 -0.02326491
v -0.00000039 0.00859126 -0.02326491
v -0.00000039 0.00829360 -0.02397487
v -0.00000039 0.00829360 -0.02397487
v -0.00000039 0.00829360 -0.02397487
v -0.00000039 0.00829360 -0.02397487
v -0.00000039 0.00829360 -0.02397487
v -0.00000039 0.01162452 -0.02111551
v -0.00000039 0.01162452 -0.02111551
v -0.00000039 0.01162452 -0.02111551
v -0.00000039 0.01087765 -0.02130220
v -0.00000039 0.01087765 -0.02130220
v -0.00000039 0.01087765 -0.02130220
v -0.00000039 0.01087765 -0.02130220
v -0.00750039 0.01017815 -0.02162362
v -0.00750039 0.01017815 -0.02162362
v -0.00750039 0.01017815 -0.02162362
v -0.00750039 0.01017815 -0.02162362
v -0.00750039 0.01017815 -0.02162362
v -0.00000039 0.00901492 -0.02262216
v -0.00000039 0.00901492 -0.02262216
v -0.00000039 0.00901492 -0.02262216
v -0.00000039 0.00901492 -0.02262216
v -0.00750039 0.00901492 -0.02262216
v -0.00750039 0.00901492 -0.02262216
v -0.00750039 0.00901492 -0.02262216
v -0.00750039 0.00901492 -0.02262216
v -0.00000039 0.00955003 -0.02206871
v -0.00000039 0.00955003 -0.02206871
v -0.00000039 0.00955003 -0.02206871
v -0.00000039 0.00955003 -0.02206871
v -0.00000039 0.01017815 -0.02162362
v -0.00000039 0.01017815 -0.02162362
v -0.00000039 0.01017815 -0.02162362
v -0.00000039 0.00780949 -0.02478017
v -0.00000039 0.00780949 -0.02478017
v -0.00000039 0.00780949 -0.02478017
v -0.00000039 0.00780949 -0.02478017
v -0.00000039 0.00780949 -0.02478017
v -0.00000039 0.00701109 -0.02527555
v -0.00000039 0.00701109 -0.02527555
v -0.00000039 0.00701109 -0.02527555
v -0.00000039 0.00701109 -0.02527555
v -0.00000039 0.00355193 -0.02611710
v -0.00000039 0.00355193 -0.02611710
v -0.00000039 0.00355193 -0.02611710
v -0.00000039 0.00355193 -0.02611710
v -0.00000039 0.00355193 -0.02611710
v -0.00000039 0.00000314 -0.02640000
v -0.00000039 0.00000314 -0.02640000
v -0.00000039 0.00000314 -0.02640000
v -0.00000039 0.00000314 -0.02640000
v -0.00000039 0.00000314 -0.02640000
v -0.00600039 -0.00282328 -0.02622097
v -0.00600039 -0.00282328 -0.02622097
v -0.00600039 -0.00282328 -0.02622097
v -0.00600039 -0.00282328 -0.02622097
v -0.00600039 -0.00282328 -0.02622097
v -0.00600039 -0.00282328 -0.02622097
v -0.00000039 -0.00354566 -0.02611710
v -0.00000039 -0.00354566 -0.02611710
v -0.00000039 -0.00354566 -0.02611710
v -0.00000039 -0.00354566 -0.02611710
v -0.00000039 -0.00354566 -0.02611710
v -0.00600039 -0.00354566 -0.02611710
v -0.00600039 -0.00354566 -0.02611710
v -0.00600039 -0.00354566 -0.02611710
v -0.00600039 -0.00354566 -0.02611710
v -0.00600039 -0.00354566 -0.02611710
v -0.00600039 -0.00603661 -0.02557039
v -0.00600039 -0.00603661 -0.02557039
v -0.00600039 -0.00603661 -0.02557039
v -0.00600039 -0.00603661 -0.02557039
v -0.00600039 -0.00603661 -0.02557039
v -0.00000039 -0.00700480 -0.02527555
v -0.00000039 -0.00700480 -0.02527555
v -0.00000039 -0.00700480 -0.02527555
v -0.00000039 -0.00700480 -0.02527555
v -0.00000039 -0.00700480 -0.02527555
v -0.00600039 -0.00700480 -0.02527555
v -0.00600039 -0.00700480 -0.02527555
v -0.00600039 -0.00700480 -0.02527555
v -0.00600039 -0.00700480 -0.02527555
v -0.00605984 -0.00735931 -0.02511926
v -0.00605984 -0.00735931 -0.02511926
v -0.00605984 -0.00735931 -0.02511926
v -0.00605984 -0.00735931 -0.02511926
v -0.00605984 -0.00735931 -0.02511926
v -0.00000039 -0.00780322 -0.02478017
v -0.00000039 -0.00780322 -0.02478017
v -0.00000039 -0.00780322 -0.02478017
v -0.00000039 -0.00780322 -0.02478017
v -0.00000039 -0.00780322 -0.02478017
v -0.00628453 -0.00773530 -0.02484587
v -0.00628453 -0.00773530 -0.02484587
v -0.00628453 -0.00773530 -0.02484587
v -0.00628453 -0.00773530 -0.02484587
v -0.00670951 -0.00806034 -0.02445920
v -0.00670951 -0.00806034 -0.02445920
v -0.00670951 -0.00806034 -0.02445920
v -0.00670951 -0.00806034 -0.02445920
v -0.00000039 -0.00828733 -0.02397487
v -0.00000039 -0.00828733 -0.02397487
v -0.00000039 -0.00828733 -0.02397487
v -0.00000039 -0.00828733 -0.02397487
v -0.00000039 -0.00828733 -0.02397487
v -0.00733928 -0.00828733 -0.02397487
v -0.00733928 -0.00828733 -0.02397487
v -0.00733928 -0.00828733 -0.02397487
v -0.00733928 -0.00828733 -0.02397487
v -0.00750039 -0.00580309 -0.02473643
v -0.00750039 -0.00580309 -0.02473643
v -0.00750039 -0.00580309 -0.02473643
v -0.00750039 -0.00580309 -0.02473643
v -0.00750039 -0.00580309 -0.02473643
v -0.00750039 -0.00580309 -0.02473643
v -0.00750039 -0.00580309 -0.02473643
v -0.00750039 -0.00580309 -0.02473643
v -0.00750039 -0.00580309 -0.02473643
v -0.00742042 -0.00830618 -0.02391627
v -0.00742042 -0.00830618 -0.02391627
v -0.00742042 -0.00830618 -0.02391627
v -0.00742042 -0.00830618 -0.02391627
v -0.00742042 -0.00830618 -0.02391627
v -0.00750039 -0.00832590 -0.02385797
v -0.00750039 -0.00832590 -0.02385797
v -0.00750039 -0.00832590 -0.02385797
v -0.00750039 -0.00832590 -0.02385797
v -0.00750039 -0.00271402 -0.02536187
v -0.00750039 -0.00271402 -0.02536187
v -0.00750039 -0.00271402 -0.02536187
v -0.00750039 -0.00271402 -0.02536187
v -0.00000039 -0.00858498 -0.02326491
v -0.00000039 -0.00858498 -0.02326491
v -0.00000039 -0.00858498 -0.02326491
v -0.00000039 -0.00858498 -0.02326491
v -0.00000039 -0.00858498 -0.02326491
v -0.00750039 -0.00900865 -0.02262216
v -0.00750039 -0.00900865 -0.02262216
v -0.00750039 -0.00900865 -0.02262216
v -0.00750039 -0.00900865 -0.02262216
v -0.00750039 -0.00900865 -0.02262216
v -0.00000039 -0.01238669 -0.02106998
v -0.00000039 -0.01238669 -0.02106998
v -0.00000039 -0.01238669 -0.02106998
v -0.00000039 -0.01238669 -0.02106998
v -0.00000039 -0.01238669 -0.02106998
v -0.00000039 -0.00900865 -0.02262216
v -0.00000039 -0.00900865 -0.02262216
v -0.00000039 -0.00900865 -0.02262216
v -0.00000039 -0.00954375 -0.02206871
v -0.00000039 -0.00954375 -0.02206871
v -0.00000039 -0.00954375 -0.02206871
v -0.00000039 -0.00954375 -0.02206871
v -0.00750039 -0.01017188 -0.02162362
v -0.00750039 -0.01017188 -0.02162362
v -0.00750039 -0.01017188 -0.02162362
v -0.00750039 -0.01017188 -0.02162362
v -0.00750039 -0.01017188 -0.02162362
v -0.00742042 -0.01309019 -0.02115422
v -0.00742042 -0.01309019 -0.02115422
v -0.00742042 -0.01309019 -0.02115422
v -0.00742042 -0.01309019 -0.02115422
v -0.00750039 -0.01302984 -0.02114216
v -0.00750039 -0.01302984 -0.02114216
v -0.00750039 -0.01302984 -0.02114216
v -0.00750039 -0.01302984 -0.02114216
v -0.00750039 -0.01302984 -0.02114216
v -0.00000039 -0.01161824 -0.02111551
v -0.00000039 -0.01161824 -0.02111551
v -0.00000039 -0.01161824 -0.02111551
v -0.00000039 -0.01161824 -0.02111551
v -0.00750039 -0.01161824 -0.02111551
v -0.00750039 -0.01161824 -0.02111551
v -0.00750039 -0.01161824 -0.02111551
v -0.00750039 -0.01161824 -0.02111551
v -0.00000039 -0.01087137 -0.02130220
v -0.00000039 -0.01087137 -0.02130220
v -0.00000039 -0.01087137 -0.02130220
v -0.00000039 -0.01087137 -0.02130220
v -0.00000039 -0.01017188 -0.02162362
v -0.00000039 -0.01017188 -0.02162362
v -0.00000039 -0.01017188 -0.02162362
v -0.00750039 -0.01517090 -0.01927943
v -0.00750039 -0.01517090 -0.01927943
v -0.00750039 -0.01517090 -0.01927943
v -0.00750039 -0.01517090 -0.01927943
v -0.00750039 -0.01517090 -0.01927943
v -0.00750039 -0.01517090 -0.01927943
v -0.00750039 -0.01517090 -0.01927943
v -0.00750039 -0.01517090 -0.01927943
v -0.00750039 -0.01517090 -0.01927943
v -0.00750039 -0.02081624 -0.00950137
v -0.00750039 -0.02081624 -0.00950137
v -0.00750039 -0.02081624 -0.00950137
v -0.00750039 -0.02081624 -0.00950137
v -0.00750039 -0.02081624 -0.00950137
v -0.00750039 -0.02081624 -0.00950137
v -0.00750039 -0.02081624 -0.00950137
v -0.00750039 -0.02081624 -0.00950137
v -0.00750039 -0.02081624 -0.00950137
v -0.00750039 -0.02081624 -0.00950137
v -0.00742042 -0.02139951 -0.00676206
v -0.00742042 -0.02139951 -0.00676206
v -0.00742042 -0.02139951 -0.00676206
v -0.00742042 -0.02139951 -0.00676206
v -0.00750039 -0.02135891 -0.00671582
v -0.00750039 -0.02135891 -0.00671582
v -0.00750039 -0.02135891 -0.00671582
v -0.00750039 -0.01762219 -0.01637173
v -0.00750039 -0.01762219 -0.01637173
v -0.00750039 -0.01762219 -0.01637173
v -0.00750039 -0.01762219 -0.01637173
v -0.00750039 -0.01762219 -0.01637173
v -0.00750039 -0.01952375 -0.01307813
v -0.00750039 -0.01952375 -0.01307813
v -0.00750039 -0.01952375 -0.01307813
v -0.00750039 -0.01952375 -0.01307813
v -0.00750039 -0.01952375 -0.01307813
v -0.00750039 -0.01952375 -0.01307813
v -0.00750039 -0.02063000 -0.00249336
v -0.00750039 -0.02063000 -0.00249336
v -0.00750039 -0.02063000 -0.00249336
v -0.00750039 -0.02063000 -0.00249336
v -0.00750039 -0.02063000 -0.00249336
v -0.00000039 -0.02063000 -0.00550664
v -0.00000039 -0.02063000 -0.00550664
v -0.00000039 -0.02063000 -0.00550664
v -0.00750039 -0.02063000 -0.00550664
v -0.00750039 -0.02063000 -0.00550664
v -0.00750039 -0.02063000 -0.00550664
v -0.00750039 -0.02063000 -0.00550664
v -0.00750039 -0.02063000 -0.00550664
v -0.00750039 -0.02034687 -0.00400000
v -0.00750039 -0.02034687 -0.00400000
v -0.00750039 -0.02034687 -0.00400000
v -0.00000039 -0.02034687 -0.00400000
v -0.00000039 -0.02034687 -0.00400000
v -0.00000039 -0.02034687 -0.00400000
v -0.00000039 -0.02063000 -0.00249336
v -0.00000039 -0.02063000 -0.00249336
v -0.00000039 -0.02063000 -0.00249336
v -0.00000039 -0.02144082 -0.00119231
v -0.00000039 -0.02144082 -0.00119231
v -0.00000039 -0.02144082 -0.00119231
v -0.00000039 -0.02144082 -0.00119231
v -0.00000039 -0.02144082 -0.00119231
v -0.00000039 -0.02189620 -0.00037042
v -0.00000039 -0.02189620 -0.00037042
v -0.00000039 -0.02189620 -0.00037042
v -0.00000039 -0.02189620 -0.00037042
v -0.00000039 -0.02189620 -0.00037042
v -0.00000039 -0.02192600 0.00056872
v -0.00000039 -0.02192600 0.00056872
v -0.00000039 -0.02192600 0.00056872
v -0.00000039 -0.02192600 0.00056872
v -0.00000039 -0.02104960 0.00365124
v -0.00000039 -0.02104960 0.00365124
v -0.00000039 -0.02104960 0.00365124
v -0.00000039 -0.02104960 0.00365124
v -0.00000039 -0.02104960 0.00365124
v -0.00443463 -0.01653437 0.01110862
v -0.00443463 -0.01653437 0.01110862
v -0.00443463 -0.01653437 0.01110862
v -0.00443463 -0.01653437 0.01110862
v -0.00443463 -0.01653437 0.01110862
v -0.00477870 -0.01637621 0.01127994
v -0.00477870 -0.01637621 0.01127994
v -0.00477870 -0.01637621 0.01127994
v -0.00477870 -0.01637621 0.01127994
v -0.00501539 -0.01613289 0.01153669
v -0.00501539 -0.01613289 0.01153669
v -0.00501539 -0.01613289 0.01153669
v -0.00501539 -0.01613289 0.01153669
v -0.00501539 -0.01613289 0.01153669
v -0.00501539 -0.01613289 0.01153669
v -0.00506720 -0.01602499 0.01164797
v -0.00506720 -0.01602499 0.01164797
v -0.00506720 -0.01602499 0.01164797
v -0.00506720 -0.01602499 0.01164797
v -0.00506720 -0.01602499 0.01164797
v -0.00510035 -0.01583841 0.01183684
v -0.00510035 -0.01583841 0.01183684
v -0.00510035 -0.01583841 0.01183684
v -0.00510035 -0.01583841 0.01183684
v -0.00510035 -0.01583841 0.01183684
v -0.00506720 -0.01564482 0.01202813
v -0.00506720 -0.01564482 0.01202813
v -0.00506720 -0.01564482 0.01202813
v -0.00506720 -0.01564482 0.01202813
v -0.00506720 -0.01564482 0.01202813
v -0.00506720 -0.01564482 0.01202813
v -0.00501794 -0.01553801 0.01213172
v -0.00501794 -0.01553801 0.01213172
v -0.00501794 -0.01553801 0.01213172
v -0.00501794 -0.01553801 0.01213172
v -0.00501794 -0.01553801 0.01213172
v -0.00478205 -0.01527922 0.01237710
v -0.00478205 -0.01527922 0.01237710
v -0.00478205 -0.01527922 0.01237710
v -0.00478205 -0.01527922 0.01237710
v -0.00478205 -0.01527922 0.01237710
v -0.00442389 -0.01510219 0.01254054
v -0.00442389 -0.01510219 0.01254054
v -0.00442389 -0.01510219 0.01254054
v -0.00442389 -0.01510219 0.01254054
v -0.00442389 -0.01510219 0.01254054
v -0.00436367 -0.01508498 0.01255624
v -0.00436367 -0.01508498 0.01255624
v -0.00436367 -0.01508498 0.01255624
v -0.00436367 -0.01508498 0.01255624
v -0.00436367 -0.01508498 0.01255624
v -0.00400039 -0.01503912 0.01259790
v -0.00400039 -0.01503912 0.01259790
v -0.00400039 -0.01503912 0.01259790
v -0.00400039 -0.01503912 0.01259790
v -0.00400039 -0.01503912 0.01259790
v -0.00356618 -0.01510555 0.01253748
v -0.00356618 -0.01510555 0.01253748
v -0.00356618 -0.01510555 0.01253748
v -0.00356618 -0.01510555 0.01253748
v -0.00356618 -0.01510555 0.01253748
v -0.00356618 -0.01510555 0.01253748
v -0.00322385 -0.01527545 0.01238061
v -0.00322385 -0.01527545 0.01238061
v -0.00322385 -0.01527545 0.01238061
v -0.00322385 -0.01527545 0.01238061
v -0.00298643 -0.01553176 0.01213774
v -0.00298643 -0.01553176 0.01213774
v -0.00298643 -0.01553176 0.01213774
v -0.00298643 -0.01553176 0.01213774
v -0.00298643 -0.01553176 0.01213774
v -0.00293355 -0.01564482 0.01202814
v -0.00293355 -0.01564482 0.01202814
v -0.00293355 -0.01564482 0.01202814
v -0.00293355 -0.01564482 0.01202814
v -0.00293355 -0.01564482 0.01202814
v -0.00290043 -0.01583177 0.01184347
v -0.00290043 -0.01583177 0.01184347
v -0.00290043 -0.01583177 0.01184347
v -0.00290043 -0.01583177 0.01184347
v -0.00290043 -0.01583177 0.01184347
v -0.00290043 -0.01583177 0.01184347
v -0.00000039 -0.01714942 0.01040660
v -0.00000039 -0.01714942 0.01040660
v -0.00000039 -0.01714942 0.01040660
v -0.00000039 -0.01714942 0.01040660
v -0.00000039 -0.01714942 0.01040660
v -0.00000039 -0.01714942 0.01040660
v -0.00000039 -0.01714942 0.01040660
v -0.00000039 -0.01714942 0.01040660
v -0.00000039 -0.01714942 0.01040660
v -0.00000039 -0.01714942 0.01040660
v -0.00293359 -0.01602499 0.01164797
v -0.00293359 -0.01602499 0.01164797
v -0.00293359 -0.01602499 0.01164797
v -0.00293359 -0.01602499 0.01164797
v -0.00293359 -0.01602499 0.01164797
v -0.00298171 -0.01612669 0.01154310
v -0.00298171 -0.01612669 0.01154310
v -0.00298171 -0.01612669 0.01154310
v -0.00298171 -0.01612669 0.01154310
v -0.00298171 -0.01612669 0.01154310
v -0.00321690 -0.01637265 0.01128378
v -0.00321690 -0.01637265 0.01128378
v -0.00321690 -0.01637265 0.01128378
v -0.00321690 -0.01637265 0.01128378
v -0.00321690 -0.01637265 0.01128378
v -0.00321690 -0.01637265 0.01128378
v -0.00357493 -0.01653691 0.01110586
v -0.00357493 -0.01653691 0.01110586
v -0.00357493 -0.01653691 0.01110586
v -0.00357493 -0.01653691 0.01110586
v -0.00357493 -0.01653691 0.01110586
v -0.00357493 -0.01653691 0.01110586
v -0.00400039 -0.01659475 0.01104227
v -0.00400039 -0.01659475 0.01104227
v -0.00400039 -0.01659475 0.01104227
v -0.00400039 -0.01659475 0.01104227
v -0.00400039 -0.01659475 0.01104227
v -0.00400039 -0.01659475 0.01104227
v -0.00000039 -0.01939584 0.00720000
v -0.00000039 -0.01939584 0.00720000
v -0.00000039 -0.01939584 0.00720000
v -0.00000039 -0.01939584 0.00720000
v -0.00000039 -0.01939584 0.00720000
v -0.00400039 -0.01227738 0.00983615
v -0.00400039 -0.01227738 0.00983615
v -0.00400039 -0.01227738 0.00983615
v -0.00400039 -0.01227738 0.00983615
v -0.00400039 -0.01227738 0.00983615
v -0.00400039 -0.01227738 0.00983615
v -0.00400039 -0.01227738 0.00983615
v -0.00442270 -0.01234041 0.00977997
v -0.00442270 -0.01234041 0.00977997
v -0.00442270 -0.01234041 0.00977997
v -0.00442270 -0.01234041 0.00977997
v -0.00442270 -0.01234041 0.00977997
v -0.00442270 -0.01234041 0.00977997
v -0.00478156 -0.01251926 0.00961762
v -0.00478156 -0.01251926 0.00961762
v -0.00478156 -0.01251926 0.00961762
v -0.00478156 -0.01251926 0.00961762
v -0.00478156 -0.01251926 0.00961762
v -0.00501829 -0.01278014 0.00937300
v -0.00501829 -0.01278014 0.00937300
v -0.00501829 -0.01278014 0.00937300
v -0.00501829 -0.01278014 0.00937300
v -0.00501829 -0.01278014 0.00937300
v -0.00506704 -0.01288687 0.00927014
v -0.00506704 -0.01288687 0.00927014
v -0.00506704 -0.01288687 0.00927014
v -0.00506704 -0.01288687 0.00927014
v -0.00506704 -0.01288687 0.00927014
v -0.00510038 -0.01308069 0.00907912
v -0.00510038 -0.01308069 0.00907912
v -0.00510038 -0.01308069 0.00907912
v -0.00510038 -0.01308069 0.00907912
v -0.00510038 -0.01308069 0.00907912
v -0.00510038 -0.01308069 0.00907912
v -0.00506704 -0.01326700 0.00889002
v -0.00506704 -0.01326700 0.00889002
v -0.00506704 -0.01326700 0.00889002
v -0.00506704 -0.01326700 0.00889002
v -0.00506704 -0.01326700 0.00889002
v -0.00501578 -0.01337405 0.00877890
v -0.00501578 -0.01337405 0.00877890
v -0.00501578 -0.01337405 0.00877890
v -0.00501578 -0.01337405 0.00877890
v -0.00501578 -0.01337405 0.00877890
v -0.00477728 -0.01361740 0.00851923
v -0.00477728 -0.01361740 0.00851923
v -0.00477728 -0.01361740 0.00851923
v -0.00477728 -0.01361740 0.00851923
v -0.00477728 -0.01361740 0.00851923
v -0.00477728 -0.01361740 0.00851923
v -0.00443773 -0.01377256 0.00834830
v -0.00443773 -0.01377256 0.00834830
v -0.00443773 -0.01377256 0.00834830
v -0.00443773 -0.01377256 0.00834830
v -0.00443773 -0.01377256 0.00834830
v -0.00400039 -0.01383300 0.00828051
v -0.00400039 -0.01383300 0.00828051
v -0.00400039 -0.01383300 0.00828051
v -0.00400039 -0.01383300 0.00828051
v -0.00400039 -0.01383300 0.00828051
v -0.00400039 -0.01383300 0.00828051
v -0.00356261 -0.01234530 0.00977558
v -0.00356261 -0.01234530 0.00977558
v -0.00356261 -0.01234530 0.00977558
v -0.00356261 -0.01234530 0.00977558
v -0.00322251 -0.01251681 0.00961987
v -0.00322251 -0.01251681 0.00961987
v -0.00322251 -0.01251681 0.00961987
v -0.00322251 -0.01251681 0.00961987
v -0.00322251 -0.01251681 0.00961987
v -0.00322251 -0.01251681 0.00961987
v -0.00322251 -0.01251681 0.00961987
v -0.00298398 -0.01277752 0.00937551
v -0.00298398 -0.01277752 0.00937551
v -0.00298398 -0.01277752 0.00937551
v -0.00298398 -0.01277752 0.00937551
v -0.00298398 -0.01277752 0.00937551
v -0.00293373 -0.01288687 0.00927014
v -0.00293373 -0.01288687 0.00927014
v -0.00293373 -0.01288687 0.00927014
v -0.00293373 -0.01288687 0.00927014
v -0.00293373 -0.01288687 0.00927014
v -0.00290039 -0.01307862 0.00908120
v -0.00290039 -0.01307862 0.00908120
v -0.00290039 -0.01307862 0.00908120
v -0.00290039 -0.01307862 0.00908120
v -0.00290039 -0.01307862 0.00908120
v -0.00293373 -0.01326700 0.00889002
v -0.00293373 -0.01326700 0.00889002
v -0.00293373 -0.01326700 0.00889002
v -0.00293373 -0.01326700 0.00889002
v -0.00293373 -0.01326700 0.00889002
v -0.00293373 -0.01326700 0.00889002
v -0.00298426 -0.01337285 0.00878016
v -0.00298426 -0.01337285 0.00878016
v -0.00298426 -0.01337285 0.00878016
v -0.00298426 -0.01337285 0.00878016
v -0.00298426 -0.01337285 0.00878016
v -0.00318846 -0.01359257 0.00854617
v -0.00318846 -0.01359257 0.00854617
v -0.00318846 -0.01359257 0.00854617
v -0.00318846 -0.01359257 0.00854617
v -0.00322291 -0.01361701 0.00851966
v -0.00322291 -0.01361701 0.00851966
v -0.00322291 -0.01361701 0.00851966
v -0.00322291 -0.01361701 0.00851966
v -0.00322291 -0.01361701 0.00851966
v -0.00358022 -0.01377743 0.00834288
v -0.00358022 -0.01377743 0.00834288
v -0.00358022 -0.01377743 0.00834288
v -0.00358022 -0.01377743 0.00834288
v -0.00750039 -0.01488051 0.00698761
v -0.00750039 -0.01488051 0.00698761
v -0.00750039 -0.01488051 0.00698761
v -0.00750039 -0.01488051 0.00698761
v -0.00750039 -0.01488051 0.00698761
v -0.00750039 -0.01488051 0.00698761
v -0.00750039 -0.01488051 0.00698761
v -0.00750039 -0.01488051 0.00698761
v -0.00750039 -0.01488051 0.00698761
v -0.00000039 -0.01148599 0.01050000
v -0.00000039 -0.01148599 0.01050000
v -0.00000039 -0.01148599 0.01050000
v -0.00000039 -0.01148599 0.01050000
v -0.00000039 -0.01148599 0.01050000
v -0.00000039 -0.01148599 0.01050000
v -0.00750039 -0.01148599 0.01050000
v -0.00750039 -0.01148599 0.01050000
v -0.00750039 -0.01148599 0.01050000
v -0.00750039 -0.01148599 0.01050000
v -0.00750039 -0.01148599 0.01050000
v -0.00750039 -0.01248044 0.00965323
v -0.00750039 -0.01248044 0.00965323
v -0.00750039 -0.01248044 0.00965323
v -0.00750039 -0.01248044 0.00965323
v -0.00750039 -0.01248044 0.00965323
v -0.00750039 -0.01248044 0.00965323
v -0.00750039 -0.01248044 0.00965323
v -0.00000039 -0.01248044 0.00965323
v -0.00000039 -0.01248044 0.00965323
v -0.00000039 -0.01248044 0.00965323
v -0.00000039 -0.01248044 0.00965323
v -0.00000039 -0.01248044 0.00965323
v -0.00000039 -0.01248044 0.00965323
v -0.00000039 -0.01248044 0.00965323
v -0.00000039 -0.01488051 0.00698761
v -0.00000039 -0.01488051 0.00698761
v -0.00000039 -0.01488051 0.00698761
v -0.00000039 -0.01488051 0.00698761
v -0.00000039 -0.01488051 0.00698761
v -0.00000039 -0.01488051 0.00698761
v -0.00000039 -0.01488051 0.00698761
v -0.00000039 -0.01488051 0.00698761
v -0.00000039 -0.01488051 0.00698761
v -0.00750039 -0.01123974 -0.01869176
v -0.00750039 -0.01123974 -0.01869176
v -0.00750039 -0.01123974 -0.01869176
v -0.00750039 -0.01123974 -0.01869176
v -0.00750039 -0.01123974 -0.01869176
v -0.00750039 -0.01123974 -0.01869176
v -0.00750039 -0.01123974 -0.01869176
v -0.00750039 -0.01123974 -0.01869176
v -0.00750039 -0.01123974 -0.01869176
v -0.00750039 -0.01386353 -0.01624603
v -0.00750039 -0.01386353 -0.01624603
v -0.00750039 -0.01386353 -0.01624603
v -0.00750039 -0.01386353 -0.01624603
v -0.00750039 -0.01386353 -0.01624603
v -0.00750039 -0.01386353 -0.01624603
v -0.00750039 -0.01386353 -0.01624603
v -0.00750039 -0.01386353 -0.01624603
v -0.00750039 -0.01386353 -0.01624603
v -0.00750039 -0.01386353 -0.01624603
v -0.00000039 -0.01386353 -0.01624603
v -0.00000039 -0.01386353 -0.01624603
v -0.00000039 -0.01386353 -0.01624603
v -0.00000039 -0.01386353 -0.01624603
v -0.00000039 -0.01386353 -0.01624603
v -0.00000039 -0.01386353 -0.01624603
v -0.00000039 -0.01386353 -0.01624603
v -0.00000039 -0.01386353 -0.01624603
v -0.00000039 -0.01386353 -0.01624603
v -0.00000039 -0.01386353 -0.01624603
v -0.00000039 -0.01596606 -0.01333995
v -0.00000039 -0.01596606 -0.01333995
v -0.00000039 -0.01596606 -0.01333995
v -0.00750039 -0.01596606 -0.01333995
v -0.00750039 -0.01596606 -0.01333995
v -0.00750039 -0.01596606 -0.01333995
v -0.00000039 -0.01746826 -0.01008276
v -0.00000039 -0.01746826 -0.01008276
v -0.00000039 -0.01746826 -0.01008276
v -0.00750039 -0.01746826 -0.01008276
v -0.00750039 -0.01746826 -0.01008276
v -0.00750039 -0.01746826 -0.01008276
v -0.00000039 -0.01831369 -0.00659691
v -0.00000039 -0.01831369 -0.00659691
v -0.00000039 -0.01831369 -0.00659691
v -0.00750039 -0.01831369 -0.00659691
v -0.00750039 -0.01831369 -0.00659691
v -0.00750039 -0.01831369 -0.00659691
v -0.00000039 -0.01847054 -0.00301344
v -0.00000039 -0.01847054 -0.00301344
v -0.00000039 -0.01847054 -0.00301344
v -0.00750039 -0.01847054 -0.00301344
v -0.00750039 -0.01847054 -0.00301344
v -0.00750039 -0.01847054 -0.00301344
v -0.00000039 -0.01793292 0.00053295
v -0.00000039 -0.01793292 0.00053295
v -0.00000039 -0.01793292 0.00053295
v -0.00750039 -0.01793292 0.00053295
v -0.00750039 -0.01793292 0.00053295
v -0.00750039 -0.01793292 0.00053295
v -0.00000039 -0.01672107 0.00390893
v -0.00000039 -0.01672107 0.00390893
v -0.00000039 -0.01672107 0.00390893
v -0.00750039 -0.01672107 0.00390893
v -0.00750039 -0.01672107 0.00390893
v -0.00750039 -0.01672107 0.00390893
v -0.00000039 -0.01123974 -0.01869176
v -0.00000039 -0.01123974 -0.01869176
v -0.00000039 -0.01123974 -0.01869176
v -0.00000039 -0.01123974 -0.01869176
v -0.00000039 -0.01123974 -0.01869176
v -0.00000039 -0.01123974 -0.01869176
v -0.00000039 -0.01123974 -0.01869176
v -0.00000039 -0.01123974 -0.01869176
v -0.00750039 -0.00819331 -0.02058519
v -0.00750039 -0.00819331 -0.02058519
v -0.00750039 -0.00819331 -0.02058519
v -0.00000039 -0.00819331 -0.02058519
v -0.00000039 -0.00819331 -0.02058519
v -0.00000039 -0.00819331 -0.02058519
v -0.00750039 -0.00483875 -0.02185515
v -0.00750039 -0.00483875 -0.02185515
v -0.00750039 -0.00483875 -0.02185515
v -0.00000039 -0.00483875 -0.02185515
v -0.00000039 -0.00483875 -0.02185515
v -0.00000039 -0.00483875 -0.02185515
v -0.00750039 -0.00130215 -0.02245389
v -0.00750039 -0.00130215 -0.02245389
v -0.00750039 -0.00130215 -0.02245389
v -0.00000039 -0.00130215 -0.02245389
v -0.00000039 -0.00130215 -0.02245389
v -0.00000039 -0.00130215 -0.02245389
v -0.00750039 0.00000314 -0.02250000
v -0.00750039 0.00000314 -0.02250000
v -0.00750039 0.00000314 -0.02250000
v -0.00000039 0.00000314 -0.02250000
v -0.00000039 0.00000314 -0.02250000
v -0.00000039 0.00000314 -0.02250000
v -0.00000039 0.01488678 0.00698761
v -0.00000039 0.01488678 0.00698761
v -0.00000039 0.01488678 0.00698761
v -0.00000039 0.01488678 0.00698761
v -0.00000039 0.01488678 0.00698761
v -0.00000039 0.01488678 0.00698761
v -0.00000039 0.01488678 0.00698761
v -0.00000039 0.01488678 0.00698761
v -0.00000039 0.01488678 0.00698761
v -0.00750039 0.01149227 0.01050000
v -0.00750039 0.01149227 0.01050000
v -0.00750039 0.01149227 0.01050000
v -0.00750039 0.01149227 0.01050000
v -0.00750039 0.01149227 0.01050000
v -0.00750039 0.01149227 0.01050000
v -0.00000039 0.01149227 0.01050000
v -0.00000039 0.01149227 0.01050000
v -0.00000039 0.01149227 0.01050000
v -0.00000039 0.01149227 0.01050000
v -0.00000039 0.01149227 0.01050000
v -0.00000039 0.01248671 0.00965323
v -0.00000039 0.01248671 0.00965323
v -0.00000039 0.01248671 0.00965323
v -0.00000039 0.01248671 0.00965323
v -0.00000039 0.01248671 0.00965323
v -0.00000039 0.01248671 0.00965323
v -0.00000039 0.01248671 0.00965323
v -0.00750039 0.01248671 0.00965323
v -0.00750039 0.01248671 0.00965323
v -0.00750039 0.01248671 0.00965323
v -0.00750039 0.01248671 0.00965323
v -0.00750039 0.01248671 0.00965323
v -0.00750039 0.01248671 0.00965323
v -0.00750039 0.01248671 0.00965323
v -0.00750039 0.01488678 0.00698761
v -0.00750039 0.01488678 0.00698761
v -0.00750039 0.01488678 0.00698761
v -0.00750039 0.01488678 0.00698761
v -0.00750039 0.01488678 0.00698761
v -0.00750039 0.01488678 0.00698761
v -0.00750039 0.01488678 0.00698761
v -0.00750039 0.01488678 0.00698761
v -0.00750039 0.01488678 0.00698761
v -0.00750039 0.01124603 -0.01869176
v -0.00750039 0.01124603 -0.01869176
v -0.00750039 0.01124603 -0.01869176
v -0.00750039 0.01124603 -0.01869176
v -0.00750039 0.01124603 -0.01869176
v -0.00750039 0.01124603 -0.01869176
v -0.00750039 0.01124603 -0.01869176
v -0.00750039 0.01124603 -0.01869176
v -0.00750039 0.01386982 -0.01624603
v -0.00750039 0.01386982 -0.01624603
v -0.00750039 0.01386982 -0.01624603
v -0.00750039 0.01386982 -0.01624603
v -0.00750039 0.01386982 -0.01624603
v -0.00750039 0.01386982 -0.01624603
v -0.00750039 0.01386982 -0.01624603
v -0.00750039 0.01386982 -0.01624603
v -0.00750039 0.01386982 -0.01624603
v -0.00750039 0.01386982 -0.01624603
v -0.00000039 0.01124603 -0.01869176
v -0.00000039 0.01124603 -0.01869176
v -0.00000039 0.01124603 -0.01869176
v -0.00000039 0.01124603 -0.01869176
v -0.00000039 0.01124603 -0.01869176
v -0.00000039 0.01124603 -0.01869176
v -0.00000039 0.01124603 -0.01869176
v -0.00000039 0.01124603 -0.01869176
v -0.00000039 0.01124603 -0.01869176
v -0.00000039 0.01386982 -0.01624603
v -0.00000039 0.01386982 -0.01624603
v -0.00000039 0.01386982 -0.01624603
v -0.00000039 0.01386982 -0.01624603
v -0.00000039 0.01386982 -0.01624603
v -0.00000039 0.01386982 -0.01624603
v -0.00000039 0.01386982 -0.01624603
v -0.00000039 0.01386982 -0.01624603
v -0.00000039 0.01386982 -0.01624603
v -0.00000039 0.01386982 -0.01624603
v -0.00750039 0.00130843 -0.02245389
v -0.00750039 0.00130843 -0.02245389
v -0.00750039 0.00130843 -0.02245389
v -0.00000039 0.00130843 -0.02245389
v -0.00000039 0.00130843 -0.02245389
v -0.00000039 0.00130843 -0.02245389
v -0.00750039 0.00484502 -0.02185515
v -0.00750039 0.00484502 -0.02185515
v -0.00750039 0.00484502 -0.02185515
v -0.00000039 0.00484502 -0.02185515
v -0.00000039 0.00484502 -0.02185515
v -0.00000039 0.00484502 -0.02185515
v -0.00750039 0.00819959 -0.02058519
v -0.00750039 0.00819959 -0.02058519
v -0.00750039 0.00819959 -0.02058519
v -0.00000039 0.00819959 -0.02058519
v -0.00000039 0.00819959 -0.02058519
v -0.00000039 0.00819959 -0.02058519
v -0.00750039 0.01597235 -0.01333995
v -0.00750039 0.01597235 -0.01333995
v -0.00750039 0.01597235 -0.01333995
v -0.00000039 0.01597235 -0.01333995
v -0.00000039 0.01597235 -0.01333995
v -0.00000039 0.01597235 -0.01333995
v -0.00750039 0.01747453 -0.01008276
v -0.00750039 0.01747453 -0.01008276
v -0.00750039 0.01747453 -0.01008276
v -0.00000039 0.01747453 -0.01008276
v -0.00000039 0.01747453 -0.01008276
v -0.00000039 0.01747453 -0.01008276
v -0.00750039 0.01831996 -0.00659691
v -0.00750039 0.01831996 -0.00659691
v -0.00750039 0.01831996 -0.00659691
v -0.00000039 0.01831996 -0.00659691
v -0.00000039 0.01831996 -0.00659691
v -0.00000039 0.01831996 -0.00659691
v -0.00750039 0.01847681 -0.00301344
v -0.00750039 0.01847681 -0.00301344
v -0.00750039 0.01847681 -0.00301344
v -0.00000039 0.01847681 -0.00301344
v -0.00000039 0.01847681 -0.00301344
v -0.00000039 0.01847681 -0.00301344
v -0.00750039 0.01793921 0.00053295
v -0.00750039 0.01793921 0.00053295
v -0.00750039 0.01793921 0.00053295
v -0.00000039 0.01793921 0.00053295
v -0.00000039 0.01793921 0.00053295
v -0.00000039 0.01793921 0.00053295
v -0.00750039 0.01672734 0.00390893
v -0.00750039 0.01672734 0.00390893
v -0.00750039 0.01672734 0.00390893
v -0.00000039 0.01672734 0.00390893
v -0.00000039 0.01672734 0.00390893
v -0.00000039 0.01672734 0.00390893
v -0.00000039 -0.00807187 0.01050000
v -0.00000039 -0.00807187 0.01050000
v -0.00750039 -0.00800480 0.01050000
v -0.00750039 -0.00800480 0.01050000
v -0.00750039 -0.00800480 0.01050000
v -0.00000039 -0.00800480 0.01050000
v -0.00000039 -0.00800480 0.01050000
v -0.00000039 -0.00800480 0.01050000
v -0.00000039 0.00801109 0.01050000
v -0.00000039 0.00801109 0.01050000
v -0.00000039 0.00801109 0.01050000
v -0.00750039 0.00801109 0.01050000
v -0.00750039 0.00801109 0.01050000
v -0.00750039 0.00801109 0.01050000
v -0.00000039 0.00807814 0.01050000
v -0.00000039 0.00807814 0.01050000
v -0.00750039 -0.00700480 0.01150000
v -0.00750039 -0.00700480 0.01150000
v -0.00750039 -0.00700480 0.01150000
v -0.00000039 -0.00700480 0.01150000
v -0.00000039 -0.00700480 0.01150000
v -0.00000039 -0.00700480 0.01150000
v -0.00000039 -0.00713877 0.01100000
v -0.00000039 -0.00713877 0.01100000
v -0.00000039 -0.00713877 0.01100000
v -0.00750039 -0.00713877 0.01100000
v -0.00750039 -0.00713877 0.01100000
v -0.00750039 -0.00713877 0.01100000
v -0.00000039 -0.00750481 0.01063398
v -0.00000039 -0.00750481 0.01063398
v -0.00000039 -0.00750481 0.01063398
v -0.00750039 -0.00750481 0.01063398
v -0.00750039 -0.00750481 0.01063398
v -0.00750039 -0.00750481 0.01063398
v -0.00750039 -0.00700480 0.01340000
v -0.00750039 -0.00700480 0.01340000
v -0.00750039 -0.00700480 0.01340000
v -0.00750039 -0.00700480 0.01340000
v -0.00000039 -0.00700480 0.01340000
v -0.00000039 -0.00700480 0.01340000
v -0.00000039 -0.00700480 0.01340000
v -0.00000039 -0.00700480 0.01340000
v -0.00750039 -0.00701383 0.01353397
v -0.00750039 -0.00701383 0.01353397
v -0.00750039 -0.00701383 0.01353397
v -0.00750039 -0.00701383 0.01353397
v -0.00715370 -0.00706139 0.01373413
v -0.00715370 -0.00706139 0.01373413
v -0.00715370 -0.00706139 0.01373413
v -0.00715370 -0.00706139 0.01373413
v -0.00715370 -0.00706139 0.01373413
v -0.00715370 -0.00706139 0.01373413
v -0.00715370 -0.00706139 0.01373413
v -0.00600039 -0.00800480 0.01440000
v -0.00600039 -0.00800480 0.01440000
v -0.00600039 -0.00800480 0.01440000
v -0.00000039 -0.00800480 0.01440000
v -0.00000039 -0.00800480 0.01440000
v -0.00000039 -0.00800480 0.01440000
v -0.00000039 -0.00800480 0.01440000
v -0.00604699 -0.00777374 0.01437309
v -0.00604699 -0.00777374 0.01437309
v -0.00604699 -0.00777374 0.01437309
v -0.00604699 -0.00777374 0.01437309
v -0.00000039 -0.00765868 0.01433819
v -0.00000039 -0.00765868 0.01433819
v -0.00000039 -0.00765868 0.01433819
v -0.00000039 -0.00765868 0.01433819
v -0.00624324 -0.00749367 0.01425979
v -0.00624324 -0.00749367 0.01425979
v -0.00624324 -0.00749367 0.01425979
v -0.00624324 -0.00749367 0.01425979
v -0.00000039 -0.00729769 0.01410711
v -0.00000039 -0.00729769 0.01410711
v -0.00000039 -0.00729769 0.01410711
v -0.00000039 -0.00729769 0.01410711
v -0.00664350 -0.00722705 0.01402870
v -0.00664350 -0.00722705 0.01402870
v -0.00664350 -0.00722705 0.01402870
v -0.00664350 -0.00722705 0.01402870
v -0.00000039 -0.00706662 0.01374612
v -0.00000039 -0.00706662 0.01374612
v -0.00000039 -0.00706662 0.01374612
v -0.00000039 -0.00706662 0.01374612
v -0.00600039 0.00843045 0.01440000
v -0.00600039 0.00843045 0.01440000
v -0.00600039 0.00843045 0.01440000
v -0.00000039 0.00843045 0.01440000
v -0.00000039 0.00843045 0.01440000
v -0.00000039 0.00843045 0.01440000
v -0.00000039 0.00843045 0.01440000
v -0.00607865 0.00885674 0.01435481
v -0.00607865 0.00885674 0.01435481
v -0.00607865 0.00885674 0.01435481
v -0.00607865 0.00885674 0.01435481
v -0.00000039 0.00908868 0.01428857
v -0.00000039 0.00908868 0.01428857
v -0.00000039 0.00908868 0.01428857
v -0.00000039 0.00908868 0.01428857
v -0.00631081 0.00925718 0.01422077
v -0.00631081 0.00925718 0.01422077
v -0.00631081 0.00925718 0.01422077
v -0.00631081 0.00925718 0.01422077
v -0.00000039 0.00967358 0.01396671
v -0.00000039 0.00967358 0.01396671
v -0.00000039 0.00967358 0.01396671
v -0.00000039 0.00967358 0.01396671
v -0.00000039 0.00967358 0.01396671
v -0.00675087 0.00967358 0.01396671
v -0.00675087 0.00967358 0.01396671
v -0.00675087 0.00967358 0.01396671
v -0.00000039 -0.00807187 0.01440000
v -0.00000039 -0.00807187 0.01440000
v -0.00000039 0.00807814 0.01440000
v -0.00000039 0.00807814 0.01440000
v -0.00600039 0.00801109 0.01440000
v -0.00600039 0.00801109 0.01440000
v -0.00600039 0.00801109 0.01440000
v -0.00600039 0.00801109 0.01440000
v -0.00600039 0.00801109 0.01440000
v -0.00000039 0.00801109 0.01440000
v -0.00000039 0.00801109 0.01440000
v -0.00000039 0.00801109 0.01440000
v 0.00049961 0.01225315 0.01311762
v 0.00049961 0.01225315 0.01311762
v 0.00049961 0.01225315 0.01311762
v 0.00049961 0.01225315 0.01311762
v -0.00000039 0.01225315 0.01311762
v -0.00000039 0.01225315 0.01311762
v -0.00000039 0.01225315 0.01311762
v 0.00049961 0.01068415 0.01342972
v 0.00049961 0.01068415 0.01342972
v 0.00049961 0.01068415 0.01342972
v 0.00049961 0.01068415 0.01342972
v -0.00000039 0.01068415 0.01342972
v -0.00000039 0.01068415 0.01342972
v -0.00000039 0.01068415 0.01342972
v 0.00049961 0.00935401 0.01431848
v 0.00049961 0.00935401 0.01431848
v 0.00049961 0.00935401 0.01431848
v 0.00049961 0.00935401 0.01431848
v 0.00049961 0.00935401 0.01431848
v 0.00049961 0.00935401 0.01431848
v -0.00000039 0.00935401 0.01431848
v -0.00000039 0.00935401 0.01431848
v -0.00000039 0.00935401 0.01431848
v 0.00049961 0.00846525 0.01564862
v 0.00049961 0.00846525 0.01564862
v 0.00049961 0.00846525 0.01564862
v 0.00049961 0.00846525 0.01564862
v 0.00049961 0.00846525 0.01564862
v 0.00049961 0.00846525 0.01564862
v -0.00000039 0.00846525 0.01564862
v -0.00000039 0.00846525 0.01564862
v -0.00000039 0.00846525 0.01564862
v 0.00049961 0.00815314 0.01721762
v 0.00049961 0.00815314 0.01721762
v 0.00049961 0.00815314 0.01721762
v 0.00049961 0.00815314 0.01721762
v 0.00049961 0.00815314 0.01721762
v -0.00000039 0.00815314 0.01721762
v -0.00000039 0.00815314 0.01721762
v -0.00000039 0.00815314 0.01721762
v 0.00049961 0.00846525 0.01878662
v 0.00049961 0.00846525 0.01878662
v 0.00049961 0.00846525 0.01878662
v 0.00049961 0.00846525 0.01878662
v 0.00049961 0.00846525 0.01878662
v 0.00049961 0.00846525 0.01878662
v -0.00000039 0.00846525 0.01878662
v -0.00000039 0.00846525 0.01878662
v -0.00000039 0.00846525 0.01878662
v 0.00049962 0.00935401 0.02011676
v 0.00049962 0.00935401 0.02011676
v 0.00049962 0.00935401 0.02011676
v 0.00049962 0.00935401 0.02011676
v 0.00049962 0.00935401 0.02011676
v -0.00000038 0.00935401 0.02011676
v -0.00000038 0.00935401 0.02011676
v -0.00000038 0.00935401 0.02011676
v 0.00049962 0.01068415 0.02100553
v 0.00049962 0.01068415 0.02100553
v 0.00049962 0.01068415 0.02100553
v 0.00049962 0.01068415 0.02100553
v -0.00000038 0.01068415 0.02100553
v -0.00000038 0.01068415 0.02100553
v -0.00000038 0.01068415 0.02100553
v 0.00049962 0.01225315 0.02131762
v 0.00049962 0.01225315 0.02131762
v 0.00049962 0.01225315 0.02131762
v 0.00049962 0.01225315 0.02131762
v -0.00000038 0.01225315 0.02131762
v -0.00000038 0.01225315 0.02131762
v -0.00000038 0.01225315 0.02131762
v 0.00049962 0.01382215 0.02100553
v 0.00049962 0.01382215 0.02100553
v 0.00049962 0.01382215 0.02100553
v 0.00049962 0.01382215 0.02100553
v 0.00049962 0.01382215 0.02100553
v 0.00049962 0.01382215 0.02100553
v -0.00000038 0.01382215 0.02100553
v -0.00000038 0.01382215 0.02100553
v -0.00000038 0.01382215 0.02100553
v 0.00049962 0.01515228 0.02011676
v 0.00049962 0.01515228 0.02011676
v 0.00049962 0.01515228 0.02011676
v 0.00049962 0.01515228 0.02011676
v 0.00049962 0.01515228 0.02011676
v -0.00000038 0.01515228 0.02011676
v -0.00000038 0.01515228 0.02011676
v -0.00000038 0.01515228 0.02011676
v 0.00049961 0.01604106 0.01878662
v 0.00049961 0.01604106 0.01878662
v 0.00049961 0.01604106 0.01878662
v 0.00049961 0.01604106 0.01878662
v 0.00049961 0.01604106 0.01878662
v -0.00000039 0.01604106 0.01878662
v -0.00000039 0.01604106 0.01878662
v -0.00000039 0.01604106 0.01878662
v 0.00049961 0.01635313 0.01721762
v 0.00049961 0.01635313 0.01721762
v 0.00049961 0.01635313 0.01721762
v 0.00049961 0.01635313 0.01721762
v -0.00000039 0.01635313 0.01721762
v -0.00000039 0.01635313 0.01721762
v -0.00000039 0.01635313 0.01721762
v 0.00049961 0.01604106 0.01564862
v 0.00049961 0.01604106 0.01564862
v 0.00049961 0.01604106 0.01564862
v 0.00049961 0.01604106 0.01564862
v 0.00049961 0.01604106 0.01564862
v 0.00049961 0.01604106 0.01564862
v -0.00000039 0.01604106 0.01564862
v -0.00000039 0.01604106 0.01564862
v -0.00000039 0.01604106 0.01564862
v 0.00049961 0.01515228 0.01431848
v 0.00049961 0.01515228 0.01431848
v 0.00049961 0.01515228 0.01431848
v 0.00049961 0.01515228 0.01431848
v 0.00049961 0.01515228 0.01431848
v -0.00000039 0.01515228 0.01431848
v -0.00000039 0.01515228 0.01431848
v -0.00000039 0.01515228 0.01431848
v 0.00049961 0.01382215 0.01342972
v 0.00049961 0.01382215 0.01342972
v 0.00049961 0.01382215 0.01342972
v 0.00049961 0.01382215 0.01342972
v 0.00049961 0.01382215 0.01342972
v -0.00000039 0.01382215 0.01342972
v -0.00000039 0.01382215 0.01342972
v -0.00000039 0.01382215 0.01342972
v 0.00249962 0.01225315 0.01931762
v 0.00249962 0.01225315 0.01931762
v 0.00249962 0.01225315 0.01931762
v 0.00249962 0.01225315 0.01931762
v 0.00249962 0.01225315 0.01931762
v 0.00249962 0.01305678 0.01915777
v 0.00249962 0.01305678 0.01915777
v 0.00249962 0.01305678 0.01915777
v 0.00249962 0.01305678 0.01915777
v 0.00249962 0.01305678 0.01915777
v 0.00299961 0.01225315 0.01931762
v 0.00299961 0.01225315 0.01931762
v 0.00299961 0.01225315 0.01931762
v 0.00299961 0.01225315 0.01931762
v 0.00299961 0.01330313 0.01903627
v 0.00299961 0.01330313 0.01903627
v 0.00299961 0.01330313 0.01903627
v 0.00299961 0.01330313 0.01903627
v 0.00299961 0.01330313 0.01903627
v 0.00249962 0.01330313 0.01903627
v 0.00249962 0.01330313 0.01903627
v 0.00249962 0.01330313 0.01903627
v 0.00249962 0.01330313 0.01903627
v 0.00249962 0.01373805 0.01870255
v 0.00249962 0.01373805 0.01870255
v 0.00249962 0.01373805 0.01870255
v 0.00249962 0.01373805 0.01870255
v 0.00249962 0.01373805 0.01870255
v 0.00249962 0.01373805 0.01870255
v 0.00299961 0.01407178 0.01826762
v 0.00299961 0.01407178 0.01826762
v 0.00299961 0.01407178 0.01826762
v 0.00299961 0.01407178 0.01826762
v 0.00299961 0.01407178 0.01826762
v 0.00249962 0.01407178 0.01826762
v 0.00249962 0.01407178 0.01826762
v 0.00249962 0.01407178 0.01826762
v 0.00249962 0.01407178 0.01826762
v 0.00249962 0.01407178 0.01826762
v 0.00249962 0.01419328 0.01802126
v 0.00249962 0.01419328 0.01802126
v 0.00249962 0.01419328 0.01802126
v 0.00249962 0.01419328 0.01802126
v 0.00249962 0.01419328 0.01802126
v 0.00299961 0.01435314 0.01721762
v 0.00299961 0.01435314 0.01721762
v 0.00299961 0.01435314 0.01721762
v 0.00299961 0.01435314 0.01721762
v 0.00299961 0.01435314 0.01721762
v 0.00249962 0.01435314 0.01721762
v 0.00249962 0.01435314 0.01721762
v 0.00249962 0.01435314 0.01721762
v 0.00249962 0.01435314 0.01721762
v 0.00249962 0.01419328 0.01641399
v 0.00249962 0.01419328 0.01641399
v 0.00249962 0.01419328 0.01641399
v 0.00249962 0.01419328 0.01641399
v 0.00249962 0.01419328 0.01641399
v 0.00299961 0.01407178 0.01616762
v 0.00299961 0.01407178 0.01616762
v 0.00299961 0.01407178 0.01616762
v 0.00299961 0.01407178 0.01616762
v 0.00249962 0.01407178 0.01616762
v 0.00249962 0.01407178 0.01616762
v 0.00249962 0.01407178 0.01616762
v 0.00249962 0.01407178 0.01616762
v 0.00249962 0.01407178 0.01616762
v 0.00299961 0.01330313 0.01539897
v 0.00299961 0.01330313 0.01539897
v 0.00299961 0.01330313 0.01539897
v 0.00299961 0.01330313 0.01539897
v 0.00299961 0.01330313 0.01539897
v 0.00299961 0.01330313 0.01539897
v 0.00249962 0.01373805 0.01573270
v 0.00249962 0.01373805 0.01573270
v 0.00249962 0.01373805 0.01573270
v 0.00249962 0.01373805 0.01573270
v 0.00249962 0.01373805 0.01573270
v 0.00249962 0.01225315 0.01511762
v 0.00249962 0.01225315 0.01511762
v 0.00249962 0.01225315 0.01511762
v 0.00249962 0.01225315 0.01511762
v 0.00299961 0.01225315 0.01511762
v 0.00299961 0.01225315 0.01511762
v 0.00299961 0.01225315 0.01511762
v 0.00299961 0.01225315 0.01511762
v 0.00299961 0.01225315 0.01511762
v 0.00249962 0.01305678 0.01527748
v 0.00249962 0.01305678 0.01527748
v 0.00249962 0.01305678 0.01527748
v 0.00249962 0.01305678 0.01527748
v 0.00249962 0.01305678 0.01527748
v 0.00249962 0.01330313 0.01539897
v 0.00249962 0.01330313 0.01539897
v 0.00249962 0.01330313 0.01539897
v 0.00249962 0.01330313 0.01539897
v 0.00249962 0.01330313 0.01539897
v 0.00249962 0.01144952 0.01915777
v 0.00249962 0.01144952 0.01915777
v 0.00249962 0.01144952 0.01915777
v 0.00249962 0.01144952 0.01915777
v 0.00249962 0.01076822 0.01870255
v 0.00249962 0.01076822 0.01870255
v 0.00249962 0.01076822 0.01870255
v 0.00249962 0.01076822 0.01870255
v 0.00249962 0.01076822 0.01870255
v 0.00249962 0.01061128 0.01852695
v 0.00249962 0.01061128 0.01852695
v 0.00249962 0.01061128 0.01852695
v 0.00249962 0.01061128 0.01852695
v 0.00249962 0.01061128 0.01852695
v 0.00249962 0.01031300 0.01802126
v 0.00249962 0.01031300 0.01802126
v 0.00249962 0.01031300 0.01802126
v 0.00249962 0.01031300 0.01802126
v 0.00249962 0.01031300 0.01802126
v 0.00249962 0.01020578 0.01768492
v 0.00249962 0.01020578 0.01768492
v 0.00249962 0.01020578 0.01768492
v 0.00249962 0.01020578 0.01768492
v 0.00249962 0.01020578 0.01768492
v 0.00249962 0.01015314 0.01721762
v 0.00249962 0.01015314 0.01721762
v 0.00249962 0.01015314 0.01721762
v 0.00249962 0.01015314 0.01721762
v 0.00249962 0.01015314 0.01721762
v 0.00249962 0.01015314 0.01721762
v 0.00249962 0.01020578 0.01675033
v 0.00249962 0.01020578 0.01675033
v 0.00249962 0.01020578 0.01675033
v 0.00249962 0.01020578 0.01675033
v 0.00249962 0.01031300 0.01641399
v 0.00249962 0.01031300 0.01641399
v 0.00249962 0.01031300 0.01641399
v 0.00249962 0.01031300 0.01641399
v 0.00249962 0.01031300 0.01641399
v 0.00249962 0.01144952 0.01527748
v 0.00249962 0.01144952 0.01527748
v 0.00249962 0.01144952 0.01527748
v 0.00249962 0.01144952 0.01527748
v 0.00249962 0.01144952 0.01527748
v 0.00249962 0.01076822 0.01573270
v 0.00249962 0.01076822 0.01573270
v 0.00249962 0.01076822 0.01573270
v 0.00249962 0.01076822 0.01573270
v 0.00249962 0.01076822 0.01573270
v 0.00249962 0.01061128 0.01590829
v 0.00249962 0.01061128 0.01590829
v 0.00249962 0.01061128 0.01590829
v 0.00249962 0.01061128 0.01590829
v 0.00249962 0.01061128 0.01590829
v 0.00299961 0.01134199 0.01910966
v 0.00299961 0.01134199 0.01910966
v 0.00299961 0.01134199 0.01910966
v 0.00299961 0.01134199 0.01910966
v 0.00299961 0.01134199 0.01910966
v 0.00299961 0.01020578 0.01675033
v 0.00299961 0.01020578 0.01675033
v 0.00299961 0.01020578 0.01675033
v 0.00299961 0.01020578 0.01675033
v 0.00299961 0.01020578 0.01675033
v 0.00299961 0.01020578 0.01675033
v 0.00299961 0.01061128 0.01590829
v 0.00299961 0.01061128 0.01590829
v 0.00299961 0.01061128 0.01590829
v 0.00299961 0.01061128 0.01590829
v 0.00299961 0.01134199 0.01532559
v 0.00299961 0.01134199 0.01532559
v 0.00299961 0.01134199 0.01532559
v 0.00299961 0.01134199 0.01532559
v 0.00299961 0.01020578 0.01768492
v 0.00299961 0.01020578 0.01768492
v 0.00299961 0.01020578 0.01768492
v 0.00299961 0.01020578 0.01768492
v 0.00299961 0.01020578 0.01768492
v 0.00299961 0.01061128 0.01852695
v 0.00299961 0.01061128 0.01852695
v 0.00299961 0.01061128 0.01852695
v 0.00299961 0.01061128 0.01852695
v 0.00299961 0.01061128 0.01852695
v 0.00049961 -0.02449685 -0.00810000
v 0.00049961 -0.02449685 -0.00810000
v 0.00049961 -0.02449685 -0.00810000
v 0.00049961 -0.02449685 -0.00810000
v -0.00000039 -0.02449685 -0.00810000
v -0.00000039 -0.02449685 -0.00810000
v -0.00000039 -0.02449685 -0.00810000
v 0.00049961 -0.02606586 -0.00778791
v 0.00049961 -0.02606586 -0.00778791
v 0.00049961 -0.02606586 -0.00778791
v 0.00049961 -0.02606586 -0.00778791
v -0.00000039 -0.02606586 -0.00778791
v -0.00000039 -0.02606586 -0.00778791
v -0.00000039 -0.02606586 -0.00778791
v 0.00049961 -0.02739599 -0.00689914
v 0.00049961 -0.02739599 -0.00689914
v 0.00049961 -0.02739599 -0.00689914
v 0.00049961 -0.02739599 -0.00689914
v 0.00049961 -0.02739599 -0.00689914
v 0.00049961 -0.02739599 -0.00689914
v -0.00000039 -0.02739599 -0.00689914
v -0.00000039 -0.02739599 -0.00689914
v -0.00000039 -0.02739599 -0.00689914
v 0.00049961 -0.02828476 -0.00556900
v 0.00049961 -0.02828476 -0.00556900
v 0.00049961 -0.02828476 -0.00556900
v 0.00049961 -0.02828476 -0.00556900
v 0.00049961 -0.02828476 -0.00556900
v 0.00049961 -0.02828476 -0.00556900
v -0.00000039 -0.02828476 -0.00556900
v -0.00000039 -0.02828476 -0.00556900
v -0.00000039 -0.02828476 -0.00556900
v 0.00049961 -0.02859686 -0.00400000
v 0.00049961 -0.02859686 -0.00400000
v 0.00049961 -0.02859686 -0.00400000
v 0.00049961 -0.02859686 -0.00400000
v 0.00049961 -0.02859686 -0.00400000
v -0.00000039 -0.02859686 -0.00400000
v -0.00000039 -0.02859686 -0.00400000
v -0.00000039 -0.02859686 -0.00400000
v 0.00049961 -0.02828476 -0.00243100
v 0.00049961 -0.02828476 -0.00243100
v 0.00049961 -0.02828476 -0.00243100
v 0.00049961 -0.02828476 -0.00243100
v 0.00049961 -0.02828476 -0.00243100
v 0.00049961 -0.02828476 -0.00243100
v -0.00000039 -0.02828476 -0.00243100
v -0.00000039 -0.02828476 -0.00243100
v -0.00000039 -0.02828476 -0.00243100
v 0.00049961 -0.02739599 -0.00110086
v 0.00049961 -0.02739599 -0.00110086
v 0.00049961 -0.02739599 -0.00110086
v 0.00049961 -0.02739599 -0.00110086
v 0.00049961 -0.02739599 -0.00110086
v -0.00000039 -0.02739599 -0.00110086
v -0.00000039 -0.02739599 -0.00110086
v -0.00000039 -0.02739599 -0.00110086
v 0.00049961 -0.02606586 -0.00021210
v 0.00049961 -0.02606586 -0.00021210
v 0.00049961 -0.02606586 -0.00021210
v 0.00049961 -0.02606586 -0.00021210
v -0.00000039 -0.02606586 -0.00021209
v -0.00000039 -0.02606586 -0.00021209
v -0.00000039 -0.02606586 -0.00021209
v 0.00049961 -0.02449685 0.00010000
v 0.00049961 -0.02449685 0.00010000
v 0.00049961 -0.02449685 0.00010000
v 0.00049961 -0.02449685 0.00010000
v -0.00000039 -0.02449685 0.00010000
v -0.00000039 -0.02449685 0.00010000
v -0.00000039 -0.02449685 0.00010000
v 0.00049961 -0.02292785 -0.00021210
v 0.00049961 -0.02292785 -0.00021210
v 0.00049961 -0.02292785 -0.00021210
v 0.00049961 -0.02292785 -0.00021210
v 0.00049961 -0.02292785 -0.00021210
v 0.00049961 -0.02292785 -0.00021210
v -0.00000039 -0.02292785 -0.00021209
v -0.00000039 -0.02292785 -0.00021209
v -0.00000039 -0.02292785 -0.00021209
v 0.00049961 -0.02159771 -0.00110086
v 0.00049961 -0.02159771 -0.00110086
v 0.00049961 -0.02159771 -0.00110086
v 0.00049961 -0.02159771 -0.00110086
v 0.00049961 -0.02159771 -0.00110086
v -0.00000039 -0.02159771 -0.00110086
v -0.00000039 -0.02159771 -0.00110086
v -0.00000039 -0.02159771 -0.00110086
v 0.00049961 -0.02070895 -0.00243100
v 0.00049961 -0.02070895 -0.00243100
v 0.00049961 -0.02070895 -0.00243100
v 0.00049961 -0.02070895 -0.00243100
v 0.00049961 -0.02070895 -0.00243100
v -0.00000039 -0.02070895 -0.00243100
v -0.00000039 -0.02070895 -0.00243100
v -0.00000039 -0.02070895 -0.00243100
v 0.00049961 -0.02039686 -0.00400000
v 0.00049961 -0.02039686 -0.00400000
v 0.00049961 -0.02039686 -0.00400000
v 0.00049961 -0.02039686 -0.00400000
v -0.00000039 -0.02039686 -0.00400000
v -0.00000039 -0.02039686 -0.00400000
v -0.00000039 -0.02039686 -0.00400000
v 0.00049961 -0.02070895 -0.00556900
v 0.00049961 -0.02070895 -0.00556900
v 0.00049961 -0.02070895 -0.00556900
v 0.00049961 -0.02070895 -0.00556900
v 0.00049961 -0.02070895 -0.00556900
v 0.00049961 -0.02070895 -0.00556900
v -0.00000039 -0.02070895 -0.00556900
v -0.00000039 -0.02070895 -0.00556900
v -0.00000039 -0.02070895 -0.00556900
v 0.00049961 -0.02159771 -0.00689914
v 0.00049961 -0.02159771 -0.00689914
v 0.00049961 -0.02159771 -0.00689914
v 0.00049961 -0.02159771 -0.00689914
v 0.00049961 -0.02159771 -0.00689914
v -0.00000039 -0.02159771 -0.00689914
v -0.00000039 -0.02159771 -0.00689914
v -0.00000039 -0.02159771 -0.00689914
v 0.00049961 -0.02292785 -0.00778791
v 0.00049961 -0.02292785 -0.00778791
v 0.00049961 -0.02292785 -0.00778791
v 0.00049961 -0.02292785 -0.00778791
v 0.00049961 -0.02292785 -0.00778791
v -0.00000039 -0.02292785 -0.00778791
v -0.00000039 -0.02292785 -0.00778791
v -0.00000039 -0.02292785 -0.00778791
v 0.00249961 -0.02449685 -0.00190000
v 0.00249961 -0.02449685 -0.00190000
v 0.00249961 -0.02449685 -0.00190000
v 0.00249961 -0.02449685 -0.00190000
v 0.00249961 -0.02449685 -0.00190000
v 0.00249961 -0.02369322 -0.00205985
v 0.00249961 -0.02369322 -0.00205985
v 0.00249961 -0.02369322 -0.00205985
v 0.00249961 -0.02369322 -0.00205985
v 0.00249961 -0.02369322 -0.00205985
v 0.00299961 -0.02449685 -0.00190000
v 0.00299961 -0.02449685 -0.00190000
v 0.00299961 -0.02449685 -0.00190000
v 0.00299961 -0.02449685 -0.00190000
v 0.00299961 -0.02344687 -0.00218135
v 0.00299961 -0.02344687 -0.00218135
v 0.00299961 -0.02344687 -0.00218135
v 0.00299961 -0.02344687 -0.00218135
v 0.00299961 -0.02344687 -0.00218135
v 0.00249961 -0.02344687 -0.00218135
v 0.00249961 -0.02344687 -0.00218135
v 0.00249961 -0.02344687 -0.00218135
v 0.00249961 -0.02344687 -0.00218135
v 0.00249961 -0.02301195 -0.00251508
v 0.00249961 -0.02301195 -0.00251508
v 0.00249961 -0.02301195 -0.00251508
v 0.00249961 -0.02301195 -0.00251508
v 0.00249961 -0.02301195 -0.00251508
v 0.00249961 -0.02301195 -0.00251508
v 0.00299961 -0.02267821 -0.00295000
v 0.00299961 -0.02267821 -0.00295000
v 0.00299961 -0.02267821 -0.00295000
v 0.00299961 -0.02267821 -0.00295000
v 0.00299961 -0.02267821 -0.00295000
v 0.00249961 -0.02267821 -0.00295000
v 0.00249961 -0.02267821 -0.00295000
v 0.00249961 -0.02267821 -0.00295000
v 0.00249961 -0.02267821 -0.00295000
v 0.00249961 -0.02267821 -0.00295000
v 0.00249961 -0.02255672 -0.00319637
v 0.00249961 -0.02255672 -0.00319637
v 0.00249961 -0.02255672 -0.00319637
v 0.00249961 -0.02255672 -0.00319637
v 0.00249961 -0.02255672 -0.00319637
v 0.00299961 -0.02239686 -0.00400000
v 0.00299961 -0.02239686 -0.00400000
v 0.00299961 -0.02239686 -0.00400000
v 0.00299961 -0.02239686 -0.00400000
v 0.00299961 -0.02239686 -0.00400000
v 0.00249961 -0.02239686 -0.00400000
v 0.00249961 -0.02239686 -0.00400000
v 0.00249961 -0.02239686 -0.00400000
v 0.00249961 -0.02239686 -0.00400000
v 0.00249961 -0.02255672 -0.00480364
v 0.00249961 -0.02255672 -0.00480364
v 0.00249961 -0.02255672 -0.00480364
v 0.00249961 -0.02255672 -0.00480364
v 0.00249961 -0.02255672 -0.00480364
v 0.00299961 -0.02267821 -0.00505000
v 0.00299961 -0.02267821 -0.00505000
v 0.00299961 -0.02267821 -0.00505000
v 0.00299961 -0.02267821 -0.00505000
v 0.00249961 -0.02267821 -0.00505000
v 0.00249961 -0.02267821 -0.00505000
v 0.00249961 -0.02267821 -0.00505000
v 0.00249961 -0.02267821 -0.00505000
v 0.00249961 -0.02267821 -0.00505000
v 0.00299961 -0.02344687 -0.00581865
v 0.00299961 -0.02344687 -0.00581865
v 0.00299961 -0.02344687 -0.00581865
v 0.00299961 -0.02344687 -0.00581865
v 0.00299961 -0.02344687 -0.00581865
v 0.00299961 -0.02344687 -0.00581865
v 0.00249961 -0.02301195 -0.00548492
v 0.00249961 -0.02301195 -0.00548492
v 0.00249961 -0.02301195 -0.00548492
v 0.00249961 -0.02301195 -0.00548492
v 0.00249961 -0.02301195 -0.00548492
v 0.00249961 -0.02449685 -0.00610000
v 0.00249961 -0.02449685 -0.00610000
v 0.00249961 -0.02449685 -0.00610000
v 0.00249961 -0.02449685 -0.00610000
v 0.00299961 -0.02449685 -0.00610000
v 0.00299961 -0.02449685 -0.00610000
v 0.00299961 -0.02449685 -0.00610000
v 0.00299961 -0.02449685 -0.00610000
v 0.00299961 -0.02449685 -0.00610000
v 0.00249961 -0.02369322 -0.00594015
v 0.00249961 -0.02369322 -0.00594015
v 0.00249961 -0.02369322 -0.00594015
v 0.00249961 -0.02369322 -0.00594015
v 0.00249961 -0.02369322 -0.00594015
v 0.00249961 -0.02344687 -0.00581865
v 0.00249961 -0.02344687 -0.00581865
v 0.00249961 -0.02344687 -0.00581865
v 0.00249961 -0.02344687 -0.00581865
v 0.00249961 -0.02344687 -0.00581865
v 0.00249961 -0.02530049 -0.00205985
v 0.00249961 -0.02530049 -0.00205985
v 0.00249961 -0.02530049 -0.00205985
v 0.00249961 -0.02530049 -0.00205985
v 0.00249961 -0.02598180 -0.00251508
v 0.00249961 -0.02598180 -0.00251508
v 0.00249961 -0.02598180 -0.00251508
v 0.00249961 -0.02598180 -0.00251508
v 0.00249961 -0.02598180 -0.00251508
v 0.00249961 -0.02613872 -0.00269067
v 0.00249961 -0.02613872 -0.00269067
v 0.00249961 -0.02613872 -0.00269067
v 0.00249961 -0.02613872 -0.00269067
v 0.00249961 -0.02613872 -0.00269067
v 0.00249961 -0.02643701 -0.00319637
v 0.00249961 -0.02643701 -0.00319637
v 0.00249961 -0.02643701 -0.00319637
v 0.00249961 -0.02643701 -0.00319637
v 0.00249961 -0.02643701 -0.00319637
v 0.00249961 -0.02654420 -0.00353271
v 0.00249961 -0.02654420 -0.00353271
v 0.00249961 -0.02654420 -0.00353271
v 0.00249961 -0.02654420 -0.00353271
v 0.00249961 -0.02654420 -0.00353271
v 0.00249961 -0.02659686 -0.00400000
v 0.00249961 -0.02659686 -0.00400000
v 0.00249961 -0.02659686 -0.00400000
v 0.00249961 -0.02659686 -0.00400000
v 0.00249961 -0.02659686 -0.00400000
v 0.00249961 -0.02659686 -0.00400000
v 0.00249961 -0.02654420 -0.00446730
v 0.00249961 -0.02654420 -0.00446730
v 0.00249961 -0.02654420 -0.00446730
v 0.00249961 -0.02654420 -0.00446730
v 0.00249961 -0.02643701 -0.00480364
v 0.00249961 -0.02643701 -0.00480364
v 0.00249961 -0.02643701 -0.00480364
v 0.00249961 -0.02643701 -0.00480364
v 0.00249961 -0.02643701 -0.00480364
v 0.00249961 -0.02530049 -0.00594015
v 0.00249961 -0.02530049 -0.00594015
v 0.00249961 -0.02530049 -0.00594015
v 0.00249961 -0.02530049 -0.00594015
v 0.00249961 -0.02530049 -0.00594015
v 0.00249961 -0.02598180 -0.00548492
v 0.00249961 -0.02598180 -0.00548492
v 0.00249961 -0.02598180 -0.00548492
v 0.00249961 -0.02598180 -0.00548492
v 0.00249961 -0.02598180 -0.00548492
v 0.00249961 -0.02613872 -0.00530933
v 0.00249961 -0.02613872 -0.00530933
v 0.00249961 -0.02613872 -0.00530933
v 0.00249961 -0.02613872 -0.00530933
v 0.00249961 -0.02613872 -0.00530933
v 0.00299961 -0.02540801 -0.00210796
v 0.00299961 -0.02540801 -0.00210796
v 0.00299961 -0.02540801 -0.00210796
v 0.00299961 -0.02540801 -0.00210796
v 0.00299961 -0.02540801 -0.00210796
v 0.00299961 -0.02654420 -0.00446730
v 0.00299961 -0.02654420 -0.00446730
v 0.00299961 -0.02654420 -0.00446730
v 0.00299961 -0.02654420 -0.00446730
v 0.00299961 -0.02654420 -0.00446730
v 0.00299961 -0.02654420 -0.00446730
v 0.00299961 -0.02613872 -0.00530933
v 0.00299961 -0.02613872 -0.00530933
v 0.00299961 -0.02613872 -0.00530933
v 0.00299961 -0.02613872 -0.00530933
v 0.00299961 -0.02540801 -0.00589204
v 0.00299961 -0.02540801 -0.00589204
v 0.00299961 -0.02540801 -0.00589204
v 0.00299961 -0.02540801 -0.00589204
v 0.00299961 -0.02654420 -0.00353271
v 0.00299961 -0.02654420 -0.00353271
v 0.00299961 -0.02654420 -0.00353271
v 0.00299961 -0.02654420 -0.00353271
v 0.00299961 -0.02654420 -0.00353271
v 0.00299961 -0.02613872 -0.00269067
v 0.00299961 -0.02613872 -0.00269067
v 0.00299961 -0.02613872 -0.00269067
v 0.00299961 -0.02613872 -0.00269067
v 0.00299961 -0.02613872 -0.00269067
v 0.00049961 0.01225315 -0.02931762
v 0.00049961 0.01225315 -0.02931762
v 0.00049961 0.01225315 -0.02931762
v 0.00049961 0.01225315 -0.02931762
v -0.00000039 0.01225315 -0.02931762
v -0.00000039 0.01225315 -0.02931762
v -0.00000039 0.01225315 -0.02931762
v 0.00049961 0.01068415 -0.02900553
v 0.00049961 0.01068415 -0.02900553
v 0.00049961 0.01068415 -0.02900553
v 0.00049961 0.01068415 -0.02900553
v -0.00000039 0.01068415 -0.02900553
v -0.00000039 0.01068415 -0.02900553
v -0.00000039 0.01068415 -0.02900553
v 0.00049961 0.00935401 -0.02811676
v 0.00049961 0.00935401 -0.02811676
v 0.00049961 0.00935401 -0.02811676
v 0.00049961 0.00935401 -0.02811676
v 0.00049961 0.00935401 -0.02811676
v 0.00049961 0.00935401 -0.02811676
v -0.00000039 0.00935401 -0.02811676
v -0.00000039 0.00935401 -0.02811676
v -0.00000039 0.00935401 -0.02811676
v 0.00049961 0.00846525 -0.02678663
v 0.00049961 0.00846525 -0.02678663
v 0.00049961 0.00846525 -0.02678663
v 0.00049961 0.00846525 -0.02678663
v 0.00049961 0.00846525 -0.02678663
v 0.00049961 0.00846525 -0.02678663
v -0.00000039 0.00846525 -0.02678663
v -0.00000039 0.00846525 -0.02678663
v -0.00000039 0.00846525 -0.02678663
v 0.00049961 0.00815314 -0.02521762
v 0.00049961 0.00815314 -0.02521762
v 0.00049961 0.00815314 -0.02521762
v 0.00049961 0.00815314 -0.02521762
v 0.00049961 0.00815314 -0.02521762
v 0.00049961 0.00815314 -0.02521762
v -0.00000039 0.00815314 -0.02521762
v -0.00000039 0.00815314 -0.02521762
v -0.00000039 0.00815314 -0.02521762
v -0.00000039 0.00823192 -0.02441775
v -0.00000039 0.00823192 -0.02441775
v -0.00000039 0.00823192 -0.02441775
v -0.00000039 0.00823192 -0.02441775
v 0.00049961 0.00846525 -0.02364862
v 0.00049961 0.00846525 -0.02364862
v 0.00049961 0.00846525 -0.02364862
v 0.00049961 0.00846525 -0.02364862
v 0.00049961 0.00846525 -0.02364862
v 0.00049961 0.00846525 -0.02364862
v 0.00049961 0.00846525 -0.02364862
v 0.00049961 0.00846525 -0.02364862
v -0.00000039 0.00846525 -0.02364862
v -0.00000039 0.00846525 -0.02364862
v -0.00000039 0.00846525 -0.02364862
v -0.00000039 0.00884412 -0.02293979
v -0.00000039 0.00884412 -0.02293979
v -0.00000039 0.00884412 -0.02293979
v -0.00000039 0.00884412 -0.02293979
v 0.00049961 0.00935401 -0.02231849
v 0.00049961 0.00935401 -0.02231849
v 0.00049961 0.00935401 -0.02231849
v 0.00049961 0.00935401 -0.02231849
v 0.00049961 0.00935401 -0.02231849
v 0.00049961 0.00935401 -0.02231849
v 0.00049961 0.00935401 -0.02231849
v -0.00000039 0.00935401 -0.02231849
v -0.00000039 0.00935401 -0.02231849
v -0.00000039 0.00935401 -0.02231849
v -0.00000039 0.00997531 -0.02180860
v -0.00000039 0.00997531 -0.02180860
v -0.00000039 0.00997531 -0.02180860
v -0.00000039 0.00997531 -0.02180860
v 0.00049961 0.01068415 -0.02142972
v 0.00049961 0.01068415 -0.02142972
v 0.00049961 0.01068415 -0.02142972
v 0.00049961 0.01068415 -0.02142972
v 0.00049961 0.01068415 -0.02142972
v -0.00000039 0.01068415 -0.02142972
v -0.00000039 0.01068415 -0.02142972
v -0.00000039 0.01068415 -0.02142972
v 0.00049961 0.01225315 -0.02111762
v 0.00049961 0.01225315 -0.02111762
v 0.00049961 0.01225315 -0.02111762
v 0.00049961 0.01225315 -0.02111762
v -0.00000039 0.01225315 -0.02111762
v -0.00000039 0.01225315 -0.02111762
v -0.00000039 0.01225315 -0.02111762
v -0.00000039 0.01225315 -0.02111762
v 0.00049961 0.01382215 -0.02142972
v 0.00049961 0.01382215 -0.02142972
v 0.00049961 0.01382215 -0.02142972
v 0.00049961 0.01382215 -0.02142972
v 0.00049961 0.01382215 -0.02142972
v 0.00049961 0.01382215 -0.02142972
v 0.00049961 0.01382215 -0.02142972
v 0.00049961 0.01382215 -0.02142972
v -0.00000039 0.01305301 -0.02119641
v -0.00000039 0.01305301 -0.02119641
v -0.00000039 0.01305301 -0.02119641
v -0.00000039 0.01382215 -0.02142972
v -0.00000039 0.01382215 -0.02142972
v -0.00000039 0.01382215 -0.02142972
v 0.00049961 0.01515228 -0.02231849
v 0.00049961 0.01515228 -0.02231849
v 0.00049961 0.01515228 -0.02231849
v 0.00049961 0.01515228 -0.02231849
v 0.00049961 0.01515228 -0.02231849
v -0.00000039 0.01515228 -0.02231849
v -0.00000039 0.01515228 -0.02231849
v -0.00000039 0.01515228 -0.02231849
v 0.00049961 0.01604106 -0.02364862
v 0.00049961 0.01604106 -0.02364862
v 0.00049961 0.01604106 -0.02364862
v 0.00049961 0.01604106 -0.02364862
v 0.00049961 0.01604106 -0.02364862
v -0.00000039 0.01604106 -0.02364862
v -0.00000039 0.01604106 -0.02364862
v -0.00000039 0.01604106 -0.02364862
v 0.00049961 0.01635313 -0.02521762
v 0.00049961 0.01635313 -0.02521762
v 0.00049961 0.01635313 -0.02521762
v 0.00049961 0.01635313 -0.02521762
v -0.00000039 0.01635313 -0.02521762
v -0.00000039 0.01635313 -0.02521762
v -0.00000039 0.01635313 -0.02521762
v 0.00049961 0.01604106 -0.02678663
v 0.00049961 0.01604106 -0.02678663
v 0.00049961 0.01604106 -0.02678663
v 0.00049961 0.01604106 -0.02678663
v 0.00049961 0.01604106 -0.02678663
v 0.00049961 0.01604106 -0.02678663
v -0.00000039 0.01604106 -0.02678663
v -0.00000039 0.01604106 -0.02678663
v -0.00000039 0.01604106 -0.02678663
v 0.00049961 0.01515228 -0.02811676
v 0.00049961 0.01515228 -0.02811676
v 0.00049961 0.01515228 -0.02811676
v 0.00049961 0.01515228 -0.02811676
v 0.00049961 0.01515228 -0.02811676
v -0.00000039 0.01515228 -0.02811676
v -0.00000039 0.01515228 -0.02811676
v -0.00000039 0.01515228 -0.02811676
v 0.00049961 0.01382215 -0.02900553
v 0.00049961 0.01382215 -0.02900553
v 0.00049961 0.01382215 -0.02900553
v 0.00049961 0.01382215 -0.02900553
v 0.00049961 0.01382215 -0.02900553
v -0.00000039 0.01382215 -0.02900553
v -0.00000039 0.01382215 -0.02900553
v -0.00000039 0.01382215 -0.02900553
v 0.00249961 0.01225315 -0.02311762
v 0.00249961 0.01225315 -0.02311762
v 0.00249961 0.01225315 -0.02311762
v 0.00249961 0.01225315 -0.02311762
v 0.00249961 0.01225315 -0.02311762
v 0.00249961 0.01305678 -0.02327748
v 0.00249961 0.01305678 -0.02327748
v 0.00249961 0.01305678 -0.02327748
v 0.00249961 0.01305678 -0.02327748
v 0.00249961 0.01305678 -0.02327748
v 0.00299961 0.01225315 -0.02311762
v 0.00299961 0.01225315 -0.02311762
v 0.00299961 0.01225315 -0.02311762
v 0.00299961 0.01225315 -0.02311762
v 0.00299961 0.01330313 -0.02339897
v 0.00299961 0.01330313 -0.02339897
v 0.00299961 0.01330313 -0.02339897
v 0.00299961 0.01330313 -0.02339897
v 0.00299961 0.01330313 -0.02339897
v 0.00249961 0.01330313 -0.02339897
v 0.00249961 0.01330313 -0.02339897
v 0.00249961 0.01330313 -0.02339897
v 0.00249961 0.01330313 -0.02339897
v 0.00249961 0.01373805 -0.02373270
v 0.00249961 0.01373805 -0.02373270
v 0.00249961 0.01373805 -0.02373270
v 0.00249961 0.01373805 -0.02373270
v 0.00249961 0.01373805 -0.02373270
v 0.00249961 0.01373805 -0.02373270
v 0.00299961 0.01407178 -0.02416762
v 0.00299961 0.01407178 -0.02416762
v 0.00299961 0.01407178 -0.02416762
v 0.00299961 0.01407178 -0.02416762
v 0.00299961 0.01407178 -0.02416762
v 0.00249961 0.01407178 -0.02416762
v 0.00249961 0.01407178 -0.02416762
v 0.00249961 0.01407178 -0.02416762
v 0.00249961 0.01407178 -0.02416762
v 0.00249961 0.01407178 -0.02416762
v 0.00249961 0.01419328 -0.02441399
v 0.00249961 0.01419328 -0.02441399
v 0.00249961 0.01419328 -0.02441399
v 0.00249961 0.01419328 -0.02441399
v 0.00249961 0.01419328 -0.02441399
v 0.00299961 0.01435314 -0.02521762
v 0.00299961 0.01435314 -0.02521762
v 0.00299961 0.01435314 -0.02521762
v 0.00299961 0.01435314 -0.02521762
v 0.00299961 0.01435314 -0.02521762
v 0.00249961 0.01435314 -0.02521762
v 0.00249961 0.01435314 -0.02521762
v 0.00249961 0.01435314 -0.02521762
v 0.00249961 0.01435314 -0.02521762
v 0.00249961 0.01419328 -0.02602126
v 0.00249961 0.01419328 -0.02602126
v 0.00249961 0.01419328 -0.02602126
v 0.00249961 0.01419328 -0.02602126
v 0.00249961 0.01419328 -0.02602126
v 0.00299961 0.01407178 -0.02626762
v 0.00299961 0.01407178 -0.02626762
v 0.00299961 0.01407178 -0.02626762
v 0.00299961 0.01407178 -0.02626762
v 0.00249961 0.01407178 -0.02626762
v 0.00249961 0.01407178 -0.02626762
v 0.00249961 0.01407178 -0.02626762
v 0.00249961 0.01407178 -0.02626762
v 0.00249961 0.01407178 -0.02626762
v 0.00299961 0.01330313 -0.02703628
v 0.00299961 0.01330313 -0.02703628
v 0.00299961 0.01330313 -0.02703628
v 0.00299961 0.01330313 -0.02703628
v 0.00299961 0.01330313 -0.02703628
v 0.00299961 0.01330313 -0.02703628
v 0.00249961 0.01373805 -0.02670255
v 0.00249961 0.01373805 -0.02670255
v 0.00249961 0.01373805 -0.02670255
v 0.00249961 0.01373805 -0.02670255
v 0.00249961 0.01373805 -0.02670255
v 0.00249961 0.01225315 -0.02731762
v 0.00249961 0.01225315 -0.02731762
v 0.00249961 0.01225315 -0.02731762
v 0.00249961 0.01225315 -0.02731762
v 0.00299961 0.01225315 -0.02731762
v 0.00299961 0.01225315 -0.02731762
v 0.00299961 0.01225315 -0.02731762
v 0.00299961 0.01225315 -0.02731762
v 0.00299961 0.01225315 -0.02731762
v 0.00249961 0.01305678 -0.02715777
v 0.00249961 0.01305678 -0.02715777
v 0.00249961 0.01305678 -0.02715777
v 0.00249961 0.01305678 -0.02715777
v 0.00249961 0.01305678 -0.02715777
v 0.00249961 0.01330313 -0.02703628
v 0.00249961 0.01330313 -0.02703628
v 0.00249961 0.01330313 -0.02703628
v 0.00249961 0.01330313 -0.02703628
v 0.00249961 0.01330313 -0.02703628
v 0.00249961 0.01144952 -0.02327748
v 0.00249961 0.01144952 -0.02327748
v 0.00249961 0.01144952 -0.02327748
v 0.00249961 0.01144952 -0.02327748
v 0.00249961 0.01076822 -0.02373270
v 0.00249961 0.01076822 -0.02373270
v 0.00249961 0.01076822 -0.02373270
v 0.00249961 0.01076822 -0.02373270
v 0.00249961 0.01076822 -0.02373270
v 0.00249961 0.01061128 -0.02390830
v 0.00249961 0.01061128 -0.02390830
v 0.00249961 0.01061128 -0.02390830
v 0.00249961 0.01061128 -0.02390830
v 0.00249961 0.01061128 -0.02390830
v 0.00249961 0.01031300 -0.02441399
v 0.00249961 0.01031300 -0.02441399
v 0.00249961 0.01031300 -0.02441399
v 0.00249961 0.01031300 -0.02441399
v 0.00249961 0.01031300 -0.02441399
v 0.00249961 0.01020578 -0.02475033
v 0.00249961 0.01020578 -0.02475033
v 0.00249961 0.01020578 -0.02475033
v 0.00249961 0.01020578 -0.02475033
v 0.00249961 0.01020578 -0.02475033
v 0.00249961 0.01015314 -0.02521762
v 0.00249961 0.01015314 -0.02521762
v 0.00249961 0.01015314 -0.02521762
v 0.00249961 0.01015314 -0.02521762
v 0.00249961 0.01015314 -0.02521762
v 0.00249961 0.01015314 -0.02521762
v 0.00249961 0.01020578 -0.02568492
v 0.00249961 0.01020578 -0.02568492
v 0.00249961 0.01020578 -0.02568492
v 0.00249961 0.01020578 -0.02568492
v 0.00249961 0.01031300 -0.02602126
v 0.00249961 0.01031300 -0.02602126
v 0.00249961 0.01031300 -0.02602126
v 0.00249961 0.01031300 -0.02602126
v 0.00249961 0.01031300 -0.02602126
v 0.00249961 0.01144952 -0.02715777
v 0.00249961 0.01144952 -0.02715777
v 0.00249961 0.01144952 -0.02715777
v 0.00249961 0.01144952 -0.02715777
v 0.00249961 0.01144952 -0.02715777
v 0.00249961 0.01076822 -0.02670255
v 0.00249961 0.01076822 -0.02670255
v 0.00249961 0.01076822 -0.02670255
v 0.00249961 0.01076822 -0.02670255
v 0.00249961 0.01076822 -0.02670255
v 0.00249961 0.01061128 -0.02652695
v 0.00249961 0.01061128 -0.02652695
v 0.00249961 0.01061128 -0.02652695
v 0.00249961 0.01061128 -0.02652695
v 0.00249961 0.01061128 -0.02652695
v 0.00299961 0.01134199 -0.02332559
v 0.00299961 0.01134199 -0.02332559
v 0.00299961 0.01134199 -0.02332559
v 0.00299961 0.01134199 -0.02332559
v 0.00299961 0.01134199 -0.02332559
v 0.00299961 0.01020578 -0.02568492
v 0.00299961 0.01020578 -0.02568492
v 0.00299961 0.01020578 -0.02568492
v 0.00299961 0.01020578 -0.02568492
v 0.00299961 0.01020578 -0.02568492
v 0.00299961 0.01020578 -0.02568492
v 0.00299961 0.01061128 -0.02652695
v 0.00299961 0.01061128 -0.02652695
v 0.00299961 0.01061128 -0.02652695
v 0.00299961 0.01061128 -0.02652695
v 0.00299961 0.01134199 -0.02710966
v 0.00299961 0.01134199 -0.02710966
v 0.00299961 0.01134199 -0.02710966
v 0.00299961 0.01134199 -0.02710966
v 0.00299961 0.01020578 -0.02475033
v 0.00299961 0.01020578 -0.02475033
v 0.00299961 0.01020578 -0.02475033
v 0.00299961 0.01020578 -0.02475033
v 0.00299961 0.01020578 -0.02475033
v 0.00299961 0.01061128 -0.02390830
v 0.00299961 0.01061128 -0.02390830
v 0.00299961 0.01061128 -0.02390830
v 0.00299961 0.01061128 -0.02390830
v 0.00299961 0.01061128 -0.02390830
v 0.00049961 0.02450313 -0.00810000
v 0.00049961 0.02450313 -0.00810000
v 0.00049961 0.02450313 -0.00810000
v 0.00049961 0.02450313 -0.00810000
v -0.00000039 0.02450313 -0.00810000
v -0.00000039 0.02450313 -0.00810000
v -0.00000039 0.02450313 -0.00810000
v 0.00049961 0.02293412 -0.00778791
v 0.00049961 0.02293412 -0.00778791
v 0.00049961 0.02293412 -0.00778791
v 0.00049961 0.02293412 -0.00778791
v -0.00000039 0.02293412 -0.00778791
v -0.00000039 0.02293412 -0.00778791
v -0.00000039 0.02293412 -0.00778791
v 0.00049961 0.02160399 -0.00689914
v 0.00049961 0.02160399 -0.00689914
v 0.00049961 0.02160399 -0.00689914
v 0.00049961 0.02160399 -0.00689914
v 0.00049961 0.02160399 -0.00689914
v 0.00049961 0.02160399 -0.00689914
v -0.00000039 0.02160399 -0.00689914
v -0.00000039 0.02160399 -0.00689914
v -0.00000039 0.02160399 -0.00689914
v 0.00049961 0.02071522 -0.00556900
v 0.00049961 0.02071522 -0.00556900
v 0.00049961 0.02071522 -0.00556900
v 0.00049961 0.02071522 -0.00556900
v 0.00049961 0.02071522 -0.00556900
v 0.00049961 0.02071522 -0.00556900
v -0.00000039 0.02071522 -0.00556900
v -0.00000039 0.02071522 -0.00556900
v -0.00000039 0.02071522 -0.00556900
v 0.00049961 0.02040315 -0.00400000
v 0.00049961 0.02040315 -0.00400000
v 0.00049961 0.02040315 -0.00400000
v 0.00049961 0.02040315 -0.00400000
v 0.00049961 0.02040315 -0.00400000
v -0.00000039 0.02040315 -0.00400000
v -0.00000039 0.02040315 -0.00400000
v -0.00000039 0.02040315 -0.00400000
v 0.00049961 0.02071522 -0.00243100
v 0.00049961 0.02071522 -0.00243100
v 0.00049961 0.02071522 -0.00243100
v 0.00049961 0.02071522 -0.00243100
v 0.00049961 0.02071522 -0.00243100
v 0.00049961 0.02071522 -0.00243100
v -0.00000039 0.02071522 -0.00243100
v -0.00000039 0.02071522 -0.00243100
v -0.00000039 0.02071522 -0.00243100
v 0.00049961 0.02160399 -0.00110086
v 0.00049961 0.02160399 -0.00110086
v 0.00049961 0.02160399 -0.00110086
v 0.00049961 0.02160399 -0.00110086
v 0.00049961 0.02160399 -0.00110086
v -0.00000039 0.02160399 -0.00110086
v -0.00000039 0.02160399 -0.00110086
v -0.00000039 0.02160399 -0.00110086
v 0.00049961 0.02293412 -0.00021210
v 0.00049961 0.02293412 -0.00021210
v 0.00049961 0.02293412 -0.00021210
v 0.00049961 0.02293412 -0.00021210
v -0.00000039 0.02293412 -0.00021209
v -0.00000039 0.02293412 -0.00021209
v -0.00000039 0.02293412 -0.00021209
v 0.00049961 0.02450313 0.00010000
v 0.00049961 0.02450313 0.00010000
v 0.00049961 0.02450313 0.00010000
v 0.00049961 0.02450313 0.00010000
v -0.00000039 0.02450313 0.00010000
v -0.00000039 0.02450313 0.00010000
v -0.00000039 0.02450313 0.00010000
v 0.00049961 0.02607214 -0.00021210
v 0.00049961 0.02607214 -0.00021210
v 0.00049961 0.02607214 -0.00021210
v 0.00049961 0.02607214 -0.00021210
v 0.00049961 0.02607214 -0.00021210
v 0.00049961 0.02607214 -0.00021210
v -0.00000039 0.02607214 -0.00021209
v -0.00000039 0.02607214 -0.00021209
v -0.00000039 0.02607214 -0.00021209
v 0.00049961 0.02740227 -0.00110086
v 0.00049961 0.02740227 -0.00110086
v 0.00049961 0.02740227 -0.00110086
v 0.00049961 0.02740227 -0.00110086
v 0.00049961 0.02740227 -0.00110086
v -0.00000039 0.02740227 -0.00110086
v -0.00000039 0.02740227 -0.00110086
v -0.00000039 0.02740227 -0.00110086
v 0.00049961 0.02829105 -0.00243100
v 0.00049961 0.02829105 -0.00243100
v 0.00049961 0.02829105 -0.00243100
v 0.00049961 0.02829105 -0.00243100
v 0.00049961 0.02829105 -0.00243100
v -0.00000039 0.02829105 -0.00243100
v -0.00000039 0.02829105 -0.00243100
v -0.00000039 0.02829105 -0.00243100
v 0.00049961 0.02860315 -0.00400000
v 0.00049961 0.02860315 -0.00400000
v 0.00049961 0.02860315 -0.00400000
v 0.00049961 0.02860315 -0.00400000
v -0.00000039 0.02860315 -0.00400000
v -0.00000039 0.02860315 -0.00400000
v -0.00000039 0.02860315 -0.00400000
v 0.00049961 0.02829105 -0.00556900
v 0.00049961 0.02829105 -0.00556900
v 0.00049961 0.02829105 -0.00556900
v 0.00049961 0.02829105 -0.00556900
v 0.00049961 0.02829105 -0.00556900
v 0.00049961 0.02829105 -0.00556900
v -0.00000039 0.02829105 -0.00556900
v -0.00000039 0.02829105 -0.00556900
v -0.00000039 0.02829105 -0.00556900
v 0.00049961 0.02740227 -0.00689914
v 0.00049961 0.02740227 -0.00689914
v 0.00049961 0.02740227 -0.00689914
v 0.00049961 0.02740227 -0.00689914
v 0.00049961 0.02740227 -0.00689914
v -0.00000039 0.02740227 -0.00689914
v -0.00000039 0.02740227 -0.00689914
v -0.00000039 0.02740227 -0.00689914
v 0.00049961 0.02607214 -0.00778791
v 0.00049961 0.02607214 -0.00778791
v 0.00049961 0.02607214 -0.00778791
v 0.00049961 0.02607214 -0.00778791
v 0.00049961 0.02607214 -0.00778791
v -0.00000039 0.02607214 -0.00778791
v -0.00000039 0.02607214 -0.00778791
v -0.00000039 0.02607214 -0.00778791
v 0.00249961 0.02450313 -0.00190000
v 0.00249961 0.02450313 -0.00190000
v 0.00249961 0.02450313 -0.00190000
v 0.00249961 0.02450313 -0.00190000
v 0.00249961 0.02450313 -0.00190000
v 0.00249961 0.02530676 -0.00205985
v 0.00249961 0.02530676 -0.00205985
v 0.00249961 0.02530676 -0.00205985
v 0.00249961 0.02530676 -0.00205985
v 0.00249961 0.02530676 -0.00205985
v 0.00299961 0.02450313 -0.00190000
v 0.00299961 0.02450313 -0.00190000
v 0.00299961 0.02450313 -0.00190000
v 0.00299961 0.02450313 -0.00190000
v 0.00299961 0.02555315 -0.00218135
v 0.00299961 0.02555315 -0.00218135
v 0.00299961 0.02555315 -0.00218135
v 0.00299961 0.02555315 -0.00218135
v 0.00299961 0.02555315 -0.00218135
v 0.00249961 0.02555315 -0.00218135
v 0.00249961 0.02555315 -0.00218135
v 0.00249961 0.02555315 -0.00218135
v 0.00249961 0.02555315 -0.00218135
v 0.00249961 0.02598807 -0.00251508
v 0.00249961 0.02598807 -0.00251508
v 0.00249961 0.02598807 -0.00251508
v 0.00249961 0.02598807 -0.00251508
v 0.00249961 0.02598807 -0.00251508
v 0.00249961 0.02598807 -0.00251508
v 0.00299961 0.02632180 -0.00295000
v 0.00299961 0.02632180 -0.00295000
v 0.00299961 0.02632180 -0.00295000
v 0.00299961 0.02632180 -0.00295000
v 0.00299961 0.02632180 -0.00295000
v 0.00249961 0.02632180 -0.00295000
v 0.00249961 0.02632180 -0.00295000
v 0.00249961 0.02632180 -0.00295000
v 0.00249961 0.02632180 -0.00295000
v 0.00249961 0.02632180 -0.00295000
v 0.00249961 0.02644329 -0.00319637
v 0.00249961 0.02644329 -0.00319637
v 0.00249961 0.02644329 -0.00319637
v 0.00249961 0.02644329 -0.00319637
v 0.00249961 0.02644329 -0.00319637
v 0.00299961 0.02660313 -0.00400000
v 0.00299961 0.02660313 -0.00400000
v 0.00299961 0.02660313 -0.00400000
v 0.00299961 0.02660313 -0.00400000
v 0.00299961 0.02660313 -0.00400000
v 0.00249961 0.02660313 -0.00400000
v 0.00249961 0.02660313 -0.00400000
v 0.00249961 0.02660313 -0.00400000
v 0.00249961 0.02660313 -0.00400000
v 0.00249961 0.02644329 -0.00480364
v 0.00249961 0.02644329 -0.00480364
v 0.00249961 0.02644329 -0.00480364
v 0.00249961 0.02644329 -0.00480364
v 0.00249961 0.02644329 -0.00480364
v 0.00299961 0.02632180 -0.00505000
v 0.00299961 0.02632180 -0.00505000
v 0.00299961 0.02632180 -0.00505000
v 0.00299961 0.02632180 -0.00505000
v 0.00249961 0.02632180 -0.00505000
v 0.00249961 0.02632180 -0.00505000
v 0.00249961 0.02632180 -0.00505000
v 0.00249961 0.02632180 -0.00505000
v 0.00249961 0.02632180 -0.00505000
v 0.00299961 0.02555315 -0.00581865
v 0.00299961 0.02555315 -0.00581865
v 0.00299961 0.02555315 -0.00581865
v 0.00299961 0.02555315 -0.00581865
v 0.00299961 0.02555315 -0.00581865
v 0.00299961 0.02555315 -0.00581865
v 0.00249961 0.02598807 -0.00548492
v 0.00249961 0.02598807 -0.00548492
v 0.00249961 0.02598807 -0.00548492
v 0.00249961 0.02598807 -0.00548492
v 0.00249961 0.02598807 -0.00548492
v 0.00249961 0.02450313 -0.00610000
v 0.00249961 0.02450313 -0.00610000
v 0.00249961 0.02450313 -0.00610000
v 0.00249961 0.02450313 -0.00610000
v 0.00299961 0.02450313 -0.00610000
v 0.00299961 0.02450313 -0.00610000
v 0.00299961 0.02450313 -0.00610000
v 0.00299961 0.02450313 -0.00610000
v 0.00299961 0.02450313 -0.00610000
v 0.00249961 0.02530676 -0.00594015
v 0.00249961 0.02530676 -0.00594015
v 0.00249961 0.02530676 -0.00594015
v 0.00249961 0.02530676 -0.00594015
v 0.00249961 0.02530676 -0.00594015
v 0.00249961 0.02555315 -0.00581865
v 0.00249961 0.02555315 -0.00581865
v 0.00249961 0.02555315 -0.00581865
v 0.00249961 0.02555315 -0.00581865
v 0.00249961 0.02555315 -0.00581865
v 0.00249961 0.02369949 -0.00205985
v 0.00249961 0.02369949 -0.00205985
v 0.00249961 0.02369949 -0.00205985
v 0.00249961 0.02369949 -0.00205985
v 0.00249961 0.02301823 -0.00251508
v 0.00249961 0.02301823 -0.00251508
v 0.00249961 0.02301823 -0.00251508
v 0.00249961 0.02301823 -0.00251508
v 0.00249961 0.02301823 -0.00251508
v 0.00249961 0.02286130 -0.00269067
v 0.00249961 0.02286130 -0.00269067
v 0.00249961 0.02286130 -0.00269067
v 0.00249961 0.02286130 -0.00269067
v 0.00249961 0.02286130 -0.00269067
v 0.00249961 0.02256300 -0.00319637
v 0.00249961 0.02256300 -0.00319637
v 0.00249961 0.02256300 -0.00319637
v 0.00249961 0.02256300 -0.00319637
v 0.00249961 0.02256300 -0.00319637
v 0.00249961 0.02245580 -0.00353271
v 0.00249961 0.02245580 -0.00353271
v 0.00249961 0.02245580 -0.00353271
v 0.00249961 0.02245580 -0.00353271
v 0.00249961 0.02245580 -0.00353271
v 0.00249961 0.02240314 -0.00400000
v 0.00249961 0.02240314 -0.00400000
v 0.00249961 0.02240314 -0.00400000
v 0.00249961 0.02240314 -0.00400000
v 0.00249961 0.02240314 -0.00400000
v 0.00249961 0.02240314 -0.00400000
v 0.00249961 0.02245580 -0.00446730
v 0.00249961 0.02245580 -0.00446730
v 0.00249961 0.02245580 -0.00446730
v 0.00249961 0.02245580 -0.00446730
v 0.00249961 0.02256300 -0.00480364
v 0.00249961 0.02256300 -0.00480364
v 0.00249961 0.02256300 -0.00480364
v 0.00249961 0.02256300 -0.00480364
v 0.00249961 0.02256300 -0.00480364
v 0.00249961 0.02369949 -0.00594015
v 0.00249961 0.02369949 -0.00594015
v 0.00249961 0.02369949 -0.00594015
v 0.00249961 0.02369949 -0.00594015
v 0.00249961 0.02369949 -0.00594015
v 0.00249961 0.02301823 -0.00548492
v 0.00249961 0.02301823 -0.00548492
v 0.00249961 0.02301823 -0.00548492
v 0.00249961 0.02301823 -0.00548492
v 0.00249961 0.02301823 -0.00548492
v 0.00249961 0.02286130 -0.00530933
v 0.00249961 0.02286130 -0.00530933
v 0.00249961 0.02286130 -0.00530933
v 0.00249961 0.02286130 -0.00530933
v 0.00249961 0.02286130 -0.00530933
v 0.00299961 0.02359198 -0.00210796
v 0.00299961 0.02359198 -0.00210796
v 0.00299961 0.02359198 -0.00210796
v 0.00299961 0.02359198 -0.00210796
v 0.00299961 0.02359198 -0.00210796
v 0.00299961 0.02245580 -0.00446730
v 0.00299961 0.02245580 -0.00446730
v 0.00299961 0.02245580 -0.00446730
v 0.00299961 0.02245580 -0.00446730
v 0.00299961 0.02245580 -0.00446730
v 0.00299961 0.02245580 -0.00446730
v 0.00299961 0.02286130 -0.00530933
v 0.00299961 0.02286130 -0.00530933
v 0.00299961 0.02286130 -0.00530933
v 0.00299961 0.02286130 -0.00530933
v 0.00299961 0.02359198 -0.00589204
v 0.00299961 0.02359198 -0.00589204
v 0.00299961 0.02359198 -0.00589204
v 0.00299961 0.02359198 -0.00589204
v 0.00299961 0.02245580 -0.00353271
v 0.00299961 0.02245580 -0.00353271
v 0.00299961 0.02245580 -0.00353271
v 0.00299961 0.02245580 -0.00353271
v 0.00299961 0.02245580 -0.00353271
v 0.00299961 0.02286130 -0.00269067
v 0.00299961 0.02286130 -0.00269067
v 0.00299961 0.02286130 -0.00269067
v 0.00299961 0.02286130 -0.00269067
v 0.00299961 0.02286130 -0.00269067
v 0.00049961 -0.01224688 -0.02931762
v 0.00049961 -0.01224688 -0.02931762
v 0.00049961 -0.01224688 -0.02931762
v 0.00049961 -0.01224688 -0.02931762
v -0.00000039 -0.01224688 -0.02931762
v -0.00000039 -0.01224688 -0.02931762
v -0.00000039 -0.01224688 -0.02931762
v 0.00049961 -0.01381585 -0.02900553
v 0.00049961 -0.01381585 -0.02900553
v 0.00049961 -0.01381585 -0.02900553
v 0.00049961 -0.01381585 -0.02900553
v 0.00049961 -0.01381585 -0.02900553
v -0.00000039 -0.01381585 -0.02900553
v -0.00000039 -0.01381585 -0.02900553
v -0.00000039 -0.01381585 -0.02900553
v 0.00049961 -0.01514599 -0.02811676
v 0.00049961 -0.01514599 -0.02811676
v 0.00049961 -0.01514599 -0.02811676
v 0.00049961 -0.01514599 -0.02811676
v 0.00049961 -0.01514599 -0.02811676
v 0.00049961 -0.01514599 -0.02811676
v -0.00000039 -0.01514599 -0.02811676
v -0.00000039 -0.01514599 -0.02811676
v -0.00000039 -0.01514599 -0.02811676
v 0.00049961 -0.01603477 -0.02678663
v 0.00049961 -0.01603477 -0.02678663
v 0.00049961 -0.01603477 -0.02678663
v 0.00049961 -0.01603477 -0.02678663
v 0.00049961 -0.01603477 -0.02678663
v 0.00049961 -0.01603477 -0.02678663
v -0.00000039 -0.01603477 -0.02678663
v -0.00000039 -0.01603477 -0.02678663
v -0.00000039 -0.01603477 -0.02678663
v 0.00049961 -0.01634686 -0.02521762
v 0.00049961 -0.01634686 -0.02521762
v 0.00049961 -0.01634686 -0.02521762
v 0.00049961 -0.01634686 -0.02521762
v 0.00049961 -0.01634686 -0.02521762
v -0.00000039 -0.01634686 -0.02521762
v -0.00000039 -0.01634686 -0.02521762
v -0.00000039 -0.01634686 -0.02521762
v 0.00049961 -0.01603477 -0.02364862
v 0.00049961 -0.01603477 -0.02364862
v 0.00049961 -0.01603477 -0.02364862
v 0.00049961 -0.01603477 -0.02364862
v 0.00049961 -0.01603477 -0.02364862
v 0.00049961 -0.01603477 -0.02364862
v -0.00000039 -0.01603477 -0.02364862
v -0.00000039 -0.01603477 -0.02364862
v -0.00000039 -0.01603477 -0.02364862
v 0.00049961 -0.01514599 -0.02231849
v 0.00049961 -0.01514599 -0.02231849
v 0.00049961 -0.01514599 -0.02231849
v 0.00049961 -0.01514599 -0.02231849
v 0.00049961 -0.01514599 -0.02231849
v -0.00000039 -0.01514599 -0.02231849
v -0.00000039 -0.01514599 -0.02231849
v -0.00000039 -0.01514599 -0.02231849
v 0.00049961 -0.01381585 -0.02142972
v 0.00049961 -0.01381585 -0.02142972
v 0.00049961 -0.01381585 -0.02142972
v 0.00049961 -0.01381585 -0.02142972
v -0.00000039 -0.01381585 -0.02142972
v -0.00000039 -0.01381585 -0.02142972
v -0.00000039 -0.01381585 -0.02142972
v 0.00049961 -0.01224688 -0.02111762
v 0.00049961 -0.01224688 -0.02111762
v 0.00049961 -0.01224688 -0.02111762
v 0.00049961 -0.01224688 -0.02111762
v 0.00049961 -0.01224688 -0.02111762
v -0.00000039 -0.01224688 -0.02111762
v -0.00000039 -0.01224688 -0.02111762
v -0.00000039 -0.01224688 -0.02111762
v -0.00000039 -0.01144698 -0.02119641
v -0.00000039 -0.01144698 -0.02119641
v -0.00000039 -0.01144698 -0.02119641
v -0.00000039 -0.01144698 -0.02119641
v 0.00049961 -0.01067787 -0.02142972
v 0.00049961 -0.01067787 -0.02142972
v 0.00049961 -0.01067787 -0.02142972
v 0.00049961 -0.01067787 -0.02142972
v 0.00049961 -0.01067787 -0.02142972
v 0.00049961 -0.01067787 -0.02142972
v 0.00049961 -0.01067787 -0.02142972
v 0.00049961 -0.01067787 -0.02142972
v -0.00000039 -0.01105671 -0.02129417
v -0.00000039 -0.01105671 -0.02129417
v -0.00000039 -0.01105671 -0.02129417
v -0.00000039 -0.01067787 -0.02142972
v -0.00000039 -0.01067787 -0.02142972
v -0.00000039 -0.01067787 -0.02142972
v -0.00000039 -0.01067787 -0.02142972
v 0.00049961 -0.00934774 -0.02231849
v 0.00049961 -0.00934774 -0.02231849
v 0.00049961 -0.00934774 -0.02231849
v 0.00049961 -0.00934774 -0.02231849
v 0.00049961 -0.00934774 -0.02231849
v 0.00049961 -0.00934774 -0.02231849
v 0.00049961 -0.00934774 -0.02231849
v 0.00049961 -0.00934774 -0.02231849
v -0.00000039 -0.00996903 -0.02180860
v -0.00000039 -0.00996903 -0.02180860
v -0.00000039 -0.00996903 -0.02180860
v -0.00000039 -0.00934774 -0.02231849
v -0.00000039 -0.00934774 -0.02231849
v -0.00000039 -0.00934774 -0.02231849
v -0.00000039 -0.00883785 -0.02293979
v -0.00000039 -0.00883785 -0.02293979
v -0.00000039 -0.00883785 -0.02293979
v -0.00000039 -0.00883785 -0.02293979
v 0.00049961 -0.00845896 -0.02364862
v 0.00049961 -0.00845896 -0.02364862
v 0.00049961 -0.00845896 -0.02364862
v 0.00049961 -0.00845896 -0.02364862
v 0.00049961 -0.00845896 -0.02364862
v 0.00049961 -0.00845896 -0.02364862
v -0.00000039 -0.00845896 -0.02364862
v -0.00000039 -0.00845896 -0.02364862
v -0.00000039 -0.00845896 -0.02364862
v 0.00049961 -0.00814687 -0.02521762
v 0.00049961 -0.00814687 -0.02521762
v 0.00049961 -0.00814687 -0.02521762
v 0.00049961 -0.00814687 -0.02521762
v -0.00000039 -0.00814687 -0.02521762
v -0.00000039 -0.00814687 -0.02521762
v -0.00000039 -0.00814687 -0.02521762
v 0.00049961 -0.00845896 -0.02678663
v 0.00049961 -0.00845896 -0.02678663
v 0.00049961 -0.00845896 -0.02678663
v 0.00049961 -0.00845896 -0.02678663
v 0.00049961 -0.00845896 -0.02678663
v 0.00049961 -0.00845896 -0.02678663
v -0.00000039 -0.00845896 -0.02678663
v -0.00000039 -0.00845896 -0.02678663
v -0.00000039 -0.00845896 -0.02678663
v 0.00049961 -0.00934774 -0.02811676
v 0.00049961 -0.00934774 -0.02811676
v 0.00049961 -0.00934774 -0.02811676
v 0.00049961 -0.00934774 -0.02811676
v 0.00049961 -0.00934774 -0.02811676
v -0.00000039 -0.00934774 -0.02811676
v -0.00000039 -0.00934774 -0.02811676
v -0.00000039 -0.00934774 -0.02811676
v 0.00049961 -0.01067787 -0.02900553
v 0.00049961 -0.01067787 -0.02900553
v 0.00049961 -0.01067787 -0.02900553
v 0.00049961 -0.01067787 -0.02900553
v 0.00049961 -0.01067787 -0.02900553
v -0.00000039 -0.01067787 -0.02900553
v -0.00000039 -0.01067787 -0.02900553
v -0.00000039 -0.01067787 -0.02900553
v 0.00249961 -0.01224688 -0.02311762
v 0.00249961 -0.01224688 -0.02311762
v 0.00249961 -0.01224688 -0.02311762
v 0.00249961 -0.01224688 -0.02311762
v 0.00249961 -0.01224688 -0.02311762
v 0.00249961 -0.01144323 -0.02327748
v 0.00249961 -0.01144323 -0.02327748
v 0.00249961 -0.01144323 -0.02327748
v 0.00249961 -0.01144323 -0.02327748
v 0.00249961 -0.01144323 -0.02327748
v 0.00299961 -0.01224688 -0.02311762
v 0.00299961 -0.01224688 -0.02311762
v 0.00299961 -0.01224688 -0.02311762
v 0.00299961 -0.01224688 -0.02311762
v 0.00299961 -0.01119685 -0.02339897
v 0.00299961 -0.01119685 -0.02339897
v 0.00299961 -0.01119685 -0.02339897
v 0.00299961 -0.01119685 -0.02339897
v 0.00299961 -0.01119685 -0.02339897
v 0.00249961 -0.01119685 -0.02339897
v 0.00249961 -0.01119685 -0.02339897
v 0.00249961 -0.01119685 -0.02339897
v 0.00249961 -0.01119685 -0.02339897
v 0.00249961 -0.01076193 -0.02373270
v 0.00249961 -0.01076193 -0.02373270
v 0.00249961 -0.01076193 -0.02373270
v 0.00249961 -0.01076193 -0.02373270
v 0.00249961 -0.01076193 -0.02373270
v 0.00249961 -0.01076193 -0.02373270
v 0.00299961 -0.01042821 -0.02416762
v 0.00299961 -0.01042821 -0.02416762
v 0.00299961 -0.01042821 -0.02416762
v 0.00299961 -0.01042821 -0.02416762
v 0.00299961 -0.01042821 -0.02416762
v 0.00249961 -0.01042821 -0.02416762
v 0.00249961 -0.01042821 -0.02416762
v 0.00249961 -0.01042821 -0.02416762
v 0.00249961 -0.01042821 -0.02416762
v 0.00249961 -0.01042821 -0.02416762
v 0.00249961 -0.01030670 -0.02441399
v 0.00249961 -0.01030670 -0.02441399
v 0.00249961 -0.01030670 -0.02441399
v 0.00249961 -0.01030670 -0.02441399
v 0.00249961 -0.01030670 -0.02441399
v 0.00299961 -0.01014687 -0.02521762
v 0.00299961 -0.01014687 -0.02521762
v 0.00299961 -0.01014687 -0.02521762
v 0.00299961 -0.01014687 -0.02521762
v 0.00299961 -0.01014687 -0.02521762
v 0.00249961 -0.01014687 -0.02521762
v 0.00249961 -0.01014687 -0.02521762
v 0.00249961 -0.01014687 -0.02521762
v 0.00249961 -0.01014687 -0.02521762
v 0.00249961 -0.01030670 -0.02602126
v 0.00249961 -0.01030670 -0.02602126
v 0.00249961 -0.01030670 -0.02602126
v 0.00249961 -0.01030670 -0.02602126
v 0.00249961 -0.01030670 -0.02602126
v 0.00299961 -0.01042821 -0.02626762
v 0.00299961 -0.01042821 -0.02626762
v 0.00299961 -0.01042821 -0.02626762
v 0.00299961 -0.01042821 -0.02626762
v 0.00249961 -0.01042821 -0.02626762
v 0.00249961 -0.01042821 -0.02626762
v 0.00249961 -0.01042821 -0.02626762
v 0.00249961 -0.01042821 -0.02626762
v 0.00249961 -0.01042821 -0.02626762
v 0.00299961 -0.01119685 -0.02703628
v 0.00299961 -0.01119685 -0.02703628
v 0.00299961 -0.01119685 -0.02703628
v 0.00299961 -0.01119685 -0.02703628
v 0.00299961 -0.01119685 -0.02703628
v 0.00299961 -0.01119685 -0.02703628
v 0.00249961 -0.01076193 -0.02670255
v 0.00249961 -0.01076193 -0.02670255
v 0.00249961 -0.01076193 -0.02670255
v 0.00249961 -0.01076193 -0.02670255
v 0.00249961 -0.01076193 -0.02670255
v 0.00249961 -0.01224688 -0.02731762
v 0.00249961 -0.01224688 -0.02731762
v 0.00249961 -0.01224688 -0.02731762
v 0.00249961 -0.01224688 -0.02731762
v 0.00299961 -0.01224688 -0.02731762
v 0.00299961 -0.01224688 -0.02731762
v 0.00299961 -0.01224688 -0.02731762
v 0.00299961 -0.01224688 -0.02731762
v 0.00299961 -0.01224688 -0.02731762
v 0.00249961 -0.01144323 -0.02715777
v 0.00249961 -0.01144323 -0.02715777
v 0.00249961 -0.01144323 -0.02715777
v 0.00249961 -0.01144323 -0.02715777
v 0.00249961 -0.01144323 -0.02715777
v 0.00249961 -0.01119685 -0.02703628
v 0.00249961 -0.01119685 -0.02703628
v 0.00249961 -0.01119685 -0.02703628
v 0.00249961 -0.01119685 -0.02703628
v 0.00249961 -0.01119685 -0.02703628
v 0.00249961 -0.01305051 -0.02327748
v 0.00249961 -0.01305051 -0.02327748
v 0.00249961 -0.01305051 -0.02327748
v 0.00249961 -0.01305051 -0.02327748
v 0.00249961 -0.01373178 -0.02373270
v 0.00249961 -0.01373178 -0.02373270
v 0.00249961 -0.01373178 -0.02373270
v 0.00249961 -0.01373178 -0.02373270
v 0.00249961 -0.01373178 -0.02373270
v 0.00249961 -0.01388870 -0.02390830
v 0.00249961 -0.01388870 -0.02390830
v 0.00249961 -0.01388870 -0.02390830
v 0.00249961 -0.01388870 -0.02390830
v 0.00249961 -0.01388870 -0.02390830
v 0.00249961 -0.01418701 -0.02441399
v 0.00249961 -0.01418701 -0.02441399
v 0.00249961 -0.01418701 -0.02441399
v 0.00249961 -0.01418701 -0.02441399
v 0.00249961 -0.01418701 -0.02441399
v 0.00249961 -0.01429422 -0.02475033
v 0.00249961 -0.01429422 -0.02475033
v 0.00249961 -0.01429422 -0.02475033
v 0.00249961 -0.01429422 -0.02475033
v 0.00249961 -0.01429422 -0.02475033
v 0.00249961 -0.01434687 -0.02521762
v 0.00249961 -0.01434687 -0.02521762
v 0.00249961 -0.01434687 -0.02521762
v 0.00249961 -0.01434687 -0.02521762
v 0.00249961 -0.01434687 -0.02521762
v 0.00249961 -0.01434687 -0.02521762
v 0.00249961 -0.01429422 -0.02568492
v 0.00249961 -0.01429422 -0.02568492
v 0.00249961 -0.01429422 -0.02568492
v 0.00249961 -0.01429422 -0.02568492
v 0.00249961 -0.01418701 -0.02602126
v 0.00249961 -0.01418701 -0.02602126
v 0.00249961 -0.01418701 -0.02602126
v 0.00249961 -0.01418701 -0.02602126
v 0.00249961 -0.01418701 -0.02602126
v 0.00249961 -0.01305051 -0.02715777
v 0.00249961 -0.01305051 -0.02715777
v 0.00249961 -0.01305051 -0.02715777
v 0.00249961 -0.01305051 -0.02715777
v 0.00249961 -0.01305051 -0.02715777
v 0.00249961 -0.01373178 -0.02670255
v 0.00249961 -0.01373178 -0.02670255
v 0.00249961 -0.01373178 -0.02670255
v 0.00249961 -0.01373178 -0.02670255
v 0.00249961 -0.01373178 -0.02670255
v 0.00249961 -0.01373178 -0.02670255
v 0.00249961 -0.01388870 -0.02652695
v 0.00249961 -0.01388870 -0.02652695
v 0.00249961 -0.01388870 -0.02652695
v 0.00249961 -0.01388870 -0.02652695
v 0.00249961 -0.01388870 -0.02652695
v 0.00299961 -0.01315802 -0.02332559
v 0.00299961 -0.01315802 -0.02332559
v 0.00299961 -0.01315802 -0.02332559
v 0.00299961 -0.01315802 -0.02332559
v 0.00299961 -0.01315802 -0.02332559
v 0.00299961 -0.01429422 -0.02568492
v 0.00299961 -0.01429422 -0.02568492
v 0.00299961 -0.01429422 -0.02568492
v 0.00299961 -0.01429422 -0.02568492
v 0.00299961 -0.01429422 -0.02568492
v 0.00299961 -0.01429422 -0.02568492
v 0.00299961 -0.01388870 -0.02652695
v 0.00299961 -0.01388870 -0.02652695
v 0.00299961 -0.01388870 -0.02652695
v 0.00299961 -0.01388870 -0.02652695
v 0.00299961 -0.01315802 -0.02710966
v 0.00299961 -0.01315802 -0.02710966
v 0.00299961 -0.01315802 -0.02710966
v 0.00299961 -0.01315802 -0.02710966
v 0.00299961 -0.01429422 -0.02475033
v 0.00299961 -0.01429422 -0.02475033
v 0.00299961 -0.01429422 -0.02475033
v 0.00299961 -0.01429422 -0.02475033
v 0.00299961 -0.01429422 -0.02475033
v 0.00299961 -0.01388870 -0.02390830
v 0.00299961 -0.01388870 -0.02390830
v 0.00299961 -0.01388870 -0.02390830
v 0.00299961 -0.01388870 -0.02390830
v 0.00299961 -0.01388870 -0.02390830
v 0.00049961 -0.01224688 0.01311762
v 0.00049961 -0.01224688 0.01311762
v 0.00049961 -0.01224688 0.01311762
v 0.00049961 -0.01224688 0.01311762
v -0.00000039 -0.01224688 0.01311762
v -0.00000039 -0.01224688 0.01311762
v -0.00000039 -0.01224688 0.01311762
v 0.00049961 -0.01381585 0.01342972
v 0.00049961 -0.01381585 0.01342972
v 0.00049961 -0.01381585 0.01342972
v 0.00049961 -0.01381585 0.01342972
v 0.00049961 -0.01381585 0.01342972
v -0.00000039 -0.01381585 0.01342972
v -0.00000039 -0.01381585 0.01342972
v -0.00000039 -0.01381585 0.01342972
v 0.00049961 -0.01514599 0.01431848
v 0.00049961 -0.01514599 0.01431848
v 0.00049961 -0.01514599 0.01431848
v 0.00049961 -0.01514599 0.01431848
v 0.00049961 -0.01514599 0.01431848
v 0.00049961 -0.01514599 0.01431848
v -0.00000039 -0.01514599 0.01431848
v -0.00000039 -0.01514599 0.01431848
v -0.00000039 -0.01514599 0.01431848
v 0.00049961 -0.01603477 0.01564862
v 0.00049961 -0.01603477 0.01564862
v 0.00049961 -0.01603477 0.01564862
v 0.00049961 -0.01603477 0.01564862
v 0.00049961 -0.01603477 0.01564862
v 0.00049961 -0.01603477 0.01564862
v -0.00000039 -0.01603477 0.01564862
v -0.00000039 -0.01603477 0.01564862
v -0.00000039 -0.01603477 0.01564862
v 0.00049961 -0.01634686 0.01721762
v 0.00049961 -0.01634686 0.01721762
v 0.00049961 -0.01634686 0.01721762
v 0.00049961 -0.01634686 0.01721762
v 0.00049961 -0.01634686 0.01721762
v -0.00000039 -0.01634686 0.01721762
v -0.00000039 -0.01634686 0.01721762
v -0.00000039 -0.01634686 0.01721762
v 0.00049961 -0.01603477 0.01878662
v 0.00049961 -0.01603477 0.01878662
v 0.00049961 -0.01603477 0.01878662
v 0.00049961 -0.01603477 0.01878662
v 0.00049961 -0.01603477 0.01878662
v 0.00049961 -0.01603477 0.01878662
v -0.00000039 -0.01603477 0.01878662
v -0.00000039 -0.01603477 0.01878662
v -0.00000039 -0.01603477 0.01878662
v 0.00049962 -0.01514599 0.02011676
v 0.00049962 -0.01514599 0.02011676
v 0.00049962 -0.01514599 0.02011676
v 0.00049962 -0.01514599 0.02011676
v 0.00049962 -0.01514599 0.02011676
v 0.00049962 -0.01514599 0.02011676
v -0.00000038 -0.01514599 0.02011676
v -0.00000038 -0.01514599 0.02011676
v -0.00000038 -0.01514599 0.02011676
v 0.00049962 -0.01381585 0.02100553
v 0.00049962 -0.01381585 0.02100553
v 0.00049962 -0.01381585 0.02100553
v 0.00049962 -0.01381585 0.02100553
v -0.00000038 -0.01381585 0.02100553
v -0.00000038 -0.01381585 0.02100553
v -0.00000038 -0.01381585 0.02100553
v 0.00049962 -0.01224688 0.02131762
v 0.00049962 -0.01224688 0.02131762
v 0.00049962 -0.01224688 0.02131762
v 0.00049962 -0.01224688 0.02131762
v -0.00000038 -0.01224688 0.02131762
v -0.00000038 -0.01224688 0.02131762
v -0.00000038 -0.01224688 0.02131762
v 0.00049962 -0.01067787 0.02100553
v 0.00049962 -0.01067787 0.02100553
v 0.00049962 -0.01067787 0.02100553
v 0.00049962 -0.01067787 0.02100553
v 0.00049962 -0.01067787 0.02100553
v 0.00049962 -0.01067787 0.02100553
v -0.00000038 -0.01067787 0.02100553
v -0.00000038 -0.01067787 0.02100553
v -0.00000038 -0.01067787 0.02100553
v 0.00049962 -0.00934774 0.02011676
v 0.00049962 -0.00934774 0.02011676
v 0.00049962 -0.00934774 0.02011676
v 0.00049962 -0.00934774 0.02011676
v 0.00049962 -0.00934774 0.02011676
v -0.00000038 -0.00934774 0.02011676
v -0.00000038 -0.00934774 0.02011676
v -0.00000038 -0.00934774 0.02011676
v 0.00049961 -0.00845896 0.01878662
v 0.00049961 -0.00845896 0.01878662
v 0.00049961 -0.00845896 0.01878662
v 0.00049961 -0.00845896 0.01878662
v 0.00049961 -0.00845896 0.01878662
v -0.00000039 -0.00845896 0.01878662
v -0.00000039 -0.00845896 0.01878662
v -0.00000039 -0.00845896 0.01878662
v 0.00049961 -0.00814687 0.01721762
v 0.00049961 -0.00814687 0.01721762
v 0.00049961 -0.00814687 0.01721762
v 0.00049961 -0.00814687 0.01721762
v -0.00000039 -0.00814687 0.01721762
v -0.00000039 -0.00814687 0.01721762
v -0.00000039 -0.00814687 0.01721762
v 0.00049961 -0.00845896 0.01564862
v 0.00049961 -0.00845896 0.01564862
v 0.00049961 -0.00845896 0.01564862
v 0.00049961 -0.00845896 0.01564862
v 0.00049961 -0.00845896 0.01564862
v 0.00049961 -0.00845896 0.01564862
v -0.00000039 -0.00845896 0.01564862
v -0.00000039 -0.00845896 0.01564862
v -0.00000039 -0.00845896 0.01564862
v 0.00049961 -0.00934774 0.01431848
v 0.00049961 -0.00934774 0.01431848
v 0.00049961 -0.00934774 0.01431848
v 0.00049961 -0.00934774 0.01431848
v 0.00049961 -0.00934774 0.01431848
v -0.00000039 -0.00934774 0.01431848
v -0.00000039 -0.00934774 0.01431848
v -0.00000039 -0.00934774 0.01431848
v 0.00049961 -0.01067787 0.01342972
v 0.00049961 -0.01067787 0.01342972
v 0.00049961 -0.01067787 0.01342972
v 0.00049961 -0.01067787 0.01342972
v 0.00049961 -0.01067787 0.01342972
v -0.00000039 -0.01067787 0.01342972
v -0.00000039 -0.01067787 0.01342972
v -0.00000039 -0.01067787 0.01342972
v 0.00249962 -0.01224688 0.01931762
v 0.00249962 -0.01224688 0.01931762
v 0.00249962 -0.01224688 0.01931762
v 0.00249962 -0.01224688 0.01931762
v 0.00249962 -0.01224688 0.01931762
v 0.00249962 -0.01144323 0.01915777
v 0.00249962 -0.01144323 0.01915777
v 0.00249962 -0.01144323 0.01915777
v 0.00249962 -0.01144323 0.01915777
v 0.00249962 -0.01144323 0.01915777
v 0.00299961 -0.01224688 0.01931762
v 0.00299961 -0.01224688 0.01931762
v 0.00299961 -0.01224688 0.01931762
v 0.00299961 -0.01224688 0.01931762
v 0.00299961 -0.01119685 0.01903627
v 0.00299961 -0.01119685 0.01903627
v 0.00299961 -0.01119685 0.01903627
v 0.00299961 -0.01119685 0.01903627
v 0.00299961 -0.01119685 0.01903627
v 0.00249962 -0.01119685 0.01903627
v 0.00249962 -0.01119685 0.01903627
v 0.00249962 -0.01119685 0.01903627
v 0.00249962 -0.01119685 0.01903627
v 0.00249962 -0.01076193 0.01870255
v 0.00249962 -0.01076193 0.01870255
v 0.00249962 -0.01076193 0.01870255
v 0.00249962 -0.01076193 0.01870255
v 0.00249962 -0.01076193 0.01870255
v 0.00249962 -0.01076193 0.01870255
v 0.00299961 -0.01042821 0.01826762
v 0.00299961 -0.01042821 0.01826762
v 0.00299961 -0.01042821 0.01826762
v 0.00299961 -0.01042821 0.01826762
v 0.00299961 -0.01042821 0.01826762
v 0.00249962 -0.01042821 0.01826762
v 0.00249962 -0.01042821 0.01826762
v 0.00249962 -0.01042821 0.01826762
v 0.00249962 -0.01042821 0.01826762
v 0.00249962 -0.01042821 0.01826762
v 0.00249962 -0.01030670 0.01802126
v 0.00249962 -0.01030670 0.01802126
v 0.00249962 -0.01030670 0.01802126
v 0.00249962 -0.01030670 0.01802126
v 0.00249962 -0.01030670 0.01802126
v 0.00299961 -0.01014687 0.01721762
v 0.00299961 -0.01014687 0.01721762
v 0.00299961 -0.01014687 0.01721762
v 0.00299961 -0.01014687 0.01721762
v 0.00299961 -0.01014687 0.01721762
v 0.00249962 -0.01014687 0.01721762
v 0.00249962 -0.01014687 0.01721762
v 0.00249962 -0.01014687 0.01721762
v 0.00249962 -0.01014687 0.01721762
v 0.00249962 -0.01030670 0.01641399
v 0.00249962 -0.01030670 0.01641399
v 0.00249962 -0.01030670 0.01641399
v 0.00249962 -0.01030670 0.01641399
v 0.00249962 -0.01030670 0.01641399
v 0.00299961 -0.01042821 0.01616762
v 0.00299961 -0.01042821 0.01616762
v 0.00299961 -0.01042821 0.01616762
v 0.00299961 -0.01042821 0.01616762
v 0.00249962 -0.01042821 0.01616762
v 0.00249962 -0.01042821 0.01616762
v 0.00249962 -0.01042821 0.01616762
v 0.00249962 -0.01042821 0.01616762
v 0.00249962 -0.01042821 0.01616762
v 0.00299961 -0.01119685 0.01539897
v 0.00299961 -0.01119685 0.01539897
v 0.00299961 -0.01119685 0.01539897
v 0.00299961 -0.01119685 0.01539897
v 0.00299961 -0.01119685 0.01539897
v 0.00299961 -0.01119685 0.01539897
v 0.00249962 -0.01076193 0.01573270
v 0.00249962 -0.01076193 0.01573270
v 0.00249962 -0.01076193 0.01573270
v 0.00249962 -0.01076193 0.01573270
v 0.00249962 -0.01076193 0.01573270
v 0.00249962 -0.01224688 0.01511762
v 0.00249962 -0.01224688 0.01511762
v 0.00249962 -0.01224688 0.01511762
v 0.00249962 -0.01224688 0.01511762
v 0.00299961 -0.01224688 0.01511762
v 0.00299961 -0.01224688 0.01511762
v 0.00299961 -0.01224688 0.01511762
v 0.00299961 -0.01224688 0.01511762
v 0.00299961 -0.01224688 0.01511762
v 0.00249962 -0.01144323 0.01527748
v 0.00249962 -0.01144323 0.01527748
v 0.00249962 -0.01144323 0.01527748
v 0.00249962 -0.01144323 0.01527748
v 0.00249962 -0.01144323 0.01527748
v 0.00249962 -0.01119685 0.01539897
v 0.00249962 -0.01119685 0.01539897
v 0.00249962 -0.01119685 0.01539897
v 0.00249962 -0.01119685 0.01539897
v 0.00249962 -0.01119685 0.01539897
v 0.00249962 -0.01305051 0.01915777
v 0.00249962 -0.01305051 0.01915777
v 0.00249962 -0.01305051 0.01915777
v 0.00249962 -0.01305051 0.01915777
v 0.00249962 -0.01305051 0.01915777
v 0.00249962 -0.01373178 0.01870255
v 0.00249962 -0.01373178 0.01870255
v 0.00249962 -0.01373178 0.01870255
v 0.00249962 -0.01373178 0.01870255
v 0.00249962 -0.01373178 0.01870255
v 0.00249962 -0.01388870 0.01852695
v 0.00249962 -0.01388870 0.01852695
v 0.00249962 -0.01388870 0.01852695
v 0.00249962 -0.01388870 0.01852695
v 0.00249962 -0.01388870 0.01852695
v 0.00249962 -0.01418701 0.01802126
v 0.00249962 -0.01418701 0.01802126
v 0.00249962 -0.01418701 0.01802126
v 0.00249962 -0.01418701 0.01802126
v 0.00249962 -0.01418701 0.01802126
v 0.00249962 -0.01429422 0.01768492
v 0.00249962 -0.01429422 0.01768492
v 0.00249962 -0.01429422 0.01768492
v 0.00249962 -0.01429422 0.01768492
v 0.00249962 -0.01429422 0.01768492
v 0.00249962 -0.01434687 0.01721762
v 0.00249962 -0.01434687 0.01721762
v 0.00249962 -0.01434687 0.01721762
v 0.00249962 -0.01434687 0.01721762
v 0.00249962 -0.01434687 0.01721762
v 0.00249962 -0.01434687 0.01721762
v 0.00249962 -0.01429422 0.01675033
v 0.00249962 -0.01429422 0.01675033
v 0.00249962 -0.01429422 0.01675033
v 0.00249962 -0.01429422 0.01675033
v 0.00249962 -0.01418701 0.01641399
v 0.00249962 -0.01418701 0.01641399
v 0.00249962 -0.01418701 0.01641399
v 0.00249962 -0.01418701 0.01641399
v 0.00249962 -0.01418701 0.01641399
v 0.00249962 -0.01305051 0.01527748
v 0.00249962 -0.01305051 0.01527748
v 0.00249962 -0.01305051 0.01527748
v 0.00249962 -0.01305051 0.01527748
v 0.00249962 -0.01305051 0.01527748
v 0.00249962 -0.01373178 0.01573270
v 0.00249962 -0.01373178 0.01573270
v 0.00249962 -0.01373178 0.01573270
v 0.00249962 -0.01373178 0.01573270
v 0.00249962 -0.01373178 0.01573270
v 0.00249962 -0.01373178 0.01573270
v 0.00249962 -0.01388870 0.01590829
v 0.00249962 -0.01388870 0.01590829
v 0.00249962 -0.01388870 0.01590829
v 0.00249962 -0.01388870 0.01590829
v 0.00249962 -0.01388870 0.01590829
v 0.00299961 -0.01315802 0.01910966
v 0.00299961 -0.01315802 0.01910966
v 0.00299961 -0.01315802 0.01910966
v 0.00299961 -0.01315802 0.01910966
v 0.00299961 -0.01315802 0.01910966
v 0.00299961 -0.01429422 0.01675033
v 0.00299961 -0.01429422 0.01675033
v 0.00299961 -0.01429422 0.01675033
v 0.00299961 -0.01429422 0.01675033
v 0.00299961 -0.01429422 0.01675033
v 0.00299961 -0.01429422 0.01675033
v 0.00299961 -0.01388870 0.01590829
v 0.00299961 -0.01388870 0.01590829
v 0.00299961 -0.01388870 0.01590829
v 0.00299961 -0.01388870 0.01590829
v 0.00299961 -0.01315802 0.01532559
v 0.00299961 -0.01315802 0.01532559
v 0.00299961 -0.01315802 0.01532559
v 0.00299961 -0.01315802 0.01532559
v 0.00299961 -0.01429422 0.01768492
v 0.00299961 -0.01429422 0.01768492
v 0.00299961 -0.01429422 0.01768492
v 0.00299961 -0.01429422 0.01768492
v 0.00299961 -0.01429422 0.01768492
v 0.00299961 -0.01388870 0.01852695
v 0.00299961 -0.01388870 0.01852695
v 0.00299961 -0.01388870 0.01852695
v 0.00299961 -0.01388870 0.01852695
v 0.00299961 -0.01388870 0.01852695
v 0.00449961 0.00000314 0.00400000
v 0.00449961 0.00000314 0.00400000
v 0.00449961 0.00000314 0.00400000
v -0.00000039 0.00000314 0.00400000
v -0.00000039 0.00000314 0.00400000
v -0.00000039 0.00000314 0.00400000
v 0.00449961 0.00247526 0.00360845
v 0.00449961 0.00247526 0.00360845
v 0.00449961 0.00247526 0.00360845
v -0.00000039 0.00247526 0.00360845
v -0.00000039 0.00247526 0.00360845
v -0.00000039 0.00247526 0.00360845
v 0.00449961 0.00470541 0.00247214
v 0.00449961 0.00470541 0.00247214
v 0.00449961 0.00470541 0.00247214
v -0.00000039 0.00470541 0.00247214
v -0.00000039 0.00470541 0.00247214
v -0.00000039 0.00470541 0.00247214
v 0.00449961 0.00647528 0.00070228
v 0.00449961 0.00647528 0.00070228
v 0.00449961 0.00647528 0.00070228
v -0.00000039 0.00647528 0.00070228
v -0.00000039 0.00647528 0.00070228
v -0.00000039 0.00647528 0.00070228
v 0.00449961 0.00761159 -0.00152786
v 0.00449961 0.00761159 -0.00152786
v 0.00449961 0.00761159 -0.00152786
v -0.00000039 0.00761159 -0.00152786
v -0.00000039 0.00761159 -0.00152786
v -0.00000039 0.00761159 -0.00152786
v 0.00449961 0.00800315 -0.00400000
v 0.00449961 0.00800315 -0.00400000
v 0.00449961 0.00800315 -0.00400000
v -0.00000039 0.00800315 -0.00400000
v -0.00000039 0.00800315 -0.00400000
v -0.00000039 0.00800315 -0.00400000
v 0.00449961 0.00761159 -0.00647214
v 0.00449961 0.00761159 -0.00647214
v 0.00449961 0.00761159 -0.00647214
v -0.00000039 0.00761159 -0.00647214
v -0.00000039 0.00761159 -0.00647214
v -0.00000039 0.00761159 -0.00647214
v 0.00449961 0.00647528 -0.00870229
v 0.00449961 0.00647528 -0.00870229
v 0.00449961 0.00647528 -0.00870229
v -0.00000039 0.00647528 -0.00870229
v -0.00000039 0.00647528 -0.00870229
v -0.00000039 0.00647528 -0.00870229
v 0.00449961 0.00470541 -0.01047214
v 0.00449961 0.00470541 -0.01047214
v 0.00449961 0.00470541 -0.01047214
v -0.00000039 0.00470541 -0.01047214
v -0.00000039 0.00470541 -0.01047214
v -0.00000039 0.00470541 -0.01047214
v 0.00449961 0.00247526 -0.01160846
v 0.00449961 0.00247526 -0.01160846
v 0.00449961 0.00247526 -0.01160846
v -0.00000039 0.00247526 -0.01160846
v -0.00000039 0.00247526 -0.01160846
v -0.00000039 0.00247526 -0.01160846
v 0.00449961 0.00000314 -0.01200000
v 0.00449961 0.00000314 -0.01200000
v 0.00449961 0.00000314 -0.01200000
v -0.00000039 0.00000314 -0.01200000
v -0.00000039 0.00000314 -0.01200000
v -0.00000039 0.00000314 -0.01200000
v 0.00449961 -0.00246899 -0.01160846
v 0.00449961 -0.00246899 -0.01160846
v 0.00449961 -0.00246899 -0.01160846
v -0.00000039 -0.00246899 -0.01160846
v -0.00000039 -0.00246899 -0.01160846
v -0.00000039 -0.00246899 -0.01160846
v 0.00449961 -0.00469914 -0.01047214
v 0.00449961 -0.00469914 -0.01047214
v 0.00449961 -0.00469914 -0.01047214
v -0.00000039 -0.00469914 -0.01047214
v -0.00000039 -0.00469914 -0.01047214
v -0.00000039 -0.00469914 -0.01047214
v 0.00449961 -0.00646901 -0.00870229
v 0.00449961 -0.00646901 -0.00870229
v 0.00449961 -0.00646901 -0.00870229
v -0.00000039 -0.00646901 -0.00870229
v -0.00000039 -0.00646901 -0.00870229
v -0.00000039 -0.00646901 -0.00870229
v 0.00449961 -0.00760531 -0.00647214
v 0.00449961 -0.00760531 -0.00647214
v 0.00449961 -0.00760531 -0.00647214
v -0.00000039 -0.00760531 -0.00647214
v -0.00000039 -0.00760531 -0.00647214
v -0.00000039 -0.00760531 -0.00647214
v 0.00449961 -0.00799687 -0.00400000
v 0.00449961 -0.00799687 -0.00400000
v 0.00449961 -0.00799687 -0.00400000
v -0.00000039 -0.00799687 -0.00400000
v -0.00000039 -0.00799687 -0.00400000
v -0.00000039 -0.00799687 -0.00400000
v 0.00449961 -0.00760531 -0.00152786
v 0.00449961 -0.00760531 -0.00152786
v 0.00449961 -0.00760531 -0.00152786
v -0.00000039 -0.00760531 -0.00152786
v -0.00000039 -0.00760531 -0.00152786
v -0.00000039 -0.00760531 -0.00152786
v 0.00449961 -0.00646901 0.00070228
v 0.00449961 -0.00646901 0.00070228
v 0.00449961 -0.00646901 0.00070228
v -0.00000039 -0.00646901 0.00070228
v -0.00000039 -0.00646901 0.00070228
v -0.00000039 -0.00646901 0.00070228
v 0.00449961 -0.00469914 0.00247214
v 0.00449961 -0.00469914 0.00247214
v 0.00449961 -0.00469914 0.00247214
v -0.00000039 -0.00469914 0.00247214
v -0.00000039 -0.00469914 0.00247214
v -0.00000039 -0.00469914 0.00247214
v 0.00449961 -0.00246899 0.00360845
v 0.00449961 -0.00246899 0.00360845
v 0.00449961 -0.00246899 0.00360845
v -0.00000039 -0.00246899 0.00360845
v -0.00000039 -0.00246899 0.00360845
v -0.00000039 -0.00246899 0.00360845
v 0.00449961 0.00891154 -0.00271917
v 0.00449961 0.00891154 -0.00271917
v 0.00449961 0.00891154 -0.00271917
v 0.00449961 0.00818983 -0.00026127
v 0.00449961 0.00818983 -0.00026127
v 0.00449961 0.00818983 -0.00026127
v 0.00449961 0.00680488 0.00189375
v 0.00449961 0.00680488 0.00189375
v 0.00449961 0.00680488 0.00189375
v 0.00449961 0.00486889 0.00357128
v 0.00449961 0.00486889 0.00357128
v 0.00449961 0.00486889 0.00357128
v 0.00449961 0.00253873 0.00463544
v 0.00449961 0.00253873 0.00463544
v 0.00449961 0.00253873 0.00463544
v 0.00449961 0.00000314 0.00500000
v 0.00449961 0.00000314 0.00500000
v 0.00449961 0.00000314 0.00500000
v 0.00449961 -0.00253245 0.00463544
v 0.00449961 -0.00253245 0.00463544
v 0.00449961 -0.00253245 0.00463544
v 0.00449961 -0.00486262 0.00357128
v 0.00449961 -0.00486262 0.00357128
v 0.00449961 -0.00486262 0.00357128
v 0.00449961 -0.00679860 0.00189375
v 0.00449961 -0.00679860 0.00189375
v 0.00449961 -0.00679860 0.00189375
v 0.00449961 -0.00818354 -0.00026127
v 0.00449961 -0.00818354 -0.00026127
v 0.00449961 -0.00818354 -0.00026127
v 0.00449961 -0.00890526 -0.00271917
v 0.00449961 -0.00890526 -0.00271917
v 0.00449961 -0.00890526 -0.00271917
v 0.00449961 -0.00890526 -0.00528083
v 0.00449961 -0.00890526 -0.00528083
v 0.00449961 -0.00890526 -0.00528083
v 0.00449961 -0.00818354 -0.00773874
v 0.00449961 -0.00818354 -0.00773874
v 0.00449961 -0.00818354 -0.00773874
v 0.00449961 -0.00679860 -0.00989375
v 0.00449961 -0.00679860 -0.00989375
v 0.00449961 -0.00679860 -0.00989375
v 0.00449961 -0.00486262 -0.01157128
v 0.00449961 -0.00486262 -0.01157128
v 0.00449961 -0.00486262 -0.01157128
v 0.00449961 -0.00253245 -0.01263544
v 0.00449961 -0.00253245 -0.01263544
v 0.00449961 -0.00253245 -0.01263544
v 0.00449961 0.00000314 -0.01300000
v 0.00449961 0.00000314 -0.01300000
v 0.00449961 0.00000314 -0.01300000
v 0.00449961 0.00253873 -0.01263544
v 0.00449961 0.00253873 -0.01263544
v 0.00449961 0.00253873 -0.01263544
v 0.00449961 0.00486889 -0.01157128
v 0.00449961 0.00486889 -0.01157128
v 0.00449961 0.00486889 -0.01157128
v 0.00449961 0.00680488 -0.00989375
v 0.00449961 0.00680488 -0.00989375
v 0.00449961 0.00680488 -0.00989375
v 0.00449961 0.00818983 -0.00773874
v 0.00449961 0.00818983 -0.00773874
v 0.00449961 0.00818983 -0.00773874
v 0.00449961 0.00891154 -0.00528083
v 0.00449961 0.00891154 -0.00528083
v 0.00449961 0.00891154 -0.00528083
v 0.00299961 0.00000314 -0.01300000
v 0.00299961 0.00000314 -0.01300000
v 0.00299961 0.00000314 -0.01300000
v 0.00299961 0.00253873 -0.01263544
v 0.00299961 0.00253873 -0.01263544
v 0.00299961 0.00253873 -0.01263544
v 0.00299961 0.00486889 -0.01157128
v 0.00299961 0.00486889 -0.01157128
v 0.00299961 0.00486889 -0.01157128
v 0.00299961 0.00680488 -0.00989375
v 0.00299961 0.00680488 -0.00989375
v 0.00299961 0.00680488 -0.00989375
v 0.00299961 0.00818983 -0.00773874
v 0.00299961 0.00818983 -0.00773874
v 0.00299961 0.00818983 -0.00773874
v 0.00299961 0.00891154 -0.00528083
v 0.00299961 0.00891154 -0.00528083
v 0.00299961 0.00891154 -0.00528083
v 0.00299961 0.00891154 -0.00271917
v 0.00299961 0.00891154 -0.00271917
v 0.00299961 0.00891154 -0.00271917
v 0.00299961 0.00818983 -0.00026127
v 0.00299961 0.00818983 -0.00026127
v 0.00299961 0.00818983 -0.00026127
v 0.00299961 0.00680488 0.00189375
v 0.00299961 0.00680488 0.00189375
v 0.00299961 0.00680488 0.00189375
v 0.00299961 0.00486889 0.00357128
v 0.00299961 0.00486889 0.00357128
v 0.00299961 0.00486889 0.00357128
v 0.00299961 0.00253873 0.00463544
v 0.00299961 0.00253873 0.00463544
v 0.00299961 0.00253873 0.00463544
v 0.00299961 0.00000314 0.00500000
v 0.00299961 0.00000314 0.00500000
v 0.00299961 0.00000314 0.00500000
v 0.00299961 -0.00253245 0.00463544
v 0.00299961 -0.00253245 0.00463544
v 0.00299961 -0.00253245 0.00463544
v 0.00299961 -0.00486262 0.00357128
v 0.00299961 -0.00486262 0.00357128
v 0.00299961 -0.00486262 0.00357128
v 0.00299961 -0.00679860 0.00189375
v 0.00299961 -0.00679860 0.00189375
v 0.00299961 -0.00679860 0.00189375
v 0.00299961 -0.00818354 -0.00026127
v 0.00299961 -0.00818354 -0.00026127
v 0.00299961 -0.00818354 -0.00026127
v 0.00299961 -0.00890526 -0.00271917
v 0.00299961 -0.00890526 -0.00271917
v 0.00299961 -0.00890526 -0.00271917
v 0.00299961 -0.00890526 -0.00528083
v 0.00299961 -0.00890526 -0.00528083
v 0.00299961 -0.00890526 -0.00528083
v 0.00299961 -0.00818354 -0.00773874
v 0.00299961 -0.00818354 -0.00773874
v 0.00299961 -0.00818354 -0.00773874
v 0.00299961 -0.00679860 -0.00989375
v 0.00299961 -0.00679860 -0.00989375
v 0.00299961 -0.00679860 -0.00989375
v 0.00299961 -0.00486262 -0.01157128
v 0.00299961 -0.00486262 -0.01157128
v 0.00299961 -0.00486262 -0.01157128
v 0.00299961 -0.00253245 -0.01263544
v 0.00299961 -0.00253245 -0.01263544
v 0.00299961 -0.00253245 -0.01263544
v 0.00249962 0.00000314 0.02550000
v 0.00249962 0.00000314 0.02550000
v 0.00249962 0.00000314 0.02550000
v 0.00249962 0.00000314 0.02550000
v 0.00049962 0.00000314 0.02550000
v 0.00049962 0.00000314 0.02550000
v 0.00049962 0.00000314 0.02550000
v 0.00049962 0.00000314 0.02550000
v 0.00049962 -0.00461167 0.02513681
v 0.00049962 -0.00461167 0.02513681
v 0.00049962 -0.00461167 0.02513681
v 0.00049962 -0.00461167 0.02513681
v 0.00249962 -0.00461167 0.02513681
v 0.00249962 -0.00461167 0.02513681
v 0.00249962 -0.00461167 0.02513681
v 0.00249962 -0.00461167 0.02513681
v 0.00049962 -0.00911285 0.02405617
v 0.00049962 -0.00911285 0.02405617
v 0.00049962 -0.00911285 0.02405617
v 0.00049962 -0.00911285 0.02405617
v 0.00249962 -0.00911285 0.02405617
v 0.00249962 -0.00911285 0.02405617
v 0.00249962 -0.00911285 0.02405617
v 0.00249962 -0.00911285 0.02405617
v 0.00249962 -0.00911285 0.02405617
v 0.00049962 -0.01338959 0.02228469
v 0.00049962 -0.01338959 0.02228469
v 0.00049962 -0.01338959 0.02228469
v 0.00049962 -0.01338959 0.02228469
v 0.00249962 -0.01338959 0.02228469
v 0.00249962 -0.01338959 0.02228469
v 0.00249962 -0.01338959 0.02228469
v 0.00249962 -0.01338959 0.02228469
v 0.00249962 -0.01338959 0.02228469
v 0.00049961 -0.01733653 0.01986600
v 0.00049961 -0.01733653 0.01986600
v 0.00049961 -0.01733653 0.01986600
v 0.00049961 -0.01733653 0.01986600
v 0.00249962 -0.01733653 0.01986600
v 0.00249962 -0.01733653 0.01986600
v 0.00249962 -0.01733653 0.01986600
v 0.00249962 -0.01733653 0.01986600
v 0.00049961 -0.02085650 0.01685965
v 0.00049961 -0.02085650 0.01685965
v 0.00049961 -0.02085650 0.01685965
v 0.00049961 -0.02085650 0.01685965
v 0.00249962 -0.02085650 0.01685965
v 0.00249962 -0.02085650 0.01685965
v 0.00249962 -0.02085650 0.01685965
v 0.00249962 -0.02085650 0.01685965
v 0.00049961 -0.02386285 0.01333966
v 0.00049961 -0.02386285 0.01333966
v 0.00049961 -0.02386285 0.01333966
v 0.00049961 -0.02386285 0.01333966
v 0.00249962 -0.02386285 0.01333966
v 0.00249962 -0.02386285 0.01333966
v 0.00249962 -0.02386285 0.01333966
v 0.00249962 -0.02386285 0.01333966
v 0.00049961 -0.02628155 0.00939272
v 0.00049961 -0.02628155 0.00939272
v 0.00049961 -0.02628155 0.00939272
v 0.00049961 -0.02628155 0.00939272
v 0.00249961 -0.02628155 0.00939272
v 0.00249961 -0.02628155 0.00939272
v 0.00249961 -0.02628155 0.00939272
v 0.00249961 -0.02628155 0.00939272
v 0.00049961 -0.02805303 0.00511600
v 0.00049961 -0.02805303 0.00511600
v 0.00049961 -0.02805303 0.00511600
v 0.00049961 -0.02805303 0.00511600
v 0.00249961 -0.02805303 0.00511600
v 0.00249961 -0.02805303 0.00511600
v 0.00249961 -0.02805303 0.00511600
v 0.00249961 -0.02805303 0.00511600
v 0.00049961 -0.02913366 0.00061482
v 0.00049961 -0.02913366 0.00061482
v 0.00049961 -0.02913366 0.00061482
v 0.00049961 -0.02913366 0.00061482
v 0.00249961 -0.02913366 0.00061482
v 0.00249961 -0.02913366 0.00061482
v 0.00249961 -0.02913366 0.00061482
v 0.00249961 -0.02913366 0.00061482
v 0.00049961 -0.02949685 -0.00400000
v 0.00049961 -0.02949685 -0.00400000
v 0.00049961 -0.02949685 -0.00400000
v 0.00049961 -0.02949685 -0.00400000
v 0.00249961 -0.02949685 -0.00400000
v 0.00249961 -0.02949685 -0.00400000
v 0.00249961 -0.02949685 -0.00400000
v 0.00249961 -0.02949685 -0.00400000
v 0.00049961 -0.02913366 -0.00861482
v 0.00049961 -0.02913366 -0.00861482
v 0.00049961 -0.02913366 -0.00861482
v 0.00049961 -0.02913366 -0.00861482
v 0.00249961 -0.02913366 -0.00861482
v 0.00249961 -0.02913366 -0.00861482
v 0.00249961 -0.02913366 -0.00861482
v 0.00249961 -0.02913366 -0.00861482
v 0.00049961 -0.02805303 -0.01311600
v 0.00049961 -0.02805303 -0.01311600
v 0.00049961 -0.02805303 -0.01311600
v 0.00049961 -0.02805303 -0.01311600
v 0.00249961 -0.02805303 -0.01311600
v 0.00249961 -0.02805303 -0.01311600
v 0.00249961 -0.02805303 -0.01311600
v 0.00249961 -0.02805303 -0.01311600
v 0.00049961 -0.02628155 -0.01739272
v 0.00049961 -0.02628155 -0.01739272
v 0.00049961 -0.02628155 -0.01739272
v 0.00049961 -0.02628155 -0.01739272
v 0.00049961 -0.02628155 -0.01739272
v 0.00249961 -0.02628155 -0.01739272
v 0.00249961 -0.02628155 -0.01739272
v 0.00249961 -0.02628155 -0.01739272
v 0.00249961 -0.02628155 -0.01739272
v 0.00249961 -0.02628155 -0.01739272
v 0.00049961 -0.02386285 -0.02133967
v 0.00049961 -0.02386285 -0.02133967
v 0.00049961 -0.02386285 -0.02133967
v 0.00049961 -0.02386285 -0.02133967
v 0.00049961 -0.02386285 -0.02133967
v 0.00249961 -0.02386285 -0.02133967
v 0.00249961 -0.02386285 -0.02133967
v 0.00249961 -0.02386285 -0.02133967
v 0.00249961 -0.02386285 -0.02133967
v 0.00249961 -0.02386285 -0.02133967
v 0.00049961 -0.02085650 -0.02485965
v 0.00049961 -0.02085650 -0.02485965
v 0.00049961 -0.02085650 -0.02485965
v 0.00049961 -0.02085650 -0.02485965
v 0.00249961 -0.02085650 -0.02485965
v 0.00249961 -0.02085650 -0.02485965
v 0.00249961 -0.02085650 -0.02485965
v 0.00249961 -0.02085650 -0.02485965
v 0.00049961 -0.01733653 -0.02786601
v 0.00049961 -0.01733653 -0.02786601
v 0.00049961 -0.01733653 -0.02786601
v 0.00049961 -0.01733653 -0.02786601
v 0.00249961 -0.01733653 -0.02786601
v 0.00249961 -0.01733653 -0.02786601
v 0.00249961 -0.01733653 -0.02786601
v 0.00249961 -0.01733653 -0.02786601
v 0.00049961 -0.01338959 -0.03028470
v 0.00049961 -0.01338959 -0.03028470
v 0.00049961 -0.01338959 -0.03028470
v 0.00049961 -0.01338959 -0.03028470
v 0.00249961 -0.01338959 -0.03028470
v 0.00249961 -0.01338959 -0.03028470
v 0.00249961 -0.01338959 -0.03028470
v 0.00249961 -0.01338959 -0.03028470
v 0.00049961 -0.00911285 -0.03205617
v 0.00049961 -0.00911285 -0.03205617
v 0.00049961 -0.00911285 -0.03205617
v 0.00049961 -0.00911285 -0.03205617
v 0.00249961 -0.00911285 -0.03205617
v 0.00249961 -0.00911285 -0.03205617
v 0.00249961 -0.00911285 -0.03205617
v 0.00249961 -0.00911285 -0.03205617
v 0.00049961 -0.00461167 -0.03313681
v 0.00049961 -0.00461167 -0.03313681
v 0.00049961 -0.00461167 -0.03313681
v 0.00049961 -0.00461167 -0.03313681
v 0.00249961 -0.00461167 -0.03313681
v 0.00249961 -0.00461167 -0.03313681
v 0.00249961 -0.00461167 -0.03313681
v 0.00249961 -0.00461167 -0.03313681
v 0.00049961 0.00000314 -0.03350000
v 0.00049961 0.00000314 -0.03350000
v 0.00049961 0.00000314 -0.03350000
v 0.00049961 0.00000314 -0.03350000
v 0.00249961 0.00000314 -0.03350000
v 0.00249961 0.00000314 -0.03350000
v 0.00249961 0.00000314 -0.03350000
v 0.00249961 0.00000314 -0.03350000
v 0.00299961 0.00000314 0.02500000
v 0.00299961 0.00000314 0.02500000
v 0.00299961 0.00000314 0.02500000
v 0.00299961 -0.00453345 0.02464296
v 0.00299961 -0.00453345 0.02464296
v 0.00299961 -0.00453345 0.02464296
v 0.00299961 -0.00895835 0.02358064
v 0.00299961 -0.00895835 0.02358064
v 0.00299961 -0.00895835 0.02358064
v 0.00299961 -0.01241146 0.02220835
v 0.00299961 -0.01241146 0.02220835
v 0.00299961 -0.01241146 0.02220835
v 0.00299961 -0.01241146 0.02220835
v 0.00299961 -0.01316260 0.02183919
v 0.00299961 -0.01316260 0.02183919
v 0.00299961 -0.01316260 0.02183919
v 0.00299961 -0.01704264 0.01946149
v 0.00299961 -0.01704264 0.01946149
v 0.00299961 -0.01704264 0.01946149
v 0.00299961 -0.02050295 0.01650610
v 0.00299961 -0.02050295 0.01650610
v 0.00299961 -0.02050295 0.01650610
v 0.00299961 -0.02345836 0.01304577
v 0.00299961 -0.02345836 0.01304577
v 0.00299961 -0.02345836 0.01304577
v 0.00299961 -0.02583607 0.00916572
v 0.00299961 -0.02583607 0.00916572
v 0.00299961 -0.02583607 0.00916572
v 0.00299961 -0.02757750 0.00496149
v 0.00299961 -0.02757750 0.00496149
v 0.00299961 -0.02757750 0.00496149
v 0.00299961 -0.02863982 0.00053660
v 0.00299961 -0.02863982 0.00053660
v 0.00299961 -0.02863982 0.00053660
v 0.00299961 -0.02899686 -0.00400000
v 0.00299961 -0.02899686 -0.00400000
v 0.00299961 -0.02899686 -0.00400000
v 0.00299961 -0.02863982 -0.00853660
v 0.00299961 -0.02863982 -0.00853660
v 0.00299961 -0.02863982 -0.00853660
v 0.00299961 -0.02757750 -0.01296149
v 0.00299961 -0.02757750 -0.01296149
v 0.00299961 -0.02757750 -0.01296149
v 0.00299961 -0.02757750 -0.01296149
v 0.00299961 -0.02757750 -0.01296149
v 0.00300000 -0.02583599 -0.01716600
v 0.00300000 -0.02583599 -0.01716600
v 0.00300000 -0.02583599 -0.01716600
v 0.00300000 -0.02583599 -0.01716600
v 0.00300000 -0.02583599 -0.01716600
v 0.00299961 -0.02345836 -0.02104577
v 0.00299961 -0.02345836 -0.02104577
v 0.00299961 -0.02345836 -0.02104577
v 0.00299961 -0.02345836 -0.02104577
v 0.00299961 -0.02050295 -0.02450610
v 0.00299961 -0.02050295 -0.02450610
v 0.00299961 -0.02050295 -0.02450610
v 0.00299961 -0.01704264 -0.02746150
v 0.00299961 -0.01704264 -0.02746150
v 0.00299961 -0.01704264 -0.02746150
v 0.00299961 -0.01316260 -0.02983919
v 0.00299961 -0.01316260 -0.02983919
v 0.00299961 -0.01316260 -0.02983919
v 0.00299961 -0.00895835 -0.03158064
v 0.00299961 -0.00895835 -0.03158064
v 0.00299961 -0.00895835 -0.03158064
v 0.00299961 -0.00453345 -0.03264297
v 0.00299961 -0.00453345 -0.03264297
v 0.00299961 -0.00453345 -0.03264297
v 0.00299961 0.00000314 -0.03300000
v 0.00299961 0.00000314 -0.03300000
v 0.00299961 0.00000314 -0.03300000
v 0.00299961 -0.01837185 0.00155000
v 0.00299961 -0.00957185 0.00155000
v 0.00299961 -0.00957185 0.01005881
v 0.00299961 0.02758378 -0.01296149
v 0.00299961 0.02758378 -0.01296149
v 0.00299961 0.02758378 -0.01296149
v 0.00299961 0.01837814 -0.00955000
v 0.00299961 0.01837814 -0.01805881
v 0.00299961 -0.01837185 -0.01805881
v 0.00299961 -0.01837185 -0.01805881
v 0.00299961 -0.01837185 -0.01805881
v 0.00299961 -0.00957185 -0.01805881
v 0.00299961 0.00957812 -0.01805881
v 0.00299961 0.00453974 -0.03264297
v 0.00299961 0.00453974 -0.03264297
v 0.00299961 0.00453974 -0.03264297
v 0.00299961 0.00896463 -0.03158064
v 0.00299961 0.00896463 -0.03158064
v 0.00299961 0.00896463 -0.03158064
v 0.00299961 -0.02779686 -0.00955000
v 0.00299961 -0.02779686 0.00155000
v 0.00299961 -0.01837185 0.01005881
v 0.00299961 -0.00957185 0.02215881
v 0.00299961 0.01241775 0.02220835
v 0.00299961 0.01241775 0.02220835
v 0.00299961 0.01241775 0.02220835
v 0.00299961 0.00896463 0.02358064
v 0.00299961 0.00896463 0.02358064
v 0.00299961 0.00896463 0.02358064
v 0.00299961 0.00896463 0.02358064
v 0.00299961 0.00957812 0.02215881
v 0.00299961 0.00453974 0.02464296
v 0.00299961 0.00453974 0.02464296
v 0.00299961 0.00453974 0.02464296
v 0.00299961 0.00957812 0.01005881
v 0.00299961 0.01316887 0.02183919
v 0.00299961 0.01316887 0.02183919
v 0.00299961 0.01316887 0.02183919
v 0.00299961 0.01704891 0.01946149
v 0.00299961 0.01704891 0.01946149
v 0.00299961 0.01704891 0.01946149
v 0.00299961 0.02050923 0.01650610
v 0.00299961 0.02050923 0.01650610
v 0.00299961 0.02050923 0.01650610
v 0.00299961 0.01837814 0.01005881
v 0.00299961 0.01837814 0.00155000
v 0.00299961 0.02758378 0.00496149
v 0.00299961 0.02758378 0.00496149
v 0.00299961 0.02758378 0.00496149
v 0.00299961 0.02584234 0.00916572
v 0.00299961 0.02584234 0.00916572
v 0.00299961 0.02584234 0.00916572
v 0.00299961 0.02346464 0.01304577
v 0.00299961 0.02346464 0.01304577
v 0.00299961 0.02346464 0.01304577
v 0.00299961 0.02864611 0.00053660
v 0.00299961 0.02864611 0.00053660
v 0.00299961 0.02864611 0.00053660
v 0.00299961 0.02900313 -0.00400000
v 0.00299961 0.02900313 -0.00400000
v 0.00299961 0.02900313 -0.00400000
v 0.00299961 0.02864611 -0.00853660
v 0.00299961 0.02864611 -0.00853660
v 0.00299961 0.02864611 -0.00853660
v 0.00299961 0.02050923 -0.02450610
v 0.00299961 0.02050923 -0.02450610
v 0.00299961 0.02050923 -0.02450610
v 0.00299961 0.02346464 -0.02104577
v 0.00299961 0.02346464 -0.02104577
v 0.00299961 0.02346464 -0.02104577
v 0.00299961 0.02584234 -0.01716572
v 0.00299961 0.02584234 -0.01716572
v 0.00299961 0.02584234 -0.01716572
v 0.00299961 0.01316887 -0.02983919
v 0.00299961 0.01316887 -0.02983919
v 0.00299961 0.01316887 -0.02983919
v 0.00299961 0.01704891 -0.02746150
v 0.00299961 0.01704891 -0.02746150
v 0.00299961 0.01704891 -0.02746150
v 0.00299961 0.00957812 0.00155000
v 0.00299961 -0.00957185 -0.00955000
v 0.00299961 0.00957812 -0.00955000
v 0.00299961 -0.01837185 -0.00955000
v 0.00249962 0.01339586 0.02228469
v 0.00249962 0.01339586 0.02228469
v 0.00249962 0.01339586 0.02228469
v 0.00249962 0.01339586 0.02228469
v 0.00249962 0.01339586 0.02228469
v 0.00249962 0.01339586 0.02228469
v 0.00249962 0.01734281 0.01986600
v 0.00249962 0.01734281 0.01986600
v 0.00249962 0.01734281 0.01986600
v 0.00249962 0.01734281 0.01986600
v 0.00249962 0.02086279 0.01685965
v 0.00249962 0.02086279 0.01685965
v 0.00249962 0.02086279 0.01685965
v 0.00249962 0.02086279 0.01685965
v 0.00249962 0.02386914 0.01333966
v 0.00249962 0.02386914 0.01333966
v 0.00249962 0.02386914 0.01333966
v 0.00249962 0.02386914 0.01333966
v 0.00249961 0.02628782 0.00939272
v 0.00249961 0.02628782 0.00939272
v 0.00249961 0.02628782 0.00939272
v 0.00249961 0.02628782 0.00939272
v 0.00249961 0.02805932 0.00511600
v 0.00249961 0.02805932 0.00511600
v 0.00249961 0.02805932 0.00511600
v 0.00249961 0.02805932 0.00511600
v 0.00249961 0.02913994 0.00061482
v 0.00249961 0.02913994 0.00061482
v 0.00249961 0.02913994 0.00061482
v 0.00249961 0.02913994 0.00061482
v 0.00249961 0.02950315 -0.00400000
v 0.00249961 0.02950315 -0.00400000
v 0.00249961 0.02950315 -0.00400000
v 0.00249961 0.02950315 -0.00400000
v 0.00249961 0.02913994 -0.00861482
v 0.00249961 0.02913994 -0.00861482
v 0.00249961 0.02913994 -0.00861482
v 0.00249961 0.02913994 -0.00861482
v 0.00249961 0.02805932 -0.01311600
v 0.00249961 0.02805932 -0.01311600
v 0.00249961 0.02805932 -0.01311600
v 0.00249961 0.02805932 -0.01311600
v 0.00249961 0.02628782 -0.01739272
v 0.00249961 0.02628782 -0.01739272
v 0.00249961 0.02628782 -0.01739272
v 0.00249961 0.02628782 -0.01739272
v 0.00249961 0.02386914 -0.02133967
v 0.00249961 0.02386914 -0.02133967
v 0.00249961 0.02386914 -0.02133967
v 0.00249961 0.02386914 -0.02133967
v 0.00249961 0.02086279 -0.02485965
v 0.00249961 0.02086279 -0.02485965
v 0.00249961 0.02086279 -0.02485965
v 0.00249961 0.02086279 -0.02485965
v 0.00249961 0.01734281 -0.02786601
v 0.00249961 0.01734281 -0.02786601
v 0.00249961 0.01734281 -0.02786601
v 0.00249961 0.01734281 -0.02786601
v 0.00249961 0.01339586 -0.03028470
v 0.00249961 0.01339586 -0.03028470
v 0.00249961 0.01339586 -0.03028470
v 0.00249961 0.01339586 -0.03028470
v 0.00249961 0.00911914 -0.03205617
v 0.00249961 0.00911914 -0.03205617
v 0.00249961 0.00911914 -0.03205617
v 0.00249961 0.00911914 -0.03205617
v 0.00249961 0.00461796 -0.03313681
v 0.00249961 0.00461796 -0.03313681
v 0.00249961 0.00461796 -0.03313681
v 0.00249961 0.00461796 -0.03313681
v 0.00249962 0.00911914 0.02405617
v 0.00249962 0.00911914 0.02405617
v 0.00249962 0.00911914 0.02405617
v 0.00249962 0.00911914 0.02405617
v 0.00249962 0.00461796 0.02513681
v 0.00249962 0.00461796 0.02513681
v 0.00249962 0.00461796 0.02513681
v 0.00249962 0.00461796 0.02513681
v 0.00049961 0.00461796 -0.03313681
v 0.00049961 0.00461796 -0.03313681
v 0.00049961 0.00461796 -0.03313681
v 0.00049961 0.00461796 -0.03313681
v 0.00049961 0.00911914 -0.03205617
v 0.00049961 0.00911914 -0.03205617
v 0.00049961 0.00911914 -0.03205617
v 0.00049961 0.00911914 -0.03205617
v 0.00049961 0.01339586 -0.03028470
v 0.00049961 0.01339586 -0.03028470
v 0.00049961 0.01339586 -0.03028470
v 0.00049961 0.01339586 -0.03028470
v 0.00049961 0.01734281 -0.02786601
v 0.00049961 0.01734281 -0.02786601
v 0.00049961 0.01734281 -0.02786601
v 0.00049961 0.01734281 -0.02786601
v 0.00049961 0.02086279 -0.02485965
v 0.00049961 0.02086279 -0.02485965
v 0.00049961 0.02086279 -0.02485965
v 0.00049961 0.02086279 -0.02485965
v 0.00049961 0.02386914 -0.02133967
v 0.00049961 0.02386914 -0.02133967
v 0.00049961 0.02386914 -0.02133967
v 0.00049961 0.02386914 -0.02133967
v 0.00049961 0.02628782 -0.01739272
v 0.00049961 0.02628782 -0.01739272
v 0.00049961 0.02628782 -0.01739272
v 0.00049961 0.02628782 -0.01739272
v 0.00049961 0.02805932 -0.01311600
v 0.00049961 0.02805932 -0.01311600
v 0.00049961 0.02805932 -0.01311600
v 0.00049961 0.02805932 -0.01311600
v 0.00049961 0.02913994 -0.00861482
v 0.00049961 0.02913994 -0.00861482
v 0.00049961 0.02913994 -0.00861482
v 0.00049961 0.02913994 -0.00861482
v 0.00049961 0.02950315 -0.00400000
v 0.00049961 0.02950315 -0.00400000
v 0.00049961 0.02950315 -0.00400000
v 0.00049961 0.02950315 -0.00400000
v 0.00049961 0.02913994 0.00061482
v 0.00049961 0.02913994 0.00061482
v 0.00049961 0.02913994 0.00061482
v 0.00049961 0.02913994 0.00061482
v 0.00049961 0.02805932 0.00511600
v 0.00049961 0.02805932 0.00511600
v 0.00049961 0.02805932 0.00511600
v 0.00049961 0.02805932 0.00511600
v 0.00049961 0.02628782 0.00939272
v 0.00049961 0.02628782 0.00939272
v 0.00049961 0.02628782 0.00939272
v 0.00049961 0.02628782 0.00939272
v 0.00049961 0.02386914 0.01333966
v 0.00049961 0.02386914 0.01333966
v 0.00049961 0.02386914 0.01333966
v 0.00049961 0.02386914 0.01333966
v 0.00049961 0.02086279 0.01685965
v 0.00049961 0.02086279 0.01685965
v 0.00049961 0.02086279 0.01685965
v 0.00049961 0.02086279 0.01685965
v 0.00049961 0.01734281 0.01986600
v 0.00049961 0.01734281 0.01986600
v 0.00049961 0.01734281 0.01986600
v 0.00049961 0.01734281 0.01986600
v 0.00049962 0.01339586 0.02228469
v 0.00049962 0.01339586 0.02228469
v 0.00049962 0.01339586 0.02228469
v 0.00049962 0.01339586 0.02228469
v 0.00049962 0.00911914 0.02405617
v 0.00049962 0.00911914 0.02405617
v 0.00049962 0.00911914 0.02405617
v 0.00049962 0.00911914 0.02405617
v 0.00049962 0.00461796 0.02513681
v 0.00049962 0.00461796 0.02513681
v 0.00049962 0.00461796 0.02513681
v 0.00049962 0.00461796 0.02513681
v -0.00000038 0.00000314 0.02500000
v -0.00000038 0.00000314 0.02500000
v -0.00000038 0.00000314 0.02500000
v -0.00000038 0.00453974 0.02464296
v -0.00000038 0.00453974 0.02464296
v -0.00000038 0.00453974 0.02464296
v -0.00000038 0.00896463 0.02358064
v -0.00000038 0.00896463 0.02358064
v -0.00000038 0.00896463 0.02358064
v -0.00000038 0.01316887 0.02183919
v -0.00000038 0.01316887 0.02183919
v -0.00000038 0.01316887 0.02183919
v -0.00000039 0.01704891 0.01946149
v -0.00000039 0.01704891 0.01946149
v -0.00000039 0.01704891 0.01946149
v -0.00000039 0.02050923 0.01650610
v -0.00000039 0.02050923 0.01650610
v -0.00000039 0.02050923 0.01650610
v -0.00000039 0.02346464 0.01304577
v -0.00000039 0.02346464 0.01304577
v -0.00000039 0.02346464 0.01304577
v -0.00000039 0.02584234 0.00916572
v -0.00000039 0.02584234 0.00916572
v -0.00000039 0.02584234 0.00916572
v -0.00000039 0.02758378 0.00496149
v -0.00000039 0.02758378 0.00496149
v -0.00000039 0.02758378 0.00496149
v -0.00000039 0.02864611 0.00053660
v -0.00000039 0.02864611 0.00053660
v -0.00000039 0.02864611 0.00053660
v -0.00000039 0.02900313 -0.00400000
v -0.00000039 0.02900313 -0.00400000
v -0.00000039 0.02900313 -0.00400000
v -0.00000039 0.02864611 -0.00853660
v -0.00000039 0.02864611 -0.00853660
v -0.00000039 0.02864611 -0.00853660
v -0.00000039 0.02758378 -0.01296149
v -0.00000039 0.02758378 -0.01296149
v -0.00000039 0.02758378 -0.01296149
v -0.00000039 0.02584234 -0.01716572
v -0.00000039 0.02584234 -0.01716572
v -0.00000039 0.02584234 -0.01716572
v -0.00000039 0.02346464 -0.02104577
v -0.00000039 0.02346464 -0.02104577
v -0.00000039 0.02346464 -0.02104577
v -0.00000039 0.02050923 -0.02450610
v -0.00000039 0.02050923 -0.02450610
v -0.00000039 0.02050923 -0.02450610
v -0.00000039 0.01704891 -0.02746150
v -0.00000039 0.01704891 -0.02746150
v -0.00000039 0.01704891 -0.02746150
v -0.00000039 0.01316887 -0.02983919
v -0.00000039 0.01316887 -0.02983919
v -0.00000039 0.01316887 -0.02983919
v -0.00000039 0.00896463 -0.03158064
v -0.00000039 0.00896463 -0.03158064
v -0.00000039 0.00896463 -0.03158064
v -0.00000039 0.00453974 -0.03264297
v -0.00000039 0.00453974 -0.03264297
v -0.00000039 0.00453974 -0.03264297
v -0.00000039 0.00000314 -0.03300000
v -0.00000039 0.00000314 -0.03300000
v -0.00000039 0.00000314 -0.03300000
v -0.00000039 -0.00453345 -0.03264297
v -0.00000039 -0.00453345 -0.03264297
v -0.00000039 -0.00453345 -0.03264297
v -0.00000039 -0.00895835 -0.03158064
v -0.00000039 -0.00895835 -0.03158064
v -0.00000039 -0.00895835 -0.03158064
v -0.00000039 -0.01316260 -0.02983919
v -0.00000039 -0.01316260 -0.02983919
v -0.00000039 -0.01316260 -0.02983919
v -0.00000039 -0.01704264 -0.02746150
v -0.00000039 -0.01704264 -0.02746150
v -0.00000039 -0.01704264 -0.02746150
v -0.00000039 -0.02050295 -0.02450610
v -0.00000039 -0.02050295 -0.02450610
v -0.00000039 -0.02050295 -0.02450610
v -0.00000039 -0.02050295 -0.02450610
v -0.00000039 -0.02050295 -0.02450610
v -0.00000000 -0.02345836 -0.02104577
v -0.00000000 -0.02345836 -0.02104577
v -0.00000000 -0.02345836 -0.02104577
v -0.00000000 -0.02345836 -0.02104577
v -0.00000000 -0.02345836 -0.02104577
v -0.00000000 -0.02345836 -0.02104577
v -0.00000039 -0.02583607 -0.01716572
v -0.00000039 -0.02583607 -0.01716572
v -0.00000039 -0.02583607 -0.01716572
v -0.00000039 -0.02583607 -0.01716572
v -0.00000039 -0.02757750 -0.01296149
v -0.00000039 -0.02757750 -0.01296149
v -0.00000039 -0.02757750 -0.01296149
v -0.00000039 -0.02863982 -0.00853660
v -0.00000039 -0.02863982 -0.00853660
v -0.00000039 -0.02863982 -0.00853660
v -0.00000039 -0.02899686 -0.00400000
v -0.00000039 -0.02899686 -0.00400000
v -0.00000039 -0.02899686 -0.00400000
v -0.00000039 -0.02863982 0.00053660
v -0.00000039 -0.02863982 0.00053660
v -0.00000039 -0.02863982 0.00053660
v -0.00000039 -0.02757750 0.00496149
v -0.00000039 -0.02757750 0.00496149
v -0.00000039 -0.02757750 0.00496149
v -0.00000039 -0.02583607 0.00916572
v -0.00000039 -0.02583607 0.00916572
v -0.00000039 -0.02583607 0.00916572
v -0.00000039 -0.02345836 0.01304577
v -0.00000039 -0.02345836 0.01304577
v -0.00000039 -0.02345836 0.01304577
v -0.00000039 -0.02050295 0.01650610
v -0.00000039 -0.02050295 0.01650610
v -0.00000039 -0.02050295 0.01650610
v -0.00000039 -0.01704264 0.01946149
v -0.00000039 -0.01704264 0.01946149
v -0.00000039 -0.01704264 0.01946149
v -0.00000038 -0.01316260 0.02183919
v -0.00000038 -0.01316260 0.02183919
v -0.00000038 -0.01316260 0.02183919
v -0.00000038 -0.00895835 0.02358064
v -0.00000038 -0.00895835 0.02358064
v -0.00000038 -0.00895835 0.02358064
v -0.00000038 -0.00453345 0.02464296
v -0.00000038 -0.00453345 0.02464296
v -0.00000038 -0.00453345 0.02464296
v -0.00000039 -0.00807187 -0.01005000
v -0.00000039 0.00807814 0.00205000
v -0.00000039 0.00807814 -0.01655881
v -0.00000039 0.00807814 -0.02785881
v -0.00000039 -0.02528246 -0.01655881
v -0.00000039 -0.02528246 -0.01655881
v -0.00000039 -0.02528246 -0.01655881
v -0.00000039 -0.02528246 0.00855881
v -0.00000039 0.00807814 0.01785881
v -0.00000039 -0.02528246 0.00205000
v -0.00000039 -0.00807187 -0.02785881
v -0.00000039 0.02105588 0.00365124
v -0.00000039 0.02105588 0.00365124
v -0.00000039 0.02105588 0.00365124
v -0.00000039 0.02105588 0.00365124
v -0.00000039 0.02105588 0.00365124
v -0.00000039 0.01940212 0.00720000
v -0.00000039 0.01940212 0.00720000
v -0.00000039 0.01940212 0.00720000
v -0.00000039 0.01940212 0.00720000
v -0.00000039 0.01940212 0.00720000
v -0.00000039 0.01715569 0.01040660
v -0.00000039 0.01715569 0.01040660
v -0.00000039 0.01715569 0.01040660
v -0.00000039 0.01715569 0.01040660
v -0.00000039 0.01715569 0.01040660
v -0.00000039 0.01715569 0.01040660
v -0.00000039 0.01715569 0.01040660
v -0.00000039 0.01715569 0.01040660
v -0.00000039 0.01715569 0.01040660
v -0.00000039 0.01837814 0.01785881
v -0.00000039 0.00807814 0.00855881
v -0.00000039 -0.00807187 0.00855881
v -0.00000039 0.00714505 0.01100000
v -0.00000039 0.00714505 0.01100000
v -0.00000039 0.00714505 0.01100000
v -0.00000039 0.00751108 0.01063398
v -0.00000039 0.00751108 0.01063398
v -0.00000039 0.00751108 0.01063398
v -0.00000039 -0.00807187 0.01785881
v -0.00000039 0.00766496 0.01433819
v -0.00000039 0.00766496 0.01433819
v -0.00000039 0.00766496 0.01433819
v -0.00000039 0.00766496 0.01433819
v -0.00000039 0.00766496 0.01433819
v -0.00000039 0.00730397 0.01410711
v -0.00000039 0.00730397 0.01410711
v -0.00000039 0.00730397 0.01410711
v -0.00000039 0.00730397 0.01410711
v -0.00000039 0.00730397 0.01410711
v -0.00000039 0.00707290 0.01374612
v -0.00000039 0.00707290 0.01374612
v -0.00000039 0.00707290 0.01374612
v -0.00000039 0.00707290 0.01374612
v -0.00000039 0.00707290 0.01374612
v -0.00000039 0.00707290 0.01374612
v -0.00000039 0.00701109 0.01150000
v -0.00000039 0.00701109 0.01150000
v -0.00000039 0.00701109 0.01150000
v -0.00000039 0.00701109 0.01340000
v -0.00000039 0.00701109 0.01340000
v -0.00000039 0.00701109 0.01340000
v -0.00000039 0.01225315 0.01306762
v -0.00000039 0.01225315 0.01306762
v -0.00000039 0.01225315 0.01306762
v -0.00000039 0.01088727 0.01329883
v -0.00000039 0.01088727 0.01329883
v -0.00000039 0.01088727 0.01329883
v -0.00000039 0.01088727 0.01329883
v -0.00000039 0.01088727 0.01329883
v -0.00000039 -0.02528246 -0.01005000
v -0.00000039 -0.01837185 0.01785881
v -0.00000039 -0.00807187 0.00205000
v -0.00000039 -0.00807187 -0.01655881
v -0.00000039 0.00807814 -0.01005000
v -0.00750039 0.01088727 0.01329883
v -0.00750039 0.01088727 0.01329883
v -0.00750039 0.01088727 0.01329883
v -0.00750039 0.01225315 0.01306762
v -0.00750039 0.01225315 0.01306762
v -0.00750039 0.01225315 0.01306762
v -0.00750039 0.01225315 0.01306762
v -0.00750039 0.01225315 0.01306762
v -0.00684238 0.00974162 0.01391387
v -0.00684238 0.00974162 0.01391387
v -0.00684238 0.00974162 0.01391387
v -0.00684238 0.00974162 0.01391387
v -0.00750039 0.01034178 0.01353397
v -0.00750039 0.01034178 0.01353397
v -0.00750039 0.01034178 0.01353397
v -0.00750039 0.01034178 0.01353397
v -0.00750039 0.00702010 0.01353397
v -0.00750039 0.00702010 0.01353397
v -0.00750039 0.00702010 0.01353397
v -0.00714228 0.00707003 0.01374073
v -0.00714228 0.00707003 0.01374073
v -0.00714228 0.00707003 0.01374073
v -0.00714228 0.00707003 0.01374073
v -0.00682049 0.00716017 0.01392651
v -0.00682049 0.00716017 0.01392651
v -0.00682049 0.00716017 0.01392651
v -0.00652022 0.00729676 0.01409988
v -0.00652022 0.00729676 0.01409988
v -0.00652022 0.00729676 0.01409988
v -0.00652022 0.00729676 0.01409988
v -0.00634184 0.00741427 0.01420286
v -0.00634184 0.00741427 0.01420286
v -0.00634184 0.00741427 0.01420286
v -0.00634184 0.00741427 0.01420286
v -0.00600069 0.00799188 0.01439982
v -0.00600069 0.00799188 0.01439982
v -0.00600069 0.00799188 0.01439982
v -0.00600069 0.00799188 0.01439982
v -0.00606949 0.00773096 0.01436010
v -0.00606949 0.00773096 0.01436010
v -0.00606949 0.00773096 0.01436010
v -0.00606949 0.00773096 0.01436010
v -0.00750039 0.00701109 0.01340000
v -0.00750039 0.00701109 0.01340000
v -0.00750039 0.00701109 0.01340000
v -0.00750039 0.00701109 0.01340000
v -0.00750039 0.00701109 0.01340000
v -0.00750039 0.00701109 0.01150000
v -0.00750039 0.00701109 0.01150000
v -0.00750039 0.00701109 0.01150000
v -0.00750039 0.00714505 0.01100000
v -0.00750039 0.00714505 0.01100000
v -0.00750039 0.00714505 0.01100000
v -0.00750039 0.00751108 0.01063398
v -0.00750039 0.00751108 0.01063398
v -0.00750039 0.00751108 0.01063398
v -0.00750039 0.02082253 0.00150138
v -0.00750039 0.02082253 0.00150138
v -0.00750039 0.02082253 0.00150138
v -0.00750039 0.02082253 0.00150138
v -0.00750039 0.02082253 0.00150138
v -0.00750039 0.02082253 0.00150138
v -0.00750039 0.02082253 0.00150138
v -0.00750039 0.02082253 0.00150138
v -0.00750039 0.02082253 0.00150138
v -0.00750039 0.02082253 0.00150138
v -0.00750039 0.01953003 0.00507813
v -0.00750039 0.01953003 0.00507813
v -0.00750039 0.01953003 0.00507813
v -0.00750039 0.01953003 0.00507813
v -0.00750039 0.01953003 0.00507813
v -0.00750039 0.01953003 0.00507813
v -0.00750039 0.01762846 0.00837172
v -0.00750039 0.01762846 0.00837172
v -0.00750039 0.01762846 0.00837172
v -0.00750039 0.01762846 0.00837172
v -0.00750039 0.01762846 0.00837172
v -0.00750039 0.01517718 0.01127943
v -0.00750039 0.01517718 0.01127943
v -0.00750039 0.01517718 0.01127943
v -0.00750039 0.01517718 0.01127943
v -0.00750039 0.01517718 0.01127943
v -0.00750039 0.01517718 0.01127943
v -0.00750039 0.01517718 0.01127943
v -0.00750039 0.01517718 0.01127943
v -0.00750039 0.01517718 0.01127943
v -0.00750039 0.01303612 0.01314215
v -0.00750039 0.01303612 0.01314215
v -0.00750039 0.01303612 0.01314215
v -0.00742041 0.01309648 0.01315422
v -0.00742041 0.01309648 0.01315422
v -0.00742041 0.01309648 0.01315422
v -0.00742041 0.01309648 0.01315422
v -0.00600039 0.01578742 0.01189392
v -0.00600039 0.01578742 0.01189392
v -0.00600039 0.01578742 0.01189392
v -0.00600039 0.01578742 0.01189392
v -0.00600039 0.01578742 0.01189392
v -0.00600039 0.01578742 0.01189392
v -0.00600039 0.01578742 0.01189392
v -0.00600039 0.01578742 0.01189392
v -0.00600039 0.01715569 0.01040660
v -0.00600039 0.01715569 0.01040660
v -0.00600039 0.01715569 0.01040660
v -0.00600039 0.01715569 0.01040660
v -0.00600039 0.01715569 0.01040660
v -0.00600039 0.01715569 0.01040660
v -0.00600039 0.01715569 0.01040660
v -0.00600039 0.01715569 0.01040660
v -0.00600039 0.01715569 0.01040660
v -0.00600039 0.01833729 0.00886927
v -0.00600039 0.01833729 0.00886927
v -0.00600039 0.01833729 0.00886927
v -0.00600039 0.01833729 0.00886927
v -0.00600039 0.01833729 0.00886927
v -0.00600039 0.01833729 0.00886927
v -0.00600039 0.01940212 0.00720000
v -0.00600039 0.01940212 0.00720000
v -0.00600039 0.01940212 0.00720000
v -0.00600039 0.01940212 0.00720000
v -0.00600039 0.02031533 0.00544322
v -0.00600039 0.02031533 0.00544322
v -0.00600039 0.02031533 0.00544322
v -0.00600039 0.02031533 0.00544322
v -0.00600039 0.02031533 0.00544322
v -0.00600039 0.02105588 0.00365124
v -0.00600039 0.02105588 0.00365124
v -0.00600039 0.02105588 0.00365124
v -0.00600039 0.02105588 0.00365124
v -0.00600039 0.02105588 0.00365124
v -0.00600039 0.02165982 0.00172262
v -0.00600039 0.02165982 0.00172262
v -0.00600039 0.02165982 0.00172262
v -0.00600039 0.02165982 0.00172262
v -0.00600039 0.02165982 0.00172262
vn 0.00000000 -0.10951541 0.99398510
vn 0.00749343 0.00702448 0.99994725
vn -0.52020937 0.56052824 0.64435262
vn -0.52149584 0.55964064 0.64408419
vn 0.00000000 -0.10951767 0.99398485
vn -0.08908392 -0.09337509 0.99163761
vn -0.51904514 0.56106314 0.64482579
vn -0.52020937 0.56052824 0.64435262
vn 0.00000000 -0.10951844 0.99398476
vn 0.00749343 0.00702448 0.99994725
vn 0.01712111 0.13920923 0.99011497
vn -0.00192416 0.01764505 0.99984246
vn -1.00000000 0.00000000 0.00000000
vn 0.00000000 0.47228412 0.88144637
vn 0.00097795 0.38284849 0.92381063
vn 0.01920072 0.57670531 0.81672659
vn -0.00192416 0.01764505 0.99984246
vn -1.00000000 0.00000001 0.00000001
vn 0.00000000 0.66883202 0.74341356
vn 0.00000000 0.47228412 0.88144637
vn 0.00016276 0.67179851 0.74073392
vn 0.00029157 0.67334057 0.73933240
vn 0.00069209 0.67759784 0.73543231
vn 0.00260046 0.68677888 0.72686175
vn 0.00575268 0.69480909 0.71917122
vn 0.00919584 0.70206162 0.71205682
vn 0.01580959 0.71271259 0.70127799
vn 0.01951855 0.71763323 0.69614767
vn -1.00000000 0.00000002 0.00000003
vn 0.00000000 0.66883202 0.74341356
vn 0.00000000 0.47228412 0.88144637
vn 0.01920072 0.57670531 0.81672659
vn -0.00032447 0.67178898 0.74074251
vn -0.00141983 0.67680147 0.73616421
vn -0.00583163 0.68496072 0.72855666
vn -0.00659361 0.68561128 0.72793797
vn -0.49986800 0.59382194 0.63048195
vn -0.51753923 0.56371821 0.64371961
vn -0.53347867 0.56316174 0.63107002
vn 0.00097795 0.38284849 0.92381063
vn 0.01920072 0.57670531 0.81672659
vn -0.53347867 0.56316174 0.63107002
vn 0.00097795 0.38284849 0.92381063
vn 0.01712111 0.13920923 0.99011497
vn -0.00192416 0.01764505 0.99984246
vn -0.51753923 0.56371821 0.64371961
vn -0.52175634 0.55945220 0.64403692
vn -0.53347867 0.56316174 0.63107002
vn 0.00749343 0.00702448 0.99994725
vn 0.01712111 0.13920923 0.99011497
vn -0.52149584 0.55964064 0.64408419
vn -0.52175634 0.55945220 0.64403692
vn 0.00000000 -0.64267444 -0.76613939
vn 0.00368104 -0.65217588 -0.75805875
vn 0.20228603 0.69248838 -0.69248841
vn 0.20323487 0.69242715 -0.69227179
vn -0.00338354 -0.65265387 -0.75764865
vn -0.16792175 0.69706611 -0.69706608
vn -0.19577496 0.69530915 -0.69153261
vn 0.00000000 0.66883202 0.74341356
vn 0.00016276 0.67179851 0.74073392
vn 0.20228603 0.69248838 -0.69248841
vn -0.00032447 0.67178898 0.74074251
vn -0.16792175 0.69706611 -0.69706608
vn 0.00016276 0.67179851 0.74073392
vn 0.00029157 0.67334057 0.73933240
vn -0.16792175 0.69706611 -0.69706608
vn -0.19577496 0.69530915 -0.69153261
vn -0.36044626 0.65950823 -0.65964186
vn 0.00008121 -0.67218120 -0.74038667
vn -0.00159651 -0.64831068 -0.76137423
vn -0.00338354 -0.65265387 -0.75764865
vn -0.19577496 0.69530915 -0.69153261
vn -0.36044626 0.65950823 -0.65964186
vn -0.55793583 0.58680828 -0.58682506
vn 0.00029157 0.67334057 0.73933240
vn 0.00069209 0.67759784 0.73543231
vn -0.36044626 0.65950823 -0.65964186
vn -0.55785833 0.58685242 -0.58685459
vn -0.55793583 0.58680828 -0.58682506
vn 0.00008121 -0.67218120 -0.74038667
vn -0.00018004 -0.68391239 -0.72956412
vn -0.55785833 0.58685242 -0.58685459
vn -0.55793583 0.58680828 -0.58682506
vn -0.83374879 0.39046500 -0.39038448
vn 0.00069209 0.67759784 0.73543231
vn 0.00260046 0.68677888 0.72686175
vn -0.55785833 0.58685242 -0.58685459
vn -0.83374879 0.39046500 -0.39038448
vn -0.83397011 0.39019739 -0.39017926
vn -0.00018004 -0.68391239 -0.72956412
vn -0.00200766 -0.69354131 -0.72041406
vn -0.83374879 0.39046500 -0.39038448
vn -0.83397011 0.39019739 -0.39017926
vn -0.94990662 0.22097036 -0.22101927
vn 0.00260046 0.68677888 0.72686175
vn 0.00575268 0.69480909 0.71917122
vn -0.83397011 0.39019739 -0.39017926
vn -0.94931615 0.22228890 -0.22223072
vn -0.94990662 0.22097036 -0.22101927
vn -0.00200766 -0.69354131 -0.72041406
vn -0.00414475 -0.70157998 -0.71257867
vn -0.94931615 0.22228890 -0.22223072
vn -0.94990662 0.22097036 -0.22101927
vn -0.99257841 0.08601828 -0.08595903
vn 0.00575268 0.69480909 0.71917122
vn 0.00919584 0.70206162 0.71205682
vn -0.94931615 0.22228890 -0.22223072
vn -0.99257841 0.08601828 -0.08595903
vn -0.99266257 0.08549661 -0.08550639
vn -0.00414475 -0.70157998 -0.71257867
vn -0.02134851 -0.74298486 -0.66896767
vn -0.05714785 -0.71619738 -0.69555405
vn -0.99220514 -0.08812112 0.08811147
vn -0.99257841 0.08601828 -0.08595903
vn -0.99266257 0.08549661 -0.08550639
vn 0.00919584 0.70206162 0.71205682
vn 0.01580959 0.71271259 0.70127799
vn -0.99220514 -0.08812112 0.08811147
vn -0.99229205 -0.08759651 0.08765467
vn -0.99266257 0.08549661 -0.08550639
vn -0.04199403 -0.72909278 -0.68312533
vn -0.05714785 -0.71619738 -0.69555405
vn -0.94898546 -0.22293590 0.22299368
vn -0.99220514 -0.08812112 0.08811147
vn -0.99229205 -0.08759651 0.08765467
vn 0.01580959 0.71271259 0.70127799
vn 0.01627954 0.72161610 0.69210200
vn 0.01951855 0.71763323 0.69614767
vn -0.94840684 -0.22421741 0.22416738
vn -0.94898546 -0.22293590 0.22299368
vn -0.99229205 -0.08759651 0.08765467
vn -0.02758941 -0.74192430 -0.66991579
vn -0.04199403 -0.72909278 -0.68312533
vn -0.83055570 -0.39379755 0.39382829
vn -0.94840684 -0.22421741 0.22416738
vn -0.94898546 -0.22293590 0.22299368
vn 0.00989146 0.73030766 0.68304676
vn 0.01627954 0.72161610 0.69210200
vn -0.83055570 -0.39379755 0.39382829
vn -0.83102387 -0.39323843 0.39339912
vn -0.94840684 -0.22421741 0.22416738
vn -0.01534429 -0.75531079 -0.65518712
vn -0.02758941 -0.74192430 -0.66991579
vn -0.56065861 -0.58557271 0.58546266
vn -0.56178634 -0.58513432 0.58481958
vn -0.83055570 -0.39379755 0.39382829
vn -0.83102387 -0.39323843 0.39339912
vn 0.00490592 0.73967383 0.67294767
vn 0.00989146 0.73030766 0.68304676
vn -0.56065861 -0.58557271 0.58546266
vn -0.83102387 -0.39323843 0.39339912
vn 0.00217105 0.74667258 0.66518821
vn 0.00490592 0.73967383 0.67294767
vn -0.20211749 -0.69243954 0.69258646
vn -0.56065861 -0.58557271 0.58546266
vn -0.56178634 -0.58513432 0.58481958
vn -0.00655547 -0.76696019 -0.64166120
vn -0.01534429 -0.75531079 -0.65518712
vn -0.20211749 -0.69243954 0.69258646
vn -0.20303136 -0.69238143 0.69237723
vn -0.56178634 -0.58513432 0.58481958
vn 0.00000000 0.75348209 0.65746843
vn 0.00217105 0.74667258 0.66518821
vn 0.19784039 -0.69313239 0.69312818
vn -0.00282257 0.74906282 0.66249296
vn -0.20211749 -0.69243954 0.69258646
vn -0.20303136 -0.69238143 0.69237723
vn 0.00000000 -0.77699348 -0.62950864
vn 0.00659364 -0.76817123 -0.64021050
vn 0.19469148 -0.69383011 0.69332172
vn 0.19784039 -0.69313239 0.69312818
vn -0.00655547 -0.76696019 -0.64166120
vn -0.20303136 -0.69238143 0.69237723
vn 0.20228603 0.69248838 -0.69248841
vn 0.20323487 0.69242715 -0.69227179
vn 0.55945105 0.58618236 -0.58600747
vn 0.56247059 0.58446065 -0.58483552
vn -0.00032447 0.67178898 0.74074251
vn -0.00141983 0.67680147 0.73616421
vn 0.00368104 -0.65217588 -0.75805875
vn 0.00876451 -0.66259353 -0.74892790
vn 0.20323487 0.69242715 -0.69227179
vn 0.56247059 0.58446065 -0.58483552
vn 0.00019359 -0.68376637 -0.72970098
vn 0.00876451 -0.66259353 -0.74892790
vn 0.55945105 0.58618236 -0.58600747
vn 0.56247059 0.58446065 -0.58483552
vn 0.82975846 0.39460069 -0.39470393
vn 0.83158845 0.39292156 -0.39252172
vn -0.00066836 -0.64831136 -0.76137503
vn 0.55945105 0.58618236 -0.58600747
vn 0.82975846 0.39460069 -0.39470393
vn -0.00141983 0.67680147 0.73616421
vn -0.00583163 0.68496072 0.72855666
vn 0.82975846 0.39460069 -0.39470393
vn 0.83158845 0.39292156 -0.39252172
vn 0.94796575 0.22502880 -0.22521761
vn -0.00169595 0.69563993 0.71838862
vn -0.00583163 0.68496072 0.72855666
vn -0.00659361 0.68561128 0.72793797
vn 0.00019359 -0.68376637 -0.72970098
vn 0.00235447 -0.69333448 -0.72061207
vn 0.83158845 0.39292156 -0.39252172
vn 0.94796575 0.22502880 -0.22521761
vn 0.94935521 0.22220927 -0.22214349
vn 0.00035443 0.70279080 0.71139649
vn 0.94796575 0.22502880 -0.22521761
vn 0.94935521 0.22220927 -0.22214349
vn 0.99214895 0.08846516 -0.08839895
vn -0.00169595 0.69563993 0.71838862
vn 0.00235447 -0.69333448 -0.72061207
vn 0.00494845 -0.70142853 -0.71272261
vn 0.94935521 0.22220927 -0.22214349
vn 0.99214895 0.08846516 -0.08839895
vn 0.99241552 0.08705984 -0.08678725
vn 0.00035443 0.70279080 0.71139649
vn 0.99214895 0.08846516 -0.08839895
vn 0.99241552 0.08705984 -0.08678725
vn 0.99279961 -0.08484947 0.08455472
vn -0.00059795 0.71127222 0.70291641
vn 0.00494845 -0.70142853 -0.71272261
vn 0.01070269 -0.71319468 -0.70088430
vn 0.99237073 -0.08715318 0.08720468
vn 0.99241552 0.08705984 -0.08678725
vn 0.99279961 -0.08484947 0.08455472
vn 0.94980018 -0.22119781 0.22124906
vn 0.99237073 -0.08715318 0.08720468
vn 0.99279961 -0.08484947 0.08455472
vn -0.00059795 0.71127222 0.70291641
vn -0.01386432 0.73587681 0.67697349
vn -0.03846695 0.72604880 0.68656641
vn 0.01070269 -0.71319468 -0.70088430
vn 0.03033566 -0.74281220 -0.66881222
vn 0.04850234 -0.73028214 -0.68142169
vn 0.94926029 -0.22230542 0.22245269
vn 0.94980018 -0.22119781 0.22124906
vn 0.99237073 -0.08715318 0.08720468
vn 0.83526063 -0.38905887 0.38855228
vn 0.94926029 -0.22230542 0.22245269
vn 0.94980018 -0.22119781 0.22124906
vn -0.02012936 0.73448605 0.67832518
vn -0.03846695 0.72604880 0.68656641
vn 0.03219462 -0.74248526 -0.66908830
vn 0.04850234 -0.73028214 -0.68142169
vn 0.83526063 -0.38905887 0.38855228
vn 0.84359199 -0.38112900 0.37827666
vn 0.94926029 -0.22230542 0.22245269
vn 0.55992334 -0.58615955 0.58557906
vn 0.72270929 -0.48868222 0.48875451
vn 0.83526063 -0.38905887 0.38855228
vn 0.84359199 -0.38112900 0.37827666
vn -0.00823346 0.74293689 0.66931083
vn -0.02012936 0.73448605 0.67832518
vn 0.02367469 -0.75020916 -0.66077661
vn 0.03219462 -0.74248526 -0.66908830
vn 0.72270929 -0.48868222 0.48875451
vn 0.84359199 -0.38112900 0.37827666
vn 0.01648978 -0.75679709 -0.65344185
vn 0.02367469 -0.75020916 -0.66077661
vn 0.55508248 -0.58800953 0.58832664
vn 0.55992334 -0.58615955 0.58557906
vn 0.72270929 -0.48868222 0.48875451
vn 0.19469148 -0.69383011 0.69332172
vn 0.19784039 -0.69313239 0.69312818
vn 0.55508248 -0.58800953 0.58832664
vn 0.55992334 -0.58615955 0.58557906
vn -0.00282257 0.74906282 0.66249296
vn -0.00823346 0.74293689 0.66931083
vn 0.00659364 -0.76817123 -0.64021050
vn 0.01648978 -0.75679709 -0.65344185
vn 0.19469148 -0.69383011 0.69332172
vn 0.55508248 -0.58800953 0.58832664
vn 0.00000000 -0.66883202 0.74341356
vn 0.00000000 -0.65527894 0.75538699
vn -0.00026402 -0.67123887 0.74124106
vn -0.00055902 -0.67282915 0.73979769
vn -0.00140882 -0.67681338 0.73615329
vn -0.00454257 -0.68561911 0.72794629
vn -0.00598945 -0.68515865 0.72836924
vn -0.01486551 -0.69257080 0.72119672
vn -0.49986357 -0.59382369 0.63048381
vn -0.51319665 -0.57129907 0.64050494
vn 0.00000000 -0.66883202 0.74341356
vn 0.00000000 -0.65527894 0.75538699
vn 0.00018513 -0.67220541 0.74036468
vn 0.00070163 -0.67758431 0.73544477
vn 0.00161386 -0.51992679 0.85420930
vn 0.00254799 -0.68657710 0.72705253
vn 0.00568627 -0.69466643 0.71930954
vn 0.00912496 -0.70191108 0.71220613
vn 0.01885807 -0.71764000 0.69615889
vn -1.00000000 0.00000000 0.00000000
vn 0.00000000 -0.65527894 0.75538699
vn 0.00161386 -0.51992679 0.85420930
vn 0.00601202 -0.55328558 0.83296994
vn -0.51319665 -0.57129907 0.64050494
vn -0.51621965 -0.56623302 0.64257096
vn 0.00161386 -0.51992679 0.85420930
vn 0.00439480 -0.18123313 0.98343034
vn 0.00601202 -0.55328558 0.83296994
vn -0.00195701 -0.35787653 0.93376687
vn -1.00000000 0.00000000 0.00000000
vn 0.00601202 -0.55328558 0.83296994
vn -0.00195701 -0.35787653 0.93376687
vn -0.51621965 -0.56623302 0.64257096
vn -0.52050854 -0.56074194 0.64392495
vn 0.00000000 -0.12688863 0.99191697
vn 0.00439480 -0.18123313 0.98343034
vn -0.00195701 -0.35787653 0.93376687
vn -0.52050854 -0.56074194 0.64392495
vn -0.52195676 -0.55931757 0.64399146
vn 0.00000000 -0.12688863 0.99191697
vn 0.00000000 0.10951441 0.99398521
vn 0.00439480 -0.18123313 0.98343034
vn -1.00000000 0.00000000 0.00000000
vn 0.00000000 -0.12688863 0.99191697
vn 0.00000000 0.10951441 0.99398521
vn -0.52018967 -0.56053730 0.64436064
vn -0.52195676 -0.55931757 0.64399146
vn 0.00000000 0.10951649 0.99398498
vn -1.00000000 0.00000000 0.00000000
vn 0.00000000 0.10951739 0.99398488
vn -0.08906428 0.09337874 0.99163903
vn -0.51911848 -0.56102949 0.64479603
vn -0.52018967 -0.56053730 0.64436064
vn 0.00000000 -0.16690496 0.98597299
vn 0.00369280 -0.48211080 0.87610247
vn 0.00660301 -0.10809631 0.99411850
vn -0.00192853 -0.31762130 0.94821569
vn -1.00000000 0.00000000 0.00000014
vn 0.00000000 -0.16690496 0.98597299
vn 0.00000000 0.00000000 1.00000000
vn -1.00000000 -0.00000002 0.00000019
vn 0.00000000 -0.16690496 0.98597299
vn 0.00000000 0.00000000 1.00000000
vn 0.00660301 -0.10809631 0.99411850
vn -0.49980418 0.00022004 0.86613840
vn -0.49989992 0.00026889 0.86608314
vn -0.49999920 0.00000000 0.86602586
vn 0.00000000 -0.52489424 0.85116746
vn 0.00000000 -0.48211219 0.87610949
vn -0.01378134 -0.53981320 0.84167202
vn -0.50000429 -0.00000109 0.86602293
vn -0.50040984 -0.00008446 0.86578865
vn 0.00000000 -0.52489424 0.85116746
vn 0.00000000 -0.48211219 0.87610949
vn 0.00369280 -0.48211080 0.87610247
vn -1.00000000 0.00000000 0.00000000
vn 0.00000000 -0.52489424 0.85116746
vn 0.00369280 -0.48211080 0.87610247
vn -0.00192853 -0.31762130 0.94821569
vn -0.49980418 0.00022004 0.86613840
vn -0.49989992 0.00026889 0.86608314
vn -0.50040984 -0.00008446 0.86578865
vn 0.00660301 -0.10809631 0.99411850
vn -0.00192853 -0.31762130 0.94821569
vn -0.49989992 0.00026889 0.86608314
vn 0.00000000 -0.40387034 0.91481624
vn -0.01378134 -0.53981320 0.84167202
vn -0.09854441 -0.39392893 0.91384298
vn -0.49995781 0.00000000 0.86604976
vn -0.50000438 -0.00000112 0.86602287
vn -0.09854441 -0.39392893 0.91384298
vn -0.49995781 0.00000000 0.86604976
vn -1.00000000 0.00000000 0.00000000
vn 0.00000000 -0.40387034 0.91481624
vn 0.00000000 -0.16690065 0.98597372
vn -0.09854441 -0.39392893 0.91384298
vn -1.00000000 0.00000000 0.00000000
vn 0.00000000 -0.48211219 0.87610949
vn 0.00000000 -0.40387034 0.91481624
vn 0.00000000 -0.16690065 0.98597372
vn -0.01378134 -0.53981320 0.84167202
vn -1.00000000 0.00000000 0.00000000
vn 0.00000000 -0.16690065 0.98597372
vn 0.00000000 0.10951857 0.99398475
vn -0.07840251 0.09447157 0.99243547
vn -0.08906428 0.09337874 0.99163903
vn -1.00000000 0.00000000 0.00000000
vn 0.00000000 -0.16690065 0.98597372
vn 0.00000000 0.10951857 0.99398475
vn -1.00000000 0.00000000 0.00000000
vn -0.07840251 0.09447157 0.99243547
vn -0.08906428 0.09337874 0.99163903
vn -0.51911848 -0.56102949 0.64479603
vn -0.52021223 -0.56056053 0.64432222
vn -0.07840251 0.09447157 0.99243547
vn -0.52021223 -0.56056053 0.64432222
vn -1.00000000 0.00000000 0.00000000
vn -0.49853662 -0.81527277 0.29460404
vn -0.49987249 -0.84291892 0.19903564
vn -0.51757324 -0.83932441 0.16629033
vn -0.51906134 -0.83895676 0.16348356
vn -0.52010993 -0.83833871 0.16332135
vn -0.52072357 -0.83798917 0.16315979
vn -0.52145701 -0.83760892 0.16276939
vn -1.00000000 0.00000000 0.00000000
vn -0.13508334 -0.84857849 -0.51153400
vn -0.52010993 -0.83833871 0.16332135
vn -1.00000000 0.00000000 0.00000000
vn -0.13508334 -0.84857849 -0.51153400
vn -0.14449104 -0.84770979 -0.51040225
vn -0.51906134 -0.83895676 0.16348356
vn -0.52010993 -0.83833871 0.16332135
vn -0.00000003 -0.84868347 -0.52890109
vn -0.00000002 -0.81417648 -0.58061748
vn -0.14449104 -0.84770979 -0.51040225
vn -0.51906134 -0.83895676 0.16348356
vn -0.52072357 -0.83798917 0.16315979
vn -0.00000002 -0.81417648 -0.58061748
vn 0.01683899 -0.92597739 -0.37720328
vn -0.52072357 -0.83798917 0.16315979
vn -0.52145701 -0.83760892 0.16276939
vn 0.00080635 -0.99113254 -0.13287454
vn 0.01683899 -0.92597739 -0.37720328
vn -0.00158136 -0.87470918 -0.48464560
vn -0.51757324 -0.83932441 0.16629033
vn -0.52145701 -0.83760892 0.16276939
vn -0.53381320 -0.82785784 0.17232197
vn -0.49961277 -0.63751054 0.58648734
vn -0.49986357 -0.59382369 0.63048381
vn -0.51319665 -0.57129907 0.64050494
vn -0.51621965 -0.56623302 0.64257096
vn -0.51911848 -0.56102949 0.64479603
vn -0.52018967 -0.56053730 0.64436064
vn -0.52021223 -0.56056053 0.64432222
vn -0.52050854 -0.56074194 0.64392495
vn -0.52195676 -0.55931757 0.64399146
vn -0.53509846 -0.64589468 0.54450868
vn -1.00000000 0.00000000 0.00000000
vn 0.00000002 -0.95430578 0.29883185
vn 0.00000003 -0.92419258 0.38192680
vn -0.49964803 -0.80056196 0.33083589
vn -0.56596063 -0.78676048 0.24636662
vn -0.49853662 -0.81527277 0.29460404
vn -0.49964803 -0.80056196 0.33083589
vn -0.49963323 -0.76859491 0.39953535
vn -0.53511811 -0.73159767 0.42239017
vn -0.56596063 -0.78676048 0.24636662
vn -1.00000000 0.00000005 0.00000011
vn 0.00000002 -0.97323622 0.22980703
vn 0.00000002 -0.95430578 0.29883185
vn 0.00891317 -0.96184138 0.27346244
vn -0.49853662 -0.81527277 0.29460404
vn -0.49987249 -0.84291892 0.19903564
vn -0.56596063 -0.78676048 0.24636662
vn 0.00000002 -0.97323622 0.22980703
vn -0.00000000 -0.99949687 -0.03171773
vn 0.01911264 -0.99571214 0.09050987
vn -0.49987249 -0.84291892 0.19903564
vn -0.51757324 -0.83932441 0.16629033
vn -0.53381320 -0.82785784 0.17232197
vn 0.00080635 -0.99113254 -0.13287454
vn 0.01911264 -0.99571214 0.09050987
vn -0.53381320 -0.82785784 0.17232197
vn 0.00000003 -0.92419258 0.38192680
vn 0.00000000 -0.88728024 0.46123073
vn 0.01428043 -0.90631821 0.42235457
vn -0.49964803 -0.80056196 0.33083589
vn -0.49963323 -0.76859491 0.39953535
vn 0.00000000 -0.88728024 0.46123073
vn 0.00000000 -0.84307612 0.53779426
vn -0.49963368 -0.73030356 0.46585717
vn -0.49963323 -0.76859491 0.39953535
vn -0.53511811 -0.73159767 0.42239017
vn -0.49963368 -0.73030356 0.46585717
vn -0.49964866 -0.68679937 0.52788051
vn -0.53509846 -0.64589468 0.54450868
vn -0.53511811 -0.73159767 0.42239017
vn -1.00000000 0.00000006 0.00000012
vn 0.00000000 -0.84307612 0.53779426
vn 0.00000000 -0.79286198 0.60940124
vn 0.01427802 -0.81893176 0.57371327
vn -0.49963368 -0.73030356 0.46585717
vn -0.49964866 -0.68679937 0.52788051
vn 0.00000000 -0.79286198 0.60940124
vn 0.00000000 -0.75348209 0.65746843
vn -0.00288480 -0.74896494 0.66260334
vn -0.00825477 -0.74294271 0.66930411
vn -0.01726784 -0.73583414 0.67694161
vn -0.01974689 -0.73471134 0.67809240
vn -0.49961277 -0.63751054 0.58648734
vn -0.49964866 -0.68679937 0.52788051
vn -0.53509846 -0.64589468 0.54450868
vn 0.00037569 -0.70289366 0.71129485
vn -0.00071520 -0.71147797 0.70270804
vn -0.00454257 -0.68561911 0.72794629
vn -0.00472727 -0.71902493 0.69496820
vn -0.01726784 -0.73583414 0.67694161
vn -0.49961277 -0.63751054 0.58648734
vn -0.49986357 -0.59382369 0.63048381
vn 0.00000000 0.63618433 0.77153710
vn 0.00522629 0.64661047 0.76280246
vn 0.20231170 -0.69248653 0.69248276
vn 0.20321507 -0.69242823 0.69227652
vn -0.00482062 0.64717342 0.76232757
vn -0.16795650 -0.69706378 0.69706004
vn -0.19577202 -0.69530886 0.69153373
vn 0.00000000 -0.66883835 -0.74340787
vn 0.00015864 -0.67172974 -0.74079628
vn 0.20231170 -0.69248653 0.69248276
vn -0.00031836 -0.67173967 -0.74078723
vn -0.16795650 -0.69706378 0.69706004
vn 0.00015864 -0.67172974 -0.74079628
vn 0.00028667 -0.67326251 -0.73940348
vn -0.16795650 -0.69706378 0.69706004
vn -0.19577202 -0.69530886 0.69153373
vn -0.36041075 -0.65951764 0.65965186
vn -0.00482062 0.64717342 0.76232757
vn -0.01134563 0.65950677 0.75161299
vn -0.19577202 -0.69530886 0.69153373
vn -0.36041075 -0.65951764 0.65965186
vn -0.55792113 -0.58681497 0.58683235
vn 0.00028667 -0.67326251 -0.73940348
vn 0.00069466 -0.67759921 -0.73543105
vn -0.36041075 -0.65951764 0.65965186
vn -0.55786039 -0.58684957 0.58685549
vn -0.55792113 -0.58681497 0.58683235
vn -0.01134563 0.65950677 0.75161299
vn -0.02119069 0.67354944 0.73883834
vn -0.55786039 -0.58684957 0.58685549
vn -0.55792113 -0.58681497 0.58683235
vn -0.83374970 -0.39046271 0.39038484
vn 0.00069466 -0.67759921 -0.73543105
vn 0.00260603 -0.68679429 -0.72684717
vn -0.55786039 -0.58684957 0.58685549
vn -0.83374970 -0.39046271 0.39038484
vn -0.83396166 -0.39020641 0.39018829
vn -0.02119069 0.67354944 0.73883834
vn -0.03272339 0.68579288 0.72706073
vn -0.83374970 -0.39046271 0.39038484
vn -0.83396166 -0.39020641 0.39018829
vn -0.94991156 -0.22095964 0.22100873
vn 0.00260603 -0.68679429 -0.72684717
vn 0.00574993 -0.69480328 -0.71917685
vn -0.83396166 -0.39020641 0.39018829
vn -0.94931532 -0.22229111 0.22223205
vn -0.94991156 -0.22095964 0.22100873
vn -0.01587311 0.70047992 0.71349557
vn -0.02834874 0.68157430 0.73119958
vn -0.03272339 0.68579288 0.72706073
vn -0.94931532 -0.22229111 0.22223205
vn -0.94991156 -0.22095964 0.22100873
vn -0.99257855 -0.08601753 0.08595815
vn 0.00574993 -0.69480328 -0.71917685
vn 0.00918491 -0.70203872 -0.71207954
vn -0.94931532 -0.22229111 0.22223205
vn -0.99257855 -0.08601753 0.08595815
vn -0.99266280 -0.08549534 0.08550506
vn -0.00888025 0.71309692 0.70100922
vn -0.01587311 0.70047992 0.71349557
vn -0.99220514 0.08812115 -0.08811144
vn -0.99257855 -0.08601753 0.08595815
vn -0.99266280 -0.08549534 0.08550506
vn 0.00918491 -0.70203872 -0.71207954
vn 0.01581299 -0.71271285 -0.70127765
vn -0.99220514 0.08812115 -0.08811144
vn -0.99229205 0.08759654 -0.08765464
vn -0.99266280 -0.08549534 0.08550506
vn -0.00533473 0.72137323 0.69252596
vn -0.00888025 0.71309692 0.70100922
vn -0.94897741 0.22295312 -0.22301075
vn -0.99220514 0.08812115 -0.08811144
vn -0.99229205 0.08759654 -0.08765464
vn 0.01581299 -0.71271285 -0.70127765
vn 0.01627954 -0.72161610 -0.69210200
vn 0.01952023 -0.71763116 -0.69614975
vn -0.94840685 0.22421671 -0.22416805
vn -0.94897741 0.22295312 -0.22301075
vn -0.99229205 0.08759654 -0.08765464
vn -0.00207991 0.73061571 0.68278573
vn -0.00533473 0.72137323 0.69252596
vn -0.83056431 0.39378728 -0.39382040
vn -0.94840685 0.22421671 -0.22416805
vn -0.94897741 0.22295312 -0.22301075
vn 0.00988114 -0.73032158 -0.68303203
vn 0.01627954 -0.72161610 -0.69210200
vn -0.83056431 0.39378728 -0.39382040
vn -0.83101523 0.39324876 -0.39340705
vn -0.94840685 0.22421671 -0.22416805
vn -0.00036749 0.74078350 0.67174375
vn -0.00207991 0.73061571 0.68278573
vn -0.56067595 0.58556618 -0.58545259
vn -0.56178852 0.58513367 -0.58481813
vn -0.83056431 0.39378728 -0.39382040
vn -0.83101523 0.39324876 -0.39340705
vn 0.00491510 -0.73965109 -0.67297258
vn 0.00988114 -0.73032158 -0.68303203
vn -0.56067595 0.58556618 -0.58545259
vn -0.83101523 0.39324876 -0.39340705
vn 0.00216802 -0.74668118 -0.66517856
vn 0.00491510 -0.73965109 -0.67297258
vn -0.20212318 0.69243918 -0.69258516
vn -0.56067595 0.58556618 -0.58545259
vn -0.56178852 0.58513367 -0.58481813
vn -0.00003805 0.74651648 0.66536693
vn -0.00036749 0.74078350 0.67174375
vn -0.20212318 0.69243918 -0.69258516
vn -0.20300030 0.69238341 -0.69238435
vn -0.56178852 0.58513367 -0.58481813
vn 0.00000000 -0.75348113 -0.65746953
vn 0.00216802 -0.74668118 -0.66517856
vn 0.19784334 0.69312940 -0.69313033
vn -0.00282041 -0.74906525 -0.66249023
vn -0.20212318 0.69243918 -0.69258516
vn -0.20300030 0.69238341 -0.69238435
vn 0.00000000 0.74871089 0.66289667
vn 0.00003902 0.74674207 0.66511373
vn -0.00003805 0.74651648 0.66536693
vn 0.19466485 0.69383364 -0.69332567
vn 0.19784334 0.69312940 -0.69313033
vn -0.20300030 0.69238341 -0.69238435
vn 0.20231170 -0.69248653 0.69248276
vn 0.20321507 -0.69242823 0.69227652
vn 0.55944886 -0.58618350 0.58600842
vn 0.56248586 -0.58445181 0.58482967
vn -0.00031836 -0.67173967 -0.74078723
vn -0.00142284 -0.67679382 -0.73617124
vn 0.00522629 0.64661047 0.76280246
vn 0.01253162 0.65837699 0.75258401
vn 0.20321507 -0.69242823 0.69227652
vn 0.56248586 -0.58445181 0.58482967
vn 0.01253162 0.65837699 0.75258401
vn 0.02380014 0.67198613 0.74018119
vn 0.55944886 -0.58618350 0.58600842
vn 0.56248586 -0.58445181 0.58482967
vn 0.82975846 -0.39460083 0.39470379
vn 0.83158650 -0.39292350 0.39252391
vn 0.55944886 -0.58618350 0.58600842
vn 0.82975846 -0.39460083 0.39470379
vn -0.00142284 -0.67679382 -0.73617124
vn -0.00583734 -0.68495790 -0.72855927
vn 0.82975846 -0.39460083 0.39470379
vn 0.83158650 -0.39292350 0.39252391
vn 0.94796495 -0.22503042 0.22521938
vn -0.00171129 -0.69563011 -0.71839810
vn -0.00583734 -0.68495790 -0.72855927
vn -0.00660356 -0.68561207 -0.72793714
vn 0.02380014 0.67198613 0.74018119
vn 0.03780691 0.68433856 0.72818361
vn 0.83158650 -0.39292350 0.39252391
vn 0.94796495 -0.22503042 0.22521938
vn 0.94935521 -0.22220927 0.22214349
vn 0.00034252 -0.70279333 -0.71139400
vn 0.94796495 -0.22503042 0.22521938
vn 0.94935521 -0.22220927 0.22214349
vn 0.99214903 -0.08846472 0.08839851
vn -0.00171129 -0.69563011 -0.71839810
vn 0.03780691 0.68433856 0.72818361
vn 0.05301654 0.69619752 0.71588984
vn 0.94935521 -0.22220927 0.22214349
vn 0.99214903 -0.08846472 0.08839851
vn 0.99241559 -0.08705942 0.08678683
vn 0.00034252 -0.70279333 -0.71139400
vn 0.99214903 -0.08846472 0.08839851
vn 0.99241559 -0.08705942 0.08678683
vn 0.99279961 0.08484947 -0.08455472
vn -0.00060984 -0.71127322 -0.70291538
vn 0.01064859 0.71319379 0.70088603
vn 0.03153539 0.68150922 0.73112975
vn 0.05301654 0.69619752 0.71588984
vn 0.99237081 0.08715278 -0.08720423
vn 0.99241559 -0.08705942 0.08678683
vn 0.99279961 0.08484947 -0.08455472
vn 0.94979264 0.22121408 -0.22126518
vn 0.99237081 0.08715278 -0.08720423
vn 0.99279961 0.08484947 -0.08455472
vn -0.00060984 -0.71127322 -0.70291538
vn -0.01387406 -0.73587304 -0.67697739
vn -0.03839340 -0.72607906 -0.68653853
vn 0.00635843 0.72150797 0.69237693
vn 0.01064859 0.71319379 0.70088603
vn 0.94925866 0.22230950 -0.22245556
vn 0.94979264 0.22121408 -0.22126518
vn 0.99237081 0.08715278 -0.08720423
vn 0.83526799 0.38905199 -0.38854334
vn 0.94925866 0.22230950 -0.22245556
vn 0.94979264 0.22121408 -0.22126518
vn -0.02014528 -0.73447458 -0.67833713
vn -0.03839340 -0.72607906 -0.68653853
vn 0.00268833 0.73016646 0.68326402
vn 0.00635843 0.72150797 0.69237693
vn 0.83526799 0.38905199 -0.38854334
vn 0.84359188 0.38112913 -0.37827679
vn 0.94925866 0.22230950 -0.22245556
vn 0.55992335 0.58615935 -0.58557925
vn 0.72269667 0.48869141 -0.48876398
vn 0.83526799 0.38905199 -0.38854334
vn 0.84359188 0.38112913 -0.37827679
vn -0.00823346 -0.74293689 -0.66931083
vn -0.02014528 -0.73447458 -0.67833713
vn 0.00136923 0.73613247 0.67683610
vn 0.00268833 0.73016646 0.68326402
vn 0.72269667 0.48869141 -0.48876398
vn 0.84359188 0.38112913 -0.37827679
vn 0.00040406 0.74094338 0.67156738
vn 0.00136923 0.73613247 0.67683610
vn 0.55508249 0.58800933 -0.58832684
vn 0.55992335 0.58615935 -0.58557925
vn 0.72269667 0.48869141 -0.48876398
vn 0.19466485 0.69383364 -0.69332567
vn 0.19784334 0.69312940 -0.69313033
vn 0.55508249 0.58800933 -0.58832684
vn 0.55992335 0.58615935 -0.58557925
vn -0.00282041 -0.74906525 -0.66249023
vn -0.00823346 -0.74293689 -0.66931083
vn 0.00003902 0.74674207 0.66511373
vn 0.00040406 0.74094338 0.67156738
vn 0.19466485 0.69383364 -0.69332567
vn 0.55508249 0.58800933 -0.58832684
vn -0.00000002 -0.99413451 -0.10815070
vn -0.00000004 -0.97323622 -0.22980703
vn -0.49987268 -0.84291882 -0.19903561
vn -0.51513962 -0.83989805 -0.17088724
vn -0.00000002 -0.99413451 -0.10815070
vn -0.00000004 -0.97323622 -0.22980703
vn 0.00892747 -0.99945703 0.03171655
vn 0.00891305 -0.96184147 -0.27346213
vn -1.00000000 0.00000000 0.00000001
vn -0.00000002 -0.99413451 -0.10815070
vn 0.00208679 -0.99437625 0.10588444
vn 0.00892747 -0.99945703 0.03171655
vn -0.51513962 -0.83989805 -0.17088724
vn -0.51990217 -0.83828238 -0.16426922
vn 0.00208679 -0.99437625 0.10588444
vn 0.00819740 -0.87468181 0.48462824
vn 0.00892747 -0.99945703 0.03171655
vn -0.00152519 -0.94041790 0.34001743
vn -1.00000000 0.00000000 0.00000000
vn 0.00208679 -0.99437625 0.10588444
vn -0.00152519 -0.94041790 0.34001743
vn -0.51990217 -0.83828238 -0.16426922
vn -0.52151480 -0.83758009 -0.16273265
vn 0.00000000 -0.82024201 0.57201665
vn 0.00819740 -0.87468181 0.48462824
vn -0.00152519 -0.94041790 0.34001743
vn -0.52077168 -0.83796108 -0.16315051
vn -0.52151480 -0.83758009 -0.16273265
vn 0.00000000 -0.84868304 0.52890179
vn 0.00000000 -0.82024201 0.57201665
vn 0.00819740 -0.87468181 0.48462824
vn -1.00000000 -0.00000014 0.00000024
vn 0.00000003 -0.84868311 0.52890167
vn 0.00000000 -0.82024201 0.57201665
vn -0.14451544 -0.84770777 0.51039869
vn -0.51905603 -0.83895982 -0.16348470
vn -0.52077168 -0.83796108 -0.16315051
vn -0.00000004 -0.97323622 -0.22980703
vn -0.00000005 -0.95430595 -0.29883132
vn 0.00891305 -0.96184147 -0.27346213
vn -0.49962196 -0.82666138 -0.25886071
vn -0.49987268 -0.84291882 -0.19903561
vn -0.00000005 -0.95430595 -0.29883132
vn -0.00000006 -0.92419226 -0.38192757
vn 0.00891305 -0.96184147 -0.27346213
vn 0.01428004 -0.90631821 -0.42235457
vn -1.00000000 0.00000002 0.00000003
vn 0.00000000 -0.79286163 -0.60940171
vn 0.00000000 -0.75348113 -0.65746953
vn -0.00282041 -0.74906525 -0.66249023
vn -0.00823346 -0.74293689 -0.66931083
vn -0.01387406 -0.73587304 -0.67697739
vn -0.02014528 -0.73447458 -0.67833713
vn -0.03839340 -0.72607906 -0.68653853
vn -0.49964865 -0.68679907 -0.52788092
vn -0.56597400 -0.60672912 -0.55816951
vn 0.00034252 -0.70279333 -0.71139400
vn -0.00060984 -0.71127322 -0.70291538
vn -0.00171129 -0.69563011 -0.71839810
vn -0.00660356 -0.68561207 -0.72793714
vn -0.01387406 -0.73587304 -0.67697739
vn -0.49852766 -0.66277900 -0.55874339
vn -0.49986417 -0.59382418 -0.63048288
vn -0.56597400 -0.60672912 -0.55816951
vn 0.00000000 -0.66883835 -0.74340787
vn 0.00000000 -0.51992559 -0.85421155
vn 0.00844829 -0.57836226 -0.81573631
vn -0.00031836 -0.67173967 -0.74078723
vn -0.00142284 -0.67679382 -0.73617124
vn -0.00583734 -0.68495790 -0.72855927
vn -0.00660356 -0.68561207 -0.72793714
vn -0.49986417 -0.59382418 -0.63048288
vn -0.51746586 -0.56384344 -0.64366890
vn -0.53286066 -0.56331007 -0.63145965
vn 0.00000000 -0.79286163 -0.60940171
vn 0.00000000 -0.75348113 -0.65746953
vn 0.00216802 -0.74668118 -0.66517856
vn 0.00491510 -0.73965109 -0.67297258
vn 0.00988114 -0.73032158 -0.68303203
vn 0.01427804 -0.81893148 -0.57371366
vn 0.01627954 -0.72161610 -0.69210200
vn 0.01952023 -0.71763116 -0.69614975
vn -1.00000000 -0.00000035 -0.00000018
vn 0.00000000 -0.66883835 -0.74340787
vn 0.00000000 -0.51992559 -0.85421155
vn 0.00015864 -0.67172974 -0.74079628
vn 0.00028667 -0.67326251 -0.73940348
vn 0.00069466 -0.67759921 -0.73543105
vn 0.00260603 -0.68679429 -0.72684717
vn 0.00574993 -0.69480328 -0.71917685
vn 0.00918491 -0.70203872 -0.71207954
vn 0.01581299 -0.71271285 -0.70127765
vn 0.01952023 -0.71763116 -0.69614975
vn -1.00000000 0.00000000 0.00000000
vn 0.00000000 -0.84307591 -0.53779457
vn 0.00000000 -0.79286163 -0.60940171
vn 0.01427804 -0.81893148 -0.57371366
vn -0.49853304 -0.75073129 -0.43343667
vn -0.49964865 -0.68679907 -0.52788092
vn -0.56729030 -0.69428810 -0.44288346
vn 0.00000000 -0.88728084 -0.46122957
vn 0.00000000 -0.84307591 -0.53779457
vn 0.01428004 -0.90631821 -0.42235457
vn 0.01427804 -0.81893148 -0.57371366
vn -1.00000000 -0.00000001 0.00000005
vn -0.99999999 -0.00011467 0.00001369
vn -1.00000000 0.00001814 -0.00007861
vn -0.00000005 -0.95430595 -0.29883132
vn -0.00000006 -0.92419226 -0.38192757
vn -0.49962196 -0.82666138 -0.25886071
vn -0.49964743 -0.80056201 -0.33083668
vn -0.53509513 -0.79451008 -0.28710090
vn -0.00000006 -0.92419226 -0.38192757
vn 0.00000000 -0.88728084 -0.46122957
vn 0.01428004 -0.90631821 -0.42235457
vn -0.49964743 -0.80056201 -0.33083668
vn -0.49963252 -0.76859601 -0.39953413
vn 0.00000000 -0.88728084 -0.46122957
vn 0.00000000 -0.84307591 -0.53779457
vn -0.49963252 -0.76859601 -0.39953413
vn -0.56729030 -0.69428810 -0.44288346
vn 0.00000000 -0.51992559 -0.85421155
vn 0.00374443 -0.18123858 -0.98343203
vn 0.00844829 -0.57836226 -0.81573631
vn -0.00194631 -0.38439550 -0.92316646
vn -1.00000000 0.00000000 0.00000000
vn 0.00844829 -0.57836226 -0.81573631
vn -0.00194631 -0.38439550 -0.92316646
vn -0.53286066 -0.56331007 -0.63145965
vn 0.00123080 -0.15315789 -0.98820096
vn 0.00374443 -0.18123858 -0.98343203
vn -0.00194631 -0.38439550 -0.92316646
vn -0.51746586 -0.56384344 -0.64366890
vn -0.52191130 -0.55934522 -0.64400428
vn -0.53286066 -0.56331007 -0.63145965
vn 0.00000000 0.10951861 -0.99398475
vn 0.00000000 -0.01501444 -0.99988728
vn 0.00123080 -0.15315789 -0.98820096
vn 0.00374443 -0.18123858 -0.98343203
vn -1.00000000 0.00000000 0.00000000
vn 0.00000000 -0.01501444 -0.99988728
vn 0.00123080 -0.15315789 -0.98820096
vn -0.52176174 -0.55945350 -0.64403142
vn -0.52191130 -0.55934522 -0.64400428
vn 0.00000000 0.10951861 -0.99398475
vn 0.00000000 -0.01501444 -0.99988728
vn -0.52019162 -0.56053706 -0.64435928
vn -0.52176174 -0.55945350 -0.64403142
vn 0.00000000 0.12624519 -0.99199907
vn 0.00000000 0.10951861 -0.99398475
vn -0.00786339 0.20024771 -0.97971374
vn -0.51910822 -0.56103485 -0.64479962
vn -0.52019162 -0.56053706 -0.64435928
vn 0.00000000 0.12624519 -0.99199907
vn 0.00000000 0.10951861 -0.99398475
vn -1.00000000 0.00000000 0.00000000
vn 0.00000000 -0.06321487 -0.99799994
vn 0.00000000 0.06321487 -0.99799994
vn -0.49924786 -0.05477311 -0.86472624
vn -0.49924839 0.05477379 -0.86472590
vn -0.49924786 -0.05477311 -0.86472624
vn -0.49924783 0.05477421 -0.86472619
vn -0.49924898 -0.05477387 -0.86472555
vn -1.00000000 0.00000000 0.00000000
vn -0.49924884 0.05477346 -0.86472566
vn -0.49995008 0.12326206 -0.85723765
vn -0.51669514 0.16989708 -0.83914308
vn -1.00000000 0.00000000 0.00000000
vn 0.00000000 0.87530893 -0.48356414
vn 0.01467407 0.83485693 -0.55027136
vn -0.00663187 0.94441483 -0.32868928
vn -0.51911038 0.28106325 -0.80717276
vn -1.00000000 0.00000000 0.00000000
vn -0.00663187 0.94441483 -0.32868928
vn -0.00787436 0.94861543 -0.31633330
vn -0.51797808 0.28124463 -0.80783672
vn -0.51911038 0.28106325 -0.80717276
vn -0.49939245 0.18573072 -0.84623359
vn -0.49990495 0.25230354 -0.82851552
vn -0.51422958 0.27786547 -0.81139307
vn -0.51669514 0.16989708 -0.83914308
vn -0.51797808 0.28124463 -0.80783672
vn -0.51911038 0.28106325 -0.80717276
vn -0.51930737 0.28108601 -0.80703811
vn -0.51936259 0.28109865 -0.80699818
vn -1.00000000 0.00000000 0.00000000
vn 0.00000000 0.92222021 -0.38666508
vn 0.00000000 0.90990159 -0.41482418
vn -0.00787436 0.94861543 -0.31633330
vn -0.51797808 0.28124463 -0.80783672
vn -0.51930737 0.28108601 -0.80703811
vn 0.00080796 0.61064416 -0.79190471
vn 0.01911690 0.41944830 -0.90757791
vn -0.53387851 0.26464127 -0.80308078
vn 0.00000000 0.52721916 -0.84972935
vn 0.00000000 0.29131657 -0.95662671
vn 0.01911690 0.41944830 -0.90757791
vn -0.49990495 0.25230354 -0.82851552
vn -0.51422958 0.27786547 -0.81139307
vn -0.53387851 0.26464127 -0.80308078
vn 0.00080796 0.61064416 -0.79190471
vn 0.01683450 0.78966752 -0.61330400
vn -0.00157937 0.85705742 -0.51521849
vn -0.51422958 0.27786547 -0.81139307
vn -0.51936259 0.28109865 -0.80699818
vn -0.53387851 0.26464127 -0.80308078
vn 0.00000000 0.90990159 -0.41482418
vn 0.01683450 0.78966752 -0.61330400
vn -0.51930737 0.28108601 -0.80703811
vn -0.51936259 0.28109865 -0.80699818
vn 0.00000000 0.29131657 -0.95662671
vn 0.00000000 0.21437660 -0.97675108
vn 0.00960187 0.23637729 -0.97161391
vn -0.49939245 0.18573072 -0.84623359
vn -0.49990495 0.25230354 -0.82851552
vn 0.00000000 0.21437660 -0.97675108
vn 0.00000000 0.14232603 -0.98981983
vn -0.49939245 0.18573072 -0.84623359
vn -0.49995008 0.12326206 -0.85723765
vn -0.51669514 0.16989708 -0.83914308
vn 0.00000000 0.14232603 -0.98981983
vn 0.00000000 0.06321487 -0.99799994
vn 0.00768936 0.07946255 -0.99680819
vn -0.49924937 0.05477305 -0.86472538
vn -0.49995008 0.12326206 -0.85723765
vn 0.00000000 -0.63618977 0.77153262
vn 0.00505533 -0.64627701 0.76308615
vn 0.16792911 0.69706522 0.69706520
vn 0.19577223 0.69530885 0.69153369
vn -0.00496219 -0.64749941 0.76204980
vn -0.20228846 0.69248803 0.69248806
vn -0.20323748 0.69242678 0.69227139
vn 0.00000000 0.66883835 -0.74340787
vn 0.00018916 0.67228494 -0.74029246
vn 0.16792911 0.69706522 0.69706520
vn -0.00027491 0.67134425 -0.74114561
vn -0.20228846 0.69248803 0.69248806
vn 0.16792911 0.69706522 0.69706520
vn 0.19577223 0.69530885 0.69153369
vn 0.36040832 0.65951836 0.65965246
vn -0.00027491 0.67134425 -0.74114561
vn -0.00054065 0.67277678 -0.73984533
vn 0.00505533 -0.64627701 0.76308615
vn 0.01242320 -0.65826317 0.75268536
vn 0.19577223 0.69530885 0.69153369
vn 0.36040832 0.65951836 0.65965246
vn 0.55793842 0.58680685 0.58682403
vn 0.36040832 0.65951836 0.65965246
vn 0.55786043 0.58685128 0.58685374
vn 0.55793842 0.58680685 0.58682403
vn -0.00054065 0.67277678 -0.73984533
vn -0.00140366 0.67682322 -0.73614425
vn 0.01242320 -0.65826317 0.75268536
vn 0.02396003 -0.67215072 0.74002657
vn 0.55786043 0.58685128 0.58685374
vn 0.55793842 0.58680685 0.58682403
vn 0.83374872 0.39046501 0.39038461
vn 0.55786043 0.58685128 0.58685374
vn 0.83374872 0.39046501 0.39038461
vn 0.83396867 0.39019906 0.39018067
vn -0.00140366 0.67682322 -0.73614425
vn -0.00597079 0.68514410 -0.72838308
vn 0.02396003 -0.67215072 0.74002657
vn 0.03795751 -0.68446108 0.72806061
vn 0.83374872 0.39046501 0.39038461
vn 0.83396867 0.39019906 0.39018067
vn 0.94990585 0.22097207 0.22102083
vn 0.83396867 0.39019906 0.39018067
vn 0.94931620 0.22228878 0.22223060
vn 0.94990585 0.22097207 0.22102083
vn -0.00597079 0.68514410 -0.72838308
vn -0.01485840 0.69256606 -0.72120142
vn 0.01937894 -0.70012998 0.71375238
vn 0.03416340 -0.68145032 0.73106656
vn 0.03795751 -0.68446108 0.72806061
vn 0.94931620 0.22228878 0.22223060
vn 0.94990585 0.22097207 0.22102083
vn 0.99257855 0.08601746 0.08595821
vn 0.00038335 0.70292516 -0.71126371
vn 0.94931620 0.22228878 0.22223060
vn 0.99257855 0.08601746 0.08595821
vn 0.99266265 0.08549623 0.08550595
vn -0.00454379 0.68561994 -0.72794550
vn -0.01485840 0.69256606 -0.72120142
vn 0.01062153 -0.71323811 0.70084134
vn 0.01937894 -0.70012998 0.71375238
vn 0.99220514 -0.08812115 -0.08811144
vn 0.99257855 0.08601746 0.08595821
vn 0.99266265 0.08549623 0.08550595
vn 0.00038335 0.70292516 -0.71126371
vn 0.99220514 -0.08812115 -0.08811144
vn 0.99229226 -0.08759524 -0.08765351
vn 0.99266265 0.08549623 0.08550595
vn -0.00070329 0.71147693 -0.70270910
vn 0.00633207 -0.72155022 0.69233315
vn 0.01062153 -0.71323811 0.70084134
vn 0.94898471 -0.22293750 -0.22299529
vn 0.99220514 -0.08812115 -0.08811144
vn 0.99229226 -0.08759524 -0.08765351
vn 0.94840599 -0.22421922 -0.22416919
vn 0.94898471 -0.22293750 -0.22299529
vn 0.99229226 -0.08759524 -0.08765351
vn -0.00070329 0.71147693 -0.70270910
vn -0.00471416 0.71902193 -0.69497139
vn 0.00242266 -0.73079287 0.68259499
vn 0.00633207 -0.72155022 0.69233315
vn 0.83055515 -0.39379807 -0.39382893
vn 0.94840599 -0.22421922 -0.22416919
vn 0.94898471 -0.22293750 -0.22299529
vn 0.83055515 -0.39379807 -0.39382893
vn 0.83102291 -0.39323944 -0.39340014
vn 0.94840599 -0.22421922 -0.22416919
vn -0.00471416 0.71902193 -0.69497139
vn -0.01725947 0.73583792 -0.67693771
vn -0.01977305 0.73469946 -0.67810452
vn 0.00042040 -0.74083576 0.67168609
vn 0.00242266 -0.73079287 0.68259499
vn 0.56065860 -0.58557282 -0.58546256
vn 0.56178958 -0.58513316 -0.58481763
vn 0.83055515 -0.39379807 -0.39382893
vn 0.83102291 -0.39323944 -0.39340014
vn 0.56065860 -0.58557282 -0.58546256
vn 0.83102291 -0.39323944 -0.39340014
vn -0.00824013 0.74296012 -0.66928496
vn -0.01977305 0.73469946 -0.67810452
vn 0.20212339 -0.69243915 -0.69258513
vn 0.56065860 -0.58557282 -0.58546256
vn 0.56178958 -0.58513316 -0.58481763
vn -0.00288078 0.74897029 -0.66259731
vn -0.00824013 0.74296012 -0.66928496
vn 0.00004467 -0.74645621 0.66543453
vn 0.00042040 -0.74083576 0.67168609
vn 0.20212339 -0.69243915 -0.69258513
vn 0.20302309 -0.69238194 -0.69237914
vn 0.56178958 -0.58513316 -0.58481763
vn 0.00000000 0.75348113 -0.65746953
vn 0.00213044 0.74679975 -0.66504556
vn 0.20212339 -0.69243915 -0.69258513
vn 0.20302309 -0.69238194 -0.69237914
vn -0.00288078 0.74897029 -0.66259731
vn -0.19784310 -0.69313130 -0.69312849
vn 0.00000000 -0.74871089 0.66289667
vn -0.00003586 -0.74664289 0.66522506
vn 0.00004467 -0.74645621 0.66543453
vn 0.20302309 -0.69238194 -0.69237914
vn -0.19468811 -0.69383037 -0.69332241
vn -0.19784310 -0.69313130 -0.69312849
vn 0.00018916 0.67228494 -0.74029246
vn 0.00069799 0.67758392 -0.73544513
vn -0.20228846 0.69248803 0.69248806
vn -0.20323748 0.69242678 0.69227139
vn -0.55944886 0.58618346 0.58600847
vn -0.56246840 0.58446175 0.58483652
vn -0.00496219 -0.64749941 0.76204980
vn -0.01143740 -0.65962617 0.75150682
vn -0.20323748 0.69242678 0.69227139
vn -0.56246840 0.58446175 0.58483652
vn -0.01143740 -0.65962617 0.75150682
vn -0.02105360 -0.67338475 0.73899237
vn -0.55944886 0.58618346 0.58600847
vn -0.56246840 0.58446175 0.58483652
vn -0.82975897 0.39460023 0.39470333
vn -0.83158700 0.39292290 0.39252345
vn 0.00069799 0.67758392 -0.73544513
vn 0.00254473 0.68657871 -0.72705103
vn -0.55944886 0.58618346 0.58600847
vn -0.82975897 0.39460023 0.39470333
vn 0.00254473 0.68657871 -0.72705103
vn 0.00568051 0.69466172 -0.71931413
vn -0.82975897 0.39460023 0.39470333
vn -0.83158700 0.39292290 0.39252345
vn -0.94796495 0.22503034 0.22521946
vn -0.02105360 -0.67338475 0.73899237
vn -0.03263482 -0.68571124 0.72714171
vn -0.83158700 0.39292290 0.39252345
vn -0.94796495 0.22503034 0.22521946
vn -0.94935434 0.22221096 0.22214551
vn 0.00568051 0.69466172 -0.71931413
vn 0.00912317 0.70191483 -0.71220246
vn -0.94796495 0.22503034 0.22521946
vn -0.94935434 0.22221096 0.22214551
vn -0.99214903 0.08846456 0.08839868
vn -0.03263482 -0.68571124 0.72714171
vn -0.04475366 -0.69721470 0.71546402
vn -0.94935434 0.22221096 0.22214551
vn -0.99214903 0.08846456 0.08839868
vn -0.99241538 0.08706037 0.08678828
vn 0.00912317 0.70191483 -0.71220246
vn 0.01885556 0.71764264 -0.69615624
vn 0.02325606 0.71299890 -0.70077937
vn -0.99214903 0.08846456 0.08839868
vn -0.99241538 0.08706037 0.08678828
vn -0.99279981 -0.08484854 -0.08455330
vn -0.00889519 -0.71305331 0.70105339
vn -0.02609885 -0.68161608 0.73124440
vn -0.04475366 -0.69721470 0.71546402
vn -0.99237059 -0.08715407 -0.08720534
vn -0.99241538 0.08706037 0.08678828
vn -0.99279981 -0.08484854 -0.08455330
vn 0.01640349 0.72146521 -0.69225636
vn 0.02325606 0.71299890 -0.70077937
vn -0.94980024 -0.22119784 -0.22124877
vn -0.99237059 -0.08715407 -0.08720534
vn -0.99279981 -0.08484854 -0.08455330
vn -0.00536904 -0.72128520 0.69261738
vn -0.00889519 -0.71305331 0.70105339
vn -0.94925780 -0.22231066 -0.22245807
vn -0.94980024 -0.22119784 -0.22124877
vn -0.99237059 -0.08715407 -0.08720534
vn 0.01003324 0.73007496 -0.68329341
vn 0.01640349 0.72146521 -0.69225636
vn -0.83526106 -0.38905833 -0.38855189
vn -0.94925780 -0.22231066 -0.22245807
vn -0.94980024 -0.22119784 -0.22124877
vn -0.00229503 -0.72999619 0.68344736
vn -0.00536904 -0.72128520 0.69261738
vn -0.83526106 -0.38905833 -0.38855189
vn -0.84359243 -0.38112845 -0.37827624
vn -0.94925780 -0.22231066 -0.22245807
vn 0.00490614 0.73965099 -0.67297276
vn 0.01003324 0.73007496 -0.68329341
vn -0.55992285 -0.58615959 -0.58557949
vn -0.72270134 -0.48868795 -0.48876054
vn -0.83526106 -0.38905833 -0.38855189
vn -0.84359243 -0.38112845 -0.37827624
vn -0.00117463 -0.73600677 0.67697316
vn -0.00229503 -0.72999619 0.68344736
vn -0.72270134 -0.48868795 -0.48876054
vn -0.84359243 -0.38112845 -0.37827624
vn -0.00034760 -0.74088664 0.67163001
vn -0.00117463 -0.73600677 0.67697316
vn -0.55508248 -0.58800937 -0.58832679
vn -0.55992285 -0.58615959 -0.58557949
vn -0.72270134 -0.48868795 -0.48876054
vn 0.00213044 0.74679975 -0.66504556
vn 0.00490614 0.73965099 -0.67297276
vn -0.19468811 -0.69383037 -0.69332241
vn -0.19784310 -0.69313130 -0.69312849
vn -0.55508248 -0.58800937 -0.58832679
vn -0.55992285 -0.58615959 -0.58557949
vn -0.00003586 -0.74664289 0.66522506
vn -0.00034760 -0.74088664 0.67163001
vn -0.19468811 -0.69383037 -0.69332241
vn -0.55508248 -0.58800937 -0.58832679
vn -0.00000964 0.35720264 -0.93402691
vn 0.00001168 0.12688905 -0.99191692
vn -0.52056237 0.56065916 -0.64395351
vn -0.52183528 0.55940717 -0.64401208
vn -0.00000964 0.35720264 -0.93402691
vn 0.00001168 0.12688905 -0.99191692
vn 0.00208052 0.47228156 -0.88144529
vn 0.00817135 0.01764647 -0.99981090
vn 0.01576350 0.55206162 -0.83365429
vn -1.00000000 0.00000000 0.00000000
vn 0.00001168 0.12688905 -0.99191692
vn 0.00000000 -0.10951121 -0.99398556
vn 0.00817135 0.01764647 -0.99981090
vn -0.52021135 0.56052798 -0.64435125
vn -0.52183528 0.55940717 -0.64401208
vn 0.00000000 -0.21044662 -0.97760535
vn 0.00000000 -0.10951121 -0.99398556
vn 0.00817135 0.01764647 -0.99981090
vn -0.00070790 -0.12625001 -0.99199820
vn -1.00000000 0.00000000 0.00000000
vn 0.00000000 -0.21044662 -0.97760535
vn 0.00000000 -0.10951121 -0.99398556
vn -0.51903489 0.56106850 -0.64482938
vn -0.52021135 0.56052798 -0.64435125
vn 0.00000000 0.66883835 -0.74340787
vn 0.00000000 0.65558366 -0.75512255
vn -0.00027491 0.67134425 -0.74114561
vn -0.00054065 0.67277678 -0.73984533
vn -0.00140366 0.67682322 -0.73614425
vn -0.00454379 0.68561994 -0.72794550
vn -0.00597079 0.68514410 -0.72838308
vn -0.01485840 0.69256606 -0.72120142
vn -0.49986859 0.59382243 -0.63048102
vn -0.51319027 0.57131725 -0.64049383
vn 0.00000000 0.66883835 -0.74340787
vn 0.00000000 0.65558366 -0.75512255
vn 0.00018916 0.67228494 -0.74029246
vn 0.00069799 0.67758392 -0.73544513
vn 0.00208052 0.47228156 -0.88144529
vn 0.00254473 0.68657871 -0.72705103
vn 0.00568051 0.69466172 -0.71931413
vn 0.00912317 0.70191483 -0.71220246
vn 0.01885556 0.71764264 -0.69615624
vn -1.00000000 -0.00000006 0.00000003
vn 0.00000000 0.65558366 -0.75512255
vn 0.00208052 0.47228156 -0.88144529
vn 0.01576350 0.55206162 -0.83365429
vn -0.51319027 0.57131725 -0.64049383
vn -0.51624517 0.56619231 -0.64258633
vn -0.00000964 0.35720264 -0.93402691
vn 0.01576350 0.55206162 -0.83365429
vn -0.51624517 0.56619231 -0.64258633
vn -0.52056237 0.56065916 -0.64395351
vn 0.00000001 0.99413032 0.10818922
vn 0.00000002 0.97323903 0.22979512
vn -0.49987237 0.84292142 0.19902534
vn -0.51511743 0.83990541 0.17091793
vn 0.00000001 0.99413032 0.10818922
vn 0.00000002 0.97323903 0.22979512
vn 0.00892890 0.99945753 -0.03170063
vn 0.00891556 0.96184136 0.27346243
vn -1.00000000 0.00000000 0.00000000
vn 0.00000001 0.99413032 0.10818922
vn 0.00208388 0.99437303 -0.10591473
vn 0.00892890 0.99945753 -0.03170063
vn -0.51511743 0.83990541 0.17091793
vn -0.51991626 0.83827750 0.16424956
vn 0.00208388 0.99437303 -0.10591473
vn 0.00819543 0.87468090 -0.48462993
vn 0.00892890 0.99945753 -0.03170063
vn -0.00152766 0.94041945 -0.34001311
vn -1.00000000 0.00000000 0.00000000
vn 0.00208388 0.99437303 -0.10591473
vn -0.00152766 0.94041945 -0.34001311
vn -0.51991626 0.83827750 0.16424956
vn -0.52151254 0.83758229 0.16272855
vn -0.00000002 0.82025395 -0.57199952
vn 0.00819543 0.87468090 -0.48462993
vn -0.00152766 0.94041945 -0.34001311
vn -0.52075732 0.83796948 0.16315320
vn -0.52151254 0.83758229 0.16272855
vn -0.00000002 0.84867914 -0.52890804
vn -0.00000002 0.82025395 -0.57199952
vn 0.00819543 0.87468090 -0.48462993
vn -1.00000000 -0.00000014 0.00000024
vn -0.00000003 0.84867911 -0.52890810
vn -0.00000002 0.82025395 -0.57199952
vn -0.14448452 0.84770599 -0.51041040
vn -0.51906134 0.83895676 0.16348356
vn -0.52075732 0.83796948 0.16315320
vn -0.13523907 0.84856065 0.51152245
vn -0.14450892 0.84770397 0.51040684
vn -0.51905603 0.83895982 -0.16348470
vn -0.52022247 0.83827222 -0.16330424
vn -0.13523907 0.84856065 0.51152245
vn -0.52022247 0.83827222 -0.16330424
vn -1.00000000 0.00000000 0.00000000
vn 0.00000001 0.98279629 0.18469288
vn 0.00000003 0.84867876 0.52890865
vn -0.13523907 0.84856065 0.51152245
vn -0.14450892 0.84770397 0.51040684
vn -1.00000000 0.00000000 0.00000000
vn -0.00000001 0.98279633 -0.18469266
vn -0.00000002 0.84867914 -0.52890805
vn -1.00000000 -0.00000003 0.00000004
vn -0.00000001 0.98279633 -0.18469266
vn -0.00000003 0.84867910 -0.52890810
vn -0.13523857 0.84856036 -0.51152307
vn -0.14448452 0.84770599 -0.51041040
vn -1.00000000 0.00000000 0.00000000
vn -0.13523857 0.84856036 -0.51152307
vn -0.52022236 0.83827234 0.16330393
vn -1.00000000 0.00000000 0.00000000
vn -0.13523857 0.84856036 -0.51152307
vn -0.14448452 0.84770599 -0.51041040
vn -0.51906134 0.83895676 0.16348356
vn -0.52022236 0.83827234 0.16330393
vn 0.00000003 0.84867875 0.52890867
vn 0.00000000 0.81418947 0.58059926
vn -0.14450892 0.84770397 0.51040684
vn -0.51905603 0.83895982 -0.16348470
vn -0.52070825 0.83799809 -0.16316289
vn 0.00000001 0.98279629 0.18469288
vn -0.00000001 0.98279633 -0.18469266
vn -1.00000000 0.00000000 0.00000000
vn 0.00000001 0.98279629 0.18469288
vn -0.00000001 0.98279633 -0.18469266
vn -1.00000000 0.00000000 0.00000000
vn 0.00000001 0.98279629 0.18469288
vn 0.00000000 0.84867869 0.52890877
vn -1.00000000 0.00000003 0.00000004
vn 0.00000000 0.84867868 0.52890879
vn 0.00000000 0.81418947 0.58059926
vn 0.01683737 0.92597903 0.37719934
vn -0.00158325 0.87471011 0.48464391
vn -1.00000000 0.00000014 0.00000024
vn 0.00000000 0.99949737 0.03170198
vn 0.00080407 0.99113270 0.13287335
vn 0.01911023 0.99571212 -0.09051067
vn -0.00158325 0.87471011 0.48464391
vn -1.00000000 0.00000000 0.00000000
vn 0.00000000 0.99949737 0.03170198
vn -0.00000004 0.97323903 -0.22979512
vn 0.00891544 0.96184145 -0.27346213
vn -1.00000000 0.00000000 0.00000000
vn 0.00000000 0.99949737 0.03170198
vn -0.00000004 0.97323903 -0.22979512
vn 0.01911023 0.99571212 -0.09051067
vn -0.49987255 0.84292132 -0.19902532
vn -0.51756842 0.83932767 -0.16628888
vn -0.53381456 0.82785678 -0.17232284
vn 0.00080407 0.99113270 0.13287335
vn 0.01911023 0.99571212 -0.09051067
vn -0.53381456 0.82785678 -0.17232284
vn 0.00080407 0.99113270 0.13287335
vn 0.01683737 0.92597903 0.37719934
vn -0.00158325 0.87471011 0.48464391
vn -0.51756842 0.83932767 -0.16628888
vn -0.52145501 0.83761094 -0.16276540
vn -0.53381456 0.82785678 -0.17232284
vn 0.00000000 0.81418947 0.58059926
vn 0.01683737 0.92597903 0.37719934
vn -0.52070825 0.83799809 -0.16316289
vn -0.52145501 0.83761094 -0.16276540
vn -0.00000004 0.97323903 -0.22979512
vn -0.00000005 0.95430384 -0.29883804
vn 0.00891544 0.96184145 -0.27346213
vn -0.49853679 0.81527173 -0.29460664
vn -0.49987255 0.84292132 -0.19902532
vn -0.56595628 0.78676174 -0.24637261
vn -0.00000005 0.95430384 -0.29883804
vn -0.00000006 0.92419226 -0.38192757
vn 0.00891544 0.96184145 -0.27346213
vn 0.01428004 0.90631821 -0.42235457
vn -1.00000000 -0.00000001 0.00000003
vn -0.00000005 0.95430384 -0.29883804
vn -0.00000006 0.92419226 -0.38192757
vn -0.49964743 0.80056201 -0.33083668
vn -0.56595628 0.78676174 -0.24637261
vn 0.00000000 0.79286163 -0.60940171
vn 0.00000000 0.75348113 -0.65746953
vn -0.00288078 0.74897029 -0.66259731
vn -0.00824013 0.74296012 -0.66928496
vn -0.01725947 0.73583792 -0.67693771
vn -0.01977305 0.73469946 -0.67810452
vn -0.49961798 0.63751151 -0.58648185
vn -0.49964865 0.68679907 -0.52788092
vn -0.53509845 0.64589434 -0.54450909
vn 0.00038335 0.70292516 -0.71126371
vn -0.00070329 0.71147693 -0.70270910
vn -0.00454379 0.68561994 -0.72794550
vn -0.00471416 0.71902193 -0.69497139
vn -0.01725947 0.73583792 -0.67693771
vn -0.49961798 0.63751151 -0.58648185
vn -0.49986859 0.59382243 -0.63048102
vn 0.00000000 0.79286163 -0.60940171
vn 0.00000000 0.75348113 -0.65746953
vn 0.00213044 0.74679975 -0.66504556
vn 0.00490614 0.73965099 -0.67297276
vn 0.01003324 0.73007496 -0.68329341
vn 0.01427804 0.81893148 -0.57371366
vn 0.01640349 0.72146521 -0.69225636
vn 0.01885556 0.71764264 -0.69615624
vn 0.02325606 0.71299890 -0.70077937
vn -1.00000000 0.00000000 0.00000005
vn -0.00000006 0.92419226 -0.38192757
vn 0.00000000 0.88728084 -0.46122957
vn 0.01428004 0.90631821 -0.42235457
vn -0.49964743 0.80056201 -0.33083668
vn -0.49963252 0.76859601 -0.39953413
vn 0.00000000 0.88728084 -0.46122957
vn 0.00000000 0.84307591 -0.53779457
vn 0.01428004 0.90631821 -0.42235457
vn 0.01427804 0.81893148 -0.57371366
vn -1.00000000 0.00000002 0.00000006
vn 0.00000000 0.88728084 -0.46122957
vn 0.00000000 0.84307591 -0.53779457
vn -0.49963368 0.73030338 -0.46585745
vn -0.49963252 0.76859601 -0.39953413
vn -0.53511867 0.73159752 -0.42238972
vn 0.00000000 0.84307591 -0.53779457
vn 0.00000000 0.79286163 -0.60940171
vn 0.01427804 0.81893148 -0.57371366
vn -0.49963368 0.73030338 -0.46585745
vn -0.49964865 0.68679907 -0.52788092
vn -0.49853679 0.81527173 -0.29460664
vn -0.49987255 0.84292132 -0.19902532
vn -0.51756842 0.83932767 -0.16628888
vn -0.51905603 0.83895982 -0.16348470
vn -0.52022247 0.83827222 -0.16330424
vn -0.52070825 0.83799809 -0.16316289
vn -0.52145501 0.83761094 -0.16276540
vn -1.00000000 0.00000000 0.00000000
vn -0.49961798 0.63751151 -0.58648185
vn -0.49986859 0.59382243 -0.63048102
vn -0.51319027 0.57131725 -0.64049383
vn -0.51624517 0.56619231 -0.64258633
vn -0.51903489 0.56106850 -0.64482938
vn -0.52021135 0.56052798 -0.64435125
vn -0.52028885 0.56053086 -0.64428618
vn -0.52056237 0.56065916 -0.64395351
vn -0.52183528 0.55940717 -0.64401208
vn -0.53509845 0.64589434 -0.54450909
vn -1.00000000 0.00000000 0.00000000
vn 0.00000000 -0.21044662 -0.97760535
vn -0.00070790 -0.12625001 -0.99199820
vn -0.00662577 -0.18750089 -0.98224209
vn -0.51903489 0.56106850 -0.64482938
vn -0.52028885 0.56053086 -0.64428618
vn 0.00800279 -0.01887317 -0.99978986
vn -0.00662577 -0.18750089 -0.98224209
vn -0.52028885 0.56053086 -0.64428618
vn -1.00000000 0.00000000 0.00000000
vn -0.49853679 0.81527173 -0.29460664
vn -0.49964743 0.80056201 -0.33083668
vn -0.49963252 0.76859601 -0.39953413
vn -0.53511867 0.73159752 -0.42238972
vn -0.56595628 0.78676174 -0.24637261
vn -1.00000000 -0.00000001 0.00000010
vn -0.49963368 0.73030338 -0.46585745
vn -0.49964865 0.68679907 -0.52788092
vn -0.53509845 0.64589434 -0.54450909
vn -0.53511867 0.73159752 -0.42238972
vn -1.00000000 -0.00000000 0.00000021
vn 0.00000000 0.05913873 -0.99824977
vn 0.00800279 -0.01887317 -0.99978986
vn -0.00070790 -0.12625001 -0.99199820
vn -0.00662577 -0.18750089 -0.98224209
vn -1.00000000 0.00000000 0.00000000
vn 0.00000000 0.24250374 -0.97015047
vn 0.00000000 0.05913873 -0.99824977
vn 0.00800279 -0.01887317 -0.99978986
vn 0.00952018 0.33142713 -0.94343279
vn -1.00000000 0.00000000 0.00000000
vn 0.00000000 0.92222021 -0.38666508
vn 0.01467407 0.83485693 -0.55027136
vn -0.00663187 0.94441483 -0.32868928
vn -0.00787436 0.94861543 -0.31633330
vn -1.00000000 -0.00000008 0.00000006
vn 0.00000000 0.92222021 -0.38666508
vn 0.00000000 0.90990159 -0.41482418
vn 0.01683450 0.78966752 -0.61330400
vn -0.00157937 0.85705742 -0.51521849
vn -1.00000000 0.00000000 0.00000000
vn 0.00000000 0.24250374 -0.97015047
vn 0.00000000 0.05913873 -0.99824977
vn -1.00000000 0.00000000 0.00000000
vn 0.00000000 0.41752566 -0.90866513
vn 0.00000000 0.24250374 -0.97015047
vn 0.00952018 0.33142713 -0.94343279
vn -1.00000000 0.00000000 0.00000000
vn 0.00000000 0.57816986 -0.81591643
vn 0.00000000 0.41752566 -0.90866513
vn 0.00952018 0.33142713 -0.94343279
vn 0.00951914 0.65131982 -0.75874362
vn -1.00000000 0.00000000 0.00000000
vn 0.00000000 0.87530893 -0.48356414
vn 0.00000000 0.71891301 -0.69510006
vn 0.01467407 0.83485693 -0.55027136
vn -1.00000000 -0.00000129 0.00000141
vn 0.00000000 0.87530893 -0.48356414
vn 0.00000000 0.71891301 -0.69510006
vn 0.00951914 0.65131982 -0.75874362
vn -1.00000000 0.00000000 0.00000000
vn 0.00000000 0.71891301 -0.69510006
vn 0.00000000 0.57816986 -0.81591643
vn 0.00951914 0.65131982 -0.75874362
vn -1.00000000 0.00000000 0.00000000
vn 0.00000000 0.57816986 -0.81591643
vn 0.00000000 0.41752566 -0.90866513
vn -1.00000000 0.00000000 0.00000000
vn 0.00000000 0.52721916 -0.84972935
vn 0.00080796 0.61064416 -0.79190471
vn 0.01911690 0.41944830 -0.90757791
vn -0.00157937 0.85705742 -0.51521849
vn -1.00000000 0.00000000 0.00000000
vn 0.00000000 0.52721916 -0.84972935
vn 0.00000000 0.29131657 -0.95662671
vn 0.00960187 0.23637729 -0.97161391
vn -1.00000000 0.00000000 0.00000000
vn 0.00000000 0.21437660 -0.97675108
vn 0.00000000 0.14232603 -0.98981983
vn 0.00768936 0.07946255 -0.99680819
vn 0.00960187 0.23637729 -0.97161391
vn -1.00000000 0.00000000 0.00000000
vn 0.00000000 -0.06321487 -0.99799994
vn 0.00000000 0.06321487 -0.99799994
vn 0.00768920 -0.07946222 -0.99680822
vn 0.00768936 0.07946255 -0.99680819
vn -1.00000000 0.00000000 0.00000000
vn 0.00000000 -0.14232316 -0.98982025
vn 0.00000000 -0.06321487 -0.99799994
vn 0.00768920 -0.07946222 -0.99680822
vn -0.49924786 -0.05477311 -0.86472624
vn -0.49924898 -0.05477387 -0.86472555
vn -0.49994918 -0.12325965 -0.85723852
vn 0.00000000 -0.21437660 -0.97675108
vn 0.00000000 -0.14232316 -0.98982025
vn 0.00768920 -0.07946222 -0.99680822
vn 0.00960229 -0.23637825 -0.97161367
vn -1.00000000 0.00000000 0.00000000
vn 0.00000000 -0.21437660 -0.97675108
vn 0.00000000 -0.14232316 -0.98982025
vn -0.49939383 -0.18573055 -0.84623281
vn -0.49994918 -0.12325965 -0.85723852
vn -0.51669540 -0.16989783 -0.83914277
vn 0.00000000 -0.29132068 -0.95662546
vn 0.00000000 -0.21437660 -0.97675108
vn 0.00960229 -0.23637825 -0.97161367
vn -0.49939383 -0.18573055 -0.84623281
vn -0.49990680 -0.25230678 -0.82851342
vn 0.00000000 -0.40339779 -0.91502471
vn 0.00000000 -0.29132068 -0.95662546
vn 0.00892755 -0.52719104 -0.84969989
vn 0.00960229 -0.23637825 -0.97161367
vn -1.00000000 0.00000000 0.00000000
vn 0.00000000 -0.40339779 -0.91502471
vn 0.00000000 -0.29132068 -0.95662546
vn -0.49990680 -0.25230678 -0.82851342
vn -0.51169409 -0.27328655 -0.81454504
vn 0.00000000 -0.40339779 -0.91502471
vn 0.00208412 -0.58890526 -0.80819939
vn 0.00892755 -0.52719104 -0.84969989
vn -0.51169409 -0.27328655 -0.81454504
vn -0.51691118 -0.27944455 -0.80914373
vn 0.00208412 -0.58890526 -0.80819939
vn 0.00819665 -0.85702970 -0.51520182
vn 0.00892755 -0.52719104 -0.84969989
vn -0.00152719 -0.76464641 -0.64444824
vn -1.00000000 0.00000000 0.00000000
vn 0.00208412 -0.58890526 -0.80819939
vn -0.00152719 -0.76464641 -0.64444824
vn -0.51691118 -0.27944455 -0.80914373
vn -0.51931204 -0.28107452 -0.80703911
vn 0.00000000 -0.90548871 -0.42437035
vn 0.00819665 -0.85702970 -0.51520182
vn -0.00152719 -0.76464641 -0.64444824
vn -0.51932613 -0.28107819 -0.80702876
vn 0.00000000 -0.95194792 -0.30625995
vn 0.00000000 -0.90548871 -0.42437035
vn 0.00819665 -0.85702970 -0.51520182
vn -0.00071028 -0.92222688 -0.38664852
vn -1.00000000 0.00000000 0.00000000
vn 0.00000000 -0.95194792 -0.30625995
vn 0.00000000 -0.90548871 -0.42437035
vn -0.51801536 -0.28123867 -0.80781489
vn -0.51933682 -0.28108097 -0.80702091
vn -0.49939383 -0.18573055 -0.84623281
vn -0.49990680 -0.25230678 -0.82851342
vn -0.51169409 -0.27328655 -0.81454504
vn -0.51669540 -0.16989783 -0.83914277
vn -0.51691118 -0.27944455 -0.80914373
vn -0.51801536 -0.28123867 -0.80781489
vn -0.51911038 -0.28106325 -0.80717276
vn -0.51932535 -0.28107798 -0.80702933
vn -1.00000000 0.00000000 0.00000000
vn 0.00000000 -0.95194792 -0.30625995
vn -0.00071028 -0.92222688 -0.38664852
vn -0.00663187 -0.94441483 -0.32868928
vn -0.51801536 -0.28123867 -0.80781489
vn -0.51911038 -0.28106325 -0.80717276
vn 0.00800244 -0.87527644 -0.48355674
vn -0.00663187 -0.94441483 -0.32868928
vn -0.51911038 -0.28106325 -0.80717276
vn -1.00000000 0.00000000 0.00000000
vn -0.49924898 -0.05477387 -0.86472555
vn -0.49994918 -0.12325965 -0.85723852
vn -0.51669540 -0.16989783 -0.83914277
vn -1.00000000 0.00000000 0.00000000
vn 0.00000000 -0.83493794 -0.55034411
vn 0.00800244 -0.87527644 -0.48355674
vn -0.00071028 -0.92222688 -0.38664852
vn -0.00663187 -0.94441483 -0.32868928
vn -1.00000000 0.00000008 0.00000006
vn 0.00000000 -0.83493794 -0.55034411
vn 0.00000000 -0.71892268 -0.69509005
vn 0.00800244 -0.87527644 -0.48355674
vn 0.00952043 -0.65131981 -0.75874361
vn -1.00000000 0.00000000 0.00000000
vn 0.00000000 0.12624519 -0.99199907
vn 0.01467628 -0.05913465 -0.99814212
vn -0.00662996 0.18754014 -0.98223456
vn -0.00786339 0.20024771 -0.97971374
vn -1.00000000 0.00000000 0.00000000
vn 0.00000000 -0.83493794 -0.55034411
vn 0.00000000 -0.71892268 -0.69509005
vn -1.00000000 0.00000129 0.00000141
vn 0.00000000 -0.71892268 -0.69509005
vn 0.00000000 -0.57816072 -0.81592290
vn 0.00952043 -0.65131981 -0.75874361
vn -1.00000000 0.00000000 0.00000000
vn 0.00000000 -0.57816072 -0.81592290
vn 0.00000000 -0.41753300 -0.90866176
vn 0.00952083 -0.33142713 -0.94343278
vn 0.00952043 -0.65131981 -0.75874361
vn -1.00000000 0.00000000 0.00000000
vn -0.00662996 0.18754014 -0.98223456
vn -0.00786339 0.20024771 -0.97971374
vn -0.51910822 -0.56103485 -0.64479962
vn -0.52021267 -0.56056132 -0.64432119
vn 0.00000000 0.01887377 -0.99982187
vn 0.01467628 -0.05913465 -0.99814212
vn -0.00662996 0.18754014 -0.98223456
vn -0.52021267 -0.56056132 -0.64432119
vn -1.00000000 0.00000000 0.00000000
vn 0.00000000 -0.24249919 -0.97015161
vn 0.00000000 0.01887377 -0.99982187
vn 0.01467628 -0.05913465 -0.99814212
vn -1.00000000 0.00000000 0.00000000
vn 0.00000000 -0.24249919 -0.97015161
vn 0.00000000 0.01887377 -0.99982187
vn 0.00952083 -0.33142713 -0.94343278
vn -1.00000000 0.00000000 0.00000000
vn 0.00000000 -0.41753300 -0.90866176
vn 0.00000000 -0.24249919 -0.97015161
vn 0.00952083 -0.33142713 -0.94343278
vn -1.00000000 0.00000000 0.00000000
vn 0.00000000 -0.57816072 -0.81592290
vn 0.00000000 -0.41753300 -0.90866176
vn -1.00000000 0.00000000 0.00000000
vn -0.49852766 -0.66277900 -0.55874339
vn -0.49986417 -0.59382418 -0.63048288
vn -0.51746586 -0.56384344 -0.64366890
vn -0.51910822 -0.56103485 -0.64479962
vn -0.52019162 -0.56053706 -0.64435928
vn -0.52021267 -0.56056132 -0.64432119
vn -0.52176174 -0.55945350 -0.64403142
vn -0.52191130 -0.55934522 -0.64400428
vn -1.00000000 -0.00000001 0.00000006
vn -0.49962196 -0.82666138 -0.25886071
vn -0.49987268 -0.84291882 -0.19903561
vn -0.51513962 -0.83989805 -0.17088724
vn -0.51905603 -0.83895982 -0.16348470
vn -0.51990217 -0.83828238 -0.16426922
vn -0.52011004 -0.83833859 -0.16332165
vn -0.52077168 -0.83796108 -0.16315051
vn -0.52151480 -0.83758009 -0.16273265
vn -0.53509513 -0.79451008 -0.28710090
vn -1.00000000 0.00000000 0.00000000
vn -0.13508384 -0.84857878 0.51153338
vn -0.14451544 -0.84770777 0.51039869
vn -0.51905603 -0.83895982 -0.16348470
vn -0.52011004 -0.83833859 -0.16332165
vn -0.13508384 -0.84857878 0.51153338
vn -0.52011004 -0.83833859 -0.16332165
vn -1.00000000 0.00000000 0.00000000
vn -0.49852766 -0.66277900 -0.55874339
vn -0.49853304 -0.75073129 -0.43343667
vn -0.49964865 -0.68679907 -0.52788092
vn -0.56597400 -0.60672912 -0.55816951
vn -1.00000000 0.00000015 0.00000022
vn -0.49853304 -0.75073129 -0.43343667
vn -0.49964743 -0.80056201 -0.33083668
vn -0.49963252 -0.76859601 -0.39953413
vn -0.53509513 -0.79451008 -0.28710090
vn -0.56729030 -0.69428810 -0.44288346
vn -1.00000000 0.00000001 0.00000010
vn -0.00000001 -0.98279633 -0.18469266
vn -0.00000003 -0.84868347 -0.52890110
vn -0.13508334 -0.84857849 -0.51153400
vn -0.14449104 -0.84770979 -0.51040225
vn -1.00000000 0.00000000 0.00000000
vn 0.00000001 -0.98279629 0.18469288
vn 0.00000000 -0.84868305 0.52890177
vn -1.00000000 -0.00000003 0.00000004
vn 0.00000001 -0.98279629 0.18469288
vn 0.00000003 -0.84868312 0.52890165
vn -0.13508384 -0.84857878 0.51153338
vn -0.14451544 -0.84770777 0.51039869
vn -1.00000000 0.00000000 0.00000000
vn 0.00000001 -0.98279629 0.18469288
vn -0.00000001 -0.98279633 -0.18469266
vn -1.00000000 0.00000000 0.00000000
vn 0.00000001 -0.98279629 0.18469288
vn -0.00000001 -0.98279633 -0.18469266
vn -1.00000000 0.00000000 0.00000000
vn -0.00000001 -0.98279633 -0.18469266
vn -0.00000002 -0.84868350 -0.52890105
vn -1.00000000 0.00000003 0.00000004
vn -0.00000002 -0.84868351 -0.52890104
vn -0.00000002 -0.81417648 -0.58061748
vn 0.01683899 -0.92597739 -0.37720328
vn -0.00158136 -0.87470918 -0.48464560
vn -1.00000000 0.00000014 0.00000024
vn -0.00000000 -0.99949687 -0.03171773
vn 0.00080635 -0.99113254 -0.13287454
vn 0.01911264 -0.99571214 0.09050987
vn -0.00158136 -0.87470918 -0.48464560
vn -1.00000000 0.00000000 0.00000000
vn 0.00000002 -0.97323622 0.22980703
vn -0.00000000 -0.99949687 -0.03171773
vn 0.00891317 -0.96184138 0.27346244
vn -1.00000000 0.00000000 0.00000000
vn 0.00000002 -0.95430578 0.29883185
vn 0.00000003 -0.92419258 0.38192680
vn 0.00891317 -0.96184138 0.27346244
vn 0.01428043 -0.90631821 0.42235457
vn -1.00000000 -0.00000000 0.00000003
vn 0.20211769 0.69243951 0.69258643
vn 0.56067596 0.58556588 0.58545288
vn 0.56178739 0.58513381 0.58481907
vn -0.00288480 -0.74896494 0.66260334
vn -0.00825477 -0.74294271 0.66930411
vn 0.56067596 0.58556588 0.58545288
vn 0.83101720 0.39324640 0.39340524
vn -0.00825477 -0.74294271 0.66930411
vn -0.01974689 -0.73471134 0.67809240
vn 0.83056285 0.39378902 0.39382174
vn 0.83101720 0.39324640 0.39340524
vn 0.94840599 0.22421868 0.22416971
vn -0.00472727 -0.71902493 0.69496820
vn -0.01726784 -0.73583414 0.67694161
vn -0.01974689 -0.73471134 0.67809240
vn 0.94840599 0.22421868 0.22416971
vn 0.94897988 0.22294770 0.22300564
vn 0.99229226 0.08759521 0.08765354
vn -0.00071520 -0.71147797 0.70270804
vn -0.00472727 -0.71902493 0.69496820
vn 0.00037569 -0.70289366 0.71129485
vn 0.99220514 0.08812112 0.08811147
vn 0.99229226 0.08759521 0.08765354
vn 0.99266314 -0.08549335 -0.08550313
vn -0.00071520 -0.71147797 0.70270804
vn 0.00037569 -0.70289366 0.71129485
vn 0.94931704 -0.22228760 -0.22222822
vn 0.99257841 -0.08601851 -0.08595880
vn 0.99266314 -0.08549335 -0.08550313
vn -0.00454257 -0.68561911 0.72794629
vn -0.01486551 -0.69257080 0.72119672
vn 0.83396210 -0.39020595 -0.39018782
vn 0.94931704 -0.22228760 -0.22222822
vn 0.94991410 -0.22095428 -0.22100319
vn -0.00598945 -0.68515865 0.72836924
vn -0.01486551 -0.69257080 0.72119672
vn 0.55785829 -0.58685081 -0.58685624
vn 0.83374876 -0.39046390 -0.39038563
vn 0.83396210 -0.39020595 -0.39018782
vn -0.00140882 -0.67681338 0.73615329
vn -0.00598945 -0.68515865 0.72836924
vn 0.36044383 -0.65950883 -0.65964259
vn 0.55785829 -0.58685081 -0.58685624
vn 0.55791954 -0.58681592 -0.58683291
vn -0.00055902 -0.67282915 0.73979769
vn -0.00140882 -0.67681338 0.73615329
vn 0.16794997 -0.69706456 -0.69706083
vn 0.19577517 -0.69530906 -0.69153264
vn 0.36044383 -0.65950883 -0.65964259
vn -0.00026402 -0.67123887 0.74124106
vn -0.00055902 -0.67282915 0.73979769
vn 0.00000000 -0.66883202 0.74341356
vn 0.00018513 -0.67220541 0.74036468
vn 0.16794997 -0.69706456 -0.69706083
vn -0.00026402 -0.67123887 0.74124106
vn -0.20230843 -0.69248701 -0.69248324
vn 0.00018513 -0.67220541 0.74036468
vn 0.00070163 -0.67758431 0.73544477
vn -0.20230843 -0.69248701 -0.69248324
vn -0.20321204 -0.69242870 -0.69227695
vn -0.55945105 -0.58618250 -0.58600733
vn -0.56248805 -0.58445080 -0.58482857
vn 0.00070163 -0.67758431 0.73544477
vn 0.00254799 -0.68657710 0.72705253
vn -0.55945105 -0.58618250 -0.58600733
vn -0.82975897 -0.39460036 -0.39470319
vn 0.00254799 -0.68657710 0.72705253
vn 0.00568627 -0.69466643 0.71930954
vn -0.82975897 -0.39460036 -0.39470319
vn -0.83158795 -0.39292216 -0.39252218
vn -0.94796575 -0.22502888 -0.22521753
vn 0.00568627 -0.69466643 0.71930954
vn 0.00912496 -0.70191108 0.71220613
vn -0.94796575 -0.22502888 -0.22521753
vn -0.94935434 -0.22221112 -0.22214535
vn -0.99214939 -0.08846271 -0.08839650
vn 0.00912496 -0.70191108 0.71220613
vn 0.01885807 -0.71764000 0.69615889
vn 0.02325606 -0.71299890 0.70077937
vn -0.99214939 -0.08846271 -0.08839650
vn -0.99241531 -0.08706078 -0.08678870
vn -0.99279981 0.08484854 0.08455330
vn 0.00000000 -0.79286198 0.60940124
vn 0.00000000 -0.75348209 0.65746843
vn 0.00213208 -0.74679556 0.66505026
vn 0.00490614 -0.73965099 0.67297276
vn 0.01004323 -0.73005615 0.68331336
vn 0.01427802 -0.81893176 0.57371327
vn 0.01636390 -0.72151371 0.69220675
vn 0.01885807 -0.71764000 0.69615889
vn 0.02325606 -0.71299890 0.70077937
vn -1.00000000 0.00000000 0.00000005
vn 0.01636390 -0.72151371 0.69220675
vn 0.02325606 -0.71299890 0.70077937
vn -0.94979437 0.22121035 0.22126144
vn -0.99237052 0.08715446 0.08720579
vn -0.99279981 0.08484854 0.08455330
vn 0.01004323 -0.73005615 0.68331336
vn 0.01636390 -0.72151371 0.69220675
vn -0.83526757 0.38905238 0.38854387
vn -0.94925942 0.22230780 0.22245402
vn -0.94979437 0.22121035 0.22126144
vn 0.00490614 -0.73965099 0.67297276
vn 0.01004323 -0.73005615 0.68331336
vn -0.55992284 0.58615979 0.58557929
vn -0.72271395 0.48867876 0.48875107
vn -0.83526757 0.38905238 0.38854387
vn -0.84359144 0.38112954 0.37827736
vn 0.00213208 -0.74679556 0.66505026
vn 0.00490614 -0.73965099 0.67297276
vn -0.19466739 0.69383353 0.69332506
vn -0.19784020 0.69313054 0.69313008
vn -0.55508248 0.58800957 0.58832659
vn -0.55992284 0.58615979 0.58557929
vn 0.00000000 -0.75348209 0.65746843
vn 0.00213208 -0.74679556 0.66505026
vn 0.20211769 0.69243951 0.69258643
vn 0.20300897 0.69238284 0.69238238
vn -0.00288480 -0.74896494 0.66260334
vn -0.19784020 0.69313054 0.69313008
vn 0.00000000 -0.88728024 0.46123073
vn 0.00000000 -0.84307612 0.53779426
vn 0.01428043 -0.90631821 0.42235457
vn 0.01427802 -0.81893176 0.57371327
vn -1.00000000 0.00000002 0.00000006
vn 0.00000000 0.64267444 -0.76613939
vn 0.00357875 0.65191330 -0.75828507
vn 0.16794997 -0.69706456 -0.69706083
vn 0.19577517 -0.69530906 -0.69153264
vn -0.00348814 0.65296050 -0.75738393
vn -0.20230843 -0.69248701 -0.69248324
vn -0.20321204 -0.69242870 -0.69227695
vn 0.00185588 0.64831039 -0.76137389
vn 0.00357875 0.65191330 -0.75828507
vn 0.19577517 -0.69530906 -0.69153264
vn 0.36044383 -0.65950883 -0.65964259
vn 0.55791954 -0.58681592 -0.58683291
vn -0.00009853 0.67223095 -0.74034150
vn 0.00020903 0.68389839 -0.72957724
vn 0.55785829 -0.58685081 -0.58685624
vn 0.55791954 -0.58681592 -0.58683291
vn 0.83374876 -0.39046390 -0.39038563
vn -0.00009853 0.67223095 -0.74034150
vn 0.00020903 0.68389839 -0.72957724
vn 0.00237635 0.69340314 -0.72054593
vn 0.83374876 -0.39046390 -0.39038563
vn 0.83396210 -0.39020595 -0.39018782
vn 0.94991410 -0.22095428 -0.22100319
vn 0.00237635 0.69340314 -0.72054593
vn 0.00497310 0.70150501 -0.71264718
vn 0.94931704 -0.22228760 -0.22222822
vn 0.94991410 -0.22095428 -0.22100319
vn 0.99257841 -0.08601851 -0.08595880
vn 0.00497310 0.70150501 -0.71264718
vn 0.02579340 0.74290697 -0.66889755
vn 0.06750993 0.71664248 -0.69416567
vn 0.99220514 0.08812112 0.08811147
vn 0.99257841 -0.08601851 -0.08595880
vn 0.99266314 -0.08549335 -0.08550313
vn 0.04836475 0.73037889 -0.68132777
vn 0.06750993 0.71664248 -0.69416567
vn 0.94897988 0.22294770 0.22300564
vn 0.99220514 0.08812112 0.08811147
vn 0.99229226 0.08759521 0.08765354
vn 0.03100541 0.74336309 -0.66816913
vn 0.04836475 0.73037889 -0.68132777
vn 0.83056285 0.39378902 0.39382174
vn 0.94840599 0.22421868 0.22416971
vn 0.94897988 0.22294770 0.22300564
vn 0.01670350 0.75660348 -0.65366060
vn 0.03100541 0.74336309 -0.66816913
vn 0.56067596 0.58556588 0.58545288
vn 0.56178739 0.58513381 0.58481907
vn 0.83056285 0.39378902 0.39382174
vn 0.83101720 0.39324640 0.39340524
vn 0.00682091 0.76785947 -0.64058201
vn 0.01670350 0.75660348 -0.65366060
vn 0.20211769 0.69243951 0.69258643
vn 0.20300897 0.69238284 0.69238238
vn 0.56178739 0.58513381 0.58481907
vn 0.00000000 0.77698910 -0.62951405
vn 0.00682091 0.76785947 -0.64058201
vn 0.20300897 0.69238284 0.69238238
vn -0.00630784 0.76733890 -0.64121075
vn -0.19466739 0.69383353 0.69332506
vn -0.19784020 0.69313054 0.69313008
vn -0.00348814 0.65296050 -0.75738393
vn -0.00791267 0.66350264 -0.74813209
vn -0.20321204 -0.69242870 -0.69227695
vn -0.56248805 -0.58445080 -0.58482857
vn 0.00056465 0.64831140 -0.76137508
vn -0.00016385 0.68378085 -0.72968741
vn -0.00791267 0.66350264 -0.74813209
vn -0.55945105 -0.58618250 -0.58600733
vn -0.56248805 -0.58445080 -0.58482857
vn -0.82975897 -0.39460036 -0.39470319
vn -0.83158795 -0.39292216 -0.39252218
vn -0.00016385 0.68378085 -0.72968741
vn -0.00197693 0.69342506 -0.72052604
vn -0.83158795 -0.39292216 -0.39252218
vn -0.94796575 -0.22502888 -0.22521753
vn -0.94935434 -0.22221112 -0.22214535
vn -0.00197693 0.69342506 -0.72052604
vn -0.00412441 0.70150390 -0.71265368
vn -0.94935434 -0.22221112 -0.22214535
vn -0.99214939 -0.08846271 -0.08839650
vn -0.99241531 -0.08706078 -0.08678870
vn -0.00412441 0.70150390 -0.71265368
vn -0.00878977 0.71304138 -0.70106685
vn -0.99237052 0.08715446 0.08720579
vn -0.99241531 -0.08706078 -0.08678870
vn -0.99279981 0.08484854 0.08455330
vn -0.00878977 0.71304138 -0.70106685
vn -0.02516844 0.74291881 -0.66890820
vn -0.04206265 0.72903534 -0.68318241
vn -0.94925942 0.22230780 0.22245402
vn -0.94979437 0.22121035 0.22126144
vn -0.99237052 0.08715446 0.08720579
vn -0.02859917 0.74103161 -0.67086082
vn -0.04206265 0.72903534 -0.68318241
vn -0.83526757 0.38905238 0.38854387
vn -0.84359144 0.38112954 0.37827736
vn -0.94925942 0.22230780 0.22245402
vn -0.02136368 0.74878551 -0.66246801
vn -0.02859917 0.74103161 -0.67086082
vn -0.72271395 0.48867876 0.48875107
vn -0.84359144 0.38112954 0.37827736
vn -0.01515918 0.75550926 -0.65496257
vn -0.02136368 0.74878551 -0.66246801
vn -0.55508248 0.58800957 0.58832659
vn -0.55992284 0.58615979 0.58557929
vn -0.72271395 0.48867876 0.48875107
vn -0.00630784 0.76733890 -0.64121075
vn -0.01515918 0.75550926 -0.65496257
vn -0.19466739 0.69383353 0.69332506
vn -0.55508248 0.58800957 0.58832659
vn 0.00000000 0.85830881 -0.51313350
vn 0.00000000 0.77698910 -0.62951405
vn 0.00682091 0.76785947 -0.64058201
vn 0.01670350 0.75660348 -0.65366060
vn 0.02579340 0.74290697 -0.66889755
vn 0.03100541 0.74336309 -0.66816913
vn 0.04836475 0.73037889 -0.68132777
vn 0.06750993 0.71664248 -0.69416567
vn -1.00000000 0.00000005 0.00000010
vn 0.00000000 0.64267444 -0.76613939
vn 0.00000000 0.00000000 -1.00000000
vn 0.00056465 0.64831140 -0.76137508
vn -0.00348814 0.65296050 -0.75738393
vn -0.00791267 0.66350264 -0.74813209
vn -1.00000000 0.00000000 0.00000000
vn 0.00000000 0.64267444 -0.76613939
vn 0.00000000 0.00000000 -1.00000000
vn 0.00185588 0.64831039 -0.76137389
vn 0.00357875 0.65191330 -0.75828507
vn -1.00000000 0.00000000 0.00000000
vn 0.00020903 0.68389839 -0.72957724
vn 0.00185588 0.64831039 -0.76137389
vn 0.00237635 0.69340314 -0.72054593
vn 0.00497310 0.70150501 -0.71264718
vn 0.02579340 0.74290697 -0.66889755
vn -0.00009853 0.67223095 -0.74034150
vn -1.00000000 0.00000000 0.00000000
vn 0.00056465 0.64831140 -0.76137508
vn -0.00016385 0.68378085 -0.72968741
vn -0.00197693 0.69342506 -0.72052604
vn -0.00412441 0.70150390 -0.71265368
vn -0.00878977 0.71304138 -0.70106685
vn -0.02516844 0.74291881 -0.66890820
vn -1.00000000 -0.00000002 0.00000009
vn 0.00000000 0.85830881 -0.51313350
vn 0.00000000 0.77698910 -0.62951405
vn -0.00630784 0.76733890 -0.64121075
vn -0.01515918 0.75550926 -0.65496257
vn -0.02136368 0.74878551 -0.66246801
vn -0.02516844 0.74291881 -0.66890820
vn -0.02859917 0.74103161 -0.67086082
vn -0.04206265 0.72903534 -0.68318241
vn -1.00000000 -0.00000000 0.00000007
vn 0.00000000 0.63618433 0.77153710
vn 0.00000000 0.52787624 0.84932131
vn 0.00522629 0.64661047 0.76280246
vn 0.01253162 0.65837699 0.75258401
vn 0.02380014 0.67198613 0.74018119
vn 0.03153539 0.68150922 0.73112975
vn 0.03780691 0.68433856 0.72818361
vn 0.05301654 0.69619752 0.71588984
vn -1.00000000 0.00000000 0.00000000
vn 0.00000000 0.81019089 0.58616612
vn 0.00000000 0.74871089 0.66289667
vn 0.00003902 0.74674207 0.66511373
vn 0.00040406 0.74094338 0.67156738
vn 0.00136923 0.73613247 0.67683610
vn 0.00268833 0.73016646 0.68326402
vn 0.00635843 0.72150797 0.69237693
vn 0.01064859 0.71319379 0.70088603
vn 0.03153539 0.68150922 0.73112975
vn -1.00000000 -0.00000018 0.00000008
vn 0.00000000 0.81019089 0.58616612
vn 0.00000000 0.74871089 0.66289667
vn -0.00003805 0.74651648 0.66536693
vn -0.00036749 0.74078350 0.67174375
vn -0.00207991 0.73061571 0.68278573
vn -0.00533473 0.72137323 0.69252596
vn -0.00888025 0.71309692 0.70100922
vn -0.01587311 0.70047992 0.71349557
vn -0.02834874 0.68157430 0.73119958
vn -1.00000000 0.00000001 0.00000004
vn 0.00000000 0.90807784 0.41880143
vn 0.00000000 0.81019089 0.58616612
vn -1.00000000 0.00000001 0.00000005
vn 0.00000004 0.90807787 0.41880136
vn 0.00000000 0.81019089 0.58616612
vn -1.00000000 0.00000001 0.00000015
vn 0.00000003 0.97182596 0.23569960
vn 0.00000001 0.90807785 0.41880141
vn -1.00000000 -0.00000000 0.00000007
vn 0.00000001 0.97182595 0.23569965
vn 0.00000005 0.90807788 0.41880133
vn -1.00000000 0.00000000 0.00000000
vn 0.00000000 0.99904346 0.04372836
vn 0.00000002 0.97182596 0.23569962
vn -1.00000000 0.00000001 0.00000005
vn 0.00000000 0.99904346 0.04372836
vn 0.00000000 0.97182595 0.23569966
vn -1.00000000 0.00000000 0.00000000
vn 0.00000000 0.99904346 0.04372836
vn -0.00000001 0.98870362 -0.14988377
vn -1.00000000 0.00000034 0.00000001
vn 0.00000000 0.99904346 0.04372835
vn -0.00000001 0.98870362 -0.14988377
vn -1.00000000 0.00000000 0.00000000
vn -0.00000001 0.98870362 -0.14988377
vn -0.00000002 0.94119823 -0.33785485
vn -1.00000000 0.00000001 0.00000002
vn -0.00000001 0.98870362 -0.14988377
vn -0.00000001 0.94119822 -0.33785488
vn -1.00000000 0.00000000 0.00000000
vn -0.00000002 0.94119822 -0.33785486
vn 0.00000000 0.85830881 -0.51313350
vn -1.00000000 0.00000001 0.00000003
vn 0.00000000 0.94119821 -0.33785489
vn 0.00000000 0.85830881 -0.51313350
vn -1.00000000 0.00000005 0.00000012
vn 0.00000000 0.63618433 0.77153710
vn 0.00000000 0.52787624 0.84932131
vn -0.00482062 0.64717342 0.76232757
vn -0.01134563 0.65950677 0.75161299
vn -0.02119069 0.67354944 0.73883834
vn -0.02834874 0.68157430 0.73119958
vn -0.03272339 0.68579288 0.72706073
vn -1.00000000 0.00000002 0.00000008
vn 0.00000000 0.52787624 0.84932131
vn 0.00000000 0.35405319 0.93522529
vn -1.00000000 0.00000000 0.00000000
vn 0.00000000 0.52787624 0.84932131
vn 0.00000000 0.35405319 0.93522529
vn -1.00000000 0.00000003 0.00000006
vn 0.00000000 0.35405319 0.93522529
vn 0.00000000 0.16692505 0.98596959
vn -1.00000000 0.00000000 0.00000000
vn 0.00000000 0.35405319 0.93522529
vn 0.00000000 0.16692505 0.98596959
vn -1.00000000 0.00000001 0.00000005
vn 0.00000000 0.16692505 0.98596959
vn 0.00000000 0.03530168 0.99937670
vn -1.00000000 0.00000000 0.00000000
vn 0.00000000 0.16692505 0.98596959
vn 0.00000000 0.03530168 0.99937670
vn -1.00000000 0.00000000 0.00000004
vn 0.00000000 -0.03530208 0.99937669
vn 0.00000000 0.03530168 0.99937670
vn -1.00000000 0.00000000 0.00000000
vn 0.00000000 -0.03530208 0.99937669
vn 0.00000000 0.03530168 0.99937670
vn -1.00000000 0.00000000 0.00000004
vn 0.00000000 -0.85830881 -0.51313350
vn 0.00000000 -0.77699348 -0.62950864
vn -0.00655547 -0.76696019 -0.64166120
vn -0.01534429 -0.75531079 -0.65518712
vn -0.02134851 -0.74298486 -0.66896767
vn -0.02758941 -0.74192430 -0.66991579
vn -0.04199403 -0.72909278 -0.68312533
vn -0.05714785 -0.71619738 -0.69555405
vn -1.00000000 0.00000000 0.00000007
vn 0.00000000 -0.64267444 -0.76613939
vn 0.00000000 0.00000000 -1.00000000
vn 0.00368104 -0.65217588 -0.75805875
vn 0.00876451 -0.66259353 -0.74892790
vn -0.00066836 -0.64831136 -0.76137503
vn -1.00000000 0.00000000 0.00000000
vn 0.00000000 -0.64267444 -0.76613939
vn 0.00000000 0.00000000 -1.00000000
vn -0.00159651 -0.64831068 -0.76137423
vn -0.00338354 -0.65265387 -0.75764865
vn -1.00000000 0.00000000 0.00000000
vn 0.00008121 -0.67218120 -0.74038667
vn -0.00018004 -0.68391239 -0.72956412
vn -0.00159651 -0.64831068 -0.76137423
vn -0.00200766 -0.69354131 -0.72041406
vn -0.00414475 -0.70157998 -0.71257867
vn -0.02134851 -0.74298486 -0.66896767
vn -1.00000000 0.00000002 0.00000009
vn 0.00019359 -0.68376637 -0.72970098
vn 0.00235447 -0.69333448 -0.72061207
vn 0.00494845 -0.70142853 -0.71272261
vn 0.01070269 -0.71319468 -0.70088430
vn 0.03033566 -0.74281220 -0.66881222
vn -0.00066836 -0.64831136 -0.76137503
vn -1.00000000 0.00000000 0.00000000
vn 0.00000000 -0.85830881 -0.51313350
vn 0.00000000 -0.77699348 -0.62950864
vn 0.00659364 -0.76817123 -0.64021050
vn 0.01648978 -0.75679709 -0.65344185
vn 0.02367469 -0.75020916 -0.66077661
vn 0.03033566 -0.74281220 -0.66881222
vn 0.03219462 -0.74248526 -0.66908830
vn 0.04850234 -0.73028214 -0.68142169
vn -1.00000000 -0.00000005 0.00000010
vn 0.00000000 -0.63618977 0.77153262
vn 0.00000000 -0.52787437 0.84932246
vn 0.00505533 -0.64627701 0.76308615
vn 0.01242320 -0.65826317 0.75268536
vn 0.02396003 -0.67215072 0.74002657
vn 0.03416340 -0.68145032 0.73106656
vn 0.03795751 -0.68446108 0.72806061
vn -1.00000000 0.00000000 0.00000000
vn 0.00000000 -0.81019089 0.58616612
vn 0.00000000 -0.74871089 0.66289667
vn 0.00004467 -0.74645621 0.66543453
vn 0.00042040 -0.74083576 0.67168609
vn 0.00242266 -0.73079287 0.68259499
vn 0.00633207 -0.72155022 0.69233315
vn 0.01062153 -0.71323811 0.70084134
vn 0.01937894 -0.70012998 0.71375238
vn 0.03416340 -0.68145032 0.73106656
vn -1.00000000 0.00000000 0.00000009
vn 0.00000000 -0.63618977 0.77153262
vn 0.00000000 -0.52787437 0.84932246
vn -0.00496219 -0.64749941 0.76204980
vn -0.01143740 -0.65962617 0.75150682
vn -0.02105360 -0.67338475 0.73899237
vn -0.02609885 -0.68161608 0.73124440
vn -0.03263482 -0.68571124 0.72714171
vn -0.04475366 -0.69721470 0.71546402
vn -1.00000000 -0.00000002 0.00000008
vn 0.00000000 -0.81019089 0.58616612
vn 0.00000000 -0.74871089 0.66289667
vn -0.00003586 -0.74664289 0.66522506
vn -0.00034760 -0.74088664 0.67163001
vn -0.00117463 -0.73600677 0.67697316
vn -0.00229503 -0.72999619 0.68344736
vn -0.00536904 -0.72128520 0.69261738
vn -0.00889519 -0.71305331 0.70105339
vn -0.02609885 -0.68161608 0.73124440
vn -1.00000000 -0.00000000 0.00000002
vn 0.00000000 -0.16692505 0.98596959
vn 0.00000000 -0.03530208 0.99937669
vn -1.00000000 0.00000000 0.00000000
vn 0.00000000 -0.16692505 0.98596959
vn 0.00000000 -0.03530208 0.99937669
vn -1.00000000 -0.00000000 0.00000004
vn 0.00000000 -0.35405319 0.93522529
vn 0.00000000 -0.16692505 0.98596959
vn -1.00000000 0.00000000 0.00000000
vn 0.00000000 -0.35405319 0.93522529
vn 0.00000000 -0.16692505 0.98596959
vn -1.00000000 -0.00000001 0.00000005
vn 0.00000000 -0.52787437 0.84932246
vn 0.00000000 -0.35405319 0.93522529
vn -1.00000000 0.00000000 0.00000000
vn 0.00000000 -0.52787437 0.84932246
vn 0.00000000 -0.35405319 0.93522529
vn -1.00000000 -0.00000003 0.00000006
vn 0.00000000 -0.90807946 0.41879791
vn 0.00000000 -0.81019089 0.58616612
vn -1.00000000 -0.00000000 0.00000021
vn 0.00000004 -0.90807943 0.41879798
vn 0.00000000 -0.81019089 0.58616612
vn -1.00000000 -0.00000000 0.00000005
vn 0.00000003 -0.97182595 0.23569966
vn 0.00000001 -0.90807945 0.41879794
vn -1.00000000 0.00000000 0.00000000
vn 0.00000001 -0.97182596 0.23569962
vn 0.00000005 -0.90807942 0.41879801
vn -1.00000000 0.00000000 0.00000007
vn 0.00000000 -0.99904346 0.04372835
vn 0.00000002 -0.97182595 0.23569965
vn -1.00000000 0.00000000 0.00000000
vn 0.00000000 -0.99904346 0.04372836
vn 0.00000000 -0.97182596 0.23569960
vn -1.00000000 -0.00000001 0.00000005
vn 0.00000000 -0.99904346 0.04372836
vn -0.00000001 -0.98870424 -0.14987971
vn -1.00000000 0.00000000 0.00000000
vn 0.00000000 -0.99904346 0.04372836
vn -0.00000001 -0.98870424 -0.14987971
vn -1.00000000 -0.00000034 0.00000001
vn -0.00000001 -0.98870424 -0.14987971
vn -0.00000002 -0.94119689 -0.33785857
vn -1.00000000 0.00000000 0.00000000
vn -0.00000001 -0.98870424 -0.14987971
vn -0.00000001 -0.94119690 -0.33785854
vn -1.00000000 -0.00000001 0.00000002
vn -0.00000002 -0.94119690 -0.33785856
vn 0.00000000 -0.85830881 -0.51313350
vn -1.00000000 -0.00000005 0.00000012
vn 0.00000000 -0.94119691 -0.33785853
vn 0.00000000 -0.85830881 -0.51313350
vn -1.00000000 -0.00000001 0.00000003
vn 0.00000000 0.00000000 -1.00000000
vn -1.00000000 -0.00000001 0.00000011
vn 0.00000000 0.25882194 -0.96592505
vn 0.00000000 0.00000000 -1.00000000
vn -1.00000000 0.00000000 0.00000000
vn 0.00000000 0.25882194 -0.96592505
vn 0.00000000 0.00000000 -1.00000000
vn -1.00000000 -0.00000002 0.00000012
vn 0.00000000 -0.25881474 -0.96592698
vn 0.00000000 0.00000000 -1.00000000
vn -1.00000000 0.00000002 0.00000012
vn 0.00000000 -0.25881474 -0.96592698
vn 0.00000000 0.00000000 -1.00000000
vn -1.00000000 0.00000000 0.00000000
vn 0.00000000 0.00000000 -1.00000000
vn -1.00000000 0.00000001 0.00000011
vn 0.00000000 1.00000000 0.00000000
vn 0.00000000 0.96592512 -0.25882170
vn -1.00000000 0.00000000 0.00000000
vn 0.00000000 1.00000000 0.00000000
vn 0.00000000 0.96592512 -0.25882170
vn -1.00000000 0.00000000 0.00000000
vn 0.00000000 0.96592512 -0.25882170
vn 0.00000000 0.70709958 -0.70711398
vn -1.00000000 0.00000000 0.00000000
vn 0.00000000 0.96592512 -0.25882170
vn 0.00000000 0.70709958 -0.70711398
vn -1.00000000 0.00000000 0.00000000
vn 0.00000000 0.70709958 -0.70711398
vn 0.00000000 0.25882194 -0.96592505
vn -1.00000000 -0.00000001 0.00000009
vn 0.00000000 0.70709958 -0.70711398
vn 0.00000000 0.25882194 -0.96592505
vn -1.00000000 0.00000000 0.00000000
vn 0.00000000 1.00000000 0.00000000
vn 0.00000000 0.98595703 0.16699920
vn 0.09759430 0.99297331 0.06692806
vn -1.00000000 0.00000000 0.00000000
vn 0.00000000 1.00000000 0.00000000
vn 0.00000000 0.98595703 0.16699920
vn 0.00042519 0.98441845 0.17584123
vn -1.00000000 0.00000000 0.00000000
vn 0.09759430 0.99297331 0.06692806
vn -0.49995781 0.00000000 0.86604976
vn -0.50000327 -0.00000070 0.86602352
vn -1.00000000 0.00000000 0.00000000
vn 0.00000000 0.98595703 0.16699920
vn 0.00042519 0.98441845 0.17584123
vn 0.09759430 0.99297331 0.06692806
vn -0.00018442 0.87148479 0.49042250
vn -0.49980418 0.00022004 0.86613840
vn -0.50000192 -0.00000009 0.86602429
vn -0.50040984 -0.00008446 0.86578865
vn 0.00000000 0.11566530 0.99328825
vn 0.00000000 0.00000000 1.00000000
vn -0.49999916 -0.00000007 0.86602589
vn 0.00000000 0.11566530 0.99328825
vn 0.00000000 0.00000000 1.00000000
vn 0.00233701 0.17579089 0.98442476
vn -1.00000000 0.00000001 0.00000007
vn 0.00000000 0.11566530 0.99328825
vn 0.00233701 0.17579089 0.98442476
vn -0.00176330 0.37397119 0.92743864
vn -0.49999591 0.00000099 0.86602776
vn 0.00233701 0.17579089 0.98442476
vn 0.00367275 0.53914563 0.84220455
vn -0.00176330 0.37397119 0.92743864
vn -1.00000000 0.00000003 0.00000007
vn 0.00367275 0.53914563 0.84220455
vn -0.00176330 0.37397119 0.92743864
vn -0.00198968 0.65324867 0.75714081
vn -0.50000285 -0.00000340 0.86602376
vn 0.00259341 0.84222753 0.53911601
vn 0.00367275 0.53914563 0.84220455
vn -0.00198968 0.65324867 0.75714081
vn -1.00000000 0.00000001 0.00000005
vn 0.00259341 0.84222753 0.53911601
vn -0.00018442 0.87148479 0.49042250
vn -0.00198968 0.65324867 0.75714081
vn -0.49999816 0.00000199 0.86602646
vn 0.00042519 0.98441845 0.17584123
vn 0.00259341 0.84222753 0.53911601
vn -0.00018442 0.87148479 0.49042250
vn -1.00000000 0.00000000 0.00000000
vn 0.00000000 0.10540695 0.99442917
vn 0.00000000 0.00000000 1.00000000
vn -0.49999989 -0.00000024 0.86602547
vn 0.00000000 0.10540695 0.99442917
vn 0.00000000 0.00000000 1.00000000
vn 0.00437618 0.16690703 0.98596293
vn -1.00000000 0.00000002 0.00000019
vn 0.00000000 0.10540695 0.99442917
vn 0.00437618 0.16690703 0.98596293
vn -0.00173989 0.31651341 0.94858644
vn -0.50000156 0.00000145 0.86602450
vn 0.00346069 0.48211121 0.87610320
vn 0.00437618 0.16690703 0.98596293
vn -0.00173989 0.31651341 0.94858644
vn -1.00000000 -0.00000000 0.00000014
vn 0.00000000 0.52085460 0.85364541
vn 0.00346069 0.48211121 0.87610320
vn -0.00173989 0.31651341 0.94858644
vn -0.49999888 -0.00000016 0.86602605
vn 0.00000000 0.61335216 0.78980955
vn 0.00000000 0.52085460 0.85364541
vn 0.00346069 0.48211121 0.87610320
vn -0.00197154 0.48211125 0.87610779
vn -1.00000000 0.00000000 0.00000000
vn 0.00000000 0.61335216 0.78980955
vn 0.00000000 0.52085460 0.85364541
vn -0.50001431 0.00000486 0.86601714
vn 0.00000000 0.00000000 1.00000000
vn -1.00000000 -0.00000004 0.00000012
vn 0.00000000 0.00000000 1.00000000
vn -1.00000000 0.00000004 0.00000012
vn 0.00000000 -0.17579137 0.98442744
vn 0.00000000 0.00000000 1.00000000
vn 0.00976001 -0.00936789 0.99990849
vn -0.50002828 0.00002267 0.86600908
vn -0.50000015 0.00000043 0.86602531
vn 0.00000000 -0.17579137 0.98442744
vn 0.00000000 0.00000000 1.00000000
vn -1.00000000 -0.00000001 0.00000007
vn 0.00000000 -0.19509006 0.98078533
vn 0.00000000 0.19509006 0.98078533
vn -0.70021448 -0.13928115 0.70021457
vn -0.70021443 0.13928109 0.70021463
vn 0.00000000 -0.19509006 0.98078533
vn 0.00000000 0.19509006 0.98078533
vn -1.00000000 0.00000000 0.00000000
vn 0.00000000 0.55556992 0.83146982
vn 0.00000000 0.19509006 0.98078533
vn -0.70021441 0.13928116 0.70021464
vn -0.70021412 0.39663919 0.59361397
vn 0.00000000 0.55556992 0.83146982
vn 0.00000000 0.19509006 0.98078533
vn -1.00000000 0.00000000 0.00000000
vn 0.00000000 0.83147018 0.55556939
vn 0.00000000 0.55556992 0.83146982
vn -0.68695573 0.62592841 0.36919568
vn -0.70021463 0.59361344 0.39663907
vn -0.70021395 0.39663974 0.59361380
vn -0.70655037 0.52763708 0.47157787
vn 0.00000000 0.83147018 0.55556939
vn 0.00000000 0.55556992 0.83146982
vn -1.00000000 -0.00000001 0.00000005
vn 0.00000000 0.98078404 0.19509656
vn 0.00000000 0.83147018 0.55556939
vn -0.67961479 0.72896022 0.08210199
vn -0.70021472 0.70021342 0.13928574
vn -0.70021463 0.59361344 0.39663907
vn -0.70585458 0.67488900 0.21516077
vn 0.00000000 0.98078404 0.19509656
vn 0.00000000 0.83147018 0.55556939
vn -1.00000000 0.00000028 0.00000010
vn 0.00000000 0.98078404 0.19509656
vn 0.00000000 0.98078395 -0.19509701
vn -0.69291139 0.70716754 -0.14066938
vn -0.70021472 0.70021342 0.13928574
vn -0.70487558 0.70487426 -0.07938953
vn 0.00000000 0.98078404 0.19509656
vn 0.00000000 0.98078395 -0.19509701
vn -1.00000000 0.00000051 0.00000006
vn 0.00000000 0.98078395 -0.19509701
vn 0.00000000 0.83147089 -0.55556831
vn -0.69291139 0.70716754 -0.14066938
vn -0.69414687 0.59852057 -0.39991654
vn -0.70361126 0.61204879 -0.36100896
vn -0.70585448 0.67488909 -0.21516080
vn 0.00000000 0.98078395 -0.19509701
vn 0.00000000 0.83147089 -0.55556831
vn -1.00000000 0.00000001 0.00000005
vn 0.00000000 0.83147089 -0.55556831
vn 0.00000000 0.55556992 -0.83146982
vn -0.69414687 0.59852057 -0.39991654
vn -0.70021455 0.39663917 -0.59361347
vn -0.70655067 0.52763685 -0.47157767
vn 0.00000000 0.83147089 -0.55556831
vn 0.00000000 0.55556992 -0.83146982
vn -1.00000000 0.00000005 0.00000005
vn 0.00000000 0.55556992 -0.83146982
vn 0.00000000 0.19509006 -0.98078533
vn -0.70021455 0.13928107 -0.70021452
vn -0.70021464 0.39663936 -0.59361324
vn 0.00000000 0.55556992 -0.83146982
vn 0.00000000 0.19509006 -0.98078533
vn -1.00000000 0.00000000 0.00000000
vn 0.00000000 -0.19509006 -0.98078533
vn 0.00000000 0.19509006 -0.98078533
vn -0.70021451 -0.13928107 -0.70021455
vn -0.70021457 0.13928113 -0.70021449
vn 0.00000000 -0.19509006 -0.98078533
vn 0.00000000 0.19509006 -0.98078533
vn -1.00000000 0.00000000 0.00000000
vn 0.00000000 -0.55557423 -0.83146694
vn 0.00000000 -0.19509006 -0.98078533
vn -0.68457587 -0.44375344 -0.57830681
vn -0.70021449 -0.13928114 -0.70021456
vn -0.70021618 -0.39664159 -0.59360992
vn -0.70634772 -0.31310602 -0.63485236
vn 0.00000000 -0.55557423 -0.83146694
vn 0.00000000 -0.19509006 -0.98078533
vn -1.00000000 0.00000000 0.00000000
vn 0.00000000 -0.83146659 -0.55557475
vn 0.00000000 -0.55557423 -0.83146694
vn -0.69360560 -0.59895114 -0.40021094
vn -0.70021618 -0.39664159 -0.59360992
vn -0.70406414 -0.56339061 -0.43230164
vn 0.00000000 -0.83146659 -0.55557475
vn 0.00000000 -0.55557423 -0.83146694
vn -1.00000000 -0.00000017 -0.00000016
vn 0.00000000 -0.98078752 -0.19507909
vn 0.00000000 -0.83146659 -0.55557475
vn -0.69360560 -0.59895114 -0.40021094
vn -0.70021414 -0.70021595 -0.13927596
vn -0.70635004 -0.63485206 -0.31310140
vn 0.00000000 -0.98078752 -0.19507909
vn 0.00000000 -0.83146659 -0.55557475
vn -1.00000000 -0.00000004 0.00000005
vn 0.00000000 -0.98078760 0.19507864
vn 0.00000000 -0.98078752 -0.19507909
vn -0.70021547 -0.70021472 0.13927538
vn -0.70021333 -0.70021724 -0.13927353
vn 0.00000000 -0.98078760 0.19507864
vn 0.00000000 -0.98078752 -0.19507909
vn -1.00000000 0.00000000 0.00000000
vn 0.00000000 -0.98078760 0.19507864
vn 0.00000000 -0.83146587 0.55557583
vn -0.68457811 -0.57830817 0.44374821
vn -0.70021628 -0.70021446 0.13927265
vn -0.70021653 -0.59360882 0.39664264
vn -0.70635019 -0.63485193 0.31310133
vn 0.00000000 -0.98078760 0.19507864
vn 0.00000000 -0.83146587 0.55557583
vn -1.00000000 -0.00000037 0.00000039
vn 0.00000000 -0.83146587 0.55557583
vn 0.00000000 -0.55557423 0.83146694
vn -0.69360399 -0.40021151 0.59895263
vn -0.70021653 -0.59360882 0.39664264
vn -0.70406381 -0.43230569 0.56338792
vn 0.00000000 -0.83146587 0.55557583
vn 0.00000000 -0.55557423 0.83146694
vn -1.00000000 0.00000851 -0.00000770
vn 0.00000000 -0.55557423 0.83146694
vn 0.00000000 -0.19509006 0.98078533
vn -0.69360399 -0.40021151 0.59895263
vn -0.70021446 -0.13928108 0.70021460
vn -0.70634778 -0.31310213 0.63485421
vn 0.00000000 -0.55557423 0.83146694
vn 0.00000000 -0.19509006 0.98078533
vn -1.00000000 0.00000000 0.00000000
vn 0.00000000 0.22251860 -0.97492844
vn 0.00000000 -0.19508957 -0.98078543
vn -0.05234885 0.19482208 -0.97944063
vn -0.70021460 -0.13928077 -0.70021452
vn -0.70021449 0.13928090 -0.70021461
vn 0.00000000 -0.44232446 -0.89685510
vn 0.00000000 -0.19508957 -0.98078543
vn -0.10658145 -0.25735111 -0.96042220
vn -0.70021457 -0.13928089 -0.70021453
vn -0.70634772 -0.31310602 -0.63485236
vn 0.00000000 0.22251860 -0.97492844
vn 0.00000000 -0.19508957 -0.98078543
vn 1.00000000 -0.00000000 -0.00000008
vn -0.10658145 -0.25735111 -0.96042220
vn 0.00000000 -0.60876403 -0.79335134
vn 0.00000000 -0.44232446 -0.89685510
vn 1.00000000 -0.00000000 -0.00000006
vn -0.10658145 -0.25735111 -0.96042220
vn -0.14166780 -0.69997763 -0.69997254
vn 0.00000000 -0.60876403 -0.79335134
vn 0.00000000 -0.44232446 -0.89685510
vn -0.68457587 -0.44375344 -0.57830681
vn -0.70634772 -0.31310602 -0.63485236
vn 0.00000000 -0.79335550 -0.60875861
vn 0.00000000 -0.60876403 -0.79335134
vn -0.14166780 -0.69997763 -0.69997254
vn -0.68457587 -0.44375344 -0.57830681
vn -0.70021618 -0.39664159 -0.59360992
vn -0.70406414 -0.56339061 -0.43230164
vn 0.00000000 -0.89685761 -0.44231938
vn 0.00000000 -0.79335550 -0.60875861
vn 1.00000000 0.00000000 0.00000000
vn -0.10658145 -0.96041993 -0.25735957
vn -0.14166780 -0.69997763 -0.69997254
vn 0.00000000 -0.89685761 -0.44231938
vn 0.00000000 -0.79335550 -0.60875861
vn -0.69360560 -0.59895114 -0.40021094
vn -0.70406414 -0.56339061 -0.43230164
vn -0.70635004 -0.63485206 -0.31310140
vn 0.00000000 -0.98078369 -0.19509832
vn 0.00000000 -0.89685761 -0.44231938
vn -0.10658145 -0.96041993 -0.25735957
vn -0.70021764 -0.70021036 -0.13928643
vn -0.70635004 -0.63485206 -0.31310140
vn 0.00000000 -0.98078378 0.19509788
vn 0.00000000 -0.98078369 -0.19509832
vn 1.00000000 0.00000001 -0.00000001
vn -0.10658169 -0.96042002 0.25735914
vn -0.10658145 -0.96041993 -0.25735957
vn 0.00000000 -0.98078378 0.19509788
vn 0.00000000 -0.98078369 -0.19509832
vn -0.70021197 -0.70021588 0.13928721
vn -0.70021626 -0.70021256 -0.13928231
vn 0.00000000 -0.98078378 0.19509788
vn 0.00000000 -0.89685761 0.44231938
vn -0.10658169 -0.96042002 0.25735914
vn -0.70021334 -0.70021542 0.13928256
vn -0.70635019 -0.63485193 0.31310133
vn 0.00000000 -0.89685761 0.44231938
vn 0.00000000 -0.70710935 0.70710421
vn 1.00000000 0.00000003 -0.00000002
vn -0.10658169 -0.96042002 0.25735914
vn 0.00000000 -0.89685761 0.44231938
vn 0.00000000 -0.70710935 0.70710421
vn -0.27299428 -0.76322041 0.58563532
vn -0.68457811 -0.57830817 0.44374821
vn -0.70635019 -0.63485193 0.31310133
vn 0.00000000 -0.70710935 0.70710421
vn 0.00000000 -0.60876403 0.79335134
vn 0.00000000 -0.44231901 0.89685779
vn 1.00000000 0.00000001 -0.00000004
vn -0.10657878 -0.25734960 0.96042290
vn -0.27299428 -0.76322041 0.58563532
vn 0.00000000 -0.60876403 0.79335134
vn -0.27299428 -0.76322041 0.58563532
vn -0.68457811 -0.57830817 0.44374821
vn -0.70021653 -0.59360882 0.39664264
vn -0.70406381 -0.43230569 0.56338792
vn 0.00000000 -0.19508957 0.98078543
vn 0.00000000 0.19508957 0.98078543
vn -0.70021441 -0.13928092 0.70021469
vn -0.70021452 0.13928079 0.70021460
vn 0.00000000 -0.19508957 0.98078543
vn 0.00000000 0.19508957 0.98078543
vn 1.00000000 0.00000001 -0.00000005
vn -0.04590996 0.22228398 0.97390046
vn -0.10657878 -0.25734960 0.96042290
vn 0.00000000 -0.44231901 0.89685779
vn 0.00000000 -0.19508957 0.98078543
vn -0.10657878 -0.25734960 0.96042290
vn -0.70021437 -0.13928082 0.70021474
vn -0.70634778 -0.31310213 0.63485421
vn 0.00000000 -0.60876403 0.79335134
vn 0.00000000 -0.44231901 0.89685779
vn -0.69360399 -0.40021151 0.59895263
vn -0.70406381 -0.43230569 0.56338792
vn -0.70634778 -0.31310213 0.63485421
vn 0.03943858 0.55513586 -0.83082416
vn -0.05234885 0.19482208 -0.97944063
vn -0.70021446 0.13928080 -0.70021466
vn -0.70021431 0.39663865 -0.59361410
vn 0.00000000 0.74560526 -0.66638787
vn 0.03943858 0.55513586 -0.83082416
vn -0.07863277 0.62155122 -0.77941707
vn -0.70021415 0.39663832 -0.59361451
vn -0.70655067 0.52763685 -0.47157767
vn 0.00000000 0.86133073 -0.50804465
vn 0.00000000 0.74560526 -0.66638787
vn -0.69414687 0.59852057 -0.39991654
vn -0.70361126 0.61204879 -0.36100896
vn -0.70655067 0.52763685 -0.47157767
vn 0.00000000 0.95275294 -0.30374633
vn 0.00000000 0.86133073 -0.50804465
vn -0.09817219 0.89661556 -0.43179018
vn -0.70361126 0.61204879 -0.36100896
vn -0.70585448 0.67488909 -0.21516080
vn 0.00000000 0.99371703 -0.11192170
vn 0.00000000 0.95275294 -0.30374633
vn -0.69291139 0.70716754 -0.14066938
vn -0.70487558 0.70487426 -0.07938953
vn -0.70585448 0.67488909 -0.21516080
vn 0.00000000 0.99371708 0.11192126
vn 0.00000000 0.99371703 -0.11192170
vn -0.10468363 0.99450557 0.00000000
vn -0.67961479 0.72896022 0.08210199
vn -0.70021472 0.70021342 0.13928574
vn -0.70487558 0.70487426 -0.07938953
vn 0.00000000 0.99371708 0.11192126
vn 0.00000000 0.95275294 0.30374633
vn -0.67961479 0.72896022 0.08210199
vn -0.70585458 0.67488900 0.21516077
vn 0.00000000 0.95275294 0.30374633
vn -0.15513335 0.85090307 0.50189403
vn -0.68695573 0.62592841 0.36919568
vn -0.70021463 0.59361344 0.39663907
vn -0.70585458 0.67488900 0.21516077
vn 0.00000000 0.19508957 0.98078543
vn 0.03943814 0.55513429 0.83082522
vn -0.04590996 0.22228398 0.97390046
vn -0.70021448 0.13928091 0.70021461
vn -0.70021485 0.39663682 0.59361469
vn 0.00000000 0.74560526 0.66638787
vn 0.03943814 0.55513429 0.83082522
vn -0.07863348 0.62154997 0.77941800
vn -0.70021456 0.39663775 0.59361441
vn -0.70655037 0.52763708 0.47157787
vn 0.00000000 0.90096774 0.43388609
vn 0.00000000 0.74560526 0.66638787
vn -0.15513335 0.85090307 0.50189403
vn -0.68695573 0.62592841 0.36919568
vn -0.70655037 0.52763708 0.47157787
vn 0.00000000 0.22251860 -0.97492844
vn 0.03943858 0.55513586 -0.83082416
vn 1.00000000 0.00000003 -0.00000007
vn -0.05234885 0.19482208 -0.97944063
vn -0.07863277 0.62155122 -0.77941707
vn 0.00000000 0.99371708 0.11192126
vn 0.00000000 0.95275294 0.30374633
vn 0.00000000 0.90096774 0.43388609
vn 1.00000000 0.00000003 -0.00000004
vn -0.10468363 0.99450557 0.00000000
vn -0.15513335 0.85090307 0.50189403
vn 0.00000000 0.90096774 0.43388609
vn 0.00000000 0.74560526 0.66638787
vn 1.00000000 -0.00000005 -0.00000003
vn -0.07863348 0.62154997 0.77941800
vn 0.03943814 0.55513429 0.83082522
vn 1.00000000 -0.00000002 -0.00000004
vn -0.04590996 0.22228398 0.97390046
vn -0.07863348 0.62154997 0.77941800
vn 0.00000000 0.99371703 -0.11192170
vn 0.00000000 0.95275294 -0.30374633
vn 1.00000000 0.00000032 -0.00000001
vn -0.09817219 0.89661556 -0.43179018
vn -0.10468363 0.99450557 0.00000000
vn 0.00000000 0.86133073 -0.50804465
vn 0.00000000 0.74560526 -0.66638787
vn 1.00000000 0.00000007 -0.00000004
vn -0.07863277 0.62155122 -0.77941707
vn -0.09817219 0.89661556 -0.43179018
vn 0.00000018 -0.19508833 0.98078568
vn 0.00000000 0.19508810 0.98078572
vn -0.70021471 -0.13927970 0.70021463
vn -0.70021487 0.13927987 0.70021443
vn 0.00000000 -0.19508838 0.98078567
vn 0.00000018 0.19508816 0.98078571
vn -1.00000000 0.00000000 0.00000000
vn 0.00000077 0.55557153 0.83146874
vn 0.00000074 0.19508833 0.98078568
vn -0.70021493 0.13927966 0.70021441
vn -0.70021324 0.39663947 0.59361481
vn 0.00000077 0.55557153 0.83146874
vn 0.00000091 0.19508838 0.98078567
vn -1.00000000 0.00000000 0.00000000
vn 0.00000052 0.83147053 0.55556885
vn 0.00000077 0.55557153 0.83146874
vn -0.68695861 0.62591800 0.36920797
vn -0.70021205 0.59361580 0.39664010
vn -0.70021258 0.39664164 0.59361415
vn -0.70654757 0.52765892 0.47155763
vn 0.00000042 0.83147052 0.55556888
vn 0.00000077 0.55557153 0.83146874
vn -1.00000000 -0.00000007 0.00000005
vn 0.00000000 0.98078391 0.19509723
vn 0.00000010 0.83147046 0.55556896
vn -0.67963182 0.72893934 0.08214645
vn -0.70021467 0.70021337 0.13928623
vn -0.70021205 0.59361580 0.39664010
vn -0.70584825 0.67492096 0.21508125
vn 0.00000000 0.98078391 0.19509723
vn 0.00000000 0.83147045 0.55556899
vn -1.00000000 0.00000017 0.00000006
vn 0.00000000 0.98078391 0.19509723
vn 0.00000000 0.98078400 -0.19509678
vn -0.69291684 0.70716244 -0.14066820
vn -0.70021467 0.70021337 0.13928623
vn -0.70487308 0.70487176 -0.07943388
vn 0.00000000 0.98078391 0.19509723
vn 0.00000000 0.98078400 -0.19509678
vn -1.00000000 0.00000001 0.00000003
vn 0.00000000 0.98078400 -0.19509678
vn 0.00000000 0.83147089 -0.55556831
vn -0.69291684 0.70716244 -0.14066820
vn -0.69414668 0.59852073 -0.39991665
vn -0.70360794 0.61204431 -0.36102302
vn -0.70584835 0.67492087 -0.21508122
vn 0.00000000 0.98078400 -0.19509678
vn -0.00000005 0.83147090 -0.55556830
vn -1.00000000 -0.00000008 0.00000006
vn -0.00000021 0.83147093 -0.55556826
vn -0.00000039 0.55556912 -0.83147036
vn -0.69414668 0.59852073 -0.39991665
vn -0.70021416 0.39663757 -0.59361500
vn -0.70654787 0.52765870 -0.47155742
vn -0.00000026 0.83147094 -0.55556825
vn -0.00000039 0.55556912 -0.83147036
vn -1.00000000 0.00000007 0.00000005
vn -0.00000039 0.55556912 -0.83147036
vn -0.00000046 0.19509006 -0.98078533
vn -0.70021431 0.13928141 -0.70021469
vn -0.70021471 0.39663875 -0.59361356
vn -0.00000039 0.55556912 -0.83147036
vn -0.00000037 0.19509004 -0.98078534
vn -1.00000000 0.00000000 0.00000000
vn 0.00000000 -0.19509006 -0.98078533
vn -0.00000009 0.19508995 -0.98078535
vn -0.70021442 -0.13928138 -0.70021458
vn -0.70021424 0.13928119 -0.70021481
vn -0.00000009 -0.19509004 -0.98078534
vn 0.00000000 0.19508992 -0.98078536
vn -1.00000000 0.00000000 0.00000000
vn -0.00000039 -0.55556912 -0.83147036
vn -0.00000037 -0.19508995 -0.98078535
vn -0.68457559 -0.44375360 -0.57830702
vn -0.70021449 -0.13928114 -0.70021456
vn -0.70021725 -0.39663736 -0.59361149
vn -0.70634787 -0.31310209 -0.63485413
vn -0.00000039 -0.55556912 -0.83147036
vn -0.00000046 -0.19508992 -0.98078536
vn -1.00000000 0.00000000 0.00000000
vn -0.00000026 -0.83147089 -0.55556831
vn -0.00000039 -0.55556912 -0.83147036
vn -0.69360425 -0.59895532 -0.40020703
vn -0.70021725 -0.39663736 -0.59361149
vn -0.70406727 -0.56337883 -0.43231190
vn -0.00000021 -0.83147090 -0.55556830
vn -0.00000039 -0.55556912 -0.83147036
vn -1.00000000 0.00000002 0.00000004
vn 0.00000000 -0.98078578 -0.19508782
vn -0.00000005 -0.83147093 -0.55556826
vn -0.69360425 -0.59895532 -0.40020703
vn -0.70021578 -0.70021337 -0.13928065
vn -0.70635117 -0.63486628 -0.31307001
vn 0.00000000 -0.98078578 -0.19508782
vn 0.00000000 -0.83147094 -0.55556825
vn -1.00000000 0.00000022 0.00000028
vn 0.00000000 -0.98078569 0.19508827
vn 0.00000000 -0.98078578 -0.19508782
vn -0.70021642 -0.70021269 0.13928084
vn -0.70021535 -0.70021405 -0.13927938
vn 0.00000000 -0.98078569 0.19508827
vn 0.00000000 -0.98078578 -0.19508782
vn -1.00000000 0.00000000 0.00000000
vn 0.00000000 -0.98078569 0.19508827
vn 0.00000000 -0.83147053 0.55556885
vn -0.68457178 -0.57830240 0.44376549
vn -0.70021685 -0.70021255 0.13927941
vn -0.70021819 -0.59361080 0.39663675
vn -0.70635102 -0.63486641 0.31307008
vn 0.00000000 -0.98078569 0.19508827
vn 0.00000010 -0.83147052 0.55556888
vn -1.00000000 -0.00000022 0.00000028
vn 0.00000042 -0.83147046 0.55556896
vn 0.00000077 -0.55557153 0.83146874
vn -0.69360468 -0.40020920 0.59895337
vn -0.70021819 -0.59361080 0.39663675
vn -0.70406556 -0.43230615 0.56338538
vn 0.00000052 -0.83147045 0.55556899
vn 0.00000077 -0.55557153 0.83146874
vn -1.00000000 -0.00000002 0.00000004
vn 0.00000077 -0.55557153 0.83146874
vn 0.00000091 -0.19508810 0.98078572
vn -0.69360468 -0.40020920 0.59895337
vn -0.70021477 -0.13927989 0.70021453
vn -0.70634852 -0.31309795 0.63485545
vn 0.00000077 -0.55557153 0.83146874
vn 0.00000074 -0.19508816 0.98078571
vn -1.00000000 0.00000000 0.00000000
vn 0.00000000 0.22251860 -0.97492844
vn 0.00000000 -0.19509176 -0.98078499
vn -0.05234470 0.19482430 -0.97944041
vn -0.70021411 -0.13928243 -0.70021468
vn -0.70021449 0.13928197 -0.70021439
vn 0.00000000 -0.44231901 -0.89685779
vn 0.00000000 -0.19509176 -0.98078499
vn -0.10657791 -0.25735121 -0.96042256
vn -0.70021423 -0.13928202 -0.70021464
vn -0.70634787 -0.31310209 -0.63485413
vn 0.00000000 0.22251860 -0.97492844
vn 0.00000000 -0.19509176 -0.98078499
vn 1.00000000 0.00000000 -0.00000006
vn -0.10657791 -0.25735121 -0.96042256
vn 0.00000000 -0.60876403 -0.79335134
vn 0.00000000 -0.44231901 -0.89685779
vn 1.00000000 -0.00000002 -0.00000004
vn -0.10657791 -0.25735121 -0.96042256
vn -0.14165758 -0.69997188 -0.69998036
vn 0.00000000 -0.60876403 -0.79335134
vn 0.00000000 -0.44231901 -0.89685779
vn -0.68457559 -0.44375360 -0.57830702
vn -0.70634787 -0.31310209 -0.63485413
vn 0.00000000 -0.79334237 -0.60877572
vn 0.00000000 -0.60876403 -0.79335134
vn -0.14165758 -0.69997188 -0.69998036
vn -0.68457559 -0.44375360 -0.57830702
vn -0.70021725 -0.39663736 -0.59361149
vn -0.70406727 -0.56337883 -0.43231190
vn 0.00000000 -0.89687912 -0.44227575
vn 0.00000000 -0.79334237 -0.60877572
vn 1.00000000 -0.00000004 -0.00000002
vn -0.10656040 -0.96042563 -0.25734701
vn -0.14165758 -0.69997188 -0.69998036
vn 0.00000000 -0.89687912 -0.44227575
vn 0.00000000 -0.79334237 -0.60877572
vn -0.69360425 -0.59895532 -0.40020703
vn -0.70406727 -0.56337883 -0.43231190
vn -0.70635117 -0.63486628 -0.31307001
vn 0.00000000 -0.98078378 -0.19509788
vn 0.00000000 -0.89687912 -0.44227575
vn -0.10656040 -0.96042563 -0.25734701
vn -0.70021761 -0.70021045 -0.13928613
vn -0.70635117 -0.63486628 -0.31307001
vn 0.00000000 -0.98078369 0.19509832
vn 0.00000000 -0.98078378 -0.19509788
vn 1.00000000 0.00000000 -0.00000003
vn -0.10656017 -0.96042554 0.25734744
vn -0.10656040 -0.96042563 -0.25734701
vn 0.00000000 -0.98078369 0.19509832
vn 0.00000000 -0.98078378 -0.19509788
vn -0.70021459 -0.70021329 0.13928702
vn -0.70021689 -0.70021160 -0.13928397
vn 0.00000000 -0.98078369 0.19509832
vn 0.00000000 -0.89687912 0.44227575
vn -0.10656017 -0.96042554 0.25734744
vn -0.70021531 -0.70021305 0.13928459
vn -0.70635102 -0.63486641 0.31307008
vn 0.00000000 -0.89687912 0.44227575
vn 0.00000000 -0.70710250 0.70711106
vn 1.00000000 0.00000004 -0.00000002
vn -0.10656017 -0.96042554 0.25734744
vn 0.00000000 -0.89687912 0.44227575
vn 0.00000000 -0.70710250 0.70711106
vn -0.27296998 -0.76321204 0.58565755
vn -0.68457178 -0.57830240 0.44376549
vn -0.70635102 -0.63486641 0.31307008
vn 0.00000000 -0.70710250 0.70711106
vn 0.00000000 -0.60876617 0.79334970
vn 0.00000000 -0.44231356 0.89686048
vn 1.00000000 0.00000001 -0.00000005
vn -0.10657612 -0.25734808 0.96042360
vn -0.27296998 -0.76321204 0.58565755
vn 0.00000000 -0.60876617 0.79334970
vn -0.27296998 -0.76321204 0.58565755
vn -0.68457178 -0.57830240 0.44376549
vn -0.70021819 -0.59361080 0.39663675
vn -0.70406556 -0.43230615 0.56338538
vn 0.00000000 -0.19508957 0.98078543
vn 0.00000000 0.19508957 0.98078543
vn -0.70021493 -0.13928037 0.70021427
vn -0.70021460 0.13928077 0.70021452
vn 0.00000000 -0.19508957 0.98078543
vn 0.00000000 0.19508957 0.98078543
vn 1.00000000 0.00000001 -0.00000008
vn -0.04590361 0.22228026 0.97390161
vn -0.10657612 -0.25734808 0.96042360
vn 0.00000000 -0.44231356 0.89686048
vn 0.00000000 -0.19508957 0.98078543
vn -0.10657612 -0.25734808 0.96042360
vn -0.70021504 -0.13928069 0.70021410
vn -0.70634852 -0.31309795 0.63485545
vn 0.00000000 -0.60876617 0.79334970
vn 0.00000000 -0.44231356 0.89686048
vn -0.69360468 -0.40020920 0.59895337
vn -0.70406556 -0.43230615 0.56338538
vn -0.70634852 -0.31309795 0.63485545
vn 0.03943889 0.55512588 -0.83083081
vn -0.05234470 0.19482430 -0.97944041
vn -0.70021462 0.13928233 -0.70021420
vn -0.70021273 0.39663449 -0.59361875
vn 0.00000000 0.74563319 -0.66635662
vn 0.03943889 0.55512588 -0.83083081
vn -0.07864901 0.62154921 -0.77941704
vn -0.70021180 0.39663248 -0.59362119
vn -0.70654787 0.52765870 -0.47155742
vn 0.00000000 0.86132045 -0.50806209
vn 0.00000000 0.74563319 -0.66635662
vn -0.69414668 0.59852073 -0.39991665
vn -0.70360794 0.61204431 -0.36102302
vn -0.70654787 0.52765870 -0.47155742
vn 0.00000000 0.95278958 -0.30363137
vn 0.00000000 0.86132045 -0.50806209
vn -0.09823119 0.89662309 -0.43176111
vn -0.70360794 0.61204431 -0.36102302
vn -0.70584835 0.67492087 -0.21508122
vn 0.00000000 0.99371003 -0.11198384
vn 0.00000000 0.95278958 -0.30363137
vn -0.69291684 0.70716244 -0.14066820
vn -0.70487308 0.70487176 -0.07943388
vn -0.70584835 0.67492087 -0.21508122
vn 0.00000000 0.99370998 0.11198428
vn 0.00000000 0.99371003 -0.11198384
vn -0.10474225 0.99449940 0.00000000
vn -0.67963182 0.72893934 0.08214645
vn -0.70021467 0.70021337 0.13928623
vn -0.70487308 0.70487176 -0.07943388
vn 0.00000000 0.99370998 0.11198428
vn 0.00000000 0.95278958 0.30363137
vn -0.67963182 0.72893934 0.08214645
vn -0.70584825 0.67492096 0.21508125
vn 0.00000000 0.95278958 0.30363137
vn -0.15522210 0.85088009 0.50190555
vn -0.68695861 0.62591800 0.36920797
vn -0.70021205 0.59361580 0.39664010
vn -0.70584825 0.67492096 0.21508125
vn 0.00000000 0.19508957 0.98078543
vn 0.03944198 0.55512582 0.83083070
vn -0.04590361 0.22228026 0.97390161
vn -0.70021471 0.13928042 0.70021449
vn -0.70021613 0.39663012 0.59361765
vn 0.00000000 0.74563319 0.66635662
vn 0.03944198 0.55512582 0.83083070
vn -0.07864829 0.62155046 0.77941611
vn -0.70021499 0.39663380 0.59361653
vn -0.70654757 0.52765892 0.47155763
vn 0.00000000 0.90098020 0.43386020
vn 0.00000000 0.74563319 0.66635662
vn -0.15522210 0.85088009 0.50190555
vn -0.68695861 0.62591800 0.36920797
vn -0.70654757 0.52765892 0.47155763
vn 0.00000000 0.22251860 -0.97492844
vn 0.03943889 0.55512588 -0.83083081
vn 1.00000000 0.00000002 -0.00000005
vn -0.05234470 0.19482430 -0.97944041
vn -0.07864901 0.62154921 -0.77941704
vn 0.00000000 0.99370998 0.11198428
vn 0.00000000 0.95278958 0.30363137
vn 0.00000000 0.90098020 0.43386020
vn 1.00000000 -0.00000016 -0.00000001
vn -0.10474225 0.99449940 0.00000000
vn -0.15522210 0.85088009 0.50190555
vn 0.00000000 0.90098020 0.43386020
vn 0.00000000 0.74563319 0.66635662
vn 1.00000000 -0.00000005 -0.00000003
vn -0.07864829 0.62155046 0.77941611
vn 0.03944198 0.55512582 0.83083070
vn 1.00000000 -0.00000002 -0.00000005
vn -0.04590361 0.22228026 0.97390161
vn -0.07864829 0.62155046 0.77941611
vn 0.00000000 0.99371003 -0.11198384
vn 0.00000000 0.95278958 -0.30363137
vn 1.00000000 0.00000001 -0.00000004
vn -0.09823119 0.89662309 -0.43176111
vn -0.10474225 0.99449940 0.00000000
vn 0.00000000 0.86132045 -0.50806209
vn 0.00000000 0.74563319 -0.66635662
vn 1.00000000 0.00000005 -0.00000003
vn -0.07864901 0.62154921 -0.77941704
vn -0.09823119 0.89662309 -0.43176111
vn 0.00000000 -0.19509006 0.98078533
vn 0.00000000 0.19509006 0.98078533
vn -0.70021448 -0.13928115 0.70021457
vn -0.70021443 0.13928109 0.70021463
vn 0.00000000 -0.19509006 0.98078533
vn 0.00000000 0.19509006 0.98078533
vn -1.00000000 0.00000000 0.00000000
vn 0.00000000 0.55556992 0.83146982
vn 0.00000000 0.19509006 0.98078533
vn -0.70021441 0.13928116 0.70021464
vn -0.70021412 0.39663919 0.59361397
vn 0.00000000 0.55556992 0.83146982
vn 0.00000000 0.19509006 0.98078533
vn -1.00000000 0.00000000 0.00000000
vn 0.00000000 0.83147018 0.55556939
vn 0.00000000 0.55556992 0.83146982
vn -0.68695528 0.62592997 0.36919388
vn -0.70021501 0.59361313 0.39663887
vn -0.70021395 0.39663974 0.59361380
vn -0.70655037 0.52763708 0.47157787
vn 0.00000000 0.83147018 0.55556939
vn 0.00000000 0.55556992 0.83146982
vn -1.00000000 -0.00000012 0.00000002
vn 0.00000000 0.98078408 0.19509634
vn 0.00000000 0.83147018 0.55556939
vn -0.67961471 0.72896033 0.08210167
vn -0.70021474 0.70021343 0.13928558
vn -0.70021501 0.59361313 0.39663887
vn -0.70585487 0.67488803 0.21516284
vn 0.00000000 0.98078408 0.19509634
vn 0.00000000 0.83147018 0.55556939
vn -1.00000000 -0.00000005 0.00000002
vn 0.00000000 0.98078408 0.19509634
vn 0.00000000 0.99518445 -0.09801996
vn -0.15564673 0.96883088 -0.19271954
vn -0.69291135 0.70716754 -0.14066955
vn -0.70021474 0.70021343 0.13928558
vn -0.70487558 0.70487426 -0.07938953
vn 0.00000000 0.98078408 0.19509634
vn 0.00000000 0.99518445 -0.09801996
vn -1.00000000 0.00000000 0.00000000
vn 0.00000000 0.99518445 -0.09801996
vn 0.00000000 0.95693720 -0.29029502
vn -0.15564673 0.96883088 -0.19271954
vn -1.00000000 0.00000000 0.00000000
vn 0.00000000 0.95693720 -0.29029502
vn 0.00000000 0.88192353 -0.47139250
vn -0.15564627 0.82133694 -0.54879857
vn -0.15564673 0.96883088 -0.19271954
vn -0.69291135 0.70716754 -0.14066955
vn -0.69414683 0.59852009 -0.39991734
vn -0.70361093 0.61204791 -0.36101110
vn -0.70585438 0.67488919 -0.21516083
vn 0.00000000 0.95693720 -0.29029502
vn 0.00000000 0.88192353 -0.47139250
vn -1.00000000 0.00000000 0.00000000
vn 0.00000000 0.88192353 -0.47139250
vn 0.00000000 0.77300856 -0.63439559
vn -0.15564627 0.82133694 -0.54879857
vn -1.00000000 -0.00000279 0.00000220
vn 0.00000000 0.77300856 -0.63439559
vn 0.00000000 0.63439104 -0.77301229
vn -0.15564627 0.82133694 -0.54879857
vn -0.15563435 0.54880175 -0.82133707
vn -0.69414683 0.59852009 -0.39991734
vn -0.70021425 0.39664005 -0.59361323
vn -0.70654980 0.52764247 -0.47157269
vn 0.00000000 0.77300856 -0.63439559
vn 0.00000000 0.63439104 -0.77301229
vn -1.00000000 -0.00000006 0.00000006
vn 0.00000000 0.63439104 -0.77301229
vn 0.00000000 0.47140164 -0.88191865
vn -0.15563435 0.54880175 -0.82133707
vn -1.00000000 0.00000000 0.00000000
vn 0.00000000 0.47140164 -0.88191865
vn 0.00000000 0.19509006 -0.98078533
vn -0.15563435 0.54880175 -0.82133707
vn -0.70021455 0.13928107 -0.70021452
vn -0.70021450 0.39664059 -0.59361258
vn 0.00000000 0.47140164 -0.88191865
vn 0.00000000 0.19509006 -0.98078533
vn -1.00000000 0.00000000 0.00000000
vn 0.00000000 -0.19509006 -0.98078533
vn 0.00000000 0.19509006 -0.98078533
vn -0.70021451 -0.13928107 -0.70021455
vn -0.70021457 0.13928113 -0.70021449
vn 0.00000000 -0.19509006 -0.98078533
vn 0.00000000 0.19509006 -0.98078533
vn -0.29922478 -0.09352938 -0.94958769
vn -1.00000000 0.00000000 0.00000000
vn 0.00000000 -0.55557584 -0.83146587
vn 0.00000000 -0.29027971 -0.95694184
vn 0.00000000 -0.19509006 -0.98078533
vn -0.29922478 -0.09352938 -0.94958769
vn -0.68457489 -0.44375556 -0.57830634
vn -0.70021449 -0.13928114 -0.70021456
vn -0.70021548 -0.39664313 -0.59360973
vn -0.70634801 -0.31309817 -0.63485591
vn 0.00000000 -0.29027971 -0.95694184
vn -0.29922478 -0.09352938 -0.94958769
vn -1.00000000 0.00000000 0.00000000
vn 0.00000000 -0.55557584 -0.83146587
vn 0.00000000 -0.29027971 -0.95694184
vn -1.00000000 0.00000000 0.00000000
vn 0.00000000 -0.83146587 -0.55557583
vn 0.00000000 -0.55557584 -0.83146587
vn -0.69360525 -0.59895090 -0.40021191
vn -0.70021548 -0.39664313 -0.59360973
vn -0.70406353 -0.56339109 -0.43230201
vn 0.00000000 -0.83146587 -0.55557583
vn 0.00000000 -0.55557584 -0.83146587
vn -1.00000000 -0.00000025 -0.00000004
vn 0.00000000 -0.98078747 -0.19507931
vn 0.00000000 -0.83146587 -0.55557583
vn -0.69360525 -0.59895090 -0.40021191
vn -0.70021411 -0.70021594 -0.13927609
vn -0.70634989 -0.63485219 -0.31310146
vn 0.00000000 -0.98078747 -0.19507931
vn 0.00000000 -0.83146587 -0.55557583
vn -1.00000000 0.00000005 0.00000002
vn 0.00000000 -0.98078765 0.19507842
vn 0.00000000 -0.98078747 -0.19507931
vn -0.70021556 -0.70021465 0.13927530
vn -0.70021331 -0.70021722 -0.13927369
vn 0.00000000 -0.98078765 0.19507842
vn 0.00000000 -0.98078747 -0.19507931
vn -1.00000000 0.00000007 0.00000002
vn 0.00000000 -0.98078765 0.19507842
vn 0.00000000 -0.83146587 0.55557583
vn -0.68457918 -0.57830921 0.44374520
vn -0.70021640 -0.70021438 0.13927246
vn -0.70021653 -0.59360882 0.39664264
vn -0.70635048 -0.63485167 0.31310120
vn 0.00000000 -0.98078765 0.19507842
vn 0.00000000 -0.83146587 0.55557583
vn -1.00000000 0.00000004 0.00000005
vn 0.00000000 -0.83146587 0.55557583
vn 0.00000000 -0.55557423 0.83146694
vn -0.69360428 -0.40021136 0.59895240
vn -0.70021653 -0.59360882 0.39664264
vn -0.70406368 -0.43230425 0.56338918
vn 0.00000000 -0.83146587 0.55557583
vn 0.00000000 -0.55557423 0.83146694
vn -1.00000000 0.00000017 -0.00000016
vn 0.00000000 -0.55557423 0.83146694
vn 0.00000000 -0.19509006 0.98078533
vn -0.69360428 -0.40021136 0.59895240
vn -0.70021446 -0.13928108 0.70021460
vn -0.70634764 -0.31310605 0.63485243
vn 0.00000000 -0.55557423 0.83146694
vn 0.00000000 -0.19509006 0.98078533
vn -1.00000000 0.00000000 0.00000000
vn 0.00000000 0.22252239 -0.97492758
vn 0.00000000 -0.19508957 -0.98078543
vn -0.05235612 0.19482200 -0.97944026
vn -0.70021460 -0.13928077 -0.70021452
vn -0.70021449 0.13928090 -0.70021461
vn 0.00000000 -0.44231356 -0.89686048
vn 0.00000000 -0.19508957 -0.98078543
vn -0.10657612 -0.25734808 -0.96042360
vn -0.70021457 -0.13928089 -0.70021453
vn -0.70634801 -0.31309817 -0.63485591
vn 0.00000000 0.22252239 -0.97492758
vn 0.00000000 -0.19508957 -0.98078543
vn 1.00000000 0.00000000 -0.00000004
vn -0.10657612 -0.25734808 -0.96042360
vn 0.00000000 -0.60876617 -0.79334970
vn 0.00000000 -0.44231356 -0.89686048
vn 1.00000000 -0.00000001 -0.00000003
vn -0.10657612 -0.25734808 -0.96042360
vn -0.14166652 -0.69997860 -0.69997182
vn 0.00000000 -0.60876617 -0.79334970
vn 0.00000000 -0.44231356 -0.89686048
vn -0.68457489 -0.44375556 -0.57830634
vn -0.70634801 -0.31309817 -0.63485591
vn 0.00000000 -0.79335550 -0.60875861
vn 0.00000000 -0.60876617 -0.79334970
vn -0.14166652 -0.69997860 -0.69997182
vn -0.68457489 -0.44375556 -0.57830634
vn -0.70021548 -0.39664313 -0.59360973
vn -0.70406353 -0.56339109 -0.43230201
vn 0.00000000 -0.89685761 -0.44231938
vn 0.00000000 -0.79335550 -0.60875861
vn 1.00000000 -0.00000001 -0.00000002
vn -0.10658145 -0.96041993 -0.25735957
vn -0.14166652 -0.69997860 -0.69997182
vn 0.00000000 -0.89685761 -0.44231938
vn 0.00000000 -0.79335550 -0.60875861
vn -0.69360525 -0.59895090 -0.40021191
vn -0.70406353 -0.56339109 -0.43230201
vn -0.70634989 -0.63485219 -0.31310146
vn 0.00000000 -0.98078369 -0.19509832
vn 0.00000000 -0.89685761 -0.44231938
vn -0.10658145 -0.96041993 -0.25735957
vn -0.70021758 -0.70021042 -0.13928645
vn -0.70634989 -0.63485219 -0.31310146
vn 0.00000000 -0.98078369 0.19509832
vn 0.00000000 -0.98078369 -0.19509832
vn 1.00000000 0.00000000 0.00000000
vn -0.10658145 -0.96041993 0.25735957
vn -0.10658145 -0.96041993 -0.25735957
vn 0.00000000 -0.98078369 0.19509832
vn 0.00000000 -0.98078369 -0.19509832
vn -0.70021193 -0.70021585 0.13928753
vn -0.70021621 -0.70021259 -0.13928237
vn 0.00000000 -0.98078369 0.19509832
vn 0.00000000 -0.89685761 0.44231938
vn -0.10658145 -0.96041993 0.25735957
vn -0.70021336 -0.70021538 0.13928272
vn -0.70635048 -0.63485167 0.31310120
vn 0.00000000 -0.89685761 0.44231938
vn 0.00000000 -0.70711021 0.70710335
vn 1.00000000 0.00000000 -0.00000004
vn -0.10658145 -0.96041993 0.25735957
vn 0.00000000 -0.89685761 0.44231938
vn 0.00000000 -0.70711021 0.70710335
vn -0.27300020 -0.76322150 0.58563114
vn -0.68457918 -0.57830921 0.44374520
vn -0.70635048 -0.63485167 0.31310120
vn 0.00000000 -0.70711021 0.70710335
vn 0.00000000 -0.60876189 0.79335298
vn 0.00000000 -0.44232446 0.89685510
vn 1.00000000 0.00000006 -0.00000009
vn -0.10658145 -0.25735111 0.96042220
vn -0.27300020 -0.76322150 0.58563114
vn 0.00000000 -0.60876189 0.79335298
vn -0.27300020 -0.76322150 0.58563114
vn -0.68457918 -0.57830921 0.44374520
vn -0.70021653 -0.59360882 0.39664264
vn -0.70406368 -0.43230425 0.56338918
vn 0.00000000 -0.19508957 0.98078543
vn 0.00000000 0.19508957 0.98078543
vn -0.70021441 -0.13928092 0.70021469
vn -0.70021452 0.13928079 0.70021460
vn 0.00000000 -0.19508957 0.98078543
vn 0.00000000 0.19508957 0.98078543
vn 1.00000000 0.00000002 -0.00000007
vn -0.04590996 0.22228398 0.97390046
vn -0.10658145 -0.25735111 0.96042220
vn 0.00000000 -0.44232446 0.89685510
vn 0.00000000 -0.19508957 0.98078543
vn -0.10658145 -0.25735111 0.96042220
vn -0.70021437 -0.13928082 0.70021474
vn -0.70634764 -0.31310605 0.63485243
vn 0.00000000 -0.60876189 0.79335298
vn 0.00000000 -0.44232446 0.89685510
vn -0.69360428 -0.40021136 0.59895240
vn -0.70406368 -0.43230425 0.56338918
vn -0.70634764 -0.31310605 0.63485243
vn 0.03943196 0.55513443 -0.83082542
vn -0.05235612 0.19482200 -0.97944026
vn -0.70021446 0.13928080 -0.70021466
vn -0.70021360 0.39663864 -0.59361495
vn 0.00000000 0.74561229 -0.66638001
vn 0.03943196 0.55513443 -0.83082542
vn -0.07863925 0.62154969 -0.77941764
vn -0.70021317 0.39663773 -0.59361606
vn -0.70654980 0.52764247 -0.47157269
vn 0.00000000 0.86132910 -0.50804743
vn 0.00000000 0.74561229 -0.66638001
vn -0.69414683 0.59852009 -0.39991734
vn -0.70361093 0.61204791 -0.36101110
vn -0.70654980 0.52764247 -0.47157269
vn 0.00000000 0.95275294 -0.30374633
vn 0.00000000 0.86132910 -0.50804743
vn -0.09817338 0.89661471 -0.43179168
vn -0.70361093 0.61204791 -0.36101110
vn -0.70585438 0.67488919 -0.21516083
vn 0.00000000 0.99371703 -0.11192170
vn 0.00000000 0.95275294 -0.30374633
vn -0.69291135 0.70716754 -0.14066955
vn -0.70487558 0.70487426 -0.07938953
vn -0.70585438 0.67488919 -0.21516083
vn 0.00000000 0.99371713 0.11192082
vn 0.00000000 0.99371703 -0.11192170
vn -0.10468363 0.99450557 0.00000000
vn -0.67961471 0.72896033 0.08210167
vn -0.70021474 0.70021343 0.13928558
vn -0.70487558 0.70487426 -0.07938953
vn 0.00000000 0.99371713 0.11192082
vn 0.00000000 0.95275197 0.30374938
vn -0.67961471 0.72896033 0.08210167
vn -0.70585487 0.67488803 0.21516284
vn 0.00000000 0.95275197 0.30374938
vn -0.15512756 0.85090547 0.50189175
vn -0.68695528 0.62592997 0.36919388
vn -0.70021501 0.59361313 0.39663887
vn -0.70585487 0.67488803 0.21516284
vn 0.00000000 0.19508957 0.98078543
vn 0.03943814 0.55513429 0.83082522
vn -0.04590996 0.22228398 0.97390046
vn -0.70021448 0.13928091 0.70021461
vn -0.70021485 0.39663682 0.59361469
vn 0.00000000 0.74560526 0.66638787
vn 0.03943814 0.55513429 0.83082522
vn -0.07863348 0.62154997 0.77941800
vn -0.70021456 0.39663775 0.59361441
vn -0.70655037 0.52763708 0.47157787
vn 0.00000000 0.90096774 0.43388609
vn 0.00000000 0.74560526 0.66638787
vn -0.15512756 0.85090547 0.50189175
vn -0.68695528 0.62592997 0.36919388
vn -0.70655037 0.52763708 0.47157787
vn 0.00000000 0.22252239 -0.97492758
vn 0.03943196 0.55513443 -0.83082542
vn 1.00000000 0.00000002 -0.00000004
vn -0.05235612 0.19482200 -0.97944026
vn -0.07863925 0.62154969 -0.77941764
vn 0.00000000 0.99371713 0.11192082
vn 0.00000000 0.95275197 0.30374938
vn 0.00000000 0.90096774 0.43388609
vn 1.00000000 -0.00000016 -0.00000001
vn -0.10468363 0.99450557 0.00000000
vn -0.15512756 0.85090547 0.50189175
vn 0.00000000 0.90096774 0.43388609
vn 0.00000000 0.74560526 0.66638787
vn 1.00000000 -0.00000005 -0.00000003
vn -0.07863348 0.62154997 0.77941800
vn 0.03943814 0.55513429 0.83082522
vn 1.00000000 -0.00000002 -0.00000004
vn -0.04590996 0.22228398 0.97390046
vn -0.07863348 0.62154997 0.77941800
vn 0.00000000 0.99371703 -0.11192170
vn 0.00000000 0.95275294 -0.30374633
vn 1.00000000 0.00000000 -0.00000003
vn -0.09817338 0.89661471 -0.43179168
vn -0.10468363 0.99450557 0.00000000
vn 0.00000000 0.86132910 -0.50804743
vn 0.00000000 0.74561229 -0.66638001
vn 1.00000000 0.00000005 -0.00000003
vn -0.07863925 0.62154969 -0.77941764
vn -0.09817338 0.89661471 -0.43179168
vn 0.00000018 -0.19508655 0.98078603
vn 0.00000000 0.19508810 0.98078572
vn -0.70021484 -0.13927841 0.70021476
vn -0.70021487 0.13927987 0.70021443
vn 0.00000000 -0.19508660 0.98078602
vn 0.00000018 0.19508816 0.98078571
vn -1.00000000 -0.00000001 0.00000003
vn 0.00000077 0.55557153 0.83146874
vn 0.00000074 0.19508833 0.98078568
vn -0.70021493 0.13927966 0.70021441
vn -0.70021651 0.39664108 0.59360989
vn 0.00000077 0.55557153 0.83146874
vn 0.00000091 0.19508838 0.98078567
vn -1.00000000 0.00000000 0.00000000
vn 0.00000052 0.83147053 0.55556885
vn 0.00000077 0.55557153 0.83146874
vn -0.68696906 0.62590141 0.36921664
vn -0.70021656 0.59361213 0.39663764
vn -0.70021710 0.39663918 0.59361046
vn -0.70655348 0.52765453 0.47155370
vn 0.00000042 0.83147052 0.55556888
vn 0.00000077 0.55557153 0.83146874
vn -1.00000000 0.00000002 0.00000004
vn 0.00000000 0.98078747 0.19507931
vn 0.00000010 0.83147046 0.55556896
vn -0.67963474 0.72893665 0.08214615
vn -0.70021331 0.70021722 0.13927369
vn -0.70021656 0.59361213 0.39663764
vn -0.70585450 0.67490638 0.21510651
vn 0.00000000 0.98078747 0.19507931
vn 0.00000000 0.83147045 0.55556899
vn -1.00000000 0.00000022 0.00000028
vn 0.00000000 0.98078747 0.19507931
vn 0.00000000 0.98078756 -0.19507886
vn -0.69291704 0.70716482 -0.14065524
vn -0.70021331 0.70021722 0.13927369
vn -0.70487043 0.70487437 -0.07943418
vn 0.00000000 0.98078747 0.19507931
vn 0.00000000 0.98078756 -0.19507886
vn -1.00000000 0.00000000 0.00000000
vn 0.00000000 0.98078756 -0.19507886
vn 0.00000000 0.83147089 -0.55556831
vn -0.69291704 0.70716482 -0.14065524
vn -0.69415361 0.59851517 -0.39991293
vn -0.70361145 0.61203343 -0.36103464
vn -0.70585460 0.67490628 -0.21510648
vn 0.00000000 0.98078756 -0.19507886
vn -0.00000005 0.83147090 -0.55556830
vn -1.00000000 -0.00000022 0.00000028
vn -0.00000021 0.83147093 -0.55556826
vn -0.00000039 0.55556912 -0.83147036
vn -0.69415361 0.59851517 -0.39991293
vn -0.70021541 0.39664027 -0.59361171
vn -0.70655378 0.52765430 -0.47155350
vn -0.00000026 0.83147094 -0.55556825
vn -0.00000039 0.55556912 -0.83147036
vn -1.00000000 -0.00000002 0.00000004
vn -0.00000039 0.55556912 -0.83147036
vn -0.00000046 0.19509006 -0.98078533
vn -0.70021431 0.13928141 -0.70021469
vn -0.70021471 0.39663875 -0.59361356
vn -0.00000039 0.55556912 -0.83147036
vn -0.00000037 0.19509004 -0.98078534
vn -1.00000000 0.00000000 0.00000000
vn 0.00000000 -0.19508828 -0.98078569
vn -0.00000009 0.19508995 -0.98078535
vn -0.70021475 -0.13928029 -0.70021447
vn -0.70021424 0.13928119 -0.70021481
vn -0.00000009 -0.19508825 -0.98078569
vn 0.00000000 0.19508992 -0.98078536
vn -1.00000000 0.00000001 0.00000003
vn -0.00000039 -0.55557342 -0.83146748
vn -0.00000037 -0.19508817 -0.98078571
vn -0.68457207 -0.44375561 -0.57830964
vn -0.70021489 -0.13927979 -0.70021443
vn -0.70021310 -0.39664270 -0.59361282
vn -0.70635070 -0.31305515 -0.63487413
vn -0.00000039 -0.55557342 -0.83146748
vn -0.00000046 -0.19508814 -0.98078571
vn -1.00000000 0.00000002 0.00000004
vn -0.00000026 -0.83146659 -0.55557475
vn -0.00000039 -0.55557342 -0.83146748
vn -0.69360097 -0.59895485 -0.40021342
vn -0.70021310 -0.39664270 -0.59361282
vn -0.70405991 -0.56339394 -0.43230420
vn -0.00000021 -0.83146660 -0.55557474
vn -0.00000039 -0.55557342 -0.83146748
vn -1.00000000 -0.00000007 0.00000007
vn 0.00000000 -0.98078400 -0.19509678
vn -0.00000005 -0.83146663 -0.55557470
vn -0.69360097 -0.59895485 -0.40021342
vn -0.70021667 -0.70021194 -0.13928332
vn -0.70634880 -0.63486840 -0.31307106
vn 0.00000000 -0.98078400 -0.19509678
vn 0.00000000 -0.83146664 -0.55557469
vn -1.00000000 0.00000017 0.00000006
vn 0.00000000 -0.98078391 0.19509723
vn 0.00000000 -0.98078400 -0.19509678
vn -0.70021553 -0.70021298 0.13928386
vn -0.70021736 -0.70021084 -0.13928539
vn 0.00000000 -0.98078391 0.19509723
vn 0.00000000 -0.98078400 -0.19509678
vn -1.00000000 0.00000001 0.00000003
vn 0.00000000 -0.98078391 0.19509723
vn 0.00000000 -0.83146623 0.55557529
vn -0.68457278 -0.57831123 0.44375245
vn -0.70021484 -0.70021321 0.13928619
vn -0.70021197 -0.59361279 0.39664473
vn -0.70634865 -0.63486853 0.31307112
vn 0.00000000 -0.98078391 0.19509723
vn 0.00000010 -0.83146621 0.55557532
vn -1.00000000 -0.00000008 0.00000006
vn 0.00000042 -0.83146616 0.55557540
vn 0.00000077 -0.55557584 0.83146587
vn -0.69360094 -0.40021430 0.59895429
vn -0.70021197 -0.59361279 0.39664473
vn -0.70406068 -0.43230910 0.56338921
vn 0.00000052 -0.83146614 0.55557543
vn 0.00000077 -0.55557584 0.83146587
vn -1.00000000 0.00000007 0.00000005
vn 0.00000077 -0.55557584 0.83146587
vn 0.00000091 -0.19508632 0.98078608
vn -0.69360094 -0.40021430 0.59895429
vn -0.70021498 -0.13927882 0.70021454
vn -0.70635136 -0.31305100 0.63487545
vn 0.00000077 -0.55557584 0.83146587
vn 0.00000074 -0.19508638 0.98078607
vn -1.00000000 0.00000000 0.00000003
vn 0.00000000 0.22252206 -0.97492765
vn 0.00000000 -0.19509176 -0.98078499
vn -0.05235049 0.19482424 -0.97944012
vn -0.70021411 -0.13928243 -0.70021468
vn -0.70021449 0.13928197 -0.70021439
vn 0.00000000 -0.44225446 -0.89688962
vn 0.00000000 -0.19509176 -0.98078499
vn -0.10656080 -0.25734146 -0.96042708
vn -0.70021436 -0.13928159 -0.70021460
vn -0.70635070 -0.31305515 -0.63487413
vn 0.00000000 0.22252206 -0.97492765
vn 0.00000000 -0.19509176 -0.98078499
vn 1.00000000 0.00000000 -0.00000007
vn -0.10656080 -0.25734146 -0.96042708
vn 0.00000000 -0.60876403 -0.79335134
vn 0.00000000 -0.44225446 -0.89688962
vn 1.00000000 -0.00000003 -0.00000005
vn -0.10656080 -0.25734146 -0.96042708
vn -0.14166780 -0.69997763 -0.69997254
vn 0.00000000 -0.60876403 -0.79335134
vn 0.00000000 -0.44225446 -0.89688962
vn -0.68457207 -0.44375561 -0.57830964
vn -0.70635070 -0.31305515 -0.63487413
vn 0.00000000 -0.79335550 -0.60875861
vn 0.00000000 -0.60876403 -0.79335134
vn -0.14166780 -0.69997763 -0.69997254
vn -0.68457207 -0.44375561 -0.57830964
vn -0.70021310 -0.39664270 -0.59361282
vn -0.70405991 -0.56339394 -0.43230420
vn 0.00000000 -0.89687912 -0.44227575
vn 0.00000000 -0.79335550 -0.60875861
vn 1.00000000 -0.00000002 -0.00000003
vn -0.10656742 -0.96042831 -0.25733410
vn -0.14166780 -0.69997763 -0.69997254
vn 0.00000000 -0.89687912 -0.44227575
vn 0.00000000 -0.79335550 -0.60875861
vn -0.69360097 -0.59895485 -0.40021342
vn -0.70405991 -0.56339394 -0.43230420
vn -0.70634880 -0.63486840 -0.31307106
vn 0.00000000 -0.98078726 -0.19508039
vn 0.00000000 -0.89687912 -0.44227575
vn -0.10656742 -0.96042831 -0.25733410
vn -0.70021368 -0.70021671 -0.13927439
vn -0.70634880 -0.63486840 -0.31307106
vn 0.00000000 -0.98078717 0.19508082
vn 0.00000000 -0.98078726 -0.19508039
vn 1.00000000 0.00000001 -0.00000002
vn -0.10656718 -0.96042822 0.25733453
vn -0.10656742 -0.96042831 -0.25733410
vn 0.00000000 -0.98078717 0.19508082
vn 0.00000000 -0.98078726 -0.19508039
vn -0.70021852 -0.70021200 0.13927378
vn -0.70021486 -0.70021483 -0.13927791
vn 0.00000000 -0.98078717 0.19508082
vn 0.00000000 -0.89687912 0.44227575
vn -0.10656718 -0.96042822 0.25733453
vn -0.70021734 -0.70021238 0.13927774
vn -0.70634865 -0.63486853 0.31307112
vn 0.00000000 -0.89687912 0.44227575
vn 0.00000000 -0.70710935 0.70710421
vn 1.00000000 0.00000006 -0.00000003
vn -0.10656718 -0.96042822 0.25733453
vn 0.00000000 -0.89687912 0.44227575
vn 0.00000000 -0.70710935 0.70710421
vn -0.27299031 -0.76322010 0.58563758
vn -0.68457278 -0.57831123 0.44375245
vn -0.70634865 -0.63486853 0.31307112
vn 0.00000000 -0.70710935 0.70710421
vn 0.00000000 -0.60876617 0.79334970
vn 0.00000000 -0.44224900 0.89689231
vn 1.00000000 0.00000004 -0.00000006
vn -0.10655901 -0.25733833 0.96042811
vn -0.27299031 -0.76322010 0.58563758
vn 0.00000000 -0.60876617 0.79334970
vn -0.27299031 -0.76322010 0.58563758
vn -0.68457278 -0.57831123 0.44375245
vn -0.70021197 -0.59361279 0.39664473
vn -0.70406068 -0.43230910 0.56338921
vn 0.00000000 -0.19508957 0.98078543
vn 0.00000000 0.19508957 0.98078543
vn -0.70021533 -0.13927989 0.70021397
vn -0.70021460 0.13928077 0.70021452
vn 0.00000000 -0.19508957 0.98078543
vn 0.00000000 0.19508957 0.98078543
vn 1.00000000 0.00000000 -0.00000006
vn -0.04590941 0.22228365 0.97390056
vn -0.10655901 -0.25733833 0.96042811
vn 0.00000000 -0.44224900 0.89689231
vn 0.00000000 -0.19508957 0.98078543
vn -0.10655901 -0.25733833 0.96042811
vn -0.70021557 -0.13928059 0.70021359
vn -0.70635136 -0.31305100 0.63487545
vn 0.00000000 -0.60876617 0.79334970
vn 0.00000000 -0.44224900 0.89689231
vn -0.69360094 -0.40021430 0.59895429
vn -0.70406068 -0.43230910 0.56338921
vn -0.70635136 -0.31305100 0.63487545
vn 0.03942939 0.55515128 -0.83081429
vn -0.05235049 0.19482424 -0.97944012
vn -0.70021462 0.13928233 -0.70021420
vn -0.70021727 0.39664426 -0.59360687
vn 0.00000000 0.74563319 -0.66635662
vn 0.03942939 0.55515128 -0.83081429
vn -0.07863986 0.62156515 -0.77940524
vn -0.70021847 0.39664684 -0.59360372
vn -0.70655378 0.52765430 -0.47155350
vn 0.00000000 0.86130934 -0.50808092
vn 0.00000000 0.74563319 -0.66635662
vn -0.69415361 0.59851517 -0.39991293
vn -0.70361145 0.61203343 -0.36103464
vn -0.70655378 0.52765430 -0.47155350
vn 0.00000000 0.95277737 -0.30366969
vn 0.00000000 0.86130934 -0.50808092
vn -0.09822452 0.89661128 -0.43178716
vn -0.70361145 0.61203343 -0.36103464
vn -0.70585460 0.67490628 -0.21510648
vn 0.00000000 0.99371003 -0.11198384
vn 0.00000000 0.95277737 -0.30366969
vn -0.69291704 0.70716482 -0.14065524
vn -0.70487043 0.70487437 -0.07943418
vn -0.70585460 0.67490628 -0.21510648
vn 0.00000000 0.99370998 0.11198428
vn 0.00000000 0.99371003 -0.11198384
vn -0.10474225 0.99449940 0.00000000
vn -0.67963474 0.72893665 0.08214615
vn -0.70021331 0.70021722 0.13927369
vn -0.70487043 0.70487437 -0.07943418
vn 0.00000000 0.99370998 0.11198428
vn 0.00000000 0.95277737 0.30366969
vn -0.67963474 0.72893665 0.08214615
vn -0.70585450 0.67490638 0.21510651
vn 0.00000000 0.95277737 0.30366969
vn -0.15521186 0.85087050 0.50192496
vn -0.68696906 0.62590141 0.36921664
vn -0.70021656 0.59361213 0.39663764
vn -0.70585450 0.67490638 0.21510651
vn 0.00000000 0.19508957 0.98078543
vn 0.03943248 0.55515121 0.83081419
vn -0.04590941 0.22228365 0.97390056
vn -0.70021471 0.13928042 0.70021449
vn -0.70021398 0.39664929 0.59360739
vn 0.00000000 0.74563319 0.66635662
vn 0.03943248 0.55515121 0.83081419
vn -0.07863914 0.62156640 0.77940432
vn -0.70021497 0.39664606 0.59360837
vn -0.70655348 0.52765453 0.47155370
vn 0.00000000 0.90096774 0.43388609
vn 0.00000000 0.74563319 0.66635662
vn -0.15521186 0.85087050 0.50192496
vn -0.68696906 0.62590141 0.36921664
vn -0.70655348 0.52765453 0.47155370
vn 0.00000000 0.22252206 -0.97492765
vn 0.03942939 0.55515128 -0.83081429
vn 1.00000000 0.00000001 -0.00000005
vn -0.05235049 0.19482424 -0.97944012
vn -0.07863986 0.62156515 -0.77940524
vn 0.00000000 0.99370998 0.11198428
vn 0.00000000 0.95277737 0.30366969
vn 0.00000000 0.90096774 0.43388609
vn 1.00000000 -0.00000000 -0.00000003
vn -0.10474225 0.99449940 0.00000000
vn -0.15521186 0.85087050 0.50192496
vn 0.00000000 0.90096774 0.43388609
vn 0.00000000 0.74563319 0.66635662
vn 1.00000000 -0.00000003 -0.00000002
vn -0.07863914 0.62156640 0.77940432
vn 0.03943248 0.55515121 0.83081419
vn 1.00000000 -0.00000002 -0.00000004
vn -0.04590941 0.22228365 0.97390056
vn -0.07863914 0.62156640 0.77940432
vn 0.00000000 0.99371003 -0.11198384
vn 0.00000000 0.95277737 -0.30366969
vn 1.00000000 0.00000005 -0.00000001
vn -0.09822452 0.89661128 -0.43178716
vn -0.10474225 0.99449940 0.00000000
vn 0.00000000 0.86130934 -0.50808092
vn 0.00000000 0.74563319 -0.66635662
vn 1.00000000 0.00000003 -0.00000002
vn -0.07863986 0.62156515 -0.77940524
vn -0.09822452 0.89661128 -0.43178716
vn 0.00000000 -0.19509006 0.98078533
vn 0.00000000 0.19509363 0.98078462
vn -0.70021448 -0.13928115 0.70021457
vn -0.70021378 0.13928328 0.70021484
vn 0.00000000 -0.19509006 0.98078533
vn 0.00000000 0.19509363 0.98078462
vn -1.00000000 0.00000000 0.00000000
vn 0.00000000 0.55556992 0.83146982
vn 0.00000000 0.19509363 0.98078462
vn -0.70021040 0.39665124 0.59361030
vn -0.70021361 0.13928386 0.70021490
vn -0.70021395 0.39663974 0.59361380
vn 0.00000000 0.55556992 0.83146982
vn 0.00000000 0.19509363 0.98078462
vn -1.00000000 0.00000000 0.00000000
vn 0.00000000 0.83146587 0.55557583
vn 0.00000000 0.55556992 0.83146982
vn -0.68696387 0.62590683 0.36921711
vn -0.70021446 0.59361051 0.39664376
vn -0.70021395 0.39663974 0.59361380
vn -0.70654943 0.52766002 0.47155360
vn 0.00000000 0.83146587 0.55557583
vn 0.00000000 0.55556992 0.83146982
vn -1.00000000 -0.00000017 -0.00000016
vn 0.00000000 0.98078587 0.19508738
vn 0.00000000 0.83146587 0.55557583
vn -0.67962323 0.72894990 0.08212374
vn -0.70021273 0.70021664 0.13927956
vn -0.70021446 0.59361051 0.39664376
vn -0.70585367 0.67489782 0.21513606
vn 0.00000000 0.98078587 0.19508738
vn 0.00000000 0.83146587 0.55557583
vn -1.00000000 -0.00000004 0.00000005
vn 0.00000000 0.98078587 0.19508738
vn 0.00000000 0.98078569 -0.19508827
vn -0.69291282 0.70716744 -0.14066281
vn -0.70021273 0.70021664 0.13927956
vn -0.70487168 0.70487561 -0.07941216
vn 0.00000000 0.98078587 0.19508738
vn 0.00000000 0.98078569 -0.19508827
vn -1.00000000 0.00000000 0.00000000
vn 0.00000000 0.98078569 -0.19508827
vn 0.00000000 0.83146587 -0.55557583
vn -0.69291282 0.70716744 -0.14066281
vn -0.69415004 0.59851442 -0.39992025
vn -0.70360874 0.61203400 -0.36103896
vn -0.70585318 0.67489898 -0.21513405
vn 0.00000000 0.98078569 -0.19508827
vn 0.00000000 0.83146587 -0.55557583
vn -1.00000000 -0.00000003 0.00000013
vn 0.00000000 0.83146587 -0.55557583
vn 0.00000000 0.55557153 -0.83146874
vn -0.69415004 0.59851442 -0.39992025
vn -0.70021208 0.39664349 -0.59361350
vn -0.70654887 0.52766541 -0.47154842
vn 0.00000000 0.83146587 -0.55557583
vn 0.00000000 0.55557153 -0.83146874
vn -1.00000000 -0.00000000 0.00000005
vn 0.00000000 0.55557153 -0.83146874
vn 0.00000000 0.19509363 -0.98078462
vn -0.70021414 0.13928321 -0.70021450
vn -0.70021149 0.39664223 -0.59361504
vn 0.00000000 0.55557153 -0.83146874
vn 0.00000000 0.19509363 -0.98078462
vn -1.00000000 0.00000000 0.00000000
vn 0.00000000 0.19509363 -0.98078462
vn 0.00000000 -0.09801680 -0.99518476
vn -0.15564528 -0.19271250 -0.96883251
vn -0.70021413 -0.13928068 -0.70021501
vn -0.70021431 0.13928372 -0.70021423
vn 0.00000000 0.19509363 -0.98078462
vn 0.00000000 -0.09801680 -0.99518476
vn -1.00000000 0.00000000 0.00000000
vn 0.00000000 -0.09801680 -0.99518476
vn -0.07862371 -0.24223655 -0.96702625
vn -0.15564528 -0.19271250 -0.96883251
vn -1.00000000 0.00000000 0.00000000
vn 0.00000000 -0.55557153 -0.83146874
vn 0.00000000 -0.33689002 -0.94154400
vn -0.07862371 -0.24223655 -0.96702625
vn -0.15564528 -0.19271250 -0.96883251
vn -0.68456962 -0.44375857 -0.57831027
vn -0.70021396 -0.13928125 -0.70021507
vn -0.70021210 -0.39664190 -0.59361454
vn -0.70634795 -0.31306773 -0.63487098
vn 0.00000000 -0.33689002 -0.94154400
vn -0.07862371 -0.24223655 -0.96702625
vn -1.00000000 0.00000000 0.00000000
vn 0.00000000 -0.55557153 -0.83146874
vn 0.00000000 -0.33689002 -0.94154400
vn -0.29924823 -0.44979244 -0.84150892
vn -1.00000000 0.00000000 0.00000000
vn 0.00000000 -0.77300856 -0.63439559
vn 0.00000000 -0.63440014 -0.77300483
vn 0.00000000 -0.55557153 -0.83146874
vn -0.15563433 -0.82133425 -0.54880597
vn -0.29924823 -0.44979244 -0.84150892
vn -0.69360062 -0.59895461 -0.40021439
vn -0.70021210 -0.39664190 -0.59361454
vn -0.70405930 -0.56339442 -0.43230456
vn 0.00000000 -0.63440014 -0.77300483
vn -0.29924823 -0.44979244 -0.84150892
vn -1.00000000 0.00000000 0.00000000
vn 0.00000000 -0.77300856 -0.63439559
vn 0.00000000 -0.63440014 -0.77300483
vn -1.00000000 0.00000006 0.00000006
vn 0.00000000 -0.88191582 -0.47140692
vn 0.00000000 -0.77300856 -0.63439559
vn -0.15563433 -0.82133425 -0.54880597
vn -1.00000000 0.00000279 0.00000220
vn 0.00000000 -0.98078569 -0.19508827
vn 0.00000000 -0.88191582 -0.47140692
vn -0.15563433 -0.82133425 -0.54880597
vn -0.69360062 -0.59895461 -0.40021439
vn -0.70021427 -0.70021569 -0.13927656
vn -0.70634515 -0.63485643 -0.31310355
vn 0.00000000 -0.98078569 -0.19508827
vn 0.00000000 -0.88191582 -0.47140692
vn -1.00000000 0.00000000 0.00000000
vn 0.00000000 -0.98078587 0.19508738
vn 0.00000000 -0.98078569 -0.19508827
vn -0.70021274 -0.70021726 0.13927633
vn -0.70021532 -0.70021402 -0.13927970
vn 0.00000000 -0.98078587 0.19508738
vn 0.00000000 -0.98078569 -0.19508827
vn -1.00000000 0.00000000 0.00000000
vn 0.00000000 -0.98078587 0.19508738
vn 0.00000000 -0.83146587 0.55557583
vn -0.68457460 -0.57831262 0.44374782
vn -0.70021173 -0.70021760 0.13927976
vn -0.70021202 -0.59361250 0.39664509
vn -0.70634574 -0.63485591 0.31310330
vn 0.00000000 -0.98078587 0.19508738
vn 0.00000000 -0.83146587 0.55557583
vn -1.00000000 0.00000005 0.00000002
vn 0.00000000 -0.83146587 0.55557583
vn 0.00000000 -0.55556992 0.83146982
vn -0.69360028 -0.40021040 0.59895767
vn -0.70021202 -0.59361250 0.39664509
vn -0.70406043 -0.43230621 0.56339174
vn 0.00000000 -0.83146587 0.55557583
vn 0.00000000 -0.55556992 0.83146982
vn -1.00000000 0.00000024 -0.00000029
vn 0.00000000 -0.55556992 0.83146982
vn 0.00000000 -0.19509006 0.98078533
vn -0.69360028 -0.40021040 0.59895767
vn -0.70021432 -0.13928064 0.70021483
vn -0.70634759 -0.31307561 0.63486750
vn 0.00000000 -0.55556992 0.83146982
vn 0.00000000 -0.19509006 0.98078533
vn -1.00000000 0.00000004 -0.00000000
vn 0.00000000 0.22252585 -0.97492679
vn 0.00000000 -0.19508609 -0.98078612
vn -0.05236191 0.19482194 -0.97943996
vn -0.70021485 -0.13927824 -0.70021477
vn -0.70021369 0.13928187 -0.70021522
vn 0.00000000 -0.44227052 -0.89688170
vn 0.00000000 -0.19508609 -0.98078612
vn -0.10656660 -0.25733812 -0.96042733
vn -0.70021457 -0.13927920 -0.70021487
vn -0.70634795 -0.31306773 -0.63487098
vn 0.00000000 0.22252585 -0.97492679
vn 0.00000000 -0.19508609 -0.98078612
vn 1.00000000 0.00000000 -0.00000005
vn -0.10656660 -0.25733812 -0.96042733
vn 0.00000000 -0.60876617 -0.79334970
vn 0.00000000 -0.44227052 -0.89688170
vn 1.00000000 -0.00000002 -0.00000004
vn -0.10656660 -0.25733812 -0.96042733
vn -0.14166652 -0.69997860 -0.69997182
vn 0.00000000 -0.60876617 -0.79334970
vn 0.00000000 -0.44227052 -0.89688170
vn -0.68456962 -0.44375857 -0.57831027
vn -0.70634795 -0.31306773 -0.63487098
vn 0.00000000 -0.79335550 -0.60875861
vn 0.00000000 -0.60876617 -0.79334970
vn -0.14166652 -0.69997860 -0.69997182
vn -0.68456962 -0.44375857 -0.57831027
vn -0.70021210 -0.39664190 -0.59361454
vn -0.70405930 -0.56339442 -0.43230456
vn 0.00000000 -0.89685761 -0.44231938
vn 0.00000000 -0.79335550 -0.60875861
vn 1.00000000 -0.00000008 -0.00000003
vn -0.10659548 -0.96042529 -0.25733375
vn -0.14166652 -0.69997860 -0.69997182
vn 0.00000000 -0.89685761 -0.44231938
vn 0.00000000 -0.79335550 -0.60875861
vn -0.69360062 -0.59895461 -0.40021439
vn -0.70405930 -0.56339442 -0.43230456
vn -0.70634515 -0.63485643 -0.31310355
vn 0.00000000 -0.98079065 -0.19506333
vn 0.00000000 -0.89685761 -0.44231938
vn -0.10659548 -0.96042529 -0.25733375
vn -0.70020972 -0.70022294 -0.13926297
vn -0.70634515 -0.63485643 -0.31310355
vn 0.00000000 -0.98079065 0.19506333
vn 0.00000000 -0.98079065 -0.19506333
vn 1.00000000 0.00000001 -0.00000003
vn -0.10659548 -0.96042529 0.25733375
vn -0.10659548 -0.96042529 -0.25733375
vn 0.00000000 -0.98079065 0.19506333
vn 0.00000000 -0.98079065 -0.19506333
vn -0.70021713 -0.70021582 0.13926155
vn -0.70021151 -0.70022009 -0.13926832
vn 0.00000000 -0.98079065 0.19506333
vn 0.00000000 -0.89685761 0.44231938
vn -0.10659548 -0.96042529 0.25733375
vn -0.70021540 -0.70021639 0.13926737
vn -0.70634574 -0.63485591 0.31310330
vn 0.00000000 -0.89685761 0.44231938
vn 0.00000000 -0.70711021 0.70710335
vn 1.00000000 0.00000007 -0.00000003
vn -0.10659548 -0.96042529 0.25733375
vn 0.00000000 -0.89685761 0.44231938
vn 0.00000000 -0.70711021 0.70710335
vn -0.27300020 -0.76322150 0.58563114
vn -0.68457460 -0.57831262 0.44374782
vn -0.70634574 -0.63485591 0.31310330
vn 0.00000000 -0.70711021 0.70710335
vn 0.00000000 -0.60876189 0.79335298
vn 0.00000000 -0.44228143 0.89687632
vn 1.00000000 0.00000002 -0.00000006
vn -0.10657192 -0.25734116 0.96042592
vn -0.27300020 -0.76322150 0.58563114
vn 0.00000000 -0.60876189 0.79335298
vn -0.27300020 -0.76322150 0.58563114
vn -0.68457460 -0.57831262 0.44374782
vn -0.70021202 -0.59361250 0.39664509
vn -0.70406043 -0.43230621 0.56339174
vn 0.00000000 -0.19508609 0.98078612
vn 0.00000000 0.19508957 0.98078543
vn -0.70021388 -0.13927933 0.70021553
vn -0.70021452 0.13928079 0.70021460
vn 0.00000000 -0.19508609 0.98078612
vn 0.00000000 0.19508957 0.98078543
vn 1.00000000 0.00000001 -0.00000010
vn -0.04591575 0.22228737 0.97389941
vn -0.10657192 -0.25734116 0.96042592
vn 0.00000000 -0.44228143 0.89687632
vn 0.00000000 -0.19508609 0.98078612
vn -0.10657192 -0.25734116 0.96042592
vn -0.70021359 -0.13927848 0.70021599
vn -0.70634759 -0.31307561 0.63486750
vn 0.00000000 -0.60876189 0.79335298
vn 0.00000000 -0.44228143 0.89687632
vn -0.69360028 -0.40021040 0.59895767
vn -0.70406043 -0.43230621 0.56339174
vn -0.70634759 -0.31307561 0.63486750
vn 0.03942012 0.55515148 -0.83081459
vn -0.05236191 0.19482194 -0.97943996
vn -0.70021340 0.13928100 -0.70021568
vn -0.70021361 0.39664680 -0.59360948
vn 0.00000000 0.74564373 -0.66634483
vn 0.03942012 0.55515148 -0.83081459
vn -0.07864852 0.62156473 -0.77940471
vn -0.70021461 0.39664894 -0.59360687
vn -0.70654887 0.52766541 -0.47154842
vn 0.00000000 0.86130688 -0.50808509
vn 0.00000000 0.74564373 -0.66634483
vn -0.69415004 0.59851442 -0.39992025
vn -0.70360874 0.61203400 -0.36103896
vn -0.70654887 0.52766541 -0.47154842
vn 0.00000000 0.95276516 -0.30370801
vn 0.00000000 0.86130688 -0.50808509
vn -0.09820974 0.89660527 -0.43180300
vn -0.70360874 0.61203400 -0.36103896
vn -0.70585318 0.67489898 -0.21513405
vn 0.00000000 0.99371350 -0.11195299
vn 0.00000000 0.95276516 -0.30370801
vn -0.69291282 0.70716744 -0.14066281
vn -0.70487168 0.70487561 -0.07941216
vn -0.70585318 0.67489898 -0.21513405
vn 0.00000000 0.99371360 0.11195211
vn 0.00000000 0.99371350 -0.11195299
vn -0.10471294 0.99450249 0.00000000
vn -0.67962323 0.72894990 0.08212374
vn -0.70021273 0.70021664 0.13927956
vn -0.70487168 0.70487561 -0.07941216
vn 0.00000000 0.99371360 0.11195211
vn 0.00000000 0.95276418 0.30371106
vn -0.67962323 0.72894990 0.08212374
vn -0.70585367 0.67489782 0.21513606
vn 0.00000000 0.95276418 0.30371106
vn -0.15518132 0.85087625 0.50192466
vn -0.68696387 0.62590683 0.36921711
vn -0.70021446 0.59361051 0.39664376
vn -0.70585367 0.67489782 0.21513606
vn 0.00000000 0.19508957 0.98078543
vn 0.03942630 0.55515134 0.83081439
vn -0.04591575 0.22228737 0.97389941
vn -0.70021040 0.39665124 0.59361030
vn -0.70021423 0.13928177 0.70021470
vn 0.00000000 0.74563670 0.66635269
vn 0.03942630 0.55515134 0.83081439
vn -0.07864275 0.62156501 0.77940507
vn -0.70021040 0.39665124 0.59361030
vn -0.70021395 0.39663974 0.59361380
vn -0.70654943 0.52766002 0.47155360
vn 0.00000000 0.90096150 0.43389903
vn 0.00000000 0.74563670 0.66635269
vn -0.15518132 0.85087625 0.50192466
vn -0.68696387 0.62590683 0.36921711
vn -0.70654943 0.52766002 0.47155360
vn 0.00000000 0.22252585 -0.97492679
vn 0.03942012 0.55515148 -0.83081459
vn 1.00000000 0.00000001 -0.00000004
vn -0.05236191 0.19482194 -0.97943996
vn -0.07864852 0.62156473 -0.77940471
vn 0.00000000 0.99371360 0.11195211
vn 0.00000000 0.95276418 0.30371106
vn 0.00000000 0.90096150 0.43389903
vn 1.00000000 0.00000000 0.00000000
vn -0.10471294 0.99450249 0.00000000
vn -0.15518132 0.85087625 0.50192466
vn 0.00000000 0.90096150 0.43389903
vn 0.00000000 0.74563670 0.66635269
vn 1.00000000 0.00000000 0.00000000
vn -0.07864275 0.62156501 0.77940507
vn 0.03942630 0.55515134 0.83081439
vn 1.00000000 -0.00000000 -0.00000007
vn -0.04591575 0.22228737 0.97389941
vn -0.07864275 0.62156501 0.77940507
vn 0.00000000 0.99371350 -0.11195299
vn 0.00000000 0.95276516 -0.30370801
vn 1.00000000 0.00000001 -0.00000001
vn -0.09820974 0.89660527 -0.43180300
vn -0.10471294 0.99450249 0.00000000
vn 0.00000000 0.86130688 -0.50808509
vn 0.00000000 0.74564373 -0.66634483
vn 1.00000000 0.00000003 -0.00000002
vn -0.07864852 0.62156473 -0.77940471
vn -0.09820974 0.89660527 -0.43180300
vn 0.00000000 -0.19509006 0.98078533
vn 0.00000000 0.19509363 0.98078462
vn -0.70021448 -0.13928115 0.70021457
vn -0.70021378 0.13928328 0.70021484
vn 0.00000000 -0.19509006 0.98078533
vn 0.00000000 0.19509363 0.98078462
vn -1.00000000 0.00000000 0.00000000
vn 0.00000000 0.55556992 0.83146982
vn 0.00000000 0.19509363 0.98078462
vn -0.70021040 0.39665124 0.59361030
vn -0.70021361 0.13928386 0.70021490
vn -0.70021395 0.39663974 0.59361380
vn 0.00000000 0.55556992 0.83146982
vn 0.00000000 0.19509363 0.98078462
vn -1.00000000 0.00000000 0.00000000
vn 0.00000000 0.83146587 0.55557583
vn 0.00000000 0.55556992 0.83146982
vn -0.68696432 0.62590528 0.36921892
vn -0.70021408 0.59361082 0.39664397
vn -0.70021395 0.39663974 0.59361380
vn -0.70654943 0.52766002 0.47155360
vn 0.00000000 0.83146587 0.55557583
vn 0.00000000 0.55556992 0.83146982
vn -1.00000000 -0.00000009 0.00000004
vn 0.00000000 0.98078582 0.19508760
vn 0.00000000 0.83146587 0.55557583
vn -0.67962330 0.72894979 0.08212406
vn -0.70021271 0.70021662 0.13927973
vn -0.70021408 0.59361082 0.39664397
vn -0.70585338 0.67489879 0.21513399
vn 0.00000000 0.98078582 0.19508760
vn 0.00000000 0.83146587 0.55557583
vn -1.00000000 0.00000005 0.00000003
vn 0.00000000 0.98078582 0.19508760
vn 0.00000000 0.98078573 -0.19508805
vn -0.69291286 0.70716744 -0.14066264
vn -0.70021271 0.70021662 0.13927973
vn -0.70487168 0.70487561 -0.07941216
vn 0.00000000 0.98078582 0.19508760
vn 0.00000000 0.98078573 -0.19508805
vn -1.00000000 0.00000001 0.00000002
vn 0.00000000 0.98078573 -0.19508805
vn 0.00000000 0.83146659 -0.55557475
vn -0.69291286 0.70716744 -0.14066264
vn -0.69415008 0.59851490 -0.39991946
vn -0.70360907 0.61203488 -0.36103682
vn -0.70585328 0.67489889 -0.21513402
vn 0.00000000 0.98078573 -0.19508805
vn 0.00000000 0.83146659 -0.55557475
vn -1.00000000 0.00000004 0.00000005
vn 0.00000000 0.83146659 -0.55557475
vn 0.00000000 0.55556992 -0.83146982
vn -0.69415008 0.59851490 -0.39991946
vn -0.70021559 0.39664953 -0.59360532
vn -0.70021163 0.39664101 -0.59361569
vn -0.70654974 0.52765980 -0.47155340
vn 0.00000000 0.83146659 -0.55557475
vn 0.00000000 0.55556992 -0.83146982
vn -1.00000000 0.00000017 -0.00000016
vn 0.00000000 0.55556992 -0.83146982
vn 0.00000000 0.19509363 -0.98078462
vn -0.70021414 0.13928321 -0.70021450
vn -0.70021163 0.39664101 -0.59361569
vn 0.00000000 0.55556992 -0.83146982
vn 0.00000000 0.19509363 -0.98078462
vn -1.00000000 0.00000000 0.00000000
vn 0.00000000 -0.19509006 -0.98078533
vn 0.00000000 0.19509363 -0.98078462
vn -0.70021413 -0.13928068 -0.70021501
vn -0.70021431 0.13928372 -0.70021423
vn 0.00000000 -0.19509006 -0.98078533
vn 0.00000000 0.19509363 -0.98078462
vn -1.00000000 0.00000000 0.00000000
vn 0.00000000 -0.55556992 -0.83146982
vn 0.00000000 -0.19509006 -0.98078533
vn -0.68457060 -0.44375645 -0.57831073
vn -0.70021396 -0.13928125 -0.70021507
vn -0.70021280 -0.39664036 -0.59361473
vn -0.70634767 -0.31307558 -0.63486743
vn 0.00000000 -0.55556992 -0.83146982
vn 0.00000000 -0.19509006 -0.98078533
vn -1.00000000 0.00000000 0.00000000
vn 0.00000000 -0.83146659 -0.55557475
vn 0.00000000 -0.55556992 -0.83146982
vn -0.69360097 -0.59895485 -0.40021342
vn -0.70021280 -0.39664036 -0.59361473
vn -0.70405991 -0.56339394 -0.43230420
vn 0.00000000 -0.83146659 -0.55557475
vn 0.00000000 -0.55556992 -0.83146982
vn -1.00000000 -0.00000005 0.00000005
vn 0.00000000 -0.98078573 -0.19508805
vn 0.00000000 -0.83146659 -0.55557475
vn -0.69360097 -0.59895485 -0.40021342
vn -0.70021429 -0.70021569 -0.13927643
vn -0.70634530 -0.63485630 -0.31310349
vn 0.00000000 -0.98078573 -0.19508805
vn 0.00000000 -0.83146659 -0.55557475
vn -1.00000000 -0.00000001 0.00000005
vn 0.00000000 -0.98078582 0.19508760
vn 0.00000000 -0.98078573 -0.19508805
vn -0.70021266 -0.70021733 0.13927642
vn -0.70021534 -0.70021403 -0.13927954
vn 0.00000000 -0.98078582 0.19508760
vn 0.00000000 -0.98078573 -0.19508805
vn -1.00000000 -0.00000051 0.00000006
vn 0.00000000 -0.98078582 0.19508760
vn 0.00000000 -0.83146587 0.55557583
vn -0.68457353 -0.57831158 0.44375082
vn -0.70021161 -0.70021768 0.13927994
vn -0.70021202 -0.59361250 0.39664509
vn -0.70634545 -0.63485617 0.31310343
vn 0.00000000 -0.98078582 0.19508760
vn 0.00000000 -0.83146587 0.55557583
vn -1.00000000 -0.00000028 0.00000010
vn 0.00000000 -0.83146587 0.55557583
vn 0.00000000 -0.55556992 0.83146982
vn -0.69359999 -0.40021055 0.59895790
vn -0.70021202 -0.59361250 0.39664509
vn -0.70406056 -0.43230765 0.56339047
vn 0.00000000 -0.83146587 0.55557583
vn 0.00000000 -0.55556992 0.83146982
vn -1.00000000 0.00000001 0.00000005
vn 0.00000000 -0.55556992 0.83146982
vn 0.00000000 -0.19509006 0.98078533
vn -0.69359999 -0.40021055 0.59895790
vn -0.70021432 -0.13928064 0.70021483
vn -0.70634773 -0.31307169 0.63486928
vn 0.00000000 -0.55556992 0.83146982
vn 0.00000000 -0.19509006 0.98078533
vn -1.00000000 0.00000000 0.00000000
vn 0.00000000 0.22252206 -0.97492765
vn 0.00000000 -0.19508609 -0.98078612
vn -0.05235464 0.19482202 -0.97944034
vn -0.70021485 -0.13927824 -0.70021477
vn -0.70021369 0.13928187 -0.70021522
vn 0.00000000 -0.44228143 -0.89687632
vn 0.00000000 -0.19508609 -0.98078612
vn -0.10657192 -0.25734116 -0.96042592
vn -0.70021457 -0.13927920 -0.70021487
vn -0.70634767 -0.31307558 -0.63486743
vn 0.00000000 0.22252206 -0.97492765
vn 0.00000000 -0.19508609 -0.98078612
vn 1.00000000 0.00000000 -0.00000008
vn -0.10657192 -0.25734116 -0.96042592
vn 0.00000000 -0.60876403 -0.79335134
vn 0.00000000 -0.44228143 -0.89687632
vn 1.00000000 -0.00000003 -0.00000006
vn -0.10657192 -0.25734116 -0.96042592
vn -0.14166780 -0.69997763 -0.69997254
vn 0.00000000 -0.60876403 -0.79335134
vn 0.00000000 -0.44228143 -0.89687632
vn -0.68457060 -0.44375645 -0.57831073
vn -0.70634767 -0.31307558 -0.63486743
vn 0.00000000 -0.79335550 -0.60875861
vn 0.00000000 -0.60876403 -0.79335134
vn -0.14166780 -0.69997763 -0.69997254
vn -0.68457060 -0.44375645 -0.57831073
vn -0.70021280 -0.39664036 -0.59361473
vn -0.70405991 -0.56339394 -0.43230420
vn 0.00000000 -0.89685761 -0.44231938
vn 0.00000000 -0.79335550 -0.60875861
vn 1.00000000 -0.00000010 -0.00000004
vn -0.10659548 -0.96042529 -0.25733375
vn -0.14166780 -0.69997763 -0.69997254
vn 0.00000000 -0.89685761 -0.44231938
vn 0.00000000 -0.79335550 -0.60875861
vn -0.69360097 -0.59895485 -0.40021342
vn -0.70405991 -0.56339394 -0.43230420
vn -0.70634530 -0.63485630 -0.31310349
vn 0.00000000 -0.98079065 -0.19506333
vn 0.00000000 -0.89685761 -0.44231938
vn -0.10659548 -0.96042529 -0.25733375
vn -0.70020979 -0.70022288 -0.13926296
vn -0.70634530 -0.63485630 -0.31310349
vn 0.00000000 -0.98079074 0.19506290
vn 0.00000000 -0.98079065 -0.19506333
vn 1.00000000 -0.00000006 -0.00000004
vn -0.10659571 -0.96042538 0.25733332
vn -0.10659548 -0.96042529 -0.25733375
vn 0.00000000 -0.98079074 0.19506290
vn 0.00000000 -0.98079065 -0.19506333
vn -0.70021716 -0.70021585 0.13926124
vn -0.70021156 -0.70022005 -0.13926826
vn 0.00000000 -0.98079074 0.19506290
vn 0.00000000 -0.89685761 0.44231938
vn -0.10659571 -0.96042538 0.25733332
vn -0.70021539 -0.70021644 0.13926721
vn -0.70634545 -0.63485617 0.31310343
vn 0.00000000 -0.89685761 0.44231938
vn 0.00000000 -0.70710935 0.70710421
vn 1.00000000 0.00000008 -0.00000003
vn -0.10659571 -0.96042538 0.25733332
vn 0.00000000 -0.89685761 0.44231938
vn 0.00000000 -0.70710935 0.70710421
vn -0.27299428 -0.76322041 0.58563532
vn -0.68457353 -0.57831158 0.44375082
vn -0.70634545 -0.63485617 0.31310343
vn 0.00000000 -0.70710935 0.70710421
vn 0.00000000 -0.60876403 0.79335134
vn 0.00000000 -0.44227597 0.89687901
vn 1.00000000 0.00000002 -0.00000004
vn -0.10656926 -0.25733964 0.96042663
vn -0.27299428 -0.76322041 0.58563532
vn 0.00000000 -0.60876403 0.79335134
vn -0.27299428 -0.76322041 0.58563532
vn -0.68457353 -0.57831158 0.44375082
vn -0.70021202 -0.59361250 0.39664509
vn -0.70406056 -0.43230765 0.56339047
vn 0.00000000 -0.19508609 0.98078612
vn 0.00000000 0.19508957 0.98078543
vn -0.70021388 -0.13927933 0.70021553
vn -0.70021452 0.13928079 0.70021460
vn 0.00000000 -0.19508609 0.98078612
vn 0.00000000 0.19508957 0.98078543
vn 1.00000000 0.00000000 -0.00000004
vn -0.04591575 0.22228737 0.97389941
vn -0.10656926 -0.25733964 0.96042663
vn 0.00000000 -0.44227597 0.89687901
vn 0.00000000 -0.19508609 0.98078612
vn -0.10656926 -0.25733964 0.96042663
vn -0.70021359 -0.13927848 0.70021599
vn -0.70634773 -0.31307169 0.63486928
vn 0.00000000 -0.60876403 0.79335134
vn 0.00000000 -0.44227597 0.89687901
vn -0.69359999 -0.40021055 0.59895790
vn -0.70406056 -0.43230765 0.56339047
vn -0.70634773 -0.31307169 0.63486928
vn 0.03942674 0.55515290 -0.83081333
vn -0.05235464 0.19482202 -0.97944034
vn -0.70021559 0.39664953 -0.59360532
vn -0.70021340 0.13928100 -0.70021568
vn -0.70021163 0.39664101 -0.59361569
vn 0.00000000 0.74563670 -0.66635269
vn 0.03942674 0.55515290 -0.83081333
vn -0.07864203 0.62156626 -0.77940414
vn -0.70021559 0.39664953 -0.59360532
vn -0.70654974 0.52765980 -0.47155340
vn 0.00000000 0.86130852 -0.50808231
vn 0.00000000 0.74563670 -0.66635269
vn -0.69415008 0.59851490 -0.39991946
vn -0.70360907 0.61203488 -0.36103682
vn -0.70654974 0.52765980 -0.47155340
vn 0.00000000 0.95276516 -0.30370801
vn 0.00000000 0.86130852 -0.50808231
vn -0.09820855 0.89660613 -0.43180150
vn -0.70360907 0.61203488 -0.36103682
vn -0.70585328 0.67489889 -0.21513402
vn 0.00000000 0.99371350 -0.11195299
vn 0.00000000 0.95276516 -0.30370801
vn -0.69291286 0.70716744 -0.14066264
vn -0.70487168 0.70487561 -0.07941216
vn -0.70585328 0.67489889 -0.21513402
vn 0.00000000 0.99371355 0.11195255
vn 0.00000000 0.99371350 -0.11195299
vn -0.10471294 0.99450249 0.00000000
vn -0.67962330 0.72894979 0.08212406
vn -0.70021271 0.70021662 0.13927973
vn -0.70487168 0.70487561 -0.07941216
vn 0.00000000 0.99371355 0.11195255
vn 0.00000000 0.95276516 0.30370801
vn -0.67962330 0.72894979 0.08212406
vn -0.70585338 0.67489879 0.21513399
vn 0.00000000 0.95276516 0.30370801
vn -0.15518711 0.85087385 0.50192694
vn -0.68696432 0.62590528 0.36921892
vn -0.70021408 0.59361082 0.39664397
vn -0.70585338 0.67489879 0.21513399
vn 0.00000000 0.19508957 0.98078543
vn 0.03942630 0.55515134 0.83081439
vn -0.04591575 0.22228737 0.97389941
vn -0.70021040 0.39665124 0.59361030
vn -0.70021423 0.13928177 0.70021470
vn 0.00000000 0.74563670 0.66635269
vn 0.03942630 0.55515134 0.83081439
vn -0.07864275 0.62156501 0.77940507
vn -0.70021040 0.39665124 0.59361030
vn -0.70021395 0.39663974 0.59361380
vn -0.70654943 0.52766002 0.47155360
vn 0.00000000 0.90096150 0.43389903
vn 0.00000000 0.74563670 0.66635269
vn -0.15518711 0.85087385 0.50192694
vn -0.68696432 0.62590528 0.36921892
vn -0.70654943 0.52766002 0.47155360
vn 0.00000000 0.22252206 -0.97492765
vn 0.03942674 0.55515290 -0.83081333
vn 1.00000000 0.00000005 -0.00000008
vn -0.05235464 0.19482202 -0.97944034
vn -0.07864203 0.62156626 -0.77940414
vn 0.00000000 0.99371355 0.11195255
vn 0.00000000 0.95276516 0.30370801
vn 0.00000000 0.90096150 0.43389903
vn 1.00000000 0.00000000 0.00000000
vn -0.10471294 0.99450249 0.00000000
vn -0.15518711 0.85087385 0.50192694
vn 0.00000000 0.90096150 0.43389903
vn 0.00000000 0.74563670 0.66635269
vn 1.00000000 -0.00000001 -0.00000002
vn -0.07864275 0.62156501 0.77940507
vn 0.03942630 0.55515134 0.83081439
vn 1.00000000 -0.00000001 -0.00000003
vn -0.04591575 0.22228737 0.97389941
vn -0.07864275 0.62156501 0.77940507
vn 0.00000000 0.99371350 -0.11195299
vn 0.00000000 0.95276516 -0.30370801
vn 1.00000000 0.00000000 0.00000000
vn -0.09820855 0.89660613 -0.43180150
vn -0.10471294 0.99450249 0.00000000
vn 0.00000000 0.86130852 -0.50808231
vn 0.00000000 0.74563670 -0.66635269
vn 1.00000000 0.00000000 -0.00000004
vn -0.07864203 0.62156626 -0.77940414
vn -0.09820855 0.89660613 -0.43180150
vn 0.00000000 -0.15643657 -0.98768801
vn 0.00000000 0.15643565 -0.98768815
vn 1.00000000 0.00000000 0.00000000
vn 0.00000000 -0.15643657 -0.98768801
vn 0.00000000 0.15643565 -0.98768815
vn -1.00000000 -0.00000009 -0.00000016
vn 0.00000000 -0.45398881 -0.89100738
vn 0.00000000 -0.15643657 -0.98768801
vn 1.00000000 0.00000000 0.00000000
vn 0.00000000 -0.45398881 -0.89100738
vn 0.00000000 -0.15643657 -0.98768801
vn -1.00000000 -0.00000001 0.00000002
vn 0.00000000 -0.70710380 -0.70710976
vn 0.00000000 -0.45398881 -0.89100738
vn 1.00000000 0.00000000 0.00000000
vn 0.00000000 -0.70710380 -0.70710976
vn 0.00000000 -0.45398881 -0.89100738
vn -1.00000000 0.00000001 0.00000003
vn 0.00000000 -0.89100858 -0.45398647
vn 0.00000000 -0.70710380 -0.70710976
vn 1.00000000 0.00000016 -0.00000005
vn -0.00000002 -0.89100856 -0.45398650
vn 0.00000000 -0.70710380 -0.70710976
vn -1.00000000 -0.00000003 0.00000004
vn -0.00000001 -0.98768775 -0.15643821
vn -0.00000001 -0.89100857 -0.45398648
vn 1.00000000 0.00000006 -0.00000003
vn -0.00000000 -0.98768775 -0.15643820
vn -0.00000002 -0.89100856 -0.45398651
vn -1.00000000 0.00000018 0.00000004
vn 0.00000000 -0.98768771 0.15643844
vn -0.00000001 -0.98768775 -0.15643821
vn 1.00000000 0.00000000 0.00000000
vn 0.00000001 -0.98768771 0.15643846
vn 0.00000000 -0.98768775 -0.15643820
vn -1.00000000 -0.00000000 0.00000004
vn 0.00000001 -0.98768771 0.15643845
vn 0.00000005 -0.89100892 0.45398579
vn 1.00000000 -0.00000006 -0.00000002
vn 0.00000002 -0.98768771 0.15643847
vn 0.00000002 -0.89100895 0.45398574
vn -1.00000000 -0.00000018 0.00000004
vn 0.00000003 -0.89100893 0.45398577
vn 0.00000000 -0.70710306 0.70711050
vn 1.00000000 -0.00000018 -0.00000005
vn 0.00000000 -0.89100896 0.45398572
vn 0.00000000 -0.70710306 0.70711050
vn -1.00000000 0.00000003 0.00000004
vn 0.00000000 -0.70710306 0.70711050
vn 0.00000000 -0.45398999 0.89100678
vn 1.00000000 0.00000000 0.00000000
vn 0.00000000 -0.70710306 0.70711050
vn 0.00000000 -0.45398999 0.89100678
vn -1.00000000 0.00000000 0.00000000
vn 0.00000000 -0.45398999 0.89100678
vn 0.00000000 -0.15643512 0.98768824
vn 1.00000000 0.00000000 0.00000000
vn 0.00000000 -0.45398999 0.89100678
vn 0.00000000 -0.15643512 0.98768824
vn -1.00000000 0.00000005 0.00000010
vn 0.00000000 -0.15643512 0.98768824
vn 0.00000000 0.15643420 0.98768838
vn 1.00000000 0.00000000 0.00000000
vn 0.00000000 -0.15643512 0.98768824
vn 0.00000000 0.15643420 0.98768838
vn -1.00000000 -0.00000009 -0.00000016
vn 0.00000000 0.45398999 0.89100678
vn 0.00000000 0.15643420 0.98768838
vn 1.00000000 0.00000000 0.00000000
vn 0.00000000 0.45398999 0.89100678
vn 0.00000000 0.15643420 0.98768838
vn -1.00000000 -0.00000001 0.00000002
vn 0.00000000 0.70710306 0.70711050
vn 0.00000000 0.45398999 0.89100678
vn 1.00000000 0.00000000 0.00000000
vn 0.00000000 0.70710306 0.70711050
vn 0.00000000 0.45398999 0.89100678
vn -1.00000000 0.00000001 0.00000003
vn 0.00000000 0.89100892 0.45398579
vn 0.00000000 0.70710306 0.70711050
vn 1.00000000 0.00000016 -0.00000005
vn 0.00000003 0.89100895 0.45398574
vn 0.00000000 0.70710306 0.70711050
vn -1.00000000 -0.00000003 0.00000004
vn 0.00000002 0.98768771 0.15643844
vn 0.00000002 0.89100893 0.45398577
vn 1.00000000 0.00000006 -0.00000003
vn 0.00000001 0.98768771 0.15643846
vn 0.00000005 0.89100896 0.45398572
vn -1.00000000 0.00000018 0.00000004
vn 0.00000001 0.98768771 0.15643845
vn 0.00000000 0.98768775 -0.15643821
vn 1.00000000 0.00000000 0.00000000
vn 0.00000000 0.98768771 0.15643847
vn -0.00000001 0.98768775 -0.15643820
vn -1.00000000 0.00000000 0.00000004
vn -0.00000000 0.98768775 -0.15643821
vn -0.00000002 0.89100858 -0.45398647
vn 1.00000000 -0.00000006 -0.00000002
vn -0.00000001 0.98768775 -0.15643820
vn -0.00000001 0.89100856 -0.45398650
vn -1.00000000 -0.00000018 0.00000004
vn -0.00000002 0.89100857 -0.45398648
vn 0.00000000 0.70710380 -0.70710976
vn 1.00000000 -0.00000018 -0.00000005
vn 0.00000000 0.89100856 -0.45398651
vn 0.00000000 0.70710380 -0.70710976
vn -1.00000000 0.00000003 0.00000004
vn 0.00000000 0.70710380 -0.70710976
vn 0.00000000 0.45398881 -0.89100738
vn 1.00000000 0.00000000 0.00000000
vn 0.00000000 0.70710380 -0.70710976
vn 0.00000000 0.45398881 -0.89100738
vn -1.00000000 0.00000000 0.00000000
vn 0.00000000 0.45398881 -0.89100738
vn 0.00000000 0.15643565 -0.98768815
vn 1.00000000 0.00000000 0.00000000
vn 0.00000000 0.45398881 -0.89100738
vn 0.00000000 0.15643565 -0.98768815
vn -1.00000000 0.00000005 0.00000010
vn 0.00000000 1.00000000 0.00000000
vn 0.00000000 0.95949267 0.28173358
vn 1.00000000 0.00000000 0.00000000
vn 0.00000000 0.95949267 0.28173358
vn 0.00000000 0.84125319 0.54064135
vn 1.00000000 0.00000017 -0.00000007
vn 0.00000000 0.84125319 0.54064135
vn 0.00000000 0.65485848 0.75575153
vn 1.00000000 0.00000007 -0.00000002
vn 0.00000000 0.65485848 0.75575153
vn 0.00000000 0.41541648 0.90963132
vn 1.00000000 0.00000000 0.00000000
vn 0.00000000 0.41541648 0.90963132
vn 0.00000000 0.14231590 0.98982129
vn 1.00000000 0.00000000 0.00000000
vn 0.00000000 -0.14231508 0.98982141
vn 0.00000000 0.14231590 0.98982129
vn 1.00000000 0.00000000 0.00000000
vn 0.00000000 -0.41541648 0.90963132
vn 0.00000000 -0.14231508 0.98982141
vn 1.00000000 0.00000000 0.00000000
vn 0.00000000 -0.65486136 0.75574903
vn 0.00000000 -0.41541648 0.90963132
vn 1.00000000 0.00000000 0.00000000
vn 0.00000000 -0.84125319 0.54064135
vn 0.00000000 -0.65486136 0.75574903
vn 1.00000000 -0.00000007 -0.00000002
vn 0.00000000 -0.95949110 0.28173893
vn 0.00000000 -0.84125319 0.54064135
vn 1.00000000 -0.00000015 -0.00000007
vn 0.00000000 -1.00000000 0.00000000
vn 0.00000000 -0.95949110 0.28173893
vn 1.00000000 0.00000000 0.00000000
vn 0.00000000 -1.00000000 0.00000000
vn 0.00000000 -0.95949110 -0.28173893
vn 1.00000000 0.00000000 0.00000000
vn 0.00000000 -0.95949110 -0.28173893
vn 0.00000000 -0.84125346 -0.54064093
vn 1.00000000 0.00000017 -0.00000007
vn 0.00000000 -0.84125346 -0.54064093
vn 0.00000000 -0.65486177 -0.75574867
vn 1.00000000 0.00000007 -0.00000002
vn 0.00000000 -0.65486177 -0.75574867
vn 0.00000000 -0.41541588 -0.90963160
vn 1.00000000 0.00000000 0.00000000
vn 0.00000000 -0.41541588 -0.90963160
vn 0.00000000 -0.14231508 -0.98982141
vn 1.00000000 0.00000000 0.00000000
vn 0.00000000 -0.14231508 -0.98982141
vn 0.00000000 0.14231590 -0.98982129
vn 1.00000000 0.00000000 0.00000000
vn 0.00000000 0.41541588 -0.90963160
vn 0.00000000 0.14231590 -0.98982129
vn 1.00000000 0.00000000 0.00000000
vn 0.00000000 0.65485889 -0.75575117
vn 0.00000000 0.41541588 -0.90963160
vn 1.00000000 0.00000000 0.00000000
vn 0.00000000 0.84125346 -0.54064093
vn 0.00000000 0.65485889 -0.75575117
vn 1.00000000 -0.00000007 -0.00000002
vn 0.00000000 0.95949267 -0.28173358
vn 0.00000000 0.84125346 -0.54064093
vn 1.00000000 -0.00000015 -0.00000007
vn 0.00000000 1.00000000 0.00000000
vn 0.00000000 0.95949267 -0.28173358
vn 1.00000000 0.00000000 0.00000000
vn 0.00000000 -0.14231508 -0.98982141
vn 0.00000000 0.14231590 -0.98982129
vn 1.00000000 0.00000000 -0.00000004
vn 0.00000000 0.41541588 -0.90963160
vn 0.00000000 0.14231590 -0.98982129
vn 1.00000000 -0.00000001 -0.00000006
vn 0.00000000 0.65485889 -0.75575117
vn 0.00000000 0.41541588 -0.90963160
vn 1.00000000 -0.00000001 -0.00000008
vn 0.00000000 0.84125346 -0.54064093
vn 0.00000000 0.65485889 -0.75575117
vn 1.00000000 0.00000002 -0.00000004
vn 0.00000000 0.95949267 -0.28173358
vn 0.00000000 0.84125346 -0.54064093
vn 1.00000000 -0.00000006 -0.00000004
vn 0.00000000 1.00000000 0.00000000
vn 0.00000000 0.95949267 -0.28173358
vn 1.00000000 0.00000029 -0.00000001
vn 0.00000000 1.00000000 0.00000000
vn 0.00000000 0.95949267 0.28173358
vn 1.00000000 -0.00000005 -0.00000004
vn 0.00000000 0.95949267 0.28173358
vn 0.00000000 0.84125319 0.54064135
vn 1.00000000 0.00000006 -0.00000004
vn 0.00000000 0.84125319 0.54064135
vn 0.00000000 0.65485848 0.75575153
vn 1.00000000 0.00000000 0.00000000
vn 0.00000000 0.65485848 0.75575153
vn 0.00000000 0.41541648 0.90963132
vn 1.00000000 0.00000002 -0.00000008
vn 0.00000000 0.41541648 0.90963132
vn 0.00000000 0.14231590 0.98982129
vn 1.00000000 0.00000001 -0.00000006
vn 0.00000000 -0.14231508 0.98982141
vn 0.00000000 0.14231590 0.98982129
vn 1.00000000 0.00000001 -0.00000006
vn 0.00000000 -0.41541648 0.90963132
vn 0.00000000 -0.14231508 0.98982141
vn 1.00000000 -0.00000002 -0.00000007
vn 0.00000000 -0.65486136 0.75574903
vn 0.00000000 -0.41541648 0.90963132
vn 1.00000000 -0.00000001 -0.00000008
vn 0.00000000 -0.84125319 0.54064135
vn 0.00000000 -0.65486136 0.75574903
vn 1.00000000 0.00000002 -0.00000004
vn 0.00000000 -0.95949110 0.28173893
vn 0.00000000 -0.84125319 0.54064135
vn 1.00000000 -0.00000006 -0.00000004
vn 0.00000000 -1.00000000 0.00000000
vn 0.00000000 -0.95949110 0.28173893
vn 1.00000000 0.00000005 -0.00000004
vn 0.00000000 -1.00000000 0.00000000
vn 0.00000000 -0.95949110 -0.28173893
vn 1.00000000 -0.00000029 -0.00000001
vn 0.00000000 -0.95949110 -0.28173893
vn 0.00000000 -0.84125346 -0.54064093
vn 1.00000000 0.00000006 -0.00000004
vn 0.00000000 -0.84125346 -0.54064093
vn 0.00000000 -0.65486177 -0.75574867
vn 1.00000000 0.00000000 0.00000000
vn 0.00000000 -0.65486177 -0.75574867
vn 0.00000000 -0.41541588 -0.90963160
vn 1.00000000 0.00000002 -0.00000008
vn 0.00000000 -0.41541588 -0.90963160
vn 0.00000000 -0.14231508 -0.98982141
vn 1.00000000 0.00000001 -0.00000006
vn 0.00000000 -0.07845902 0.99691734
vn 0.00000000 0.07845902 0.99691734
vn 0.70601586 -0.05556436 0.70601290
vn 0.70601571 0.05556407 0.70601306
vn 0.00000000 -0.07845902 0.99691734
vn 0.00000000 0.07845902 0.99691734
vn -0.70601474 -0.05556415 0.70601403
vn -0.70601487 0.05556440 0.70601388
vn 0.00000000 -0.23344582 0.97236981
vn 0.00000000 -0.07845902 0.99691734
vn -0.70601350 -0.05556451 0.70601524
vn -0.70601312 -0.16532548 0.68863122
vn 0.00000000 -0.23344582 0.97236981
vn 0.00000000 -0.07845902 0.99691734
vn 0.70601447 -0.05556417 0.70601430
vn 0.70601422 -0.16532582 0.68863002
vn 0.00000000 -0.38268153 0.92388032
vn 0.00000000 -0.23344582 0.97236981
vn -0.70600954 -0.27101664 0.65429390
vn -0.70601047 -0.16532665 0.68863366
vn 0.00000000 -0.38268153 0.92388032
vn 0.00000000 -0.23344582 0.97236981
vn 0.66469945 -0.28590553 0.69024102
vn 0.70601142 -0.16532588 0.68863287
vn 0.70637487 -0.26141405 0.65779726
vn 0.00000000 -0.52249890 0.85263996
vn 0.00000000 -0.38268153 0.92388032
vn -0.70601298 -0.27101464 0.65429102
vn -0.70601261 -0.37003365 0.60383880
vn 0.00000000 -0.52249890 0.85263996
vn 0.00000000 -0.38268153 0.92388032
vn 0.66469945 -0.28590553 0.69024102
vn 0.70601307 -0.37003312 0.60383858
vn 0.70706898 -0.31190374 0.63464125
vn 0.00000000 -0.64944983 0.76040445
vn 0.00000000 -0.52249890 0.85263996
vn -0.70601441 -0.45993815 0.53851699
vn -0.70601447 -0.37003233 0.60383743
vn 0.00000000 -0.64944983 0.76040445
vn 0.00000000 -0.52249890 0.85263996
vn 0.70601543 -0.45993806 0.53851573
vn 0.70601494 -0.37003249 0.60383678
vn 0.00000000 -0.76040574 0.64944831
vn 0.00000000 -0.64944983 0.76040445
vn -0.70600969 -0.53852032 0.45994149
vn -0.70601096 -0.45994096 0.53851912
vn 0.00000000 -0.76040574 0.64944831
vn 0.00000000 -0.64944983 0.76040445
vn 0.70601082 -0.53852016 0.45993994
vn 0.70601197 -0.45993973 0.53851884
vn 0.00000000 -0.85263971 0.52249930
vn 0.00000000 -0.76040574 0.64944831
vn -0.70600506 -0.53852449 0.45994373
vn -0.70600392 -0.60384603 0.37003844
vn 0.00000000 -0.85263971 0.52249930
vn 0.00000000 -0.76040574 0.64944831
vn 0.70600619 -0.53852302 0.45994370
vn 0.70600474 -0.60384553 0.37003769
vn 0.00000000 -0.92387915 0.38268436
vn 0.00000000 -0.85263971 0.52249930
vn -0.70600270 -0.65430047 0.27101860
vn -0.70600234 -0.60384755 0.37003897
vn 0.00000000 -0.92387915 0.38268436
vn 0.00000000 -0.85263971 0.52249930
vn 0.70600251 -0.65429983 0.27102064
vn 0.70600331 -0.60384658 0.37003870
vn 0.00000000 -0.97237022 0.23344411
vn 0.00000000 -0.92387915 0.38268436
vn -0.70601265 -0.65429048 0.27101680
vn -0.70601245 -0.68863195 0.16532529
vn 0.00000000 -0.97237022 0.23344411
vn 0.00000000 -0.92387915 0.38268436
vn 0.70601230 -0.65429163 0.27101494
vn 0.70601324 -0.68863127 0.16532477
vn 0.00000000 -0.99691747 0.07845735
vn 0.00000000 -0.97237022 0.23344411
vn -0.70601082 -0.70601798 0.05556384
vn -0.70601118 -0.68863325 0.16532532
vn 0.00000000 -0.99691747 0.07845735
vn 0.00000000 -0.97237022 0.23344411
vn 0.70601158 -0.70601725 0.05556348
vn 0.70601197 -0.68863244 0.16532533
vn 0.00000000 -0.99691747 0.07845735
vn 0.00000000 -0.99691746 -0.07845744
vn -0.70600980 -0.70601901 0.05556369
vn -0.70600990 -0.70601890 -0.05556388
vn 0.00000000 -0.99691747 0.07845735
vn 0.00000000 -0.99691746 -0.07845744
vn 0.70601057 -0.70601823 0.05556378
vn 0.70601046 -0.70601835 -0.05556370
vn 0.00000000 -0.99691746 -0.07845744
vn 0.00000000 -0.97237026 -0.23344393
vn -0.70601082 -0.70601800 -0.05556361
vn -0.70601106 -0.68863332 -0.16532553
vn 0.00000000 -0.99691746 -0.07845744
vn 0.00000000 -0.97237026 -0.23344393
vn 0.70601138 -0.70601741 -0.05556383
vn 0.70601153 -0.68863294 -0.16532510
vn 0.00000000 -0.97237026 -0.23344393
vn 0.00000000 -0.92387916 -0.38268433
vn -0.70601221 -0.65429168 -0.27101503
vn -0.70601288 -0.68863165 -0.16532472
vn 0.00000000 -0.97237026 -0.23344393
vn 0.00000000 -0.92387916 -0.38268433
vn 0.70601382 -0.65428943 -0.27101630
vn 0.70601336 -0.68863108 -0.16532507
vn 0.00000000 -0.92387916 -0.38268433
vn 0.00000000 -0.85263960 -0.52249948
vn -0.70600302 -0.65429938 -0.27102038
vn -0.70600169 -0.60381672 -0.37009051
vn -0.70627753 -0.60361347 -0.36989570
vn 0.00000000 -0.92387916 -0.38268433
vn 0.00000000 -0.85263960 -0.52249948
vn 0.70570114 -0.65460326 -0.27107280
vn 0.70567365 -0.60412670 -0.37021025
vn 0.70601382 -0.65428943 -0.27101630
vn 0.00000000 -0.85263960 -0.52249948
vn 0.00000000 -0.76040574 -0.64944831
vn -0.70600930 -0.53852132 -0.45994092
vn -0.70628082 -0.53835372 -0.45972021
vn -0.70627753 -0.60361347 -0.36989570
vn 0.00000000 -0.85263960 -0.52249948
vn 0.00000000 -0.76040574 -0.64944831
vn 0.70567365 -0.60412670 -0.37021025
vn 0.70600760 -0.60380507 -0.37009824
vn 0.70600571 -0.53852399 -0.45994330
vn 0.00000000 -0.76040574 -0.64944831
vn 0.00000000 -0.64945029 -0.76040405
vn -0.70600930 -0.53852132 -0.45994092
vn -0.70601060 -0.45994050 -0.53851998
vn 0.00000000 -0.76040574 -0.64944831
vn 0.00000000 -0.64945029 -0.76040405
vn 0.70600957 -0.53852052 -0.45994144
vn 0.70601063 -0.45994150 -0.53851909
vn 0.00000000 -0.64945029 -0.76040405
vn 0.00000000 -0.52249831 -0.85264032
vn -0.70601676 -0.45993753 -0.53851444
vn -0.70601631 -0.37003174 -0.60383564
vn 0.00000000 -0.64945029 -0.76040405
vn 0.00000000 -0.52249831 -0.85264032
vn 0.70601679 -0.45993649 -0.53851529
vn 0.70601737 -0.37003041 -0.60383522
vn 0.00000000 -0.52249831 -0.85264032
vn 0.00000000 -0.38268222 -0.92388004
vn -0.70601287 -0.27101542 -0.65429082
vn -0.70601243 -0.37003304 -0.60383938
vn 0.00000000 -0.52249831 -0.85264032
vn 0.00000000 -0.38268222 -0.92388004
vn 0.70601366 -0.27101487 -0.65429020
vn 0.70601349 -0.37003314 -0.60383807
vn 0.00000000 -0.38268222 -0.92388004
vn 0.00000000 -0.23344582 -0.97236981
vn -0.70601161 -0.27101564 -0.65429208
vn -0.70601307 -0.16532598 -0.68863115
vn 0.00000000 -0.38268222 -0.92388004
vn 0.00000000 -0.23344582 -0.97236981
vn 0.70601240 -0.27101560 -0.65429125
vn 0.70601370 -0.16532587 -0.68863054
vn 0.00000000 -0.23344582 -0.97236981
vn 0.00000000 -0.07845902 -0.99691734
vn -0.70601366 -0.05556424 -0.70601511
vn -0.70601339 -0.16532597 -0.68863082
vn 0.00000000 -0.23344582 -0.97236981
vn 0.00000000 -0.07845902 -0.99691734
vn 0.70601399 -0.05556451 -0.70601475
vn 0.70601387 -0.16532579 -0.68863038
vn 0.00000000 -0.07845902 -0.99691734
vn 0.00000000 0.07845902 -0.99691734
vn -0.70601520 -0.05556445 -0.70601355
vn -0.70601504 0.05556413 -0.70601373
vn 0.00000000 -0.07845902 -0.99691734
vn 0.00000000 0.07845902 -0.99691734
vn 0.70601538 -0.05556410 -0.70601339
vn 0.70601553 0.05556439 -0.70601323
vn 0.70601571 -0.05556434 0.70601304
vn 0.70601587 0.05556403 0.70601291
vn 1.00000000 0.00000000 0.00000000
vn 0.70601431 -0.05556415 0.70601446
vn 0.70601392 -0.16532582 0.68863031
vn 1.00000000 0.00000000 0.00000000
vn 0.70601110 -0.16532588 0.68863319
vn 0.70637487 -0.26141405 0.65779726
vn 1.00000000 0.00000000 0.00000000
vn 0.66469945 -0.28590553 0.69024102
vn 0.70637487 -0.26141405 0.65779726
vn 0.70706898 -0.31190374 0.63464125
vn 1.00000000 0.00000001 -0.00000007
vn 0.70601327 -0.37003305 0.60383839
vn 0.70706898 -0.31190374 0.63464125
vn 1.00000000 0.00000003 -0.00000008
vn 0.70601507 -0.45993824 0.53851605
vn 0.70601515 -0.37003242 0.60383658
vn 1.00000000 -0.00000001 -0.00000002
vn 0.70601034 -0.53852046 0.45994033
vn 0.70601158 -0.45993992 0.53851919
vn 1.00000000 -0.00000001 -0.00000003
vn 0.70600567 -0.53852334 0.45994413
vn 0.70600459 -0.60384564 0.37003780
vn 1.00000000 -0.00000003 -0.00000004
vn 0.70600353 -0.65429898 0.27102004
vn 0.70600315 -0.60384669 0.37003881
vn 1.00000000 -0.00000003 -0.00000000
vn 0.70601340 -0.65429071 0.27101430
vn 0.70601311 -0.68863139 0.16532483
vn 1.00000000 -0.00000000 -0.00000005
vn 0.70601147 -0.70601735 0.05556352
vn 0.70601183 -0.68863257 0.16532539
vn 1.00000000 0.00000007 -0.00000006
vn 0.70601045 -0.70601834 0.05556382
vn 0.70601055 -0.70601825 -0.05556372
vn 1.00000000 0.00000000 -0.00000004
vn 0.70601149 -0.70601731 -0.05556385
vn 0.70601172 -0.68863275 -0.16532510
vn 1.00000000 -0.00000007 -0.00000006
vn 0.70570114 -0.65460326 -0.27107280
vn 0.70601382 -0.65428943 -0.27101630
vn 0.70601356 -0.68863087 -0.16532506
vn 1.00000000 -0.00000001 -0.00000006
vn 0.99999999 0.00006608 0.00011930
vn 0.70570114 -0.65460326 -0.27107280
vn 0.70567365 -0.60412670 -0.37021025
vn 0.70600760 -0.60380507 -0.37009824
vn 0.99999999 0.00006608 0.00011930
vn 1.00000000 0.00004304 -0.00007330
vn 0.70600760 -0.60380507 -0.37009824
vn 0.70600612 -0.53852363 -0.45994311
vn 1.00000000 0.00000003 -0.00000004
vn 1.00000000 0.00004304 -0.00007330
vn 0.70601000 -0.53852014 -0.45994123
vn 0.70601127 -0.45994098 -0.53851869
vn 1.00000000 0.00000001 -0.00000003
vn 0.70601748 -0.45993593 -0.53851486
vn 0.70601696 -0.37003069 -0.60383552
vn 1.00000000 0.00000000 -0.00000002
vn 0.70601353 -0.27101494 -0.65429031
vn 0.70601306 -0.37003345 -0.60383839
vn 1.00000000 -0.00000001 -0.00000008
vn 0.70601226 -0.27101568 -0.65429136
vn 0.70601372 -0.16532586 -0.68863052
vn 1.00000000 -0.00000001 -0.00000004
vn 0.70601414 -0.05556447 -0.70601461
vn 0.70601389 -0.16532578 -0.68863036
vn 1.00000000 -0.00000000 -0.00000003
vn 0.70601554 -0.05556405 -0.70601324
vn 0.70601538 0.05556437 -0.70601337
vn 1.00000000 0.00000000 -0.00000003
vn 1.00000000 -0.00000000 -0.00000005
vn 1.00000000 -0.00000000 -0.00000004
vn 1.00000000 0.00000000 -0.00000005
vn 0.70602368 0.65428120 -0.27101045
vn 0.70602163 0.68862356 -0.16532105
vn 1.00000000 -0.00000000 -0.00000004
vn 1.00000000 -0.00000000 -0.00000005
vn 1.00000000 -0.00000001 -0.00000004
vn 1.00000000 0.00000000 -0.00000005
vn 0.99999999 0.00006608 0.00011930
vn 1.00000000 0.00004304 -0.00007330
vn 1.00000000 -0.00000000 -0.00000005
vn 1.00000000 0.00000000 -0.00000005
vn 0.70601398 0.05556417 -0.70601479
vn 0.70601411 0.16532582 -0.68863013
vn 1.00000000 0.00000000 -0.00000003
vn 0.70601604 0.27101471 -0.65428768
vn 0.70601619 0.16532577 -0.68862800
vn 1.00000000 0.00000001 -0.00000004
vn 1.00000000 -0.00000004 -0.00000007
vn 1.00000000 0.00000004 -0.00000007
vn 1.00000000 -0.00000001 -0.00000004
vn 1.00000000 -0.00000001 -0.00000003
vn 0.65393184 0.27940431 0.70306926
vn 0.70706902 0.31190870 0.63463876
vn 1.00000000 -0.00000001 -0.00000007
vn 0.65393184 0.27940431 0.70306926
vn 0.70601387 0.27101511 0.65428987
vn 0.70601366 0.16532593 0.68863056
vn 1.00000000 0.00000000 0.00000000
vn 1.00000000 0.00000001 -0.00000003
vn 0.70601447 0.05556444 0.70601428
vn 0.70601422 0.16532568 0.68863004
vn 1.00000000 0.00000000 0.00000000
vn 1.00000000 -0.00000000 -0.00000005
vn 0.70601306 0.37003351 0.60383836
vn 0.70706902 0.31190870 0.63463876
vn 1.00000000 -0.00000002 -0.00000008
vn 0.70601546 0.45993741 0.53851625
vn 0.70601494 0.37003218 0.60383697
vn 1.00000000 0.00000000 -0.00000002
vn 0.70601892 0.53851330 0.45993555
vn 0.70601815 0.45993522 0.53851459
vn 1.00000000 0.00000001 -0.00000003
vn 1.00000000 0.00000001 -0.00000005
vn 1.00000000 0.00000000 -0.00000005
vn 0.70602107 0.65428209 0.27101511
vn 0.70602363 0.68862060 0.16532484
vn 1.00000000 -0.00000002 -0.00000004
vn 0.70600242 0.65430082 0.27101849
vn 0.70600423 0.60384686 0.37003648
vn 1.00000000 0.00000001 -0.00000003
vn 0.70601425 0.53851750 0.45993780
vn 0.70601378 0.60383766 0.37003328
vn 1.00000000 0.00000003 -0.00000004
vn 0.70600094 0.70602798 0.05556226
vn 0.70600370 0.68864093 0.16532527
vn 1.00000000 -0.00000002 -0.00000006
vn 0.70602853 0.70600009 0.05556607
vn 0.70603165 0.70599745 -0.05555997
vn 1.00000000 -0.00000001 -0.00000005
vn 0.70600397 0.70602449 -0.05556812
vn 0.70600113 0.68864239 -0.16533015
vn 1.00000000 0.00000002 -0.00000005
vn 0.70601761 0.53851491 -0.45993567
vn 0.70601744 0.45993596 -0.53851489
vn 1.00000000 -0.00000001 -0.00000003
vn 0.70601373 0.53851731 -0.45993882
vn 0.70601283 0.60383945 -0.37003216
vn 1.00000000 -0.00000003 -0.00000004
vn 0.70600549 0.65429645 -0.27102104
vn 0.70600454 0.60384556 -0.37003802
vn 1.00000000 -0.00000003 -0.00000000
vn 0.70601367 0.27101514 -0.65429007
vn 0.70601350 0.37003250 -0.60383846
vn 1.00000000 0.00000002 -0.00000008
vn 0.70601748 0.45993594 -0.53851486
vn 0.70601741 0.37003119 -0.60383470
vn 1.00000000 -0.00000001 -0.00000002
vn 1.00000000 0.00000000 -0.00000004
vn 1.00000000 0.00000000 -0.00000004
vn 1.00000000 -0.00000000 -0.00000004
vn 1.00000000 0.00000000 -0.00000005
vn 0.00000000 0.52249890 0.85263996
vn 0.00000000 0.38268267 0.92387985
vn 0.65393184 0.27940431 0.70306926
vn 0.70601387 0.27101511 0.65428987
vn 0.70601327 0.37003337 0.60383820
vn 0.70706902 0.31190870 0.63463876
vn 0.00000000 0.64944824 0.76040580
vn 0.00000000 0.52249890 0.85263996
vn 0.70601576 0.45993716 0.53851606
vn 0.70601513 0.37003205 0.60383683
vn 0.00000000 0.76040574 0.64944831
vn 0.00000000 0.64944824 0.76040580
vn 0.70601840 0.53851377 0.45993580
vn 0.70601843 0.45993499 0.53851442
vn 0.00000000 0.85264115 0.52249696
vn 0.00000000 0.76040574 0.64944831
vn 0.70601377 0.53851793 0.45993804
vn 0.70601271 0.60383869 0.37003363
vn 0.00000000 0.92387801 0.38268711
vn 0.00000000 0.85264115 0.52249696
vn 0.70600449 0.65429874 0.27101811
vn 0.70600324 0.60384781 0.37003681
vn 0.00000000 0.97237095 0.23344107
vn 0.00000000 0.92387801 0.38268711
vn 0.70602300 0.65428015 0.27101476
vn 0.70602142 0.68862286 0.16532489
vn 0.00000000 0.99691697 0.07846375
vn 0.00000000 0.97237095 0.23344107
vn 0.70600401 0.70602488 0.05556268
vn 0.70600163 0.68864304 0.16532531
vn 0.00000000 0.99691697 0.07846375
vn 0.00000000 0.99691696 -0.07846384
vn 0.70603139 0.70599720 0.05556647
vn 0.70602857 0.70600046 -0.05556087
vn 0.00000000 0.99691696 -0.07846384
vn 0.00000000 0.97237100 -0.23344089
vn 0.70600110 0.70602729 -0.05556897
vn 0.70600341 0.68864030 -0.16532914
vn 0.00000000 0.97237100 -0.23344089
vn 0.00000000 0.92387802 -0.38268708
vn 0.70602166 0.65428290 -0.27101163
vn 0.70602375 0.68862161 -0.16532011
vn 0.00000000 0.92387802 -0.38268708
vn 0.00000000 0.85264104 -0.52249714
vn 0.70600360 0.65429803 -0.27102214
vn 0.70600546 0.60384488 -0.37003737
vn 0.00000000 0.85264104 -0.52249714
vn 0.00000000 0.76040574 -0.64944831
vn 0.70601416 0.53851705 -0.45993847
vn 0.70601369 0.60383881 -0.37003155
vn 0.00000000 0.76040574 -0.64944831
vn 0.00000000 0.64944870 -0.76040541
vn 0.70601802 0.53851467 -0.45993534
vn 0.70601745 0.45993596 -0.53851489
vn 0.00000000 0.64944870 -0.76040541
vn 0.00000000 0.52249831 -0.85264032
vn 0.70601748 0.45993594 -0.53851485
vn 0.70601697 0.37003133 -0.60383512
vn 0.00000000 0.52249831 -0.85264032
vn 0.00000000 0.38268336 -0.92387956
vn 0.70601393 0.27101509 -0.65428980
vn 0.70601310 0.37003263 -0.60383885
vn 0.00000000 0.38268336 -0.92387956
vn 0.00000000 0.23344582 -0.97236981
vn 0.70601629 0.27101467 -0.65428744
vn 0.70601596 0.16532578 -0.68862824
vn 0.00000000 0.23344582 -0.97236981
vn 0.00000000 0.07845902 -0.99691734
vn 0.70601414 0.05556420 -0.70601463
vn 0.70601389 0.16532582 -0.68863035
vn 0.00000000 0.38268267 0.92387985
vn 0.00000000 0.23344582 0.97236981
vn 0.70601387 0.27101511 0.65428987
vn 0.70601360 0.16532596 0.68863062
vn 0.00000000 0.23344582 0.97236981
vn 0.00000000 0.07845902 0.99691734
vn 0.70601432 0.05556448 0.70601442
vn 0.70601416 0.16532571 0.68863010
vn 0.00000000 0.23344582 -0.97236981
vn 0.00000000 0.07845902 -0.99691734
vn -0.70601350 0.05556458 -0.70601524
vn -0.70601359 0.16532633 -0.68863053
vn 0.00000000 0.38268336 -0.92387956
vn 0.00000000 0.23344582 -0.97236981
vn -0.70601539 0.27101454 -0.65428846
vn -0.70601551 0.16532548 -0.68862877
vn 0.00000000 0.52249831 -0.85264032
vn 0.00000000 0.38268336 -0.92387956
vn -0.70601303 0.27101591 -0.65429044
vn -0.70601283 0.37003355 -0.60383860
vn 0.00000000 0.64944870 -0.76040541
vn 0.00000000 0.52249831 -0.85264032
vn -0.70601682 0.45993636 -0.53851536
vn -0.70601671 0.37003081 -0.60383574
vn 0.00000000 0.76040574 -0.64944831
vn 0.00000000 0.64944870 -0.76040541
vn -0.70601696 0.53851497 -0.45993660
vn -0.70601678 0.45993639 -0.53851538
vn 0.00000000 0.85264104 -0.52249714
vn 0.00000000 0.76040574 -0.64944831
vn -0.70601311 0.53851843 -0.45993846
vn -0.70601220 0.60383918 -0.37003380
vn 0.00000000 0.92387802 -0.38268708
vn 0.00000000 0.85264104 -0.52249714
vn -0.70600494 0.65429830 -0.27101800
vn -0.70600412 0.60384697 -0.37003651
vn 0.00000000 0.97237100 -0.23344089
vn 0.00000000 0.92387802 -0.38268708
vn -0.70602285 0.65428031 -0.27101476
vn -0.70602100 0.68862326 -0.16532497
vn 0.00000000 0.99691696 -0.07846384
vn 0.00000000 0.97237100 -0.23344089
vn -0.70600326 0.70602562 -0.05556278
vn -0.70600067 0.68864400 -0.16532541
vn 0.00000000 0.99691697 0.07846375
vn 0.00000000 0.99691696 -0.07846384
vn -0.70602792 0.70600111 0.05556088
vn -0.70603073 0.70599785 -0.05556658
vn 0.00000000 0.99691697 0.07846375
vn 0.00000000 0.97237095 0.23344107
vn -0.70600055 0.70602785 0.05556895
vn -0.70600300 0.68864069 0.16532924
vn 0.00000000 0.97237095 0.23344107
vn 0.00000000 0.92387801 0.38268711
vn -0.70602043 0.65428406 0.27101203
vn -0.70602279 0.68862252 0.16532046
vn 0.00000000 0.92387801 0.38268711
vn 0.00000000 0.85264115 0.52249696
vn -0.70600177 0.65429970 0.27102290
vn -0.70600340 0.60384657 0.37003854
vn 0.00000000 0.85264115 0.52249696
vn 0.00000000 0.76040574 0.64944831
vn -0.70601358 0.53851737 0.45993898
vn -0.70601303 0.60383948 0.37003174
vn 0.00000000 0.76040574 0.64944831
vn 0.00000000 0.64944824 0.76040580
vn -0.70601822 0.53851451 0.45993521
vn -0.70601750 0.45993604 0.53851475
vn 0.00000000 0.64944824 0.76040580
vn 0.00000000 0.52249890 0.85263996
vn -0.70601483 0.45993733 0.53851715
vn -0.70601428 0.37003278 0.60383738
vn 0.00000000 0.52249890 0.85263996
vn 0.00000000 0.38268267 0.92387985
vn -0.70601303 0.27101539 0.65429066
vn -0.70601242 0.37003340 0.60383917
vn 0.00000000 0.38268267 0.92387985
vn 0.00000000 0.23344582 0.97236981
vn -0.70601321 0.27101536 0.65429048
vn -0.70601298 0.16532598 0.68863124
vn 0.00000000 0.23344582 0.97236981
vn 0.00000000 0.07845902 0.99691734
vn -0.70601363 0.05556423 0.70601514
vn -0.70601339 0.16532597 0.68863082
vn -0.70601488 -0.05556410 0.70601389
vn -0.70601474 0.05556439 0.70601401
vn -1.00000000 -0.00000000 0.00000003
vn -0.70601349 0.05556421 0.70601528
vn -0.70601335 0.16532597 0.68863087
vn -1.00000000 0.00000001 0.00000003
vn -0.70601319 0.27101536 0.65429050
vn -0.70601293 0.16532598 0.68863129
vn -1.00000000 0.00000000 0.00000000
vn -0.70601301 0.27101539 0.65429068
vn -0.70601261 0.37003334 0.60383899
vn -1.00000000 -0.00000001 -0.00000001
vn -0.70601511 0.45993719 0.53851690
vn -0.70601449 0.37003271 0.60383718
vn -1.00000000 -0.00000004 0.00000002
vn -0.70601773 0.53851481 0.45993560
vn -0.70601780 0.45993590 0.53851448
vn -1.00000000 0.00000000 0.00000004
vn -0.70601306 0.53851770 0.45993940
vn -0.70601202 0.60384022 0.37003245
vn -1.00000000 -0.00000002 0.00000005
vn -0.70600372 0.65429806 0.27102176
vn -0.70600232 0.60384736 0.37003930
vn -1.00000000 -0.00000001 0.00000002
vn -0.70602252 0.65428231 0.27101082
vn -0.70602072 0.68862441 0.16532138
vn -1.00000000 0.00000001 0.00000003
vn -0.70600340 0.70602506 0.05556811
vn -0.70600078 0.68864273 0.16533023
vn -1.00000000 -0.00000005 0.00000005
vn -0.70603099 0.70599811 0.05555998
vn -0.70602786 0.70600075 -0.05556618
vn -1.00000000 -0.00000002 0.00000003
vn -0.70600018 0.70602873 -0.05556235
vn -0.70600279 0.68864184 -0.16532536
vn -1.00000000 0.00000002 0.00000005
vn -0.70602098 0.65428219 -0.27101510
vn -0.70602328 0.68862094 -0.16532492
vn -1.00000000 -0.00000002 0.00000003
vn -0.70600294 0.65430031 -0.27101837
vn -0.70600497 0.60384616 -0.37003623
vn -1.00000000 -0.00000000 0.00000004
vn -0.70601351 0.53851807 -0.45993827
vn -0.70601311 0.60383831 -0.37003349
vn -1.00000000 0.00000002 0.00000005
vn -0.70601739 0.53851458 -0.45993640
vn -0.70601679 0.45993639 -0.53851538
vn -1.00000000 -0.00000000 0.00000004
vn -0.70601682 0.45993636 -0.53851536
vn -0.70601631 0.37003110 -0.60383604
vn -1.00000000 0.00000004 0.00000003
vn -0.70601328 0.27101577 -0.65429023
vn -0.70601240 0.37003386 -0.60383892
vn -1.00000000 0.00000001 -0.00000001
vn -0.70601565 0.27101438 -0.65428824
vn -0.70601531 0.16532557 -0.68862895
vn -1.00000000 -0.00000003 0.00000003
vn -0.70601366 0.05556454 -0.70601508
vn -0.70601338 0.16532643 -0.68863073
vn -1.00000000 -0.00000001 0.00000005
vn -0.70601504 -0.05556443 -0.70601371
vn -0.70601521 0.05556408 -0.70601357
vn -1.00000000 -0.00000000 0.00000005
vn -0.70601349 -0.05556421 -0.70601528
vn -0.70601336 -0.16532597 -0.68863086
vn -1.00000000 0.00000001 0.00000005
vn -0.70601174 -0.27101562 -0.65429195
vn -0.70601304 -0.16532598 -0.68863119
vn -1.00000000 0.00000003 0.00000004
vn -0.70601301 -0.27101539 -0.65429068
vn -0.70601284 -0.37003290 -0.60383899
vn -1.00000000 -0.00000001 -0.00000001
vn -0.70601612 -0.45993784 -0.53851501
vn -0.70601675 -0.37003159 -0.60383522
vn -1.00000000 -0.00000004 0.00000002
vn -0.70600930 -0.53852132 -0.45994092
vn -0.70600991 -0.45994084 -0.53852060
vn -0.70628082 -0.53835372 -0.45972021
vn -1.00000000 0.00000001 0.00000004
vn -0.99999999 -0.00011467 0.00001369
vn -0.70600169 -0.60381672 -0.37009051
vn -0.70628082 -0.53835372 -0.45972021
vn -0.70627753 -0.60361347 -0.36989570
vn -0.99999999 -0.00011467 0.00001369
vn -1.00000000 0.00001814 -0.00007861
vn -1.00000000 0.00006520 -0.00005948
vn -0.70600398 -0.65429858 -0.27101982
vn -0.70600169 -0.60381672 -0.37009051
vn -1.00000000 0.00000000 0.00000000
vn -1.00000000 0.00006520 -0.00005948
vn -0.70601324 -0.65429082 -0.27101443
vn -0.70601269 -0.68863182 -0.16532481
vn -1.00000000 0.00000012 0.00000008
vn -0.70601072 -0.70601809 -0.05556363
vn -0.70601086 -0.68863351 -0.16532562
vn -1.00000000 -0.00000000 0.00000003
vn -0.70600991 -0.70601890 0.05556371
vn -0.70600979 -0.70601900 -0.05556391
vn -1.00000000 -0.00000002 0.00000003
vn -0.70601093 -0.70601786 0.05556385
vn -0.70601131 -0.68863312 0.16532531
vn -1.00000000 0.00000000 0.00000004
vn -0.70601161 -0.65429152 0.27101699
vn -0.70601259 -0.68863181 0.16532529
vn -1.00000000 -0.00000004 0.00000004
vn -0.70600159 -0.65430158 0.27101880
vn -0.70600250 -0.60384739 0.37003891
vn -1.00000000 0.00000002 0.00000002
vn -0.70600554 -0.53852406 0.45994350
vn -0.70600409 -0.60384586 0.37003838
vn -1.00000000 0.00000002 0.00000005
vn -0.70601021 -0.53851986 0.45994124
vn -0.70601132 -0.45994067 0.53851890
vn -1.00000000 -0.00000000 0.00000004
vn -0.70601480 -0.45993783 0.53851675
vn -0.70601428 -0.37003247 0.60383757
vn -1.00000000 0.00000004 0.00000002
vn -0.70601262 -0.27101485 0.65429132
vn -0.70601240 -0.37003379 0.60383895
vn -1.00000000 0.00000001 -0.00000001
vn -0.70600916 -0.27101686 0.65429422
vn -0.70601074 -0.16532653 0.68863341
vn -1.00000000 0.00000000 0.00000000
vn -0.70601363 -0.05556447 0.70601512
vn -0.70601342 -0.16532534 0.68863095
vn -1.00000000 -0.00000001 0.00000003
vn -1.00000000 -0.00000000 0.00000004
vn -1.00000000 0.00000000 0.00000004
vn -1.00000000 -0.00000001 0.00000005
vn -1.00000000 -0.00000007 0.00000003
vn -1.00000000 0.00000001 0.00000002
vn -1.00000000 0.00001814 -0.00007861
vn -1.00000000 0.00006520 -0.00005948
vn -1.00000000 0.00000000 0.00000003
vn -1.00000000 0.00000001 0.00000003
vn -1.00000000 -0.00000001 0.00000002
vn -1.00000000 0.00000006 0.00000002
vn 0.00000002 0.95430368 0.29883856
vn 0.00000003 0.92419258 0.38192680
vn 0.00891556 0.96184136 0.27346243
vn 0.01428043 0.90631821 0.42235457
vn -1.00000000 0.00000002 0.00000005
vn 0.00000000 0.88728024 0.46123073
vn 0.00000000 0.84307612 0.53779426
vn 0.01428043 0.90631821 0.42235457
vn 0.01427802 0.81893176 0.57371327
vn -1.00000000 -0.00000001 0.00000005
vn 0.00000000 0.79286198 0.60940124
vn 0.00000000 0.75348209 0.65746843
vn 0.00217105 0.74667258 0.66518821
vn 0.00490592 0.73967383 0.67294767
vn 0.00989146 0.73030766 0.68304676
vn 0.01427802 0.81893176 0.57371327
vn 0.01627954 0.72161610 0.69210200
vn 0.01951855 0.71763323 0.69614767
vn -1.00000000 -0.00000000 0.00000004
vn -1.00000000 0.00000000 0.00000001
vn -1.00000000 0.00000001 0.00000008
vn -1.00000000 -0.00000001 0.00000008
vn 0.00000000 -0.96593231 -0.25879484
vn 0.00000000 -0.70709958 -0.70711398
vn -1.00000000 0.00000002 0.00000007
vn 0.00000000 -0.70709958 -0.70711398
vn 0.00000000 -0.25881474 -0.96592698
vn -1.00000000 0.00000012 0.00000014
vn -1.00000000 -0.00000000 0.00000003
vn 0.00000000 -0.17579137 0.98442744
vn 0.00192714 -0.15098990 0.98853343
vn 0.00976001 -0.00936789 0.99990849
vn -0.00282190 -0.53913133 0.84221698
vn -1.00000000 -0.00000000 0.00000006
vn 0.00033376 -0.84223031 0.53911779
vn 0.00569163 -0.44862795 0.89370049
vn -0.00010517 -0.65900824 0.75213571
vn -0.00282190 -0.53913133 0.84221698
vn -1.00000000 0.00000000 0.00000000
vn 0.00000000 -0.98442587 0.17580017
vn 0.00003110 -0.89971934 0.43646890
vn 0.00026633 -0.98540871 0.17020457
vn 0.00033376 -0.84223031 0.53911779
vn 0.00607907 -0.79058433 0.61232300
vn -1.00000000 0.00000000 0.00000000
vn 0.00000000 -1.00000000 0.00000000
vn 0.00000000 -0.96593231 -0.25879484
vn -1.00000000 0.00000000 0.00000000
vn 0.00000000 -1.00000000 0.00000000
vn 0.00000000 -0.98442587 0.17580017
vn -1.00000000 0.00000000 0.00000000
vn 0.00000000 0.16690065 0.98597372
vn 0.00000000 -0.10951857 0.99398475
vn -1.00000000 0.00000000 0.00000000
vn 0.00000000 0.39585570 0.91831273
vn 0.00000000 0.16690065 0.98597372
vn -0.00197154 0.48211125 0.87610779
vn -0.01156919 0.52572376 0.85057668
vn -1.00000000 0.00000000 0.00000000
vn -1.00000000 0.00000000 0.00000002
vn -1.00000000 -0.00000000 0.00000001
vn -1.00000000 -0.00000000 0.00000003
vn -1.00000000 0.00000001 0.00000005
vn -1.00000000 0.00000000 0.00000004
vn 0.00000000 0.39585570 0.91831273
vn 0.00000000 0.16690065 0.98597372
vn -1.00000000 0.00000000 0.00000000
vn 0.00000000 0.16690065 0.98597372
vn 0.00000000 -0.10951857 0.99398475
vn -0.07838501 -0.09447170 0.99243684
vn -0.08908392 -0.09337509 0.99163761
vn -1.00000000 0.00000000 0.00000000
vn 0.00000000 0.61335216 0.78980955
vn -0.00197154 0.48211125 0.87610779
vn -0.01156919 0.52572376 0.85057668
vn -0.50000855 0.00000364 0.86602047
vn 0.00000000 0.39585570 0.91831273
vn -0.01156919 0.52572376 0.85057668
vn -0.49999726 0.00000000 0.86602698
vn -1.00000000 0.00000000 0.00000000
vn 0.09985972 -0.99275646 0.06680303
vn -0.50000075 0.00000175 0.86602497
vn -1.00000000 0.00000000 0.00000000
vn 0.00003110 -0.89971934 0.43646890
vn 0.00026633 -0.98540871 0.17020457
vn 0.09985972 -0.99275646 0.06680303
vn -0.50000227 0.00000467 0.86602409
vn 0.00003110 -0.89971934 0.43646890
vn 0.00607907 -0.79058433 0.61232300
vn -0.49999937 -0.00000028 0.86602577
vn 0.00033376 -0.84223031 0.53911779
vn 0.00607907 -0.79058433 0.61232300
vn -0.00010517 -0.65900824 0.75213571
vn -0.50000384 0.00000583 0.86602319
vn 0.00569163 -0.44862795 0.89370049
vn -0.00010517 -0.65900824 0.75213571
vn -0.50002828 0.00002267 0.86600908
vn -0.49999580 -0.00000214 0.86602783
vn 0.00192714 -0.15098990 0.98853343
vn 0.00976001 -0.00936789 0.99990849
vn -0.50002828 0.00002267 0.86600908
vn -0.50000520 0.00000450 0.86602240
vn 0.00192714 -0.15098990 0.98853343
vn 0.00569163 -0.44862795 0.89370049
vn -0.00282190 -0.53913133 0.84221698
vn -0.50000520 0.00000450 0.86602240
vn 0.00000000 -1.00000000 0.00000000
vn 0.00000000 -0.98442587 0.17580017
vn 0.00026633 -0.98540871 0.17020457
vn 0.09985972 -0.99275646 0.06680303
vn -1.00000000 0.00000000 0.00000000
vn 0.00000000 -1.00000000 0.00000000
vn 0.00000000 -0.96593231 -0.25879484
vn -1.00000000 0.00000000 0.00000000
vn 0.00000000 -0.96593231 -0.25879484
vn 0.00000000 -0.70709958 -0.70711398
vn -1.00000000 0.00000000 0.00000000
vn 0.00000000 -0.70709958 -0.70711398
vn 0.00000000 -0.25881474 -0.96592698
vn -1.00000000 0.00000000 0.00000000
vn -0.49962159 0.82665961 0.25886704
vn -0.49987237 0.84292142 0.19902534
vn -0.51511743 0.83990541 0.17091793
vn -0.51906134 0.83895676 0.16348356
vn -0.51991626 0.83827750 0.16424956
vn -0.52022236 0.83827234 0.16330393
vn -0.52075732 0.83796948 0.16315320
vn -0.52151254 0.83758229 0.16272855
vn -0.53509197 0.79451078 0.28710487
vn -1.00000000 0.00000000 0.00000000
vn -0.49853305 0.75073113 0.43343692
vn -0.49964803 0.80056196 0.33083589
vn -0.49963323 0.76859491 0.39953535
vn -0.53509197 0.79451078 0.28710487
vn -0.56728918 0.69428891 0.44288360
vn -1.00000000 -0.00000005 0.00000011
vn -0.49853207 0.66277741 0.55874134
vn -0.49853305 0.75073113 0.43343692
vn -0.49964866 0.68679937 0.52788051
vn -0.56597079 0.60673377 0.55816772
vn -1.00000000 -0.00000006 0.00000013
vn -0.49853207 0.66277741 0.55874134
vn -0.49986800 0.59382194 0.63048195
vn -0.51753923 0.56371821 0.64371961
vn -0.51904514 0.56106314 0.64482579
vn -0.52020937 0.56052824 0.64435262
vn -0.52028841 0.56053007 0.64428721
vn -0.52149584 0.55964064 0.64408419
vn -0.52175634 0.55945220 0.64403692
vn -1.00000000 0.00000000 0.00000000
vn -0.07838501 -0.09447170 0.99243684
vn -0.52028841 0.56053007 0.64428721
vn -1.00000000 0.00000000 0.00000000
vn -0.07838501 -0.09447170 0.99243684
vn -0.08908392 -0.09337509 0.99163761
vn -0.51904514 0.56106314 0.64482579
vn -0.52028841 0.56053007 0.64428721
vn 0.00035443 0.70279080 0.71139649
vn -0.00059795 0.71127222 0.70291641
vn -0.00169595 0.69563993 0.71838862
vn -0.00659361 0.68561128 0.72793797
vn -0.01386432 0.73587681 0.67697349
vn -0.49853207 0.66277741 0.55874134
vn -0.49986800 0.59382194 0.63048195
vn -0.56597079 0.60673377 0.55816772
vn 0.00000000 0.79286198 0.60940124
vn 0.00000000 0.75348209 0.65746843
vn -0.00282257 0.74906282 0.66249296
vn -0.00823346 0.74293689 0.66931083
vn -0.01386432 0.73587681 0.67697349
vn -0.02012936 0.73448605 0.67832518
vn -0.03846695 0.72604880 0.68656641
vn -0.49964866 0.68679937 0.52788051
vn -0.56597079 0.60673377 0.55816772
vn 0.00000000 0.84307612 0.53779426
vn 0.00000000 0.79286198 0.60940124
vn 0.01427802 0.81893176 0.57371327
vn -0.49853305 0.75073113 0.43343692
vn -0.49964866 0.68679937 0.52788051
vn -0.56728918 0.69428891 0.44288360
vn 0.00000000 0.88728024 0.46123073
vn 0.00000000 0.84307612 0.53779426
vn -0.49963323 0.76859491 0.39953535
vn -0.56728918 0.69428891 0.44288360
vn 0.00000003 0.92419258 0.38192680
vn 0.00000000 0.88728024 0.46123073
vn 0.01428043 0.90631821 0.42235457
vn -0.49964803 0.80056196 0.33083589
vn -0.49963323 0.76859491 0.39953535
vn 0.00000002 0.95430368 0.29883856
vn 0.00000003 0.92419258 0.38192680
vn -0.49962159 0.82665961 0.25886704
vn -0.49964803 0.80056196 0.33083589
vn -0.53509197 0.79451078 0.28710487
vn 0.00000002 0.97323903 0.22979512
vn 0.00000002 0.95430368 0.29883856
vn 0.00891556 0.96184136 0.27346243
vn -0.49962159 0.82665961 0.25886704
vn -0.49987237 0.84292142 0.19902534
f 1//1 5//5 9//9
f 14//14 20//20 31//31
f 32//32 41//41 16//16
f 15//15 40//40 43//43
f 17//17 45//45 12//12
f 11//11 44//44 50//50
f 10//10 49//49 2//2
f 58//58 64//64 67//67
f 59//59 68//68 73//73
f 74//74 69//69 78//78
f 75//75 80//80 84//84
f 83//83 79//79 88//88
f 85//85 89//89 93//93
f 94//94 90//90 98//98
f 95//95 100//100 104//104
f 103//103 99//99 108//108
f 105//105 109//109 115//115
f 116//116 110//110 121//121
f 114//114 119//119 125//125
f 126//126 120//120 132//132
f 124//124 131//131 137//137
f 136//136 130//130 142//142
f 135//135 140//140 147//147
f 141//141 152//152 148//148
f 145//145 151//151 156//156
f 146//146 157//157 162//162
f 160//160 155//155 167//167
f 161//161 168//168 174//174
f 175//175 62//62 55//55
f 56//56 183//183 176//176
f 178//178 184//184 188//188
f 177//177 187//187 192//192
f 193//193 189//189 196//196
f 197//197 190//190 204//204
f 198//198 205//205 208//208
f 209//209 206//206 214//214
f 210//210 215//215 218//218
f 219//219 216//216 225//225
f 220//220 226//226 229//229
f 228//228 224//224 238//238
f 227//227 237//237 241//241
f 240//240 236//236 248//248
f 239//239 246//246 251//251
f 247//247 258//258 252//252
f 250//250 257//257 263//263
f 249//249 262//262 267//267
f 261//261 273//273 266//266
f 264//264 272//272 171//171
f 265//265 172//172 165//165
f 275//275 285//285 294//294
f 295//295 288//288 299//299
f 296//296 301//301 304//304
f 305//305 302//302 310//310
f 309//309 300//300 315//315
f 308//308 313//313 317//317
f 321//321 323//323 314//314
f 314//314 323//323 318//318
f 327//327 332//332 335//335
f 341//341 346//346 350//350
f 351//351 348//348 328//328
f 352//352 330//330 357//357
f 356//356 329//329 337//337
f 361//361 364//364 369//369
f 371//371 347//347 342//342
f 376//376 381//381 368//368
f 368//368 381//381 373//373
f 367//367 372//372 359//359
f 360//360 374//374 343//343
f 321//321 382//382 323//323
f 323//323 382//382 377//377
f 324//324 379//379 385//385
f 384//384 378//378 388//388
f 395//395 400//400 405//405
f 404//404 409//409 394//394
f 396//396 410//410 413//413
f 397//397 414//414 419//419
f 319//319 326//326 426//426
f 425//425 325//325 386//386
f 427//427 387//387 389//389
f 423//423 283//283 297//297
f 298//298 306//306 424//424
f 428//428 307//307 311//311
f 429//429 312//312 320//320
f 435//435 440//440 447//447
f 445//445 436//436 391//391
f 446//446 392//392 451//451
f 452//452 393//393 418//418
f 453//453 420//420 456//456
f 434//434 460//460 437//437
f 438//438 461//461 465//465
f 439//439 466//466 470//470
f 464//464 475//475 467//467
f 468//468 476//476 484//484
f 469//469 485//485 430//430
f 421//421 483//483 491//491
f 422//422 492//492 282//282
f 498//498 504//504 507//507
f 499//499 508//508 512//512
f 513//513 509//509 517//517
f 514//514 519//519 523//523
f 522//522 518//518 527//527
f 524//524 528//528 532//532
f 533//533 529//529 537//537
f 534//534 539//539 544//544
f 543//543 538//538 548//548
f 545//545 549//549 554//554
f 555//555 550//550 560//560
f 553//553 558//558 564//564
f 565//565 559//559 571//571
f 563//563 570//570 576//576
f 575//575 569//569 581//581
f 574//574 579//579 586//586
f 580//580 591//591 587//587
f 584//584 590//590 595//595
f 585//585 596//596 601//601
f 599//599 594//594 606//606
f 600//600 607//607 613//613
f 614//614 502//502 495//495
f 496//496 622//622 615//615
f 617//617 623//623 627//627
f 616//616 626//626 630//630
f 631//631 628//628 634//634
f 635//635 629//629 642//642
f 636//636 643//643 646//646
f 647//647 644//644 652//652
f 648//648 653//653 656//656
f 657//657 654//654 664//664
f 658//658 665//665 668//668
f 667//667 663//663 676//676
f 666//666 675//675 679//679
f 678//678 674//674 686//686
f 677//677 684//684 689//689
f 685//685 696//696 690//690
f 688//688 695//695 701//701
f 687//687 700//700 705//705
f 699//699 711//711 704//704
f 702//702 710//710 611//611
f 703//703 612//612 604//604
f 712//712 716//716 721//721
f 723//723 718//718 728//728
f 722//722 726//726 731//731
f 732//732 729//729 737//737
f 736//736 727//727 742//742
f 735//735 741//741 745//745
f 717//717 713//713 749//749
f 719//719 751//751 756//756
f 691//691 707//707 762//762
f 649//649 770//770 637//637
f 639//639 771//771 782//782
f 638//638 781//781 633//633
f 645//645 655//655 768//768
f 769//769 659//659 669//669
f 772//772 670//670 763//763
f 765//765 671//671 681//681
f 764//764 680//680 692//692
f 603//603 592//592 788//788
f 789//789 593//593 588//588
f 589//589 577//577 790//790
f 792//792 578//578 567//567
f 793//793 568//568 804//804
f 803//803 566//566 557//557
f 802//802 556//556 547//547
f 546//546 536//536 801//801
f 800//800 535//535 526//526
f 799//799 525//525 516//516
f 515//515 506//506 798//798
f 797//797 505//505 501//501
f 795//795 500//500 776//776
f 779//779 503//503 618//618
f 780//780 619//619 632//632
f 706//706 605//605 761//761
f 760//760 602//602 787//787
f 759//759 786//786 807//807
f 808//808 791//791 815//815
f 750//750 819//819 754//754
f 755//755 820//820 824//824
f 757//757 826//826 814//814
f 812//812 825//825 829//829
f 813//813 830//830 806//806
f 833//833 796//796 777//777
f 778//778 838//838 835//835
f 836//836 839//839 843//843
f 834//834 842//842 850//850
f 849//849 841//841 853//853
f 848//848 852//852 857//857
f 861//861 866//866 856//856
f 856//856 866//866 847//847
f 871//871 873//873 876//876
f 883//883 888//888 894//894
f 893//893 887//887 901//901
f 905//905 911//911 917//917
f 915//915 910//910 891//891
f 916//916 896//896 921//921
f 920//920 895//895 902//902
f 909//909 926//926 890//890
f 889//889 925//925 929//929
f 892//892 931//931 878//878
f 877//877 930//930 936//936
f 876//876 935//935 871//871
f 939//939 946//946 949//949
f 940//940 950//950 956//956
f 957//957 951//951 959//959
f 958//958 961//961 967//967
f 966//966 960//960 969//969
f 968//968 970//970 976//976
f 977//977 971//971 979//979
f 978//978 981//981 988//988
f 987//987 980//980 991//991
f 989//989 992//992 999//999
f 1000//1000 993//993 1004//1004
f 998//998 1002//1002 1009//1009
f 1010//1010 1003//1003 1013//1013
f 1008//1008 1012//1012 1020//1020
f 1019//1019 1011//1011 1023//1023
f 1018//1018 1021//1021 1031//1031
f 1022//1022 1034//1034 1032//1032
f 1029//1029 1033//1033 1038//1038
f 1030//1030 1039//1039 1046//1046
f 1044//1044 1037//1037 1049//1049
f 1045//1045 1050//1050 1056//1056
f 1061//1061 948//948 942//942
f 943//943 1067//1067 1062//1062
f 1064//1064 1068//1068 1072//1072
f 1063//1063 1071//1071 1077//1077
f 1078//1078 1073//1073 1081//1081
f 1082//1082 1074//1074 1086//1086
f 1083//1083 1087//1087 1091//1091
f 1092//1092 1088//1088 1096//1096
f 1093//1093 1097//1097 1102//1102
f 1103//1103 1098//1098 1109//1109
f 1104//1104 1110//1110 1115//1115
f 1114//1114 1108//1108 1120//1120
f 1113//1113 1119//1119 1125//1125
f 1124//1124 1118//1118 1130//1130
f 1123//1123 1128//1128 1135//1135
f 1129//1129 1140//1140 1136//1136
f 1134//1134 1139//1139 1145//1145
f 1133//1133 1144//1144 1151//1151
f 1143//1143 1155//1155 1150//1150
f 1148//1148 1154//1154 1057//1057
f 1149//1149 1058//1058 1052//1052
f 1157//1157 1161//1161 1166//1166
f 1168//1168 1163//1163 1173//1173
f 1167//1167 1172//1172 1177//1177
f 1181//1181 1191//1191 1200//1200
f 1201//1201 1194//1194 1162//1162
f 1202//1202 1164//1164 1206//1206
f 1205//1205 1160//1160 1156//1156
f 1209//1209 1213//1213 1218//1218
f 1220//1220 1215//1215 1225//1225
f 1219//1219 1223//1223 1228//1228
f 1229//1229 1226//1226 1234//1234
f 1233//1233 1224//1224 1239//1239
f 1232//1232 1238//1238 1242//1242
f 1246//1246 1250//1250 1255//1255
f 1241//1241 1237//1237 1259//1259
f 1263//1263 1266//1266 1269//1269
f 1247//1247 1256//1256 1275//1275
f 1270//1270 1243//1243 1264//1264
f 1262//1262 1241//1241 1259//1259
f 1261//1261 1258//1258 1279//1279
f 1279//1279 1258//1258 1282//1282
f 1278//1278 1281//1281 1253//1253
f 1253//1253 1281//1281 1284//1284
f 1254//1254 1285//1285 1273//1273
f 1273//1273 1285//1285 1287//1287
f 1292//1292 1297//1297 1301//1301
f 1303//1303 1308//1308 1294//1294
f 1293//1293 1307//1307 1310//1310
f 1295//1295 1312//1312 1290//1290
f 1289//1289 1311//1311 1317//1317
f 1288//1288 1316//1316 1274//1274
f 1302//1302 1298//1298 1320//1320
f 1322//1322 1299//1299 1328//1328
f 1321//1321 1326//1326 1331//1331
f 1041//1041 1035//1035 1338//1338
f 1340//1340 1036//1036 1026//1026
f 1339//1339 1025//1025 1348//1348
f 1347//1347 1024//1024 1015//1015
f 1014//1014 1005//1005 1345//1345
f 1344//1344 1001//1001 990//990
f 1346//1346 994//994 1185//1185
f 995//995 983//983 1187//1187
f 1186//1186 982//982 973//973
f 1184//1184 972//972 963//963
f 962//962 953//953 1183//1183
f 1182//1182 952//952 947//947
f 1180//1180 944//944 1190//1190
f 945//945 1059//1059 1192//1192
f 1193//1193 1060//1060 1075//1075
f 1195//1195 1076//1076 1079//1079
f 1080//1080 1089//1089 1196//1196
f 1197//1197 1090//1090 1099//1099
f 1198//1198 1100//1100 1358//1358
f 1359//1359 1101//1101 1112//1112
f 1357//1357 1111//1111 1122//1122
f 1121//1121 1132//1132 1355//1355
f 1354//1354 1131//1131 1147//1147
f 1353//1353 1146//1146 1048//1048
f 1332//1332 1327//1327 1361//1361
f 1363//1363 1329//1329 1368//1368
f 1362//1362 1366//1366 1371//1371
f 1372//1372 1367//1367 1376//1376
f 1378//1378 1369//1369 1356//1356
f 1377//1377 1351//1351 1335//1335
f 1336//1336 1352//1352 1047//1047
f 1337//1337 1051//1051 1040//1040
f 1385//1385 1251//1251 1249//1249
f 1248//1248 1276//1276 1384//1384
f 1386//1386 1277//1277 1318//1318
f 1387//1387 1319//1319 1314//1314
f 1169//1169 1179//1179 1394//1394
f 1393//1393 1178//1178 1403//1403
f 1395//1395 1404//1404 1407//1407
f 1391//1391 1189//1189 1203//1203
f 1204//1204 1207//1207 1392//1392
f 1396//1396 1208//1208 1158//1158
f 1397//1397 1159//1159 1170//1170
f 1334//1334 1413//1413 1325//1325
f 1323//1323 1409//1409 1381//1381
f 1324//1324 1382//1382 1304//1304
f 1305//1305 1383//1383 1313//1313
f 1306//1306 1315//1315 1309//1309
f 1333//1333 1364//1364 1410//1410
f 1411//1411 1365//1365 1374//1374
f 1412//1412 1375//1375 1418//1418
f 1373//1373 1379//1379 1415//1415
f 1416//1416 1380//1380 1342//1342
f 1417//1417 1343//1343 1398//1398
f 1389//1389 1341//1341 1349//1349
f 1390//1390 1350//1350 1188//1188
f 1176//1176 1171//1171 1400//1400
f 1401//1401 1174//1174 1422//1422
f 1402//1402 1423//1423 1406//1406
f 1405//1405 1421//1421 1427//1427
f 1430//1430 1435//1435 898//898
f 1420//1420 1441//1441 1426//1426
f 1425//1425 1440//1440 1444//1444
f 1428//1428 1445//1445 1449//1449
f 900//900 886//886 1433//1433
f 1432//1432 885//885 882//882
f 1431//1431 881//881 1454//1454
f 1452//1452 880//880 1456//1456
f 1453//1453 1457//1457 1460//1460
f 1462//1462 1458//1458 1450//1450
f 1461//1461 1447//1447 1464//1464
f 1465//1465 1448//1448 1443//1443
f 1467//1467 1472//1472 906//906
f 908//908 904//904 1469//1469
f 1468//1468 903//903 912//912
f 1470//1470 914//914 1438//1438
f 1437//1437 913//913 919//919
f 1436//1436 918//918 899//899
f 907//907 1473//1473 922//922
f 924//924 1474//1474 1479//1479
f 923//923 1476//1476 927//927
f 928//928 1477//1477 932//932
f 934//934 1478//1478 1484//1484
f 933//933 1482//1482 869//869
f 868//868 1481//1481 1487//1487
f 1488//1488 1483//1483 1494//1494
f 1486//1486 1493//1493 1498//1498
f 1497//1497 1492//1492 1503//1503
f 1504//1504 1495//1495 1510//1510
f 1502//1502 1508//1508 1513//1513
f 1512//1512 1507//1507 1516//1516
f 1518//1518 1509//1509 1523//1523
f 1517//1517 1521//1521 1526//1526
f 1527//1527 1524//1524 1532//1532
f 1531//1531 1522//1522 1536//1536
f 1530//1530 1535//1535 1540//1540
f 1533//1533 1542//1542 1550//1550
f 1548//1548 1541//1541 1555//1555
f 1549//1549 1556//1556 1559//1559
f 1544//1544 1506//1506 1514//1514
f 1515//1515 1519//1519 1545//1545
f 1547//1547 1520//1520 1528//1528
f 1550//1550 1529//1529 1533//1533
f 1505//1505 1543//1543 1499//1499
f 1501//1501 1546//1546 1563//1563
f 1500//1500 1562//1562 1491//1491
f 1490//1490 1561//1561 874//874
f 1489//1489 872//872 870//870
f 1539//1539 1534//1534 1552//1552
f 1553//1553 1537//1537 1567//1567
f 1554//1554 1568//1568 1558//1558
f 1557//1557 1566//1566 1572//1572
f 1575//1575 865//865 860//860
f 1565//1565 1580//1580 1570//1570
f 1571//1571 1581//1581 1583//1583
f 1573//1573 1585//1585 1590//1590
f 862//862 1593//1593 1578//1578
f 1577//1577 1592//1592 1598//1598
f 1576//1576 1597//1597 1603//1603
f 1602//1602 1596//1596 1606//1606
f 1601//1601 1605//1605 1610//1610
f 1611//1611 1607//1607 1589//1589
f 1609//1609 1588//1588 1614//1614
f 1613//1613 1587//1587 1584//1584
f 1599//1599 1595//1595 1621//1621
f 1619//1619 1594//1594 863//863
f 846//846 840//840 785//785
f 864//864 858//858 1620//1620
f 1622//1622 859//859 854//854
f 1623//1623 855//855 845//845
f 738//738 748//748 1631//1631
f 1628//1628 747//747 1637//1637
f 1630//1630 1638//1638 1640//1640
f 715//715 724//724 1627//1627
f 1629//1629 725//725 733//733
f 1632//1632 734//734 739//739
f 844//844 784//784 1618//1618
f 1617//1617 783//783 774//774
f 1616//1616 773//773 1642//1642
f 775//775 767//767 1645//1645
f 1644//1644 766//766 810//810
f 1643//1643 809//809 1647//1647
f 1651//1651 811//811 832//832
f 831//831 828//828 1649//1649
f 1648//1648 827//827 822//822
f 1650//1650 823//823 1633//1633
f 1625//1625 821//821 752//752
f 1626//1626 753//753 714//714
f 402//402 399//399 1655//1655
f 744//744 740//740 1659//1659
f 1663//1663 1639//1639 1635//1635
f 403//403 1656//1656 408//408
f 1636//1636 746//746 1664//1664
f 1662//1662 744//744 1659//1659
f 1661//1661 1658//1658 1666//1666
f 1666//1666 1658//1658 1669//1669
f 1667//1667 1670//1670 1653//1653
f 1653//1653 1670//1670 1672//1672
f 1654//1654 1673//1673 406//406
f 406//406 1673//1673 1675//1675
f 1680//1680 1686//1686 449//449
f 450//450 455//455 1682//1682
f 1681//1681 454//454 415//415
f 1683//1683 417//417 1678//1678
f 1677//1677 416//416 412//412
f 1676//1676 411//411 407//407
f 448//448 1685//1685 442//442
f 444//444 1687//1687 1691//1691
f 443//443 1689//1689 432//432
f 1698//1698 1701//1701 480//480
f 482//482 1702//1702 1708//1708
f 481//481 1707//1707 490//490
f 489//489 1706//1706 1713//1713
f 1712//1712 1718//1718 487//487
f 486//486 1714//1714 1719//1719
f 488//488 1723//1723 279//279
f 1724//1724 1729//1729 281//281
f 280//280 1728//1728 1734//1734
f 278//278 1733//1733 1739//1739
f 1738//1738 1744//1744 277//277
f 276//276 1743//1743 1748//1748
f 274//274 1745//1745 284//284
f 1746//1746 1750//1750 286//286
f 287//287 1751//1751 1756//1756
f 289//289 1757//1757 1760//1760
f 1761//1761 1765//1765 290//290
f 291//291 1766//1766 1770//1770
f 292//292 1771//1771 1783//1783
f 1784//1784 1772//1772 1787//1787
f 1782//1782 1786//1786 1792//1792
f 1791//1791 1797//1797 1780//1780
f 1779//1779 1796//1796 1803//1803
f 1778//1778 1802//1802 1809//1809
f 433//433 1690//1690 457//457
f 459//459 1692//1692 1816//1816
f 458//458 1814//1814 462//462
f 463//463 1815//1815 472//472
f 474//474 1817//1817 1781//1781
f 473//473 1776//1776 477//477
f 478//478 1777//1777 1808//1808
f 479//479 1812//1812 1697//1697
f 1821//1821 1747//1747 1740//1740
f 1822//1822 1741//1741 1828//1828
f 1829//1829 1742//1742 1735//1735
f 1830//1830 1737//1737 1834//1834
f 1833//1833 1736//1736 1730//1730
f 1835//1835 1731//1731 1839//1839
f 1840//1840 1732//1732 1725//1725
f 1841//1841 1727//1727 1845//1845
f 1844//1844 1726//1726 1720//1720
f 1846//1846 1721//1721 1851//1851
f 1852//1852 1722//1722 1717//1717
f 1850//1850 1715//1715 1856//1856
f 1857//1857 1716//1716 1711//1711
f 1855//1855 1710//1710 1862//1862
f 1861//1861 1709//1709 1705//1705
f 1860//1860 1703//1703 1867//1867
f 1704//1704 1700//1700 1868//1868
f 1865//1865 1699//1699 1695//1695
f 1866//1866 1696//1696 1873//1873
f 1871//1871 1694//1694 1810//1810
f 1872//1872 1811//1811 1876//1876
f 1752//1752 1749//1749 1824//1824
f 1825//1825 1882//1882 1753//1753
f 1755//1755 1883//1883 1888//1888
f 1754//1754 1887//1887 1758//1758
f 1759//1759 1889//1889 1762//1762
f 1763//1763 1890//1890 1893//1893
f 1764//1764 1894//1894 1767//1767
f 1768//1768 1895//1895 1898//1898
f 1769//1769 1899//1899 1773//1773
f 1774//1774 1900//1900 1904//1904
f 1775//1775 1905//1905 1790//1790
f 1789//1789 1903//1903 1911//1911
f 1788//1788 1910//1910 1795//1795
f 1794//1794 1909//1909 1916//1916
f 1793//1793 1914//1914 1800//1800
f 1915//1915 1920//1920 1801//1801
f 1799//1799 1919//1919 1925//1925
f 1798//1798 1924//1924 1807//1807
f 1923//1923 1929//1929 1806//1806
f 1804//1804 1928//1928 1878//1878
f 1805//1805 1879//1879 1813//1813
f 1863//1863 1870//1870 1933//1933
f 1864//1864 1935//1935 1858//1858
f 1939//1939 1819//1819 1945//1945
f 1948//1948 1820//1820 1827//1827
f 1947//1947 1826//1826 1951//1951
f 1955//1955 1831//1831 1836//1836
f 1950//1950 1832//1832 1837//1837
f 1838//1838 1842//1842 1952//1952
f 1953//1953 1843//1843 1847//1847
f 1954//1954 1848//1848 1934//1934
f 1937//1937 1849//1849 1854//1854
f 1936//1936 1853//1853 1859//1859
f 1896//1896 1892//1892 1959//1959
f 1958//1958 1891//1891 1885//1885
f 1957//1957 1884//1884 1941//1941
f 1943//1943 1886//1886 1881//1881
f 1942//1942 1880//1880 1823//1823
f 1877//1877 1926//1926 1966//1966
f 1967//1967 1927//1927 1921//1921
f 1968//1968 1922//1922 1917//1917
f 1918//1918 1912//1912 1970//1970
f 1971//1971 1913//1913 1908//1908
f 1969//1969 1907//1907 1962//1962
f 1961//1961 1906//1906 1902//1902
f 1960//1960 1901//1901 1897//1897
f 624//624 621//621 1976//1976
f 609//609 708//708 1984//1984
f 597//597 610//610 1994//1994
f 1993//1993 608//608 1983//1983
f 1992//1992 1982//1982 2003//2003
f 2003//2003 1982//1982 2006//2006
f 2002//2002 2005//2005 2009//2009
f 2009//2009 2005//2005 2012//2012
f 2008//2008 2011//2011 2015//2015
f 2015//2015 2011//2011 2018//2018
f 2014//2014 2017//2017 2020//2020
f 2020//2020 2017//2017 2023//2023
f 2021//2021 2024//2024 2026//2026
f 2026//2026 2024//2024 2029//2029
f 2027//2027 2030//2030 2032//2032
f 2032//2032 2030//2030 2035//2035
f 2033//2033 2036//2036 1964//1964
f 1964//1964 2036//2036 1930//1930
f 1965//1965 1931//1931 1874//1874
f 1875//1875 1932//1932 1869//1869
f 625//625 1977//1977 640//640
f 709//709 697//697 1985//1985
f 1986//1986 698//698 693//693
f 1987//1987 694//694 682//682
f 683//683 672//672 1988//1988
f 1989//1989 673//673 660//660
f 1990//1990 661//661 1978//1978
f 1980//1980 662//662 651//651
f 1979//1979 650//650 641//641
f 497//497 510//510 2040//2040
f 2041//2041 511//511 520//520
f 561//561 573//573 1997//1997
f 1996//1996 572//572 583//583
f 1995//1995 582//582 598//598
f 521//521 530//530 2042//2042
f 2044//2044 531//531 542//542
f 2043//2043 541//541 2000//2000
f 1999//1999 540//540 552//552
f 1998//1998 551//551 562//562
f 620//620 494//494 1975//1975
f 1973//1973 493//493 2038//2038
f 1974//1974 2039//2039 2046//2046
f 2046//2046 2039//2039 2049//2049
f 2047//2047 2050//2050 2052//2052
f 2052//2052 2050//2050 2055//2055
f 2053//2053 2056//2056 2058//2058
f 2058//2058 2056//2056 2061//2061
f 2059//2059 2062//2062 2065//2065
f 2065//2065 2062//2062 2068//2068
f 143//143 159//159 2073//2073
f 144//144 2075//2075 133//133
f 2079//2079 53//53 2085//2085
f 2088//2088 57//57 72//72
f 2087//2087 71//71 2092//2092
f 2090//2090 70//70 81//81
f 2091//2091 82//82 91//91
f 92//92 101//101 2093//2093
f 2094//2094 102//102 111//111
f 2095//2095 112//112 2074//2074
f 2077//2077 113//113 123//123
f 2076//2076 122//122 134//134
f 212//212 203//203 2098//2098
f 2097//2097 202//202 185//185
f 2102//2102 191//191 2083//2083
f 2082//2082 186//186 182//182
f 2081//2081 181//181 54//54
f 170//170 270//270 2106//2106
f 2107//2107 271//271 259//259
f 2108//2108 260//260 255//255
f 256//256 244//244 2110//2110
f 2111//2111 245//245 235//235
f 2109//2109 234//234 2101//2101
f 2100//2100 233//233 223//223
f 2099//2099 222//222 213//213
f 938//938 954//954 2115//2115
f 2116//2116 955//955 964//964
f 1006//1006 1017//1017 2126//2126
f 2125//2125 1016//1016 1028//1028
f 2124//2124 1027//1027 1043//1043
f 965//965 974//974 2117//2117
f 2119//2119 975//975 986//986
f 2118//2118 985//985 2129//2129
f 2128//2128 984//984 997//997
f 2127//2127 996//996 1007//1007
f 1069//1069 1066//1066 2134//2134
f 1054//1054 1152//1152 2142//2142
f 1070//1070 2135//2135 1084//1084
f 1153//1153 1141//1141 2143//2143
f 2144//2144 1142//1142 1137//1137
f 2145//2145 1138//1138 1126//1126
f 1127//1127 1116//1116 2146//2146
f 2147//2147 1117//1117 1105//1105
f 2148//2148 1106//1106 2136//2136
f 2138//2138 1107//1107 1095//1095
f 2137//2137 1094//1094 1085//1085
f 2064//2064 2067//2067 2151//2151
f 2151//2151 2067//2067 2154//2154
f 2150//2150 2153//2153 2157//2157
f 2157//2157 2153//2153 2160//2160
f 2156//2156 2159//2159 2163//2163
f 2163//2163 2159//2159 2166//2166
f 2162//2162 2165//2165 2114//2114
f 2114//2114 2165//2165 2132//2132
f 2113//2113 2131//2131 937//937
f 941//941 2133//2133 1065//1065
f 1042//1042 1055//1055 2123//2123
f 2122//2122 1053//1053 2141//2141
f 2121//2121 2140//2140 2169//2169
f 2169//2169 2140//2140 2172//2172
f 2168//2168 2171//2171 2175//2175
f 2175//2175 2171//2171 2178//2178
f 2174//2174 2177//2177 2181//2181
f 2181//2181 2177//2177 2184//2184
f 2180//2180 2183//2183 2186//2186
f 2186//2186 2183//2183 2189//2189
f 2187//2187 2190//2190 2192//2192
f 2192//2192 2190//2190 2195//2195
f 2193//2193 2196//2196 2198//2198
f 2198//2198 2196//2196 2201//2201
f 2199//2199 2202//2202 2104//2104
f 2104//2104 2202//2202 2070//2070
f 2105//2105 2071//2071 169//169
f 173//173 2072//2072 158//158
f 1940//1940 1946//1946 2204//2204
f 2204//2204 1946//1946 2207//2207
f 2204//2204 2207//2207 2210//2210
f 2213//2213 2216//2216 2218//2218
f 2218//2218 2216//2216 2080//2080
f 2218//2218 2080//2080 2086//2086
f 2221//2221 2224//2224 2226//2226
f 2221//2221 2226//2226 2229//2229
f 2230//2230 2227//2227 2232//2232
f 2230//2230 2232//2232 2235//2235
f 2236//2236 2233//2233 2209//2209
f 2236//2236 2209//2209 2206//2206
f 2220//2220 2238//2238 2223//2223
f 2223//2223 2238//2238 2242//2242
f 2240//2240 2246//2246 2252//2252
f 2257//2257 2260//2260 2264//2264
f 2265//2265 2262//2262 2268//2268
f 2266//2266 2270//2270 2273//2273
f 2272//2272 2269//2269 2277//2277
f 2274//2274 2278//2278 2282//2282
f 2280//2280 2276//2276 2285//2285
f 2281//2281 2286//2286 2253//2253
f 2251//2251 2284//2284 2244//2244
f 2250//2250 2243//2243 2239//2239
f 2288//2288 2291//2291 2295//2295
f 2296//2296 2293//2293 2300//2300
f 2297//2297 2301//2301 2305//2305
f 2304//2304 2299//2299 2309//2309
f 2303//2303 2308//2308 2313//2313
f 2261//2261 2258//2258 2315//2315
f 2315//2315 2258//2258 336//336
f 2315//2315 336//336 333//333
f 2292//2292 2289//2289 2317//2317
f 2317//2317 2289//2289 2320//2320
f 2317//2317 2320//2320 2325//2325
f 2328//2328 2332//2332 2335//2335
f 2335//2335 2332//2332 2339//2339
f 2334//2334 2338//2338 2342//2342
f 2342//2342 2338//2338 2348//2348
f 2341//2341 2347//2347 2351//2351
f 2351//2351 2347//2347 2357//2357
f 2350//2350 2356//2356 2359//2359
f 2359//2359 2356//2356 2364//2364
f 2360//2360 2365//2365 2367//2367
f 2367//2367 2365//2365 2373//2373
f 2368//2368 2374//2374 2376//2376
f 2376//2376 2374//2374 2381//2381
f 2377//2377 2382//2382 2384//2384
f 2384//2384 2382//2382 2388//2388
f 2385//2385 2389//2389 2392//2392
f 2392//2392 2389//2389 2396//2396
f 2391//2391 2395//2395 2399//2399
f 2399//2399 2395//2395 2405//2405
f 2398//2398 2404//2404 2408//2408
f 2408//2408 2404//2404 2413//2413
f 2407//2407 2412//2412 2416//2416
f 2416//2416 2412//2412 2421//2421
f 2415//2415 2420//2420 2424//2424
f 2424//2424 2420//2420 2428//2428
f 2423//2423 2427//2427 2430//2430
f 2430//2430 2427//2427 2436//2436
f 2431//2431 2437//2437 2439//2439
f 2439//2439 2437//2437 2444//2444
f 2440//2440 2445//2445 2447//2447
f 2447//2447 2445//2445 2452//2452
f 2448//2448 2453//2453 2327//2327
f 2327//2327 2453//2453 2331//2331
f 2456//2456 2461//2461 2466//2466
f 2468//2468 2462//2462 2472//2472
f 2460//2460 2475//2475 2470//2470
f 2469//2469 2474//2474 2479//2479
f 2473//2473 2480//2480 2488//2488
f 2478//2478 2490//2490 2485//2485
f 2484//2484 2489//2489 2495//2495
f 2487//2487 2496//2496 2503//2503
f 2494//2494 2505//2505 2500//2500
f 2499//2499 2504//2504 2508//2508
f 2502//2502 2510//2510 2516//2516
f 2513//2513 2509//2509 2517//2517
f 2514//2514 2518//2518 2522//2522
f 2527//2527 2519//2519 2529//2529
f 2533//2533 2537//2537 2543//2543
f 2544//2544 2541//2541 2526//2526
f 2542//2542 2524//2524 2548//2548
f 2547//2547 2523//2523 2528//2528
f 2450//2450 2329//2329 2535//2535
f 2535//2535 2545//2545 2450//2450
f 2451//2451 2546//2546 2551//2551
f 2449//2449 2549//2549 2441//2441
f 2443//2443 2550//2550 2532//2532
f 2442//2442 2531//2531 2434//2434
f 2530//2530 2520//2520 2432//2432
f 2435//2435 2521//2521 2512//2512
f 2433//2433 2511//2511 2425//2425
f 2425//2425 2511//2511 2506//2506
f 2426//2426 2507//2507 2418//2418
f 2507//2507 2497//2497 2418//2418
f 2419//2419 2498//2498 2493//2493
f 2417//2417 2491//2491 2409//2409
f 2411//2411 2492//2492 2483//2483
f 2410//2410 2482//2482 2402//2402
f 2458//2458 2393//2393 2463//2463
f 2463//2463 2393//2393 2401//2401
f 2464//2464 2403//2403 2477//2477
f 2476//2476 2400//2400 2481//2481
f 2394//2394 2459//2459 2386//2386
f 2386//2386 2459//2459 2554//2554
f 2387//2387 2555//2555 2379//2379
f 2555//2555 2559//2559 2379//2379
f 2380//2380 2560//2560 2565//2565
f 2378//2378 2563//2563 2370//2370
f 2564//2564 2569//2569 2371//2371
f 2372//2372 2570//2570 2575//2575
f 2369//2369 2573//2573 2361//2361
f 2363//2363 2574//2574 2581//2581
f 2362//2362 2580//2580 2353//2353
f 2579//2579 2584//2584 2352//2352
f 2355//2355 2585//2585 2590//2590
f 2354//2354 2589//2589 2344//2344
f 2536//2536 2330//2330 2594//2594
f 2594//2594 2330//2330 2336//2336
f 2595//2595 2337//2337 2599//2599
f 2599//2599 2337//2337 2345//2345
f 2600//2600 2346//2346 2605//2605
f 2604//2604 2343//2343 2588//2588
f 2455//2455 2465//2465 2606//2606
f 2587//2587 2616//2616 2603//2603
f 2601//2601 2613//2613 2617//2617
f 2602//2602 2618//2618 2596//2596
f 2598//2598 2620//2620 2624//2624
f 2597//2597 2621//2621 2592//2592
f 2593//2593 2623//2623 2540//2540
f 2591//2591 2538//2538 2534//2534
f 2586//2586 2583//2583 2612//2612
f 2611//2611 2582//2582 2576//2576
f 2615//2615 2578//2578 2629//2629
f 2577//2577 2571//2571 2625//2625
f 2626//2626 2572//2572 2566//2566
f 2628//2628 2568//2568 2634//2634
f 2567//2567 2561//2561 2630//2630
f 2631//2631 2562//2562 2556//2556
f 2633//2633 2558//2558 2610//2610
f 2607//2607 2557//2557 2552//2552
f 2609//2609 2553//2553 2457//2457
f 2636//2636 2640//2640 2643//2643
f 2643//2643 2640//2640 2647//2647
f 2642//2642 2646//2646 2650//2650
f 2650//2650 2646//2646 2656//2656
f 2649//2649 2655//2655 2659//2659
f 2659//2659 2655//2655 2665//2665
f 2658//2658 2664//2664 2667//2667
f 2667//2667 2664//2664 2672//2672
f 2668//2668 2673//2673 2675//2675
f 2675//2675 2673//2673 2681//2681
f 2676//2676 2682//2682 2684//2684
f 2684//2684 2682//2682 2689//2689
f 2685//2685 2690//2690 2692//2692
f 2692//2692 2690//2690 2696//2696
f 2693//2693 2697//2697 2700//2700
f 2700//2700 2697//2697 2704//2704
f 2699//2699 2703//2703 2707//2707
f 2707//2707 2703//2703 2713//2713
f 2706//2706 2712//2712 2716//2716
f 2716//2716 2712//2712 2721//2721
f 2715//2715 2720//2720 2724//2724
f 2724//2724 2720//2720 2729//2729
f 2723//2723 2728//2728 2732//2732
f 2732//2732 2728//2728 2736//2736
f 2731//2731 2735//2735 2738//2738
f 2738//2738 2735//2735 2744//2744
f 2739//2739 2745//2745 2747//2747
f 2747//2747 2745//2745 2752//2752
f 2748//2748 2753//2753 2755//2755
f 2755//2755 2753//2753 2760//2760
f 2756//2756 2761//2761 2635//2635
f 2635//2635 2761//2761 2639//2639
f 2764//2764 2769//2769 2774//2774
f 2776//2776 2770//2770 2780//2780
f 2768//2768 2783//2783 2778//2778
f 2777//2777 2782//2782 2787//2787
f 2781//2781 2788//2788 2796//2796
f 2786//2786 2798//2798 2793//2793
f 2792//2792 2797//2797 2803//2803
f 2795//2795 2804//2804 2811//2811
f 2802//2802 2813//2813 2808//2808
f 2807//2807 2812//2812 2816//2816
f 2810//2810 2818//2818 2824//2824
f 2821//2821 2817//2817 2825//2825
f 2822//2822 2826//2826 2830//2830
f 2835//2835 2827//2827 2837//2837
f 2841//2841 2845//2845 2851//2851
f 2852//2852 2849//2849 2834//2834
f 2850//2850 2832//2832 2856//2856
f 2855//2855 2831//2831 2836//2836
f 2758//2758 2637//2637 2843//2843
f 2843//2843 2853//2853 2758//2758
f 2759//2759 2854//2854 2859//2859
f 2757//2757 2857//2857 2749//2749
f 2751//2751 2858//2858 2840//2840
f 2750//2750 2839//2839 2742//2742
f 2838//2838 2828//2828 2740//2740
f 2743//2743 2829//2829 2820//2820
f 2741//2741 2819//2819 2733//2733
f 2733//2733 2819//2819 2814//2814
f 2734//2734 2815//2815 2726//2726
f 2815//2815 2805//2805 2726//2726
f 2727//2727 2806//2806 2801//2801
f 2725//2725 2799//2799 2717//2717
f 2719//2719 2800//2800 2791//2791
f 2718//2718 2790//2790 2710//2710
f 2766//2766 2701//2701 2771//2771
f 2771//2771 2701//2701 2709//2709
f 2772//2772 2711//2711 2785//2785
f 2784//2784 2708//2708 2789//2789
f 2702//2702 2767//2767 2694//2694
f 2694//2694 2767//2767 2862//2862
f 2695//2695 2863//2863 2687//2687
f 2863//2863 2867//2867 2687//2687
f 2688//2688 2868//2868 2873//2873
f 2686//2686 2871//2871 2678//2678
f 2872//2872 2877//2877 2679//2679
f 2680//2680 2878//2878 2883//2883
f 2677//2677 2881//2881 2669//2669
f 2671//2671 2882//2882 2889//2889
f 2670//2670 2888//2888 2661//2661
f 2887//2887 2892//2892 2660//2660
f 2663//2663 2893//2893 2898//2898
f 2662//2662 2897//2897 2652//2652
f 2844//2844 2638//2638 2902//2902
f 2902//2902 2638//2638 2644//2644
f 2903//2903 2645//2645 2907//2907
f 2907//2907 2645//2645 2653//2653
f 2908//2908 2654//2654 2913//2913
f 2912//2912 2651//2651 2896//2896
f 2763//2763 2773//2773 2914//2914
f 2895//2895 2924//2924 2911//2911
f 2909//2909 2921//2921 2925//2925
f 2910//2910 2926//2926 2904//2904
f 2906//2906 2928//2928 2932//2932
f 2905//2905 2929//2929 2900//2900
f 2901//2901 2931//2931 2848//2848
f 2899//2899 2846//2846 2842//2842
f 2894//2894 2891//2891 2920//2920
f 2919//2919 2890//2890 2884//2884
f 2923//2923 2886//2886 2937//2937
f 2885//2885 2879//2879 2933//2933
f 2934//2934 2880//2880 2874//2874
f 2936//2936 2876//2876 2942//2942
f 2875//2875 2869//2869 2938//2938
f 2939//2939 2870//2870 2864//2864
f 2941//2941 2866//2866 2918//2918
f 2915//2915 2865//2865 2860//2860
f 2917//2917 2861//2861 2765//2765
f 2944//2944 2948//2948 2951//2951
f 2951//2951 2948//2948 2955//2955
f 2950//2950 2954//2954 2958//2958
f 2958//2958 2954//2954 2964//2964
f 2957//2957 2963//2963 2967//2967
f 2967//2967 2963//2963 2973//2973
f 2966//2966 2972//2972 2975//2975
f 2972//2972 2981//2981 2975//2975
f 2976//2976 2982//2982 2984//2984
f 2977//2977 2986//2986 2991//2991
f 2985//2985 2996//2996 2988//2988
f 2989//2989 2997//2997 2999//2999
f 2990//2990 3001//3001 3005//3005
f 3000//3000 3010//3010 3003//3003
f 3004//3004 3011//3011 3013//3013
f 3006//3006 3015//3015 3019//3019
f 3017//3017 3014//3014 3022//3022
f 3018//3018 3023//3023 3026//3026
f 3026//3026 3023//3023 3030//3030
f 3035//3035 3025//3025 3029//3029
f 3031//3031 3042//3042 3036//3036
f 3034//3034 3041//3041 3045//3045
f 3033//3033 3044//3044 3048//3048
f 3048//3048 3044//3044 3053//3053
f 3047//3047 3052//3052 3056//3056
f 3056//3056 3052//3052 3061//3061
f 3055//3055 3060//3060 3064//3064
f 3064//3064 3060//3060 3068//3068
f 3063//3063 3067//3067 3070//3070
f 3070//3070 3067//3067 3076//3076
f 3071//3071 3077//3077 3079//3079
f 3079//3079 3077//3077 3084//3084
f 3080//3080 3085//3085 3087//3087
f 3087//3087 3085//3085 3092//3092
f 3088//3088 3093//3093 2943//2943
f 2943//2943 3093//3093 2947//2947
f 3096//3096 3101//3101 3106//3106
f 3108//3108 3102//3102 3112//3112
f 3100//3100 3115//3115 3110//3110
f 3109//3109 3114//3114 3119//3119
f 3113//3113 3120//3120 3128//3128
f 3118//3118 3130//3130 3125//3125
f 3124//3124 3129//3129 3135//3135
f 3127//3127 3136//3136 3143//3143
f 3134//3134 3145//3145 3140//3140
f 3139//3139 3144//3144 3148//3148
f 3142//3142 3150//3150 3156//3156
f 3153//3153 3149//3149 3157//3157
f 3154//3154 3158//3158 3162//3162
f 3167//3167 3159//3159 3169//3169
f 3173//3173 3177//3177 3183//3183
f 3184//3184 3181//3181 3166//3166
f 3182//3182 3164//3164 3188//3188
f 3187//3187 3163//3163 3168//3168
f 3090//3090 2945//2945 3175//3175
f 3175//3175 3185//3185 3090//3090
f 3091//3091 3186//3186 3191//3191
f 3089//3089 3189//3189 3081//3081
f 3083//3083 3190//3190 3172//3172
f 3082//3082 3171//3171 3074//3074
f 3170//3170 3160//3160 3072//3072
f 3075//3075 3161//3161 3152//3152
f 3073//3073 3151//3151 3065//3065
f 3065//3065 3151//3151 3146//3146
f 3066//3066 3147//3147 3058//3058
f 3147//3147 3137//3137 3058//3058
f 3059//3059 3138//3138 3133//3133
f 3057//3057 3131//3131 3049//3049
f 3051//3051 3132//3132 3123//3123
f 3050//3050 3122//3122 3039//3039
f 3098//3098 3027//3027 3103//3103
f 3103//3103 3027//3027 3038//3038
f 3104//3104 3040//3040 3117//3117
f 3116//3116 3037//3037 3121//3121
f 3028//3028 3099//3099 3020//3020
f 3020//3020 3099//3099 3194//3194
f 3021//3021 3195//3195 3008//3008
f 3195//3195 3199//3199 3008//3008
f 3009//3009 3200//3200 3205//3205
f 3007//3007 3203//3203 2993//2993
f 3204//3204 3209//3209 2994//2994
f 2995//2995 3210//3210 3215//3215
f 2992//2992 3213//3213 2978//2978
f 2980//2980 3214//3214 3221//3221
f 2979//2979 3220//3220 2969//2969
f 3219//3219 3224//3224 2968//2968
f 2971//2971 3225//3225 3230//3230
f 2970//2970 3229//3229 2960//2960
f 3176//3176 2946//2946 3234//3234
f 3234//3234 2946//2946 2952//2952
f 3235//3235 2953//2953 3239//3239
f 3239//3239 2953//2953 2961//2961
f 3240//3240 2962//2962 3245//3245
f 3244//3244 2959//2959 3228//3228
f 3095//3095 3105//3105 3246//3246
f 3227//3227 3256//3256 3243//3243
f 3241//3241 3253//3253 3257//3257
f 3242//3242 3258//3258 3236//3236
f 3238//3238 3260//3260 3264//3264
f 3237//3237 3261//3261 3232//3232
f 3233//3233 3263//3263 3180//3180
f 3231//3231 3178//3178 3174//3174
f 3226//3226 3223//3223 3252//3252
f 3251//3251 3222//3222 3216//3216
f 3255//3255 3218//3218 3269//3269
f 3217//3217 3211//3211 3265//3265
f 3266//3266 3212//3212 3206//3206
f 3268//3268 3208//3208 3274//3274
f 3207//3207 3201//3201 3270//3270
f 3271//3271 3202//3202 3196//3196
f 3273//3273 3198//3198 3250//3250
f 3247//3247 3197//3197 3192//3192
f 3249//3249 3193//3193 3097//3097
f 3276//3276 3280//3280 3283//3283
f 3283//3283 3280//3280 3287//3287
f 3282//3282 3286//3286 3290//3290
f 3290//3290 3286//3286 3296//3296
f 3289//3289 3295//3295 3299//3299
f 3299//3299 3295//3295 3305//3305
f 3298//3298 3304//3304 3307//3307
f 3307//3307 3304//3304 3312//3312
f 3308//3308 3313//3313 3315//3315
f 3315//3315 3313//3313 3321//3321
f 3316//3316 3322//3322 3324//3324
f 3324//3324 3322//3322 3329//3329
f 3325//3325 3330//3330 3332//3332
f 3332//3332 3330//3330 3336//3336
f 3333//3333 3337//3337 3340//3340
f 3340//3340 3337//3337 3344//3344
f 3339//3339 3343//3343 3347//3347
f 3347//3347 3343//3343 3353//3353
f 3346//3346 3352//3352 3356//3356
f 3356//3356 3352//3352 3361//3361
f 3355//3355 3360//3360 3364//3364
f 3364//3364 3360//3360 3369//3369
f 3363//3363 3368//3368 3372//3372
f 3372//3372 3368//3368 3376//3376
f 3371//3371 3375//3375 3378//3378
f 3378//3378 3375//3375 3384//3384
f 3379//3379 3385//3385 3387//3387
f 3387//3387 3385//3385 3392//3392
f 3388//3388 3393//3393 3395//3395
f 3395//3395 3393//3393 3400//3400
f 3396//3396 3401//3401 3275//3275
f 3275//3275 3401//3401 3279//3279
f 3404//3404 3409//3409 3414//3414
f 3416//3416 3410//3410 3420//3420
f 3408//3408 3423//3423 3418//3418
f 3417//3417 3422//3422 3427//3427
f 3421//3421 3428//3428 3436//3436
f 3426//3426 3438//3438 3433//3433
f 3432//3432 3437//3437 3443//3443
f 3435//3435 3444//3444 3451//3451
f 3442//3442 3453//3453 3448//3448
f 3447//3447 3452//3452 3456//3456
f 3450//3450 3458//3458 3464//3464
f 3461//3461 3457//3457 3465//3465
f 3462//3462 3466//3466 3470//3470
f 3475//3475 3467//3467 3477//3477
f 3481//3481 3485//3485 3491//3491
f 3492//3492 3489//3489 3474//3474
f 3490//3490 3472//3472 3496//3496
f 3495//3495 3471//3471 3476//3476
f 3398//3398 3277//3277 3483//3483
f 3483//3483 3493//3493 3398//3398
f 3399//3399 3494//3494 3499//3499
f 3397//3397 3497//3497 3389//3389
f 3391//3391 3498//3498 3480//3480
f 3390//3390 3479//3479 3382//3382
f 3478//3478 3468//3468 3380//3380
f 3383//3383 3469//3469 3460//3460
f 3381//3381 3459//3459 3373//3373
f 3373//3373 3459//3459 3454//3454
f 3374//3374 3455//3455 3366//3366
f 3455//3455 3445//3445 3366//3366
f 3367//3367 3446//3446 3441//3441
f 3365//3365 3439//3439 3357//3357
f 3359//3359 3440//3440 3431//3431
f 3358//3358 3430//3430 3350//3350
f 3406//3406 3341//3341 3411//3411
f 3411//3411 3341//3341 3349//3349
f 3412//3412 3351//3351 3425//3425
f 3424//3424 3348//3348 3429//3429
f 3342//3342 3407//3407 3334//3334
f 3334//3334 3407//3407 3502//3502
f 3335//3335 3503//3503 3327//3327
f 3503//3503 3507//3507 3327//3327
f 3328//3328 3508//3508 3513//3513
f 3326//3326 3511//3511 3318//3318
f 3512//3512 3517//3517 3319//3319
f 3320//3320 3518//3518 3523//3523
f 3317//3317 3521//3521 3309//3309
f 3311//3311 3522//3522 3529//3529
f 3310//3310 3528//3528 3301//3301
f 3527//3527 3532//3532 3300//3300
f 3303//3303 3533//3533 3538//3538
f 3302//3302 3537//3537 3292//3292
f 3484//3484 3278//3278 3542//3542
f 3542//3542 3278//3278 3284//3284
f 3543//3543 3285//3285 3547//3547
f 3547//3547 3285//3285 3293//3293
f 3548//3548 3294//3294 3553//3553
f 3552//3552 3291//3291 3536//3536
f 3403//3403 3413//3413 3554//3554
f 3535//3535 3564//3564 3551//3551
f 3549//3549 3561//3561 3565//3565
f 3550//3550 3566//3566 3544//3544
f 3546//3546 3568//3568 3572//3572
f 3545//3545 3569//3569 3540//3540
f 3541//3541 3571//3571 3488//3488
f 3539//3539 3486//3486 3482//3482
f 3534//3534 3531//3531 3560//3560
f 3559//3559 3530//3530 3524//3524
f 3563//3563 3526//3526 3577//3577
f 3525//3525 3519//3519 3573//3573
f 3574//3574 3520//3520 3514//3514
f 3576//3576 3516//3516 3582//3582
f 3515//3515 3509//3509 3578//3578
f 3579//3579 3510//3510 3504//3504
f 3581//3581 3506//3506 3558//3558
f 3555//3555 3505//3505 3500//3500
f 3557//3557 3501//3501 3405//3405
f 3584//3584 3588//3588 3591//3591
f 3591//3591 3588//3588 3596//3596
f 3590//3590 3595//3595 3599//3599
f 3599//3599 3595//3595 3605//3605
f 3598//3598 3604//3604 3608//3608
f 3608//3608 3604//3604 3614//3614
f 3607//3607 3613//3613 3616//3616
f 3616//3616 3613//3613 3621//3621
f 3617//3617 3622//3622 3624//3624
f 3624//3624 3622//3622 3630//3630
f 3625//3625 3631//3631 3633//3633
f 3633//3633 3631//3631 3638//3638
f 3634//3634 3639//3639 3641//3641
f 3641//3641 3639//3639 3645//3645
f 3642//3642 3646//3646 3648//3648
f 3648//3648 3646//3646 3653//3653
f 3649//3649 3654//3654 3656//3656
f 3650//3650 3658//3658 3663//3663
f 3657//3657 3669//3669 3662//3662
f 3661//3661 3668//3668 3672//3672
f 3660//3660 3671//3671 3677//3677
f 3679//3679 3673//3673 3684//3684
f 3683//3683 3687//3687 3676//3676
f 3675//3675 3686//3686 3690//3690
f 3678//3678 3691//3691 3695//3695
f 3694//3694 3689//3689 3700//3700
f 3693//3693 3699//3699 3703//3703
f 3703//3703 3699//3699 3707//3707
f 3702//3702 3706//3706 3709//3709
f 3709//3709 3706//3706 3715//3715
f 3710//3710 3716//3716 3718//3718
f 3718//3718 3716//3716 3723//3723
f 3719//3719 3724//3724 3726//3726
f 3726//3726 3724//3724 3731//3731
f 3727//3727 3732//3732 3583//3583
f 3583//3583 3732//3732 3587//3587
f 3735//3735 3740//3740 3745//3745
f 3747//3747 3741//3741 3751//3751
f 3739//3739 3754//3754 3749//3749
f 3748//3748 3753//3753 3758//3758
f 3752//3752 3759//3759 3767//3767
f 3757//3757 3769//3769 3764//3764
f 3763//3763 3768//3768 3774//3774
f 3766//3766 3775//3775 3782//3782
f 3773//3773 3784//3784 3779//3779
f 3778//3778 3783//3783 3787//3787
f 3781//3781 3789//3789 3795//3795
f 3792//3792 3788//3788 3796//3796
f 3793//3793 3797//3797 3801//3801
f 3806//3806 3798//3798 3808//3808
f 3812//3812 3816//3816 3822//3822
f 3823//3823 3820//3820 3805//3805
f 3821//3821 3803//3803 3827//3827
f 3826//3826 3802//3802 3807//3807
f 3729//3729 3585//3585 3814//3814
f 3814//3814 3824//3824 3729//3729
f 3730//3730 3825//3825 3830//3830
f 3728//3728 3828//3828 3720//3720
f 3722//3722 3829//3829 3811//3811
f 3721//3721 3810//3810 3713//3713
f 3809//3809 3799//3799 3711//3711
f 3714//3714 3800//3800 3791//3791
f 3712//3712 3790//3790 3704//3704
f 3704//3704 3790//3790 3785//3785
f 3705//3705 3786//3786 3697//3697
f 3786//3786 3776//3776 3697//3697
f 3698//3698 3777//3777 3772//3772
f 3696//3696 3770//3770 3680//3680
f 3682//3682 3771//3771 3762//3762
f 3681//3681 3761//3761 3666//3666
f 3737//3737 3651//3651 3742//3742
f 3742//3742 3651//3651 3665//3665
f 3743//3743 3667//3667 3756//3756
f 3755//3755 3664//3664 3760//3760
f 3652//3652 3738//3738 3643//3643
f 3643//3643 3738//3738 3833//3833
f 3644//3644 3834//3834 3636//3636
f 3834//3834 3838//3838 3636//3636
f 3637//3637 3839//3839 3844//3844
f 3635//3635 3842//3842 3627//3627
f 3843//3843 3848//3848 3628//3628
f 3629//3629 3849//3849 3854//3854
f 3626//3626 3852//3852 3618//3618
f 3620//3620 3853//3853 3860//3860
f 3619//3619 3859//3859 3610//3610
f 3858//3858 3863//3863 3609//3609
f 3612//3612 3864//3864 3869//3869
f 3611//3611 3868//3868 3601//3601
f 3815//3815 3586//3586 3874//3874
f 3874//3874 3586//3586 3593//3593
f 3873//3873 3592//3592 3878//3878
f 3879//3879 3594//3594 3602//3602
f 3880//3880 3603//3603 3885//3885
f 3884//3884 3600//3600 3867//3867
f 3734//3734 3744//3744 3886//3886
f 3866//3866 3896//3896 3883//3883
f 3881//3881 3893//3893 3897//3897
f 3882//3882 3898//3898 3875//3875
f 3877//3877 3900//3900 3904//3904
f 3876//3876 3901//3901 3871//3871
f 3872//3872 3903//3903 3819//3819
f 3870//3870 3817//3817 3813//3813
f 3865//3865 3862//3862 3892//3892
f 3891//3891 3861//3861 3855//3855
f 3895//3895 3857//3857 3909//3909
f 3856//3856 3850//3850 3905//3905
f 3906//3906 3851//3851 3845//3845
f 3908//3908 3847//3847 3914//3914
f 3846//3846 3840//3840 3910//3910
f 3911//3911 3841//3841 3835//3835
f 3913//3913 3837//3837 3890//3890
f 3887//3887 3836//3836 3831//3831
f 3889//3889 3832//3832 3736//3736
f 3916//3916 3920//3920 3923//3923
f 3923//3923 3920//3920 3928//3928
f 3922//3922 3927//3927 3931//3931
f 3931//3931 3927//3927 3937//3937
f 3930//3930 3936//3936 3940//3940
f 3940//3940 3936//3936 3946//3946
f 3939//3939 3945//3945 3948//3948
f 3948//3948 3945//3945 3953//3953
f 3949//3949 3954//3954 3956//3956
f 3956//3956 3954//3954 3962//3962
f 3957//3957 3963//3963 3965//3965
f 3965//3965 3963//3963 3971//3971
f 3966//3966 3972//3972 3974//3974
f 3974//3974 3972//3972 3978//3978
f 3975//3975 3979//3979 3982//3982
f 3982//3982 3979//3979 3986//3986
f 3981//3981 3985//3985 3989//3989
f 3989//3989 3985//3985 3995//3995
f 3988//3988 3994//3994 3998//3998
f 3998//3998 3994//3994 4003//4003
f 3997//3997 4002//4002 4006//4006
f 4006//4006 4002//4002 4011//4011
f 4005//4005 4010//4010 4014//4014
f 4014//4014 4010//4010 4018//4018
f 4013//4013 4017//4017 4020//4020
f 4020//4020 4017//4017 4026//4026
f 4021//4021 4027//4027 4029//4029
f 4029//4029 4027//4027 4034//4034
f 4030//4030 4035//4035 4037//4037
f 4037//4037 4035//4035 4042//4042
f 4038//4038 4043//4043 3915//3915
f 3915//3915 4043//4043 3919//3919
f 4046//4046 4051//4051 4056//4056
f 4058//4058 4052//4052 4062//4062
f 4050//4050 4065//4065 4060//4060
f 4059//4059 4064//4064 4069//4069
f 4063//4063 4070//4070 4078//4078
f 4068//4068 4080//4080 4075//4075
f 4074//4074 4079//4079 4085//4085
f 4077//4077 4086//4086 4093//4093
f 4084//4084 4095//4095 4090//4090
f 4089//4089 4094//4094 4098//4098
f 4092//4092 4100//4100 4106//4106
f 4103//4103 4099//4099 4107//4107
f 4104//4104 4108//4108 4112//4112
f 4117//4117 4109//4109 4119//4119
f 4123//4123 4127//4127 4133//4133
f 4134//4134 4131//4131 4116//4116
f 4132//4132 4114//4114 4138//4138
f 4137//4137 4113//4113 4118//4118
f 4040//4040 3917//3917 4125//4125
f 4125//4125 4135//4135 4040//4040
f 4041//4041 4136//4136 4141//4141
f 4039//4039 4139//4139 4031//4031
f 4033//4033 4140//4140 4122//4122
f 4032//4032 4121//4121 4024//4024
f 4120//4120 4110//4110 4022//4022
f 4025//4025 4111//4111 4102//4102
f 4023//4023 4101//4101 4015//4015
f 4015//4015 4101//4101 4096//4096
f 4016//4016 4097//4097 4008//4008
f 4097//4097 4087//4087 4008//4008
f 4009//4009 4088//4088 4083//4083
f 4007//4007 4081//4081 3999//3999
f 4001//4001 4082//4082 4073//4073
f 4000//4000 4072//4072 3992//3992
f 4048//4048 3983//3983 4053//4053
f 4053//4053 3983//3983 3991//3991
f 4054//4054 3993//3993 4067//4067
f 4066//4066 3990//3990 4071//4071
f 3984//3984 4049//4049 3976//3976
f 3976//3976 4049//4049 4145//4145
f 3977//3977 4146//4146 3969//3969
f 4144//4144 4150//4150 3968//3968
f 3970//3970 4151//4151 4156//4156
f 3967//3967 4154//4154 3959//3959
f 4155//4155 4160//4160 3960//3960
f 3961//3961 4161//4161 4166//4166
f 3958//3958 4164//4164 3950//3950
f 3952//3952 4165//4165 4172//4172
f 3951//3951 4171//4171 3942//3942
f 4170//4170 4175//4175 3941//3941
f 3944//3944 4176//4176 4181//4181
f 3943//3943 4180//4180 3933//3933
f 4126//4126 3918//3918 4186//4186
f 4186//4186 3918//3918 3925//3925
f 4185//4185 3924//3924 4190//4190
f 4191//4191 3926//3926 3934//3934
f 4192//4192 3935//3935 4197//4197
f 4196//4196 3932//3932 4179//4179
f 4045//4045 4055//4055 4198//4198
f 4178//4178 4208//4208 4195//4195
f 4193//4193 4205//4205 4209//4209
f 4194//4194 4210//4210 4187//4187
f 4189//4189 4212//4212 4216//4216
f 4188//4188 4213//4213 4183//4183
f 4184//4184 4215//4215 4130//4130
f 4182//4182 4128//4128 4124//4124
f 4177//4177 4174//4174 4204//4204
f 4203//4203 4173//4173 4167//4167
f 4207//4207 4169//4169 4221//4221
f 4168//4168 4162//4162 4217//4217
f 4218//4218 4163//4163 4157//4157
f 4220//4220 4159//4159 4226//4226
f 4158//4158 4152//4152 4222//4222
f 4223//4223 4153//4153 4147//4147
f 4225//4225 4149//4149 4202//4202
f 4199//4199 4148//4148 4142//4142
f 4201//4201 4143//4143 4047//4047
f 4227//4227 4230//4230 4234//4234
f 4234//4234 4230//4230 4237//4237
f 4233//4233 4236//4236 4240//4240
f 4240//4240 4236//4236 4243//4243
f 4239//4239 4242//4242 4246//4246
f 4246//4246 4242//4242 4249//4249
f 4245//4245 4248//4248 4252//4252
f 4252//4252 4248//4248 4255//4255
f 4251//4251 4254//4254 4258//4258
f 4258//4258 4254//4254 4261//4261
f 4257//4257 4260//4260 4263//4263
f 4263//4263 4260//4260 4266//4266
f 4264//4264 4267//4267 4269//4269
f 4269//4269 4267//4267 4272//4272
f 4270//4270 4273//4273 4275//4275
f 4275//4275 4273//4273 4278//4278
f 4276//4276 4279//4279 4281//4281
f 4281//4281 4279//4279 4284//4284
f 4282//4282 4285//4285 4287//4287
f 4287//4287 4285//4285 4290//4290
f 4288//4288 4291//4291 4294//4294
f 4294//4294 4291//4291 4297//4297
f 4293//4293 4296//4296 4300//4300
f 4300//4300 4296//4296 4303//4303
f 4299//4299 4302//4302 4306//4306
f 4306//4306 4302//4302 4309//4309
f 4305//4305 4308//4308 4312//4312
f 4312//4312 4308//4308 4315//4315
f 4311//4311 4314//4314 4317//4317
f 4317//4317 4314//4314 4320//4320
f 4318//4318 4321//4321 4323//4323
f 4323//4323 4321//4321 4326//4326
f 4324//4324 4327//4327 4329//4329
f 4329//4329 4327//4327 4332//4332
f 4330//4330 4333//4333 4335//4335
f 4335//4335 4333//4333 4338//4338
f 4336//4336 4339//4339 4341//4341
f 4341//4341 4339//4339 4344//4344
f 4342//4342 4345//4345 4228//4228
f 4228//4228 4345//4345 4231//4231
f 4259//4259 4349//4349 4253//4253
f 4253//4253 4349//4349 4352//4352
f 4253//4253 4352//4352 4247//4247
f 4247//4247 4352//4352 4355//4355
f 4247//4247 4355//4355 4241//4241
f 4241//4241 4355//4355 4358//4358
f 4241//4241 4358//4358 4235//4235
f 4235//4235 4358//4358 4361//4361
f 4235//4235 4361//4361 4229//4229
f 4229//4229 4361//4361 4364//4364
f 4229//4229 4364//4364 4343//4343
f 4343//4343 4364//4364 4367//4367
f 4343//4343 4367//4367 4337//4337
f 4337//4337 4367//4367 4370//4370
f 4337//4337 4370//4370 4331//4331
f 4331//4331 4370//4370 4373//4373
f 4331//4331 4373//4373 4325//4325
f 4325//4325 4373//4373 4376//4376
f 4325//4325 4376//4376 4319//4319
f 4376//4376 4379//4379 4319//4319
f 4319//4319 4379//4379 4382//4382
f 4319//4319 4382//4382 4313//4313
f 4313//4313 4382//4382 4385//4385
f 4313//4313 4385//4385 4307//4307
f 4307//4307 4385//4385 4388//4388
f 4307//4307 4388//4388 4301//4301
f 4301//4301 4388//4388 4391//4391
f 4301//4301 4391//4391 4295//4295
f 4295//4295 4391//4391 4394//4394
f 4295//4295 4394//4394 4289//4289
f 4289//4289 4394//4394 4397//4397
f 4289//4289 4397//4397 4283//4283
f 4283//4283 4397//4397 4400//4400
f 4283//4283 4400//4400 4277//4277
f 4277//4277 4400//4400 4403//4403
f 4277//4277 4403//4403 4271//4271
f 4271//4271 4403//4403 4406//4406
f 4271//4271 4406//4406 4265//4265
f 4265//4265 4406//4406 4409//4409
f 4265//4265 4409//4409 4259//4259
f 4259//4259 4409//4409 4412//4412
f 4259//4259 4412//4412 4349//4349
f 4396//4396 4414//4414 4417//4417
f 4396//4396 4417//4417 4399//4399
f 4398//4398 4416//4416 4420//4420
f 4398//4398 4420//4420 4402//4402
f 4401//4401 4419//4419 4423//4423
f 4401//4401 4423//4423 4405//4405
f 4404//4404 4422//4422 4426//4426
f 4404//4404 4426//4426 4408//4408
f 4407//4407 4425//4425 4429//4429
f 4407//4407 4429//4429 4411//4411
f 4410//4410 4428//4428 4431//4431
f 4410//4410 4431//4431 4347//4347
f 4348//4348 4432//4432 4434//4434
f 4348//4348 4434//4434 4350//4350
f 4351//4351 4435//4435 4437//4437
f 4351//4351 4437//4437 4353//4353
f 4354//4354 4438//4438 4440//4440
f 4354//4354 4440//4440 4356//4356
f 4357//4357 4441//4441 4443//4443
f 4357//4357 4443//4443 4359//4359
f 4360//4360 4444//4444 4447//4447
f 4360//4360 4447//4447 4363//4363
f 4362//4362 4446//4446 4450//4450
f 4362//4362 4450//4450 4366//4366
f 4365//4365 4449//4449 4453//4453
f 4365//4365 4453//4453 4369//4369
f 4368//4368 4452//4452 4456//4456
f 4368//4368 4456//4456 4372//4372
f 4371//4371 4455//4455 4459//4459
f 4371//4371 4459//4459 4375//4375
f 4374//4374 4458//4458 4462//4462
f 4374//4374 4462//4462 4378//4378
f 4377//4377 4461//4461 4464//4464
f 4377//4377 4464//4464 4380//4380
f 4381//4381 4465//4465 4467//4467
f 4381//4381 4467//4467 4383//4383
f 4384//4384 4468//4468 4470//4470
f 4384//4384 4470//4470 4386//4386
f 4387//4387 4471//4471 4473//4473
f 4387//4387 4473//4473 4389//4389
f 4390//4390 4474//4474 4476//4476
f 4390//4390 4476//4476 4392//4392
f 4393//4393 4477//4477 4413//4413
f 4393//4393 4413//4413 4395//4395
f 4479//4479 4483//4483 4488//4488
f 4479//4479 4488//4488 4492//4492
f 4491//4491 4487//4487 4496//4496
f 4491//4491 4496//4496 4500//4500
f 4499//4499 4495//4495 4505//4505
f 4499//4499 4505//4505 4509//4509
f 4508//4508 4504//4504 4514//4514
f 4508//4508 4514//4514 4518//4518
f 4517//4517 4513//4513 4522//4522
f 4517//4517 4522//4522 4526//4526
f 4525//4525 4521//4521 4530//4530
f 4525//4525 4530//4530 4534//4534
f 4533//4533 4529//4529 4538//4538
f 4533//4533 4538//4538 4542//4542
f 4541//4541 4537//4537 4546//4546
f 4541//4541 4546//4546 4550//4550
f 4549//4549 4545//4545 4554//4554
f 4549//4549 4554//4554 4558//4558
f 4557//4557 4553//4553 4561//4561
f 4557//4557 4561//4561 4565//4565
f 4566//4566 4562//4562 4569//4569
f 4566//4566 4569//4569 4573//4573
f 4574//4574 4570//4570 4577//4577
f 4574//4574 4577//4577 4581//4581
f 4582//4582 4578//4578 4585//4585
f 4582//4582 4585//4585 4590//4590
f 4591//4591 4586//4586 4595//4595
f 4591//4591 4595//4595 4600//4600
f 4601//4601 4596//4596 4605//4605
f 4601//4601 4605//4605 4609//4609
f 4610//4610 4606//4606 4613//4613
f 4610//4610 4613//4613 4617//4617
f 4618//4618 4614//4614 4621//4621
f 4618//4618 4621//4621 4625//4625
f 4626//4626 4622//4622 4629//4629
f 4626//4626 4629//4629 4633//4633
f 4634//4634 4630//4630 4637//4637
f 4634//4634 4637//4637 4641//4641
f 4642//4642 4638//4638 4645//4645
f 4642//4642 4645//4645 4649//4649
f 4653//4653 4481//4481 4493//4493
f 4653//4653 4493//4493 4656//4656
f 4657//4657 4494//4494 4502//4502
f 4657//4657 4502//4502 4659//4659
f 4660//4660 4503//4503 4663//4663
f 4662//4662 4501//4501 4510//4510
f 4664//4664 4512//4512 4667//4667
f 4666//4666 4511//4511 4520//4520
f 4666//4666 4520//4520 4670//4670
f 4669//4669 4519//4519 4528//4528
f 4669//4669 4528//4528 4673//4673
f 4672//4672 4527//4527 4535//4535
f 4672//4672 4535//4535 4675//4675
f 4676//4676 4536//4536 4544//4544
f 4676//4676 4544//4544 4679//4679
f 4678//4678 4543//4543 4551//4551
f 4678//4678 4551//4551 4681//4681
f 4682//4682 4552//4552 4560//4560
f 4682//4682 4560//4560 4685//4685
f 4684//4684 4559//4559 4567//4567
f 4684//4684 4567//4567 4687//4687
f 4688//4688 4568//4568 4575//4575
f 4688//4688 4575//4575 4690//4690
f 4691//4691 4576//4576 4584//4584
f 4691//4691 4584//4584 4695//4695
f 4694//4694 4583//4583 4594//4594
f 4693//4693 4592//4592 4698//4698
f 4699//4699 4593//4593 4602//4602
f 4700//4700 4603//4603 4703//4703
f 4704//4704 4604//4604 4611//4611
f 4704//4704 4611//4611 4707//4707
f 4708//4708 4612//4612 4619//4619
f 4708//4708 4619//4619 4710//4710
f 4711//4711 4620//4620 4628//4628
f 4711//4711 4628//4628 4714//4714
f 4713//4713 4627//4627 4635//4635
f 4713//4713 4635//4635 4716//4716
f 4717//4717 4636//4636 4644//4644
f 4717//4717 4644//4644 4720//4720
f 4719//4719 4643//4643 4651//4651
f 4719//4719 4651//4651 4722//4722
f 4725//4725 4726//4726 4727//4727
f 4730//4730 4731//4731 4732//4732
f 4697//4697 4701//4701 4734//4734
f 4718//4718 4721//4721 4736//4736
f 4736//4736 4721//4721 4724//4724
f 4736//4736 4724//4724 4737//4737
f 4737//4737 4724//4724 4740//4740
f 4737//4737 4740//4740 4743//4743
f 4715//4715 4718//4718 3804//3804
f 3750//3750 3765//3765 4736//4736
f 4736//4736 3765//3765 3780//3780
f 4736//4736 3780//3780 4718//4718
f 4718//4718 3780//3780 3794//3794
f 4718//4718 3794//3794 3804//3804
f 3804//3804 3818//3818 4715//4715
f 4715//4715 3818//3818 3902//3902
f 4715//4715 3902//3902 4712//4712
f 3902//3902 3899//3899 4712//4712
f 4712//4712 3899//3899 3894//3894
f 4712//4712 3894//3894 4709//4709
f 3907//3907 3912//3912 4733//4733
f 4733//4733 3912//3912 3888//3888
f 4733//4733 3888//3888 4736//4736
f 4736//4736 3888//3888 3746//3746
f 4736//4736 3746//3746 3750//3750
f 3894//3894 3907//3907 4709//4709
f 4709//4709 3907//3907 4733//4733
f 4709//4709 4733//4733 4705//4705
f 4706//4706 4735//4735 4702//4702
f 4744//4744 4745//4745 4689//4689
f 4674//4674 4677//4677 4746//4746
f 4746//4746 4677//4677 4680//4680
f 4746//4746 4680//4680 4683//4683
f 4105//4105 4115//4115 4727//4727
f 4105//4105 4727//4727 4091//4091
f 4129//4129 4214//4214 4746//4746
f 4746//4746 4214//4214 4211//4211
f 4746//4746 4211//4211 4674//4674
f 4674//4674 4211//4211 4206//4206
f 4674//4674 4206//4206 4671//4671
f 4206//4206 4219//4219 4671//4671
f 4671//4671 4219//4219 4224//4224
f 4671//4671 4224//4224 4668//4668
f 4668//4668 4224//4224 4200//4200
f 4668//4668 4200//4200 4665//4665
f 4665//4665 4200//4200 4057//4057
f 4665//4665 4057//4057 4747//4747
f 4747//4747 4057//4057 4061//4061
f 4747//4747 4061//4061 4076//4076
f 4750//4750 4754//4754 4755//4755
f 4755//4755 4754//4754 4758//4758
f 4758//4758 4655//4655 4755//4755
f 4755//4755 4655//4655 4658//4658
f 4755//4755 4658//4658 4747//4747
f 4747//4747 4658//4658 4661//4661
f 4747//4747 4661//4661 4665//4665
f 2614//2614 2627//2627 4755//4755
f 2525//2525 2539//2539 4759//4759
f 4759//4759 2539//2539 2622//2622
f 4759//4759 2622//2622 2619//2619
f 2627//2627 2632//2632 4755//4755
f 4755//4755 2632//2632 2608//2608
f 4755//4755 2608//2608 4750//4750
f 4750//4750 2608//2608 2467//2467
f 4750//4750 2467//2467 4762//4762
f 4762//4762 2467//2467 2471//2471
f 4762//4762 2471//2471 4765//4765
f 4765//4765 2471//2471 2486//2486
f 4765//4765 2486//2486 4768//4768
f 4768//4768 2486//2486 2501//2501
f 4768//4768 2501//2501 4769//4769
f 4769//4769 2501//2501 2515//2515
f 4769//4769 2515//2515 2525//2525
f 3580//3580 3556//3556 4770//4770
f 3556//3556 4773//4773 4770//4770
f 4770//4770 4773//4773 4776//4776
f 4770//4770 4776//4776 4769//4769
f 4769//4769 4776//4776 4779//4779
f 4769//4769 4779//4779 4768//4768
f 3556//3556 3415//3415 4773//4773
f 4773//4773 3415//3415 3419//3419
f 4773//4773 3419//3419 4782//4782
f 4782//4782 3419//3419 3434//3434
f 4782//4782 3434//3434 4785//4785
f 4785//4785 3434//3434 3449//3449
f 4785//4785 3449//3449 4788//4788
f 4788//4788 3449//3449 3463//3463
f 4788//4788 3463//3463 4730//4730
f 3463//3463 3473//3473 4730//4730
f 4730//4730 3473//3473 3487//3487
f 4730//4730 3487//3487 4731//4731
f 4731//4731 3487//3487 3570//3570
f 3570//3570 3567//3567 4731//4731
f 4731//4731 3567//3567 3562//3562
f 4731//4731 3562//3562 4770//4770
f 4770//4770 3562//3562 3575//3575
f 4770//4770 3575//3575 3580//3580
f 4791//4791 4794//4794 4732//4732
f 4732//4732 4794//4794 4797//4797
f 4732//4732 4797//4797 4730//4730
f 4800//4800 4803//4803 3155//3155
f 3248//3248 3107//3107 4737//4737
f 3155//3155 4803//4803 3141//3141
f 3141//3141 4803//4803 4791//4791
f 3141//3141 4791//4791 3126//3126
f 3126//3126 4791//4791 4732//4732
f 3126//3126 4732//4732 3111//3111
f 3155//3155 3165//3165 4800//4800
f 4800//4800 3165//3165 3179//3179
f 4800//4800 3179//3179 4743//4743
f 4743//4743 3179//3179 3262//3262
f 4743//4743 3262//3262 3259//3259
f 3259//3259 3254//3254 4743//4743
f 4743//4743 3254//3254 3267//3267
f 4743//4743 3267//3267 4737//4737
f 4737//4737 3267//3267 3272//3272
f 4737//4737 3272//3272 3248//3248
f 4727//4727 4451//4451 4759//4759
f 4759//4759 4451//4451 4448//4448
f 4439//4439 4804//4804 4442//4442
f 4442//4442 4804//4804 4759//4759
f 4442//4442 4759//4759 4445//4445
f 4445//4445 4759//4759 4448//4448
f 4463//4463 4460//4460 4726//4726
f 4726//4726 4460//4460 4457//4457
f 4726//4726 4457//4457 4727//4727
f 4727//4727 4457//4457 4454//4454
f 4727//4727 4454//4454 4451//4451
f 4475//4475 4472//4472 4805//4805
f 4805//4805 4472//4472 4469//4469
f 4805//4805 4469//4469 4466//4466
f 4421//4421 4737//4737 4424//4424
f 4424//4424 4737//4737 4806//4806
f 4424//4424 4806//4806 4427//4427
f 4478//4478 4736//4736 4415//4415
f 4415//4415 4736//4736 4737//4737
f 4415//4415 4737//4737 4418//4418
f 4418//4418 4737//4737 4421//4421
f 4439//4439 4436//4436 4804//4804
f 4804//4804 4436//4436 4433//4433
f 4804//4804 4433//4433 4806//4806
f 4806//4806 4433//4433 4430//4430
f 4806//4806 4430//4430 4427//4427
f 2525//2525 4759//4759 4769//4769
f 4769//4769 4759//4759 4804//4804
f 4769//4769 4804//4804 4770//4770
f 4770//4770 4804//4804 4806//4806
f 4770//4770 4806//4806 4731//4731
f 4731//4731 4806//4806 4737//4737
f 4731//4731 4737//4737 4732//4732
f 4732//4732 4737//4737 3107//3107
f 4732//4732 3107//3107 3111//3111
f 2619//2619 2614//2614 4759//4759
f 4759//4759 2614//2614 4755//4755
f 4759//4759 4755//4755 4727//4727
f 4727//4727 4755//4755 4747//4747
f 4727//4727 4747//4747 4091//4091
f 4091//4091 4747//4747 4076//4076
f 4478//4478 4475//4475 4736//4736
f 4736//4736 4475//4475 4805//4805
f 4736//4736 4805//4805 4733//4733
f 4733//4733 4805//4805 4807//4807
f 4733//4733 4807//4807 4696//4696
f 4696//4696 4807//4807 4744//4744
f 4696//4696 4744//4744 4692//4692
f 4692//4692 4744//4744 4689//4689
f 4115//4115 4129//4129 4727//4727
f 4727//4727 4129//4129 4746//4746
f 4727//4727 4746//4746 4725//4725
f 4725//4725 4746//4746 4683//4683
f 4725//4725 4683//4683 4745//4745
f 4745//4745 4683//4683 4686//4686
f 4745//4745 4686//4686 4689//4689
f 2916//2916 2775//2775 4745//4745
f 4745//4745 2775//2775 4725//4725
f 4725//4725 2775//2775 2779//2779
f 4725//4725 2779//2779 2794//2794
f 2794//2794 2809//2809 4725//4725
f 4725//4725 2809//2809 4807//4807
f 4725//4725 4807//4807 4726//4726
f 4726//4726 4807//4807 4805//4805
f 4726//4726 4805//4805 4463//4463
f 4463//4463 4805//4805 4466//4466
f 2930//2930 2927//2927 4744//4744
f 2809//2809 2823//2823 4807//4807
f 4807//4807 2823//2823 2833//2833
f 4807//4807 2833//2833 4744//4744
f 4744//4744 2833//2833 2847//2847
f 4744//4744 2847//2847 2930//2930
f 2927//2927 2922//2922 4744//4744
f 4744//4744 2922//2922 2935//2935
f 4744//4744 2935//2935 4745//4745
f 4745//4745 2935//2935 2940//2940
f 4745//4745 2940//2940 2916//2916
f 4812//4812 4764//4764 4817//4817
f 4816//4816 4763//4763 4767//4767
f 4816//4816 4767//4767 4821//4821
f 4820//4820 4766//4766 4777//4777
f 4820//4820 4777//4777 4824//4824
f 4825//4825 4778//4778 4775//4775
f 4825//4825 4775//4775 4829//4829
f 4828//4828 4774//4774 4771//4771
f 4828//4828 4771//4771 4832//4832
f 4833//4833 4772//4772 4781//4781
f 4833//4833 4781//4781 4837//4837
f 4836//4836 4780//4780 4783//4783
f 4836//4836 4783//4783 4840//4840
f 4841//4841 4784//4784 4786//4786
f 4841//4841 4786//4786 4844//4844
f 4845//4845 4787//4787 4729//4729
f 4845//4845 4729//4729 4849//4849
f 4848//4848 4728//4728 4795//4795
f 4848//4848 4795//4795 4852//4852
f 4853//4853 4796//4796 4793//4793
f 4853//4853 4793//4793 4857//4857
f 4856//4856 4792//4792 4789//4789
f 4856//4856 4789//4789 4860//4860
f 4861//4861 4790//4790 4801//4801
f 4861//4861 4801//4801 4864//4864
f 4865//4865 4802//4802 4799//4799
f 4865//4865 4799//4799 4869//4869
f 4868//4868 4798//4798 4741//4741
f 4868//4868 4741//4741 4872//4872
f 4873//4873 4742//4742 4739//4739
f 4873//4873 4739//4739 4877//4877
f 4876//4876 4738//4738 4723//4723
f 4876//4876 4723//4723 4652//4652
f 4751//4751 4748//4748 4810//4810
f 4813//4813 4749//4749 4761//4761
f 4812//4812 4760//4760 4764//4764
f 4811//4811 4880//4880 4752//4752
f 4753//4753 4881//4881 4885//4885
f 4753//4753 4885//4885 4757//4757
f 4756//4756 4884//4884 4482//4482
f 4756//4756 4482//4482 4654//4654
f 4650//4650 4646//4646 4887//4887
f 4650//4650 4887//4887 4875//4875
f 4874//4874 4886//4886 4891//4891
f 4874//4874 4891//4891 4871//4871
f 4870//4870 4890//4890 4895//4895
f 4870//4870 4895//4895 4867//4867
f 4866//4866 4894//4894 4899//4899
f 4866//4866 4899//4899 4863//4863
f 4862//4862 4898//4898 4903//4903
f 4862//4862 4903//4903 4859//4859
f 4858//4858 4902//4902 4907//4907
f 4858//4858 4907//4907 4855//4855
f 4854//4854 4906//4906 4911//4911
f 4854//4854 4911//4911 4851//4851
f 4850//4850 4910//4910 4915//4915
f 4850//4850 4915//4915 4847//4847
f 4846//4846 4914//4914 4919//4919
f 4846//4846 4919//4919 4843//4843
f 4842//4842 4918//4918 4923//4923
f 4842//4842 4923//4923 4839//4839
f 4838//4838 4922//4922 4926//4926
f 4838//4838 4926//4926 4834//4834
f 4835//4835 4927//4927 4930//4930
f 4835//4835 4930//4930 4830//4830
f 4831//4831 4931//4931 4934//4934
f 4831//4831 4934//4934 4826//4826
f 4827//4827 4935//4935 4938//4938
f 4827//4827 4938//4938 4822//4822
f 4823//4823 4939//4939 4942//4942
f 4823//4823 4942//4942 4818//4818
f 4819//4819 4943//4943 4946//4946
f 4819//4819 4946//4946 4814//4814
f 4815//4815 4947//4947 4950//4950
f 4815//4815 4950//4950 4808//4808
f 4809//4809 4951//4951 4954//4954
f 4809//4809 4954//4954 4878//4878
f 4879//4879 4955//4955 4958//4958
f 4879//4879 4958//4958 4882//4882
f 4883//4883 4959//4959 4484//4484
f 4883//4883 4484//4484 4480//4480
f 4963//4963 4486//4486 4960//4960
f 4963//4963 4960//4960 4965//4965
f 4966//4966 4961//4961 4957//4957
f 4966//4966 4957//4957 4969//4969
f 4968//4968 4956//4956 4952//4952
f 4968//4968 4952//4952 4971//4971
f 4972//4972 4953//4953 4949//4949
f 4972//4972 4949//4949 4975//4975
f 4974//4974 4948//4948 4945//4945
f 4974//4974 4945//4945 4978//4978
f 4977//4977 4944//4944 4940//4940
f 4977//4977 4940//4940 4980//4980
f 4981//4981 4941//4941 4937//4937
f 4981//4981 4937//4937 4984//4984
f 4983//4983 4936//4936 4932//4932
f 4983//4983 4932//4932 4986//4986
f 4987//4987 4933//4933 4929//4929
f 4987//4987 4929//4929 4990//4990
f 4989//4989 4928//4928 4924//4924
f 4989//4989 4924//4924 4992//4992
f 4993//4993 4925//4925 4920//4920
f 4993//4993 4920//4920 4995//4995
f 4996//4996 4921//4921 4917//4917
f 4996//4996 4917//4917 4999//4999
f 4998//4998 4916//4916 4912//4912
f 4998//4998 4912//4912 5001//5001
f 5002//5002 4913//4913 4909//4909
f 5002//5002 4909//4909 5005//5005
f 5004//5004 4908//4908 4904//4904
f 5004//5004 4904//4904 5007//5007
f 5008//5008 4905//4905 4900//4900
f 5008//5008 4900//4900 5010//5010
f 5011//5011 4901//4901 4897//4897
f 5011//5011 4897//4897 5014//5014
f 5013//5013 4896//4896 4892//4892
f 5013//5013 4892//4892 5016//5016
f 5017//5017 4893//4893 4889//4889
f 5017//5017 4889//4889 5020//5020
f 5019//5019 4888//4888 4648//4648
f 5019//5019 4648//4648 5023//5023
f 5022//5022 4647//4647 4639//4639
f 5022//5022 4639//4639 5025//5025
f 5026//5026 4640//4640 4632//4632
f 5026//5026 4632//4632 5029//5029
f 5028//5028 4631//4631 4623//4623
f 5028//5028 4623//4623 5031//5031
f 5032//5032 4624//4624 4616//4616
f 5032//5032 4616//4616 5035//5035
f 5034//5034 4615//4615 4608//4608
f 5034//5034 4608//4608 5038//5038
f 5037//5037 4607//4607 4597//4597
f 5039//5039 4598//4598 5043//5043
f 5044//5044 4599//4599 4589//4589
f 5042//5042 4588//4588 5049//5049
f 5048//5048 4587//4587 4579//4579
f 5048//5048 4579//4579 5052//5052
f 5053//5053 4580//4580 4572//4572
f 5053//5053 4572//4572 5056//5056
f 5055//5055 4571//4571 4564//4564
f 5055//5055 4564//4564 5059//5059
f 5058//5058 4563//4563 4555//4555
f 5058//5058 4555//4555 5061//5061
f 5062//5062 4556//4556 4548//4548
f 5062//5062 4548//4548 5065//5065
f 5064//5064 4547//4547 4539//4539
f 5064//5064 4539//4539 5067//5067
f 5068//5068 4540//4540 4532//4532
f 5068//5068 4532//4532 5071//5071
f 5070//5070 4531//4531 4523//4523
f 5070//5070 4523//4523 5073//5073
f 5074//5074 4524//4524 4515//4515
f 5074//5074 4515//4515 5076//5076
f 5077//5077 4516//4516 4507//4507
f 5077//5077 4507//4507 5080//5080
f 5079//5079 4506//4506 4497//4497
f 5079//5079 4497//4497 5082//5082
f 5083//5083 4498//4498 4490//4490
f 5083//5083 4490//4490 5086//5086
f 5085//5085 4489//4489 4485//4485
f 5085//5085 4485//4485 4962//4962
f 4310//4310 4304//4304 5088//5088
f 2203//2203 2197//2197 5089//5089
f 2173//2173 2149//2149 5090//5090
f 2028//2028 2016//2016 2022//2022
f 1475//1475 1471//1471 5091//5091
f 5047//5047 5051//5051 5094//5094
f 5092//5092 5050//5050 5054//5054
f 5072//5072 5095//5095 5069//5069
f 4964//4964 4967//4967 5096//5096
f 3996//3996 3987//3987 5084//5084
f 5084//5084 3987//3987 5081//5081
f 5069//5069 5095//5095 5066//5066
f 5066//5066 5095//5095 5097//5097
f 5066//5066 5097//5097 5063//5063
f 2691//2691 2683//2683 5063//5063
f 5063//5063 2683//2683 5060//5060
f 5060//5060 2683//2683 2674//2674
f 5060//5060 2674//2674 5057//5057
f 5040//5040 816//816 3640//3640
f 3640//3640 3632//3632 5040//5040
f 5040//5040 3632//3632 3623//3623
f 5040//5040 3623//3623 5036//5036
f 816//816 794//794 3640//3640
f 3640//3640 794//794 805//805
f 3640//3640 805//805 3647//3647
f 3647//3647 805//805 837//837
f 837//837 851//851 3647//3647
f 3647//3647 851//851 867//867
f 3647//3647 867//867 3655//3655
f 1612//1612 3659//3659 1604//1604
f 1604//1604 3659//3659 3655//3655
f 1604//1604 3655//3655 1579//1579
f 1579//1579 3655//3655 867//867
f 1525//1525 3708//3708 1538//1538
f 1538//1538 3708//3708 3701//3701
f 1538//1538 3701//3701 1569//1569
f 1569//1569 3701//3701 3692//3692
f 1569//1569 3692//3692 1582//1582
f 1582//1582 3692//3692 3688//3688
f 1582//1582 3688//3688 1586//1586
f 1586//1586 3688//3688 3685//3685
f 1586//1586 3685//3685 1615//1615
f 1615//1615 3685//3685 3674//3674
f 1615//1615 3674//3674 1612//1612
f 1612//1612 3674//3674 3670//3670
f 1612//1612 3670//3670 3659//3659
f 5030//5030 3733//3733 5098//5098
f 5098//5098 3733//3733 3725//3725
f 5098//5098 3725//3725 3717//3717
f 3623//3623 3615//3615 5036//5036
f 5036//5036 3615//3615 3606//3606
f 5036//5036 3606//3606 5033//5033
f 5033//5033 3606//3606 3597//3597
f 5033//5033 3597//3597 5030//5030
f 5030//5030 3597//3597 3589//3589
f 5030//5030 3589//3589 3733//3733
f 5018//5018 5021//5021 5091//5091
f 5091//5091 5021//5021 5024//5024
f 5091//5091 5024//5024 5098//5098
f 5098//5098 5024//5024 5027//5027
f 5098//5098 5027//5027 5030//5030
f 2956//2956 2949//2949 5018//5018
f 5018//5018 2949//2949 5015//5015
f 2956//2956 5018//5018 2965//2965
f 2965//2965 5018//5018 5091//5091
f 2965//2965 5091//5091 2974//2974
f 2949//2949 3094//3094 5015//5015
f 5015//5015 3094//3094 3086//3086
f 5015//5015 3086//3086 5012//5012
f 5012//5012 3086//3086 3078//3078
f 3024//3024 1442//1442 3032//3032
f 3032//3032 1442//1442 1424//1424
f 3032//3032 1424//1424 3043//3043
f 3043//3043 1424//1424 1175//1175
f 3043//3043 1175//1175 3046//3046
f 3046//3046 1175//1175 1165//1165
f 3046//3046 1165//1165 3054//3054
f 3054//3054 1165//1165 1199//1199
f 3054//3054 1199//1199 3062//3062
f 3062//3062 1199//1199 1360//1360
f 3062//3062 1360//1360 3069//3069
f 2974//2974 5091//5091 2983//2983
f 2983//2983 5091//5091 1471//1471
f 2983//2983 1471//1471 2987//2987
f 2987//2987 1471//1471 1439//1439
f 2987//2987 1439//1439 2998//2998
f 2998//2998 1439//1439 1434//1434
f 2998//2998 1434//1434 3002//3002
f 3002//3002 1434//1434 1455//1455
f 3002//3002 1455//1455 3012//3012
f 3012//3012 1455//1455 1463//1463
f 3012//3012 1463//1463 3016//3016
f 3016//3016 1463//1463 1466//1466
f 3016//3016 1466//1466 3024//3024
f 3024//3024 1466//1466 1446//1446
f 3024//3024 1446//1446 1442//1442
f 5003//5003 5006//5006 1360//1360
f 3078//3078 3069//3069 5012//5012
f 5012//5012 3069//3069 1360//1360
f 5012//5012 1360//1360 5009//5009
f 5009//5009 1360//1360 5006//5006
f 1360//1360 1370//1370 5003//5003
f 5003//5003 1370//1370 1330//1330
f 5003//5003 1330//1330 5000//5000
f 3281//3281 3402//3402 5000//5000
f 3345//3345 3338//3338 5103//5103
f 5000//5000 3402//3402 4997//4997
f 3323//3323 1240//1240 3331//3331
f 3331//3331 1240//1240 1227//1227
f 3331//3331 1227//1227 3338//3338
f 3338//3338 1227//1227 1217//1217
f 3338//3338 1217//1217 5103//5103
f 5000//5000 1330//1330 3281//3281
f 3281//3281 1330//1330 1300//1300
f 3281//3281 1300//1300 3288//3288
f 3288//3288 1300//1300 1296//1296
f 3288//3288 1296//1296 3297//3297
f 3297//3297 1296//1296 1291//1291
f 3297//3297 1291//1291 3306//3306
f 3306//3306 1291//1291 1286//1286
f 3306//3306 1286//1286 3314//3314
f 3314//3314 1286//1286 1283//1283
f 3314//3314 1283//1283 3323//3323
f 3323//3323 1283//1283 1260//1260
f 3323//3323 1260//1260 1240//1240
f 3402//3402 3394//3394 4997//4997
f 4997//4997 3394//3394 3386//3386
f 4997//4997 3386//3386 4994//4994
f 4994//4994 3386//3386 3377//3377
f 4994//4994 3377//3377 4991//4991
f 3377//3377 3370//3370 4991//4991
f 4991//4991 3370//3370 3362//3362
f 4991//4991 3362//3362 4988//4988
f 4988//4988 3362//3362 3354//3354
f 4988//4988 3354//3354 3345//3345
f 3345//3345 5103//5103 4988//4988
f 4988//4988 5103//5103 5108//5108
f 4988//4988 5108//5108 4985//4985
f 4985//4985 5108//5108 4982//4982
f 4982//4982 5108//5108 5117//5117
f 4982//4982 5117//5117 4979//4979
f 4967//4967 4970//4970 2390//2390
f 4979//4979 5118//5118 4976//4976
f 4976//4976 5118//5118 2429//2429
f 2429//2429 2422//2422 4976//4976
f 4976//4976 2422//2422 2414//2414
f 4976//4976 2414//2414 4973//4973
f 4973//4973 2414//2414 2406//2406
f 4973//4973 2406//2406 4970//4970
f 4970//4970 2406//2406 2397//2397
f 4970//4970 2397//2397 2390//2390
f 5119//5119 5120//5120 5123//5123
f 5123//5123 5126//5126 5119//5119
f 5119//5119 5126//5126 2214//2214
f 5119//5119 2214//2214 2219//2219
f 2279//2279 5127//5127 5096//5096
f 5096//5096 5127//5127 5087//5087
f 5096//5096 5087//5087 4964//4964
f 2279//2279 2271//2271 5127//5127
f 5127//5127 2271//2271 2263//2263
f 5127//5127 2263//2263 2316//2316
f 2318//2318 2326//2326 5096//5096
f 5096//5096 2326//2326 5132//5132
f 5096//5096 5132//5132 2279//2279
f 2279//2279 5132//5132 5137//5137
f 2279//2279 5137//5137 5143//5143
f 2205//2205 2211//2211 5120//5120
f 5120//5120 2211//2211 2234//2234
f 5120//5120 2234//2234 5123//5123
f 5123//5123 2234//2234 2228//2228
f 5123//5123 2228//2228 5146//5146
f 5146//5146 2228//2228 2225//2225
f 5146//5146 2225//2225 5149//5149
f 5149//5149 2225//2225 2245//2245
f 5149//5149 2245//2245 5143//5143
f 5143//5143 2245//2245 2287//2287
f 5143//5143 2287//2287 2279//2279
f 4979//4979 5117//5117 5118//5118
f 5118//5118 5117//5117 29//29
f 5118//5118 29//29 18//18
f 2358//2358 2318//2318 2366//2366
f 2366//2366 2318//2318 5096//5096
f 2366//2366 5096//5096 2375//2375
f 2375//2375 5096//5096 4967//4967
f 2375//2375 4967//4967 2383//2383
f 2383//2383 4967//4967 2390//2390
f 2340//2340 2333//2333 5152//5152
f 5152//5152 2333//2333 13//13
f 13//13 2333//2333 2454//2454
f 13//13 2454//2454 18//18
f 18//18 2454//2454 2446//2446
f 18//18 2446//2446 5118//5118
f 5118//5118 2446//2446 2438//2438
f 5118//5118 2438//2438 2429//2429
f 5152//5152 5157//5157 2340//2340
f 2340//2340 5157//5157 2311//2311
f 2340//2340 2311//2311 2349//2349
f 2349//2349 2311//2311 2302//2302
f 2349//2349 2302//2302 2358//2358
f 2358//2358 2302//2302 2294//2294
f 2358//2358 2294//2294 2318//2318
f 1511//1511 5098//5098 1525//1525
f 1525//1525 5098//5098 3717//3717
f 1525//1525 3717//3717 3708//3708
f 1511//1511 1496//1496 5098//5098
f 5098//5098 1496//1496 1485//1485
f 5098//5098 1485//1485 5091//5091
f 5091//5091 1485//1485 1480//1480
f 5091//5091 1480//1480 1475//1475
f 5041//5041 5045//5045 817//817
f 818//818 5046//5046 5093//5093
f 816//816 5092//5092 758//758
f 758//758 5092//5092 720//720
f 2691//2691 5063//5063 2698//2698
f 2698//2698 5063//5063 5097//5097
f 2698//2698 5097//5097 2705//2705
f 2674//2674 2666//2666 5057//5057
f 5057//5057 2666//2666 2657//2657
f 5057//5057 2657//2657 5158//5158
f 5158//5158 2657//2657 2648//2648
f 5158//5158 2648//2648 2641//2641
f 5054//5054 5057//5057 5092//5092
f 5092//5092 5057//5057 5158//5158
f 5092//5092 5158//5158 720//720
f 720//720 5158//5158 2641//2641
f 720//720 2641//2641 730//730
f 2641//2641 2762//2762 730//730
f 730//730 2762//2762 2754//2754
f 730//730 2754//2754 743//743
f 743//743 2754//2754 2746//2746
f 2705//2705 5097//5097 2714//2714
f 2714//2714 5097//5097 1684//1684
f 2714//2714 1684//1684 2722//2722
f 2722//2722 1684//1684 1679//1679
f 2722//2722 1679//1679 2730//2730
f 2730//2730 1679//1679 1674//1674
f 2730//2730 1674//1674 2737//2737
f 2737//2737 1674//1674 1671//1671
f 2737//2737 1671//1671 2746//2746
f 2746//2746 1671//1671 1660//1660
f 2746//2746 1660//1660 743//743
f 5078//5078 5159//5159 5075//5075
f 5075//5075 5159//5159 1785//1785
f 5075//5075 1785//1785 5072//5072
f 5072//5072 1785//1785 1818//1818
f 5072//5072 1818//1818 5095//5095
f 5095//5095 1818//1818 1693//1693
f 5095//5095 1693//1693 5097//5097
f 5097//5097 1693//1693 1688//1688
f 5097//5097 1688//1688 1684//1684
f 3987//3987 3980//3980 5081//5081
f 5081//5081 3980//3980 3973//3973
f 5081//5081 3973//3973 5078//5078
f 5078//5078 3973//3973 3964//3964
f 5078//5078 3964//3964 5159//5159
f 5159//5159 3964//3964 3955//3955
f 5159//5159 3955//3955 1785//1785
f 3996//3996 5084//5084 4004//4004
f 4004//4004 5084//5084 5087//5087
f 4004//4004 5087//5087 4012//4012
f 4012//4012 5087//5087 5127//5127
f 4012//4012 5127//5127 4019//4019
f 4019//4019 5127//5127 2316//2316
f 4019//4019 2316//2316 4028//4028
f 316//316 303//303 3929//3929
f 3929//3929 303//303 3938//3938
f 3955//3955 3947//3947 1785//1785
f 1785//1785 3947//3947 3938//3938
f 1785//1785 3938//3938 293//293
f 293//293 3938//3938 303//303
f 2316//2316 334//334 4028//4028
f 4028//4028 334//334 331//331
f 4028//4028 331//331 4036//4036
f 4036//4036 331//331 349//349
f 4036//4036 349//349 4044//4044
f 4044//4044 349//349 375//375
f 4044//4044 375//375 3921//3921
f 3921//3921 375//375 383//383
f 3921//3921 383//383 3929//3929
f 3929//3929 383//383 322//322
f 3929//3929 322//322 316//316
f 1944//1944 2205//2205 1963//1963
f 1963//1963 2205//2205 5120//5120
f 1963//1963 5120//5120 1972//1972
f 1972//1972 5120//5120 5160//5160
f 1972//1972 5160//5160 2034//2034
f 2034//2034 5160//5160 2028//2028
f 2028//2028 5160//5160 2016//2016
f 2016//2016 5160//5160 5088//5088
f 2016//2016 5088//5088 2010//2010
f 2051//2051 2045//2045 5161//5161
f 5161//5161 2045//2045 2001//2001
f 5161//5161 2001//2001 5088//5088
f 5088//5088 2001//2001 2004//2004
f 5088//5088 2004//2004 2010//2010
f 2161//2161 2155//2155 5090//5090
f 2155//2155 2069//2069 5090//5090
f 5090//5090 2069//2069 2063//2063
f 5090//5090 2063//2063 5161//5161
f 5161//5161 2063//2063 2057//2057
f 5161//5161 2057//2057 2051//2051
f 2149//2149 2139//2139 5090//5090
f 5090//5090 2139//2139 2167//2167
f 5090//5090 2167//2167 2161//2161
f 2185//2185 2179//2179 5162//5162
f 5162//5162 2179//2179 2173//2173
f 2203//2203 5089//5089 2078//2078
f 2078//2078 5089//5089 5119//5119
f 2078//2078 5119//5119 2096//2096
f 2096//2096 5119//5119 2219//2219
f 2096//2096 2219//2219 2089//2089
f 4268//4268 5162//5162 4274//4274
f 4274//4274 5162//5162 4280//4280
f 4262//4262 4256//4256 5089//5089
f 4256//4256 4250//4250 5089//5089
f 5089//5089 4250//4250 4244//4244
f 5089//5089 4244//4244 5119//5119
f 5119//5119 4244//4244 4238//4238
f 5119//5119 4238//4238 5120//5120
f 4268//4268 4262//4262 5162//5162
f 5162//5162 4262//4262 5089//5089
f 5162//5162 5089//5089 2185//2185
f 2185//2185 5089//5089 2197//2197
f 2185//2185 2197//2197 2191//2191
f 2173//2173 5090//5090 5162//5162
f 5162//5162 5090//5090 4286//4286
f 5162//5162 4286//4286 4280//4280
f 5088//5088 4304//4304 5161//5161
f 5161//5161 4304//4304 4298//4298
f 5161//5161 4298//4298 5090//5090
f 5090//5090 4298//4298 4292//4292
f 5090//5090 4292//4292 4286//4286
f 4238//4238 4232//4232 5120//5120
f 5120//5120 4232//4232 4346//4346
f 5120//5120 4346//4346 5160//5160
f 5160//5160 4346//4346 4340//4340
f 5160//5160 4340//4340 4334//4334
f 4334//4334 4328//4328 5160//5160
f 5160//5160 4328//4328 4322//4322
f 5160//5160 4322//4322 5088//5088
f 5088//5088 4322//4322 4316//4316
f 5088//5088 4316//4316 4310//4310
f 5164//5164 5154//5154 5166//5166
f 5166//5166 5154//5154 5150//5150
f 2312//2312 2307//2307 5171//5171
f 5172//5172 2310//2310 5155//5155
f 5173//5173 5156//5156 5176//5176
f 5175//5175 5153//5153 5163//5163
f 365//365 362//362 2247//2247
f 2248//2248 363//363 344//344
f 2248//2248 344//344 2255//2255
f 2256//2256 345//345 355//355
f 2259//2259 2267//2267 2275//2275
f 2275//2275 2283//2283 2259//2259
f 2259//2259 2283//2283 2255//2255
f 2259//2259 2255//2255 340//340
f 338//338 2254//2254 353//353
f 339//339 354//354 358//358
f 5174//5174 5177//5177 5180//5180
f 5174//5174 5180//5180 2314//2314
f 2290//2290 5180//5180 2323//2323
f 2323//2323 5180//5180 5185//5185
f 2323//2323 5185//5185 5188//5188
f 2290//2290 2298//2298 5180//5180
f 5180//5180 2298//2298 2306//2306
f 5180//5180 2306//2306 2314//2314
f 5188//5188 5192//5192 2323//2323
f 2323//2323 5192//5192 5196//5196
f 2322//2322 5195//5195 5199//5199
f 5200//5200 5196//5196 5204//5204
f 5206//5206 5148//5148 5138//5138
f 5141//5141 5133//5133 5189//5189
f 5179//5179 5208//5208 5184//5184
f 5183//5183 5207//5207 5140//5140
f 5182//5182 5139//5139 5186//5186
f 5187//5187 5142//5142 5190//5190
f 5128//5128 2324//2324 2319//2319
f 2321//2321 5198//5198 5130//5130
f 5129//5129 5197//5197 5201//5201
f 5131//5131 5203//5203 5136//5136
f 5134//5134 5202//5202 5193//5193
f 5135//5135 5194//5194 5191//5191
f 5205//5205 5210//5210 5147//5147
f 5147//5147 5210//5210 5144//5144
f 5145//5145 5211//5211 5213//5213
f 5145//5145 5213//5213 5121//5121
f 5122//5122 5214//5214 5216//5216
f 5122//5122 5216//5216 5124//5124
f 5125//5125 5217//5217 2215//2215
f 5125//5125 2215//2215 2212//2212
f 2208//2208 1949//1949 370//370
f 366//366 2249//2249 370//370
f 370//370 2249//2249 2241//2241
f 370//370 2241//2241 2222//2222
f 2222//2222 2231//2231 370//370
f 370//370 2231//2231 2237//2237
f 370//370 2237//2237 2208//2208
f 2194//2194 1265//1265 2188//2188
f 2188//2188 1265//1265 1280//1280
f 2188//2188 1280//1280 2182//2182
f 2054//2054 1574//1574 2048//2048
f 2048//2048 1574//1574 1591//1591
f 2048//2048 1591//1591 1981//1981
f 2084//2084 2217//2217 5165//5165
f 5165//5165 2217//2217 5218//5218
f 1657//1657 2031//2031 1668//1668
f 1668//1668 2031//2031 2025//2025
f 1668//1668 2025//2025 1665//1665
f 1665//1665 2025//2025 2019//2019
f 1665//1665 2019//2019 1641//1641
f 1641//1641 2019//2019 2013//2013
f 1657//1657 401//401 2031//2031
f 2031//2031 401//401 398//398
f 2031//2031 398//398 2037//2037
f 2037//2037 398//398 441//441
f 2037//2037 441//441 1938//1938
f 1938//1938 441//441 471//471
f 1938//1938 471//471 1956//1956
f 5181//5181 5178//5178 5209//5209
f 5209//5209 5178//5178 5165//5165
f 5209//5209 5165//5165 5212//5212
f 5212//5212 5165//5165 5218//5218
f 5212//5212 5218//5218 5215//5215
f 1268//1268 1265//1265 5228//5228
f 5228//5228 1265//1265 2194//2194
f 5228//5228 2194//2194 5234//5234
f 5234//5234 2194//2194 2200//2200
f 5234//5234 2200//2200 5239//5239
f 5239//5239 2200//2200 2112//2112
f 5239//5239 2112//2112 5248//5248
f 5248//5248 2112//2112 2103//2103
f 5248//5248 2103//2103 5251//5251
f 5251//5251 2103//2103 2084//2084
f 5251//5251 2084//2084 5170//5170
f 5170//5170 2084//2084 5165//5165
f 1459//1459 2158//2158 1451//1451
f 1451//1451 2158//2158 2164//2164
f 1451//1451 2164//2164 1429//1429
f 1429//1429 2164//2164 2120//2120
f 1429//1429 2120//2120 1408//1408
f 1408//1408 2120//2120 2130//2130
f 2007//2007 1652//1652 2013//2013
f 2013//2013 1652//1652 1634//1634
f 2013//2013 1634//1634 1641//1641
f 471//471 431//431 1956//1956
f 1956//1956 431//431 390//390
f 1956//1956 390//390 1949//1949
f 1949//1949 390//390 380//380
f 1949//1949 380//380 370//370
f 2170//2170 1419//1419 2130//2130
f 2130//2130 1419//1419 1399//1399
f 2130//2130 1399//1399 1408//1408
f 1560//1560 1574//1574 1551//1551
f 1551//1551 1574//1574 2054//2054
f 1551//1551 2054//2054 1564//1564
f 1564//1564 2054//2054 2060//2060
f 1564//1564 2060//2060 875//875
f 875//875 2060//2060 2066//2066
f 875//875 2066//2066 879//879
f 879//879 2066//2066 2152//2152
f 879//879 2152//2152 897//897
f 897//897 2152//2152 2158//2158
f 897//897 2158//2158 884//884
f 884//884 2158//2158 1459//1459
f 1591//1591 1608//1608 1981//1981
f 1981//1981 1608//1608 1600//1600
f 1981//1981 1600//1600 1991//1991
f 1991//1991 1600//1600 1624//1624
f 1991//1991 1624//1624 2007//2007
f 2007//2007 1624//1624 1646//1646
f 2007//2007 1646//1646 1652//1652
f 1280//1280 1257//1257 2182//2182
f 2182//2182 1257//1257 1252//1252
f 2182//2182 1252//1252 2176//2176
f 2176//2176 1252//1252 1388//1388
f 2176//2176 1388//1388 2170//2170
f 2170//2170 1388//1388 1414//1414
f 2170//2170 1414//1414 1419//1419
f 5252//5252 5249//5249 5168//5168
f 5253//5253 5169//5169 6//6
f 5//5 5167//5167 5151//5151
f 5//5 5151//5151 9//9
f 5250//5250 5255//5255 5245//5245
f 5243//5243 5254//5254 7//7
f 48//48 42//42 39//39
f 8//8 3//3 5244//5244
f 5246//5246 4//4 51//51
f 5247//5247 52//52 47//47
f 1235//1235 1245//1245 5225//5225
f 5222//5222 1244//1244 1271//1271
f 5224//5224 1272//1272 1267//1267
f 1212//1212 1221//1221 5221//5221
f 5223//5223 1222//1222 1230//1230
f 5226//5226 1231//1231 1236//1236
f 46//46 38//38 5242//5242
f 5241//5241 37//37 5262//5262
f 5240//5240 5261//5261 5235//5235
f 5263//5263 5272//5272 5238//5238
f 5237//5237 5271//5271 5277//5277
f 5236//5236 5276//5276 5229//5229
f 5233//5233 5278//5278 5282//5282
f 5281//5281 5287//5287 5231//5231
f 5230//5230 5286//5286 5291//5291
f 5232//5232 5292//5292 5227//5227
f 5219//5219 5290//5290 5296//5296
f 5220//5220 5297//5297 1211//1211
f 1214//1214 1210//1210 5293//5293
f 1216//1216 5295//5295 5101//5101
f 253//253 269//269 5267//5267
f 211//211 5258//5258 199//199
f 201//201 5259//5259 36//36
f 200//200 35//35 195//195
f 207//207 217//217 5256//5256
f 5257//5257 221//221 230//230
f 5260//5260 231//231 5268//5268
f 5270//5270 232//232 243//243
f 5269//5269 242//242 254//254
f 164//164 153//153 5111//5111
f 5112//5112 154//154 149//149
f 150//150 138//138 5113//5113
f 5115//5115 139//139 128//128
f 5116//5116 129//129 28//28
f 27//27 127//127 118//118
f 26//26 117//117 107//107
f 106//106 97//97 25//25
f 24//24 96//96 87//87
f 23//23 86//86 77//77
f 76//76 66//66 22//22
f 21//21 65//65 61//61
f 19//19 60//60 30//30
f 33//33 63//63 179//179
f 34//34 180//180 194//194
f 268//268 166//166 5266//5266
f 5265//5265 163//163 5110//5110
f 5264//5264 5109//5109 5274//5274
f 5275//5275 5114//5114 5107//5107
f 5294//5294 5288//5288 5099//5099
f 5100//5100 5289//5289 5283//5283
f 5102//5102 5285//5285 5106//5106
f 5104//5104 5284//5284 5279//5279
f 5105//5105 5280//5280 5273//5273

