# https://github.com/mikedh/trimesh
mtllib lift_link.mtl
usemtl material_0
v 0.04500022 0.67979899 -0.15601011
v 0.04500022 0.67979899 -0.15601011
v 0.04425054 0.67835018 -0.15601011
v 0.04425054 0.67835018 -0.15601011
v 0.04425054 0.67875027 -0.15420961
v 0.04425054 0.67754995 -0.15420961
v 0.04425054 0.67754995 -0.15420961
v 0.04575200 0.67875027 -0.15420961
v 0.04575200 0.67754995 -0.15420961
v 0.04575200 0.67754995 -0.15420961
v 0.04425054 0.67754995 -0.15520988
v 0.04425054 0.67754995 -0.15520988
v 0.04575200 0.67754995 -0.15520988
v 0.04575200 0.67754995 -0.15520988
v 0.04575200 0.67835018 -0.15601011
v 0.04575200 0.67835018 -0.15601011
v 0.04575200 0.67987692 -0.15601011
v 0.04575200 0.67987692 -0.15601011
v 0.04595837 0.67992535 -0.15200901
v 0.04595837 0.67992535 -0.15200901
v 0.04575200 0.67987692 -0.15200901
v 0.04575200 0.67987692 -0.15200901
v 0.04575200 0.67875027 -0.15200901
v 0.04975099 0.67875027 -0.15200901
v 0.04685125 0.68029597 -0.15200901
v 0.04685125 0.68029597 -0.15200901
v 0.04761778 0.68088349 -0.15200901
v 0.04761778 0.68088349 -0.15200901
v 0.04820530 0.68165004 -0.15200901
v 0.04820530 0.68165004 -0.15200901
v 0.04425054 0.67987692 -0.15601011
v 0.04425054 0.67987692 -0.15601011
v 0.04425054 0.67987692 -0.15200901
v 0.04425054 0.67987692 -0.15200901
v 0.04404416 0.67992535 -0.15200901
v 0.04404416 0.67992535 -0.15200901
v 0.04425054 0.67875027 -0.15200901
v 0.04315129 0.68029597 -0.15200901
v 0.04315129 0.68029597 -0.15200901
v 0.04025155 0.67875027 -0.15200901
v 0.04238476 0.68088349 -0.15200901
v 0.04238476 0.68088349 -0.15200901
v 0.04179723 0.68165004 -0.15200901
v 0.04179723 0.68165004 -0.15200901
v 0.04142660 0.68254292 -0.15200901
v 0.04142660 0.68254292 -0.15200901
v 0.04130025 0.68349895 -0.15200901
v 0.04130025 0.68349895 -0.15200901
v 0.04025155 0.68824973 -0.15200901
v 0.04142660 0.68445712 -0.15200901
v 0.04142660 0.68445712 -0.15200901
v 0.04179723 0.68535000 -0.15200901
v 0.04179723 0.68535000 -0.15200901
v 0.04238476 0.68611651 -0.15200901
v 0.04238476 0.68611651 -0.15200901
v 0.04315129 0.68670404 -0.15200901
v 0.04315129 0.68670404 -0.15200901
v 0.04404416 0.68707469 -0.15200901
v 0.04404416 0.68707469 -0.15200901
v 0.04500022 0.68719893 -0.15200901
v 0.04500022 0.68719893 -0.15200901
v 0.04975099 0.68824973 -0.15200901
v 0.04595837 0.68707469 -0.15200901
v 0.04595837 0.68707469 -0.15200901
v 0.04685125 0.68670404 -0.15200901
v 0.04685125 0.68670404 -0.15200901
v 0.04761778 0.68611651 -0.15200901
v 0.04761778 0.68611651 -0.15200901
v 0.04820530 0.68535000 -0.15200901
v 0.04820530 0.68535000 -0.15200901
v 0.04857593 0.68445712 -0.15200901
v 0.04857593 0.68445712 -0.15200901
v 0.04870018 0.68349895 -0.15200901
v 0.04870018 0.68349895 -0.15200901
v 0.04857593 0.68254292 -0.15200901
v 0.04857593 0.68254292 -0.15200901
v 0.04857593 0.68254291 -0.16100937
v 0.04857593 0.68254291 -0.16100937
v 0.04820530 0.68165004 -0.16100937
v 0.04820530 0.68165004 -0.16100937
v 0.04761778 0.68088349 -0.16100937
v 0.04761778 0.68088349 -0.16100937
v 0.04685125 0.68029597 -0.16100937
v 0.04685125 0.68029597 -0.16100937
v 0.04595837 0.67992535 -0.16100937
v 0.04595837 0.67992535 -0.16100937
v 0.04500022 0.67979898 -0.16100937
v 0.04500022 0.67979898 -0.16100937
v 0.04404416 0.67992535 -0.16100937
v 0.04404416 0.67992535 -0.16100937
v 0.04315129 0.68029597 -0.16100937
v 0.04315129 0.68029597 -0.16100937
v 0.04238476 0.68088349 -0.16100937
v 0.04238476 0.68088349 -0.16100937
v 0.04179723 0.68165004 -0.16100937
v 0.04179723 0.68165004 -0.16100937
v 0.04142660 0.68254291 -0.16100937
v 0.04142660 0.68254291 -0.16100937
v 0.04130025 0.68349894 -0.16100937
v 0.04130025 0.68349894 -0.16100937
v 0.04142660 0.68445712 -0.16100937
v 0.04142660 0.68445712 -0.16100937
v 0.04179723 0.68534999 -0.16100937
v 0.04179723 0.68534999 -0.16100937
v 0.04238476 0.68611651 -0.16100937
v 0.04238476 0.68611651 -0.16100937
v 0.04315129 0.68670403 -0.16100938
v 0.04315129 0.68670403 -0.16100938
v 0.04404416 0.68707468 -0.16100938
v 0.04404416 0.68707468 -0.16100938
v 0.04500022 0.68719893 -0.16100938
v 0.04500022 0.68719893 -0.16100938
v 0.04595837 0.68707468 -0.16100938
v 0.04595837 0.68707468 -0.16100938
v 0.04685125 0.68670403 -0.16100938
v 0.04685125 0.68670403 -0.16100938
v 0.04761778 0.68611651 -0.16100937
v 0.04761778 0.68611651 -0.16100937
v 0.04820530 0.68534999 -0.16100937
v 0.04820530 0.68534999 -0.16100937
v 0.04857593 0.68445712 -0.16100937
v 0.04857593 0.68445712 -0.16100937
v 0.04870018 0.68349894 -0.16100937
v 0.04870018 0.68349894 -0.16100937
v 0.04855067 0.68349894 -0.16171062
v 0.04855067 0.68349894 -0.16171062
v 0.04843063 0.68258079 -0.16171062
v 0.04843063 0.68258079 -0.16171062
v 0.04807474 0.68172582 -0.16171062
v 0.04807474 0.68172582 -0.16171062
v 0.04751038 0.68098878 -0.16171062
v 0.04751038 0.68098878 -0.16171062
v 0.04677544 0.68042653 -0.16171062
v 0.04677544 0.68042653 -0.16171062
v 0.04592047 0.68007063 -0.16171062
v 0.04592047 0.68007063 -0.16171062
v 0.04500022 0.67995062 -0.16171062
v 0.04500022 0.67995062 -0.16171062
v 0.04408207 0.68007063 -0.16171062
v 0.04408207 0.68007063 -0.16171062
v 0.04322499 0.68042653 -0.16171062
v 0.04322499 0.68042653 -0.16171062
v 0.04249005 0.68098878 -0.16171062
v 0.04249005 0.68098878 -0.16171062
v 0.04192569 0.68172582 -0.16171062
v 0.04192569 0.68172582 -0.16171062
v 0.04157191 0.68258079 -0.16171062
v 0.04157191 0.68258079 -0.16171062
v 0.04145187 0.68349894 -0.16171062
v 0.04145187 0.68349894 -0.16171062
v 0.04157191 0.68441921 -0.16171062
v 0.04157191 0.68441921 -0.16171062
v 0.04192569 0.68527418 -0.16171062
v 0.04192569 0.68527418 -0.16171062
v 0.04249005 0.68601122 -0.16171062
v 0.04249005 0.68601122 -0.16171062
v 0.04322499 0.68657347 -0.16171062
v 0.04322499 0.68657347 -0.16171062
v 0.04408207 0.68692937 -0.16171062
v 0.04408207 0.68692937 -0.16171062
v 0.04500022 0.68704941 -0.16171062
v 0.04500022 0.68704941 -0.16171062
v 0.04592047 0.68692937 -0.16171062
v 0.04592047 0.68692937 -0.16171062
v 0.04677544 0.68657347 -0.16171062
v 0.04677544 0.68657347 -0.16171062
v 0.04751038 0.68601122 -0.16171062
v 0.04751038 0.68601122 -0.16171062
v 0.04807474 0.68527418 -0.16171062
v 0.04807474 0.68527418 -0.16171062
v 0.04843063 0.68441921 -0.16171062
v 0.04843063 0.68441921 -0.16171062
v 0.04500022 0.68349894 -0.16171062
v 0.04500022 0.70220094 -0.15601012
v 0.04500022 0.70220094 -0.15601012
v 0.04575200 0.70364975 -0.15601012
v 0.04575200 0.70364975 -0.15601012
v 0.04575200 0.70324963 -0.15200902
v 0.04575200 0.70324963 -0.15420962
v 0.04575200 0.70324963 -0.15420962
v 0.04425054 0.70324963 -0.15200902
v 0.04425054 0.70324963 -0.15420962
v 0.04425054 0.70324963 -0.15420962
v 0.04575200 0.70444998 -0.15420962
v 0.04575200 0.70444998 -0.15420962
v 0.04425054 0.70444998 -0.15420962
v 0.04425054 0.70444998 -0.15420962
v 0.04575200 0.70444998 -0.15520989
v 0.04575200 0.70444998 -0.15520989
v 0.04425054 0.70444998 -0.15520989
v 0.04425054 0.70444998 -0.15520989
v 0.04425054 0.70364975 -0.15601012
v 0.04425054 0.70364975 -0.15601012
v 0.04425054 0.70212301 -0.15601012
v 0.04425054 0.70212301 -0.15601012
v 0.04404416 0.70207458 -0.15200902
v 0.04404416 0.70207458 -0.15200902
v 0.04404416 0.70207458 -0.15200902
v 0.04425054 0.70212301 -0.15200902
v 0.04425054 0.70212301 -0.15200902
v 0.04425054 0.70324963 -0.15200902
v 0.04425054 0.70324963 -0.15200902
v 0.04025155 0.70324963 -0.15200902
v 0.04315129 0.70170396 -0.15200902
v 0.04315129 0.70170396 -0.15200902
v 0.04238476 0.70111644 -0.15200902
v 0.04238476 0.70111644 -0.15200902
v 0.04179723 0.70034989 -0.15200902
v 0.04179723 0.70034989 -0.15200902
v 0.04575200 0.70212301 -0.15601012
v 0.04575200 0.70212301 -0.15601012
v 0.04575200 0.70212301 -0.15200902
v 0.04575200 0.70212301 -0.15200902
v 0.04595837 0.70207458 -0.15200902
v 0.04595837 0.70207458 -0.15200902
v 0.04595837 0.70207458 -0.15200902
v 0.04575200 0.70324963 -0.15200902
v 0.04575200 0.70324963 -0.15200902
v 0.04685125 0.70170396 -0.15200902
v 0.04685125 0.70170396 -0.15200902
v 0.04975099 0.70324963 -0.15200902
v 0.04761778 0.70111644 -0.15200902
v 0.04761778 0.70111644 -0.15200902
v 0.04820530 0.70034989 -0.15200902
v 0.04820530 0.70034989 -0.15200902
v 0.04857593 0.69945702 -0.15200902
v 0.04857593 0.69945702 -0.15200902
v 0.04870018 0.69850096 -0.15200902
v 0.04870018 0.69850096 -0.15200902
v 0.04975099 0.69375020 -0.15200902
v 0.04857593 0.69754281 -0.15200902
v 0.04857593 0.69754281 -0.15200902
v 0.04820530 0.69664994 -0.15200902
v 0.04820530 0.69664994 -0.15200902
v 0.04761778 0.69588342 -0.15200902
v 0.04761778 0.69588342 -0.15200902
v 0.04685125 0.69529587 -0.15200902
v 0.04685125 0.69529587 -0.15200902
v 0.04595837 0.69492525 -0.15200902
v 0.04595837 0.69492525 -0.15200902
v 0.04500022 0.69480100 -0.15200902
v 0.04500022 0.69480100 -0.15200902
v 0.04025155 0.69375020 -0.15200902
v 0.04404416 0.69492525 -0.15200902
v 0.04404416 0.69492525 -0.15200902
v 0.04315129 0.69529587 -0.15200902
v 0.04315129 0.69529587 -0.15200902
v 0.04238476 0.69588342 -0.15200902
v 0.04238476 0.69588342 -0.15200902
v 0.04179723 0.69664994 -0.15200902
v 0.04179723 0.69664994 -0.15200902
v 0.04142660 0.69754281 -0.15200902
v 0.04142660 0.69754281 -0.15200902
v 0.04130025 0.69850096 -0.15200902
v 0.04130025 0.69850096 -0.15200902
v 0.04142660 0.69945702 -0.15200902
v 0.04142660 0.69945702 -0.15200902
v 0.04142660 0.69945701 -0.16100938
v 0.04142660 0.69945701 -0.16100938
v 0.04179723 0.70034989 -0.16100938
v 0.04179723 0.70034989 -0.16100938
v 0.04238476 0.70111644 -0.16100938
v 0.04238476 0.70111644 -0.16100938
v 0.04315129 0.70170396 -0.16100938
v 0.04315129 0.70170396 -0.16100938
v 0.04404416 0.70207458 -0.16100938
v 0.04404416 0.70207458 -0.16100938
v 0.04500022 0.70220094 -0.16100938
v 0.04500022 0.70220094 -0.16100938
v 0.04595837 0.70207458 -0.16100938
v 0.04595837 0.70207458 -0.16100938
v 0.04685125 0.70170396 -0.16100938
v 0.04685125 0.70170396 -0.16100938
v 0.04761778 0.70111644 -0.16100938
v 0.04761778 0.70111644 -0.16100938
v 0.04820530 0.70034989 -0.16100938
v 0.04820530 0.70034989 -0.16100938
v 0.04857593 0.69945701 -0.16100938
v 0.04857593 0.69945701 -0.16100938
v 0.04870018 0.69850095 -0.16100938
v 0.04870018 0.69850095 -0.16100938
v 0.04857593 0.69754281 -0.16100938
v 0.04857593 0.69754281 -0.16100938
v 0.04820530 0.69664993 -0.16100938
v 0.04820530 0.69664993 -0.16100938
v 0.04761778 0.69588342 -0.16100938
v 0.04761778 0.69588342 -0.16100938
v 0.04685125 0.69529586 -0.16100938
v 0.04685125 0.69529586 -0.16100938
v 0.04595837 0.69492524 -0.16100938
v 0.04595837 0.69492524 -0.16100938
v 0.04500022 0.69480100 -0.16100938
v 0.04500022 0.69480100 -0.16100938
v 0.04404416 0.69492524 -0.16100938
v 0.04404416 0.69492524 -0.16100938
v 0.04315129 0.69529586 -0.16100938
v 0.04315129 0.69529586 -0.16100938
v 0.04238476 0.69588342 -0.16100938
v 0.04238476 0.69588342 -0.16100938
v 0.04179723 0.69664993 -0.16100938
v 0.04179723 0.69664993 -0.16100938
v 0.04142660 0.69754281 -0.16100938
v 0.04142660 0.69754281 -0.16100938
v 0.04130025 0.69850095 -0.16100938
v 0.04130025 0.69850095 -0.16100938
v 0.04145187 0.69850095 -0.16171063
v 0.04145187 0.69850095 -0.16171063
v 0.04157191 0.69941910 -0.16171063
v 0.04157191 0.69941910 -0.16171063
v 0.04192569 0.70027407 -0.16171063
v 0.04192569 0.70027407 -0.16171063
v 0.04249005 0.70101111 -0.16171063
v 0.04249005 0.70101111 -0.16171063
v 0.04322499 0.70157340 -0.16171063
v 0.04322499 0.70157340 -0.16171063
v 0.04408207 0.70192926 -0.16171063
v 0.04408207 0.70192926 -0.16171063
v 0.04500022 0.70204931 -0.16171063
v 0.04500022 0.70204931 -0.16171063
v 0.04592047 0.70192926 -0.16171063
v 0.04592047 0.70192926 -0.16171063
v 0.04677544 0.70157340 -0.16171063
v 0.04677544 0.70157340 -0.16171063
v 0.04751038 0.70101111 -0.16171063
v 0.04751038 0.70101111 -0.16171063
v 0.04807474 0.70027407 -0.16171063
v 0.04807474 0.70027407 -0.16171063
v 0.04843063 0.69941910 -0.16171063
v 0.04843063 0.69941910 -0.16171063
v 0.04855067 0.69850095 -0.16171063
v 0.04855067 0.69850095 -0.16171063
v 0.04843063 0.69758072 -0.16171063
v 0.04843063 0.69758072 -0.16171063
v 0.04807474 0.69672575 -0.16171063
v 0.04807474 0.69672575 -0.16171063
v 0.04751038 0.69598871 -0.16171063
v 0.04751038 0.69598871 -0.16171063
v 0.04677544 0.69542643 -0.16171063
v 0.04677544 0.69542643 -0.16171063
v 0.04592047 0.69507056 -0.16171063
v 0.04592047 0.69507056 -0.16171063
v 0.04500022 0.69495051 -0.16171063
v 0.04500022 0.69495051 -0.16171063
v 0.04408207 0.69507056 -0.16171063
v 0.04408207 0.69507056 -0.16171063
v 0.04322499 0.69542643 -0.16171063
v 0.04322499 0.69542643 -0.16171063
v 0.04249005 0.69598871 -0.16171063
v 0.04249005 0.69598871 -0.16171063
v 0.04192569 0.69672575 -0.16171063
v 0.04192569 0.69672575 -0.16171063
v 0.04157191 0.69758072 -0.16171063
v 0.04157191 0.69758072 -0.16171063
v 0.04500022 0.69850095 -0.16171063
v 0.02000177 0.70220094 -0.15601012
v 0.02000177 0.70220094 -0.15601012
v 0.02075145 0.70364975 -0.15601012
v 0.02075145 0.70364975 -0.15601012
v 0.02075145 0.70324963 -0.15200902
v 0.02075145 0.70324963 -0.15420962
v 0.02075145 0.70324963 -0.15420962
v 0.01924999 0.70324963 -0.15200902
v 0.01924999 0.70324963 -0.15420962
v 0.01924999 0.70324963 -0.15420962
v 0.02075145 0.70444998 -0.15420962
v 0.02075145 0.70444998 -0.15420962
v 0.01924999 0.70444998 -0.15420962
v 0.01924999 0.70444998 -0.15420962
v 0.02075145 0.70444998 -0.15520989
v 0.02075145 0.70444998 -0.15520989
v 0.01924999 0.70444998 -0.15520989
v 0.01924999 0.70444998 -0.15520989
v 0.01924999 0.70364975 -0.15601012
v 0.01924999 0.70364975 -0.15601012
v 0.01924999 0.70212301 -0.15601012
v 0.01924999 0.70212301 -0.15601012
v 0.01904362 0.70207458 -0.15200902
v 0.01904362 0.70207458 -0.15200902
v 0.01904362 0.70207458 -0.15200902
v 0.01924999 0.70212301 -0.15200902
v 0.01924999 0.70212301 -0.15200902
v 0.01924999 0.70324963 -0.15200902
v 0.01924999 0.70324963 -0.15200902
v 0.01525100 0.70324963 -0.15200902
v 0.01815074 0.70170396 -0.15200902
v 0.01815074 0.70170396 -0.15200902
v 0.01738421 0.70111644 -0.15200902
v 0.01738421 0.70111644 -0.15200902
v 0.01679668 0.70034989 -0.15200902
v 0.01679668 0.70034989 -0.15200902
v 0.02075145 0.70212301 -0.15601012
v 0.02075145 0.70212301 -0.15601012
v 0.02075145 0.70212301 -0.15200902
v 0.02075145 0.70212301 -0.15200902
v 0.02095783 0.70207458 -0.15200902
v 0.02095783 0.70207458 -0.15200902
v 0.02095783 0.70207458 -0.15200902
v 0.02075145 0.70324963 -0.15200902
v 0.02075145 0.70324963 -0.15200902
v 0.02185070 0.70170396 -0.15200902
v 0.02185070 0.70170396 -0.15200902
v 0.02475045 0.70324963 -0.15200902
v 0.02261723 0.70111644 -0.15200902
v 0.02261723 0.70111644 -0.15200902
v 0.02320476 0.70034989 -0.15200902
v 0.02320476 0.70034989 -0.15200902
v 0.02357539 0.69945702 -0.15200902
v 0.02357539 0.69945702 -0.15200902
v 0.02370174 0.69850096 -0.15200902
v 0.02370174 0.69850096 -0.15200902
v 0.02475045 0.69375020 -0.15200902
v 0.02357539 0.69754281 -0.15200902
v 0.02357539 0.69754281 -0.15200902
v 0.02320476 0.69664994 -0.15200902
v 0.02320476 0.69664994 -0.15200902
v 0.02261723 0.69588342 -0.15200902
v 0.02261723 0.69588342 -0.15200902
v 0.02185070 0.69529587 -0.15200902
v 0.02185070 0.69529587 -0.15200902
v 0.02095783 0.69492525 -0.15200902
v 0.02095783 0.69492525 -0.15200902
v 0.02000177 0.69480100 -0.15200902
v 0.02000177 0.69480100 -0.15200902
v 0.01525100 0.69375020 -0.15200902
v 0.01904362 0.69492525 -0.15200902
v 0.01904362 0.69492525 -0.15200902
v 0.01815074 0.69529587 -0.15200902
v 0.01815074 0.69529587 -0.15200902
v 0.01738421 0.69588342 -0.15200902
v 0.01738421 0.69588342 -0.15200902
v 0.01679668 0.69664994 -0.15200902
v 0.01679668 0.69664994 -0.15200902
v 0.01642605 0.69754281 -0.15200902
v 0.01642605 0.69754281 -0.15200902
v 0.01630181 0.69850096 -0.15200902
v 0.01630181 0.69850096 -0.15200902
v 0.01642605 0.69945702 -0.15200902
v 0.01642605 0.69945702 -0.15200902
v 0.01642605 0.69945701 -0.16100938
v 0.01642605 0.69945701 -0.16100938
v 0.01679668 0.70034989 -0.16100938
v 0.01679668 0.70034989 -0.16100938
v 0.01738421 0.70111644 -0.16100938
v 0.01738421 0.70111644 -0.16100938
v 0.01815074 0.70170396 -0.16100938
v 0.01815074 0.70170396 -0.16100938
v 0.01904362 0.70207458 -0.16100938
v 0.01904362 0.70207458 -0.16100938
v 0.02000177 0.70220094 -0.16100938
v 0.02000177 0.70220094 -0.16100938
v 0.02095783 0.70207458 -0.16100938
v 0.02095783 0.70207458 -0.16100938
v 0.02185070 0.70170396 -0.16100938
v 0.02185070 0.70170396 -0.16100938
v 0.02261723 0.70111644 -0.16100938
v 0.02261723 0.70111644 -0.16100938
v 0.02320476 0.70034989 -0.16100938
v 0.02320476 0.70034989 -0.16100938
v 0.02357539 0.69945701 -0.16100938
v 0.02357539 0.69945701 -0.16100938
v 0.02370174 0.69850095 -0.16100938
v 0.02370174 0.69850095 -0.16100938
v 0.02357539 0.69754281 -0.16100938
v 0.02357539 0.69754281 -0.16100938
v 0.02320476 0.69664993 -0.16100938
v 0.02320476 0.69664993 -0.16100938
v 0.02261723 0.69588342 -0.16100938
v 0.02261723 0.69588342 -0.16100938
v 0.02185070 0.69529586 -0.16100938
v 0.02185070 0.69529586 -0.16100938
v 0.02095783 0.69492524 -0.16100938
v 0.02095783 0.69492524 -0.16100938
v 0.02000177 0.69480100 -0.16100938
v 0.02000177 0.69480100 -0.16100938
v 0.01904362 0.69492524 -0.16100938
v 0.01904362 0.69492524 -0.16100938
v 0.01815074 0.69529586 -0.16100938
v 0.01815074 0.69529586 -0.16100938
v 0.01738421 0.69588342 -0.16100938
v 0.01738421 0.69588342 -0.16100938
v 0.01679668 0.69664993 -0.16100938
v 0.01679668 0.69664993 -0.16100938
v 0.01642605 0.69754281 -0.16100938
v 0.01642605 0.69754281 -0.16100938
v 0.01630181 0.69850095 -0.16100938
v 0.01630181 0.69850095 -0.16100938
v 0.01645133 0.69850095 -0.16171063
v 0.01645133 0.69850095 -0.16171063
v 0.01657136 0.69941910 -0.16171063
v 0.01657136 0.69941910 -0.16171063
v 0.01692725 0.70027407 -0.16171063
v 0.01692725 0.70027407 -0.16171063
v 0.01749161 0.70101111 -0.16171063
v 0.01749161 0.70101111 -0.16171063
v 0.01822655 0.70157340 -0.16171063
v 0.01822655 0.70157340 -0.16171063
v 0.01908152 0.70192926 -0.16171063
v 0.01908152 0.70192926 -0.16171063
v 0.02000177 0.70204931 -0.16171063
v 0.02000177 0.70204931 -0.16171063
v 0.02091992 0.70192926 -0.16171063
v 0.02091992 0.70192926 -0.16171063
v 0.02177700 0.70157340 -0.16171063
v 0.02177700 0.70157340 -0.16171063
v 0.02251194 0.70101111 -0.16171063
v 0.02251194 0.70101111 -0.16171063
v 0.02307630 0.70027407 -0.16171063
v 0.02307630 0.70027407 -0.16171063
v 0.02343008 0.69941910 -0.16171063
v 0.02343008 0.69941910 -0.16171063
v 0.02355012 0.69850095 -0.16171063
v 0.02355012 0.69850095 -0.16171063
v 0.02343008 0.69758072 -0.16171063
v 0.02343008 0.69758072 -0.16171063
v 0.02307630 0.69672575 -0.16171063
v 0.02307630 0.69672575 -0.16171063
v 0.02251194 0.69598871 -0.16171063
v 0.02251194 0.69598871 -0.16171063
v 0.02177700 0.69542643 -0.16171063
v 0.02177700 0.69542643 -0.16171063
v 0.02091992 0.69507056 -0.16171063
v 0.02091992 0.69507056 -0.16171063
v 0.02000177 0.69495051 -0.16171063
v 0.02000177 0.69495051 -0.16171063
v 0.01908152 0.69507056 -0.16171063
v 0.01908152 0.69507056 -0.16171063
v 0.01822655 0.69542643 -0.16171063
v 0.01822655 0.69542643 -0.16171063
v 0.01749161 0.69598871 -0.16171063
v 0.01749161 0.69598871 -0.16171063
v 0.01692725 0.69672575 -0.16171063
v 0.01692725 0.69672575 -0.16171063
v 0.01657136 0.69758072 -0.16171063
v 0.01657136 0.69758072 -0.16171063
v 0.02000177 0.69850095 -0.16171063
v 0.01822655 0.68042653 -0.16171062
v 0.01822655 0.68042653 -0.16171062
v 0.01749161 0.68098878 -0.16171062
v 0.01749161 0.68098878 -0.16171062
v 0.02000177 0.68349894 -0.16171062
v 0.01692725 0.68172582 -0.16171062
v 0.01692725 0.68172582 -0.16171062
v 0.01657136 0.68258079 -0.16171062
v 0.01657136 0.68258079 -0.16171062
v 0.01645133 0.68349894 -0.16171062
v 0.01645133 0.68349894 -0.16171062
v 0.01657136 0.68441921 -0.16171062
v 0.01657136 0.68441921 -0.16171062
v 0.01692725 0.68527418 -0.16171062
v 0.01692725 0.68527418 -0.16171062
v 0.01749161 0.68601122 -0.16171062
v 0.01749161 0.68601122 -0.16171062
v 0.01822655 0.68657347 -0.16171062
v 0.01822655 0.68657347 -0.16171062
v 0.01908152 0.68692937 -0.16171062
v 0.01908152 0.68692937 -0.16171062
v 0.02000177 0.68704941 -0.16171062
v 0.02000177 0.68704941 -0.16171062
v 0.02091992 0.68692937 -0.16171062
v 0.02091992 0.68692937 -0.16171062
v 0.02177700 0.68657347 -0.16171062
v 0.02177700 0.68657347 -0.16171062
v 0.02251194 0.68601122 -0.16171062
v 0.02251194 0.68601122 -0.16171062
v 0.02251194 0.68098878 -0.16171062
v 0.02251194 0.68098878 -0.16171062
v 0.02307630 0.68172582 -0.16171062
v 0.02307630 0.68172582 -0.16171062
v 0.02343008 0.68258079 -0.16171062
v 0.02343008 0.68258079 -0.16171062
v 0.02355012 0.68349894 -0.16171062
v 0.02355012 0.68349894 -0.16171062
v 0.02343008 0.68441921 -0.16171062
v 0.02343008 0.68441921 -0.16171062
v 0.02307630 0.68527418 -0.16171062
v 0.02307630 0.68527418 -0.16171062
v 0.02320476 0.68534999 -0.16100937
v 0.02320476 0.68534999 -0.16100937
v 0.02261723 0.68611651 -0.16100937
v 0.02261723 0.68611651 -0.16100937
v 0.02185070 0.68670403 -0.16100938
v 0.02185070 0.68670403 -0.16100938
v 0.02095783 0.68707468 -0.16100938
v 0.02095783 0.68707468 -0.16100938
v 0.02000177 0.68719893 -0.16100938
v 0.02000177 0.68719893 -0.16100938
v 0.01904362 0.68707468 -0.16100938
v 0.01904362 0.68707468 -0.16100938
v 0.01815074 0.68670403 -0.16100938
v 0.01815074 0.68670403 -0.16100938
v 0.01738421 0.68611651 -0.16100937
v 0.01738421 0.68611651 -0.16100937
v 0.01679668 0.68534999 -0.16100937
v 0.01679668 0.68534999 -0.16100937
v 0.01642605 0.68445712 -0.16100937
v 0.01642605 0.68445712 -0.16100937
v 0.01630181 0.68349894 -0.16100937
v 0.01630181 0.68349894 -0.16100937
v 0.01642605 0.68254291 -0.16100937
v 0.01642605 0.68254291 -0.16100937
v 0.01679668 0.68165004 -0.16100937
v 0.01679668 0.68165004 -0.16100937
v 0.01738421 0.68088349 -0.16100937
v 0.01738421 0.68088349 -0.16100937
v 0.01815074 0.68029597 -0.16100937
v 0.01815074 0.68029597 -0.16100937
v 0.01908152 0.68007063 -0.16171062
v 0.01908152 0.68007063 -0.16171062
v 0.02000177 0.67995062 -0.16171062
v 0.02000177 0.67995062 -0.16171062
v 0.02091992 0.68007063 -0.16171062
v 0.02091992 0.68007063 -0.16171062
v 0.02177700 0.68042653 -0.16171062
v 0.02177700 0.68042653 -0.16171062
v 0.02185070 0.68029597 -0.16100937
v 0.02185070 0.68029597 -0.16100937
v 0.02261723 0.68088349 -0.16100937
v 0.02261723 0.68088349 -0.16100937
v 0.02320476 0.68165004 -0.16100937
v 0.02320476 0.68165004 -0.16100937
v 0.02357539 0.68254291 -0.16100937
v 0.02357539 0.68254291 -0.16100937
v 0.02370174 0.68349894 -0.16100937
v 0.02370174 0.68349894 -0.16100937
v 0.02357539 0.68445712 -0.16100937
v 0.02357539 0.68445712 -0.16100937
v 0.02357539 0.68445712 -0.15200901
v 0.02357539 0.68445712 -0.15200901
v 0.02320476 0.68535000 -0.15200901
v 0.02320476 0.68535000 -0.15200901
v 0.02261723 0.68611651 -0.15200901
v 0.02261723 0.68611651 -0.15200901
v 0.02185070 0.68670404 -0.15200901
v 0.02185070 0.68670404 -0.15200901
v 0.02095783 0.68707469 -0.15200901
v 0.02095783 0.68707469 -0.15200901
v 0.02000177 0.68719893 -0.15200901
v 0.02000177 0.68719893 -0.15200901
v 0.01904362 0.68707469 -0.15200901
v 0.01904362 0.68707469 -0.15200901
v 0.01815074 0.68670404 -0.15200901
v 0.01815074 0.68670404 -0.15200901
v 0.01738421 0.68611651 -0.15200901
v 0.01738421 0.68611651 -0.15200901
v 0.01679668 0.68535000 -0.15200901
v 0.01679668 0.68535000 -0.15200901
v 0.01642605 0.68445712 -0.15200901
v 0.01642605 0.68445712 -0.15200901
v 0.01630181 0.68349895 -0.15200901
v 0.01630181 0.68349895 -0.15200901
v 0.01642605 0.68254292 -0.15200901
v 0.01642605 0.68254292 -0.15200901
v 0.01679668 0.68165004 -0.15200901
v 0.01679668 0.68165004 -0.15200901
v 0.01738421 0.68088349 -0.15200901
v 0.01738421 0.68088349 -0.15200901
v 0.01815074 0.68029597 -0.15200901
v 0.01815074 0.68029597 -0.15200901
v 0.01904362 0.67992535 -0.15200901
v 0.01904362 0.67992535 -0.15200901
v 0.01904362 0.67992535 -0.16100937
v 0.01904362 0.67992535 -0.16100937
v 0.02000177 0.67979899 -0.15601011
v 0.02000177 0.67979899 -0.15601011
v 0.02000177 0.67979898 -0.16100937
v 0.02000177 0.67979898 -0.16100937
v 0.02095783 0.67992535 -0.16100937
v 0.02095783 0.67992535 -0.16100937
v 0.02095783 0.67992535 -0.15200901
v 0.02095783 0.67992535 -0.15200901
v 0.02185070 0.68029597 -0.15200901
v 0.02185070 0.68029597 -0.15200901
v 0.02261723 0.68088349 -0.15200901
v 0.02261723 0.68088349 -0.15200901
v 0.02320476 0.68165004 -0.15200901
v 0.02320476 0.68165004 -0.15200901
v 0.02357539 0.68254292 -0.15200901
v 0.02357539 0.68254292 -0.15200901
v 0.02370174 0.68349895 -0.15200901
v 0.02370174 0.68349895 -0.15200901
v 0.02475045 0.68824973 -0.15200901
v 0.02475045 0.68824973 -0.15200901
v 0.01525100 0.68824973 -0.15200901
v 0.01525100 0.67875027 -0.15200901
v 0.01924999 0.67875027 -0.15200901
v 0.01924999 0.67987692 -0.15200901
v 0.01924999 0.67987692 -0.15200901
v 0.01924999 0.67987692 -0.15601011
v 0.01924999 0.67987692 -0.15601011
v 0.01924999 0.67835018 -0.15601011
v 0.01924999 0.67835018 -0.15601011
v 0.01924999 0.67875027 -0.15200901
v 0.01924999 0.67875027 -0.15420961
v 0.01924999 0.67875027 -0.15420961
v 0.02075145 0.67875027 -0.15200901
v 0.02075145 0.67875027 -0.15420961
v 0.02075145 0.67875027 -0.15420961
v 0.01924999 0.67754995 -0.15420961
v 0.01924999 0.67754995 -0.15420961
v 0.02075145 0.67754995 -0.15420961
v 0.02075145 0.67754995 -0.15420961
v 0.01924999 0.67754995 -0.15520988
v 0.01924999 0.67754995 -0.15520988
v 0.02075145 0.67754995 -0.15520988
v 0.02075145 0.67754995 -0.15520988
v 0.02075145 0.67835018 -0.15601011
v 0.02075145 0.67835018 -0.15601011
v 0.02075145 0.67987692 -0.15601011
v 0.02075145 0.67987692 -0.15601011
v 0.02075145 0.67987692 -0.15200901
v 0.02075145 0.67987692 -0.15200901
v 0.02075145 0.67875027 -0.15200901
v 0.02475045 0.67875027 -0.15200901
v 0.02475045 0.67875027 -0.15200901
v 0.02475045 0.68824973 -0.15050965
v 0.02475045 0.67875027 -0.15050965
v -0.05749885 0.77610649 0.07264588
v -0.05749885 0.77610649 0.07264588
v -0.04900029 0.77610649 0.07264588
v -0.04900029 0.77610649 0.07264588
v -0.04900029 0.77627350 0.07130058
v -0.04900029 0.77627350 0.07130058
v -0.04900029 0.77627350 0.07130058
v -0.03773690 0.77500240 0.05079640
v -0.03773690 0.77500240 0.05079640
v -0.03777402 0.77500240 0.05085207
v -0.03777402 0.77500240 0.05085207
v -0.03769979 0.77500240 0.05075929
v -0.03769979 0.77500240 0.05075929
v -0.03769979 0.77500240 0.05075929
v -0.03779257 0.77500240 0.05090773
v -0.03779257 0.77500240 0.05090773
v 0.04088411 0.77500239 0.04766047
v 0.04088411 0.77500239 0.04766047
v 0.04093979 0.77500239 0.04768830
v 0.04093979 0.77500239 0.04768830
v 0.04084700 0.77500239 0.04761408
v 0.04084700 0.77500239 0.04761408
v 0.04084700 0.77500239 0.04761408
v 0.04046661 0.77500239 0.04721513
v 0.04046661 0.77500239 0.04721513
v 0.04098617 0.77500239 0.04770686
v 0.04098617 0.77500239 0.04770686
v 0.04105112 0.77500239 0.04771614
v 0.04105112 0.77500239 0.04771614
v 0.04105112 0.77500239 0.04771614
v 0.05750085 0.76899961 0.04786458
v 0.05750085 0.76899961 0.04786458
v 0.05750085 0.76899961 0.04786458
v 0.05750085 0.76899961 0.04786458
v 0.05750085 0.76899961 0.04771614
v 0.05750085 0.76899961 0.04771614
v 0.05750085 0.76899961 0.04771614
v 0.04105112 0.76899961 0.04771614
v 0.04105112 0.76899961 0.04771614
v 0.04105112 0.76899961 0.04771614
v 0.04105112 0.76899961 0.04771614
v 0.04098617 0.76899961 0.04770686
v 0.04098617 0.76899961 0.04770686
v 0.04093979 0.76899961 0.04768830
v 0.04093979 0.76899961 0.04768830
v 0.04088411 0.76899961 0.04766047
v 0.04088411 0.76899961 0.04766047
v 0.04084700 0.76899961 0.04761408
v 0.04084700 0.76899961 0.04761408
v 0.04084700 0.76899961 0.04761408
v 0.04046661 0.76899961 0.04721513
v 0.04046661 0.76899961 0.04721513
v 0.04000271 0.76899961 0.04691823
v 0.04000271 0.76899961 0.04691823
v 0.03688534 0.76899961 0.04830064
v 0.03688534 0.76899961 0.04830064
v 0.03688534 0.76899961 0.04830064
v 0.03688534 0.77500239 0.04830064
v 0.03688534 0.77500239 0.04830064
v 0.03688534 0.77500239 0.04830064
v 0.03679255 0.76899961 0.04883876
v 0.03679255 0.76899961 0.04883876
v 0.03679255 0.76899961 0.04883876
v 0.03679255 0.77500240 0.04883876
v 0.03679255 0.77500240 0.04883876
v 0.03679255 0.77500240 0.04883876
v 0.03679255 0.77500240 0.04883876
v 0.03679255 0.77500240 0.04883876
v 0.03682967 0.76899961 0.04939544
v 0.03682967 0.76899961 0.04939544
v 0.03682967 0.76899961 0.04939544
v 0.03682967 0.77500240 0.04939544
v 0.03682967 0.77500240 0.04939544
v 0.03682967 0.77500240 0.04939544
v 0.03682967 0.77500240 0.04939544
v 0.03700595 0.76899961 0.04991501
v 0.03700595 0.76899961 0.04991501
v 0.03700595 0.77500240 0.04991500
v 0.03700595 0.77500240 0.04991500
v 0.03700595 0.77500240 0.04991500
v 0.03730284 0.76899961 0.05037889
v 0.03730284 0.76899961 0.05037889
v 0.03780385 0.77500240 0.05096341
v 0.03780385 0.77500240 0.05096341
v 0.03780385 0.77500240 0.05096341
v 0.03779458 0.76899961 0.05090774
v 0.03779458 0.76899961 0.05090774
v 0.03779458 0.76899961 0.05090774
v 0.03779458 0.77500240 0.05090773
v 0.03779458 0.77500240 0.05090773
v 0.03777602 0.76899961 0.05085207
v 0.03777602 0.76899961 0.05085207
v 0.03777602 0.76899961 0.05085207
v 0.03777602 0.77500240 0.05085207
v 0.03777602 0.77500240 0.05085207
v 0.03773890 0.76899961 0.05079640
v 0.03773890 0.76899961 0.05079640
v 0.03773890 0.76899961 0.05079640
v 0.03773890 0.77500240 0.05079640
v 0.03773890 0.77500240 0.05079640
v 0.03770179 0.76899961 0.05075929
v 0.03770179 0.76899961 0.05075929
v 0.03770179 0.76899961 0.05075929
v 0.03770179 0.76899961 0.05075929
v 0.03770179 0.77500240 0.05075929
v 0.03770179 0.77500240 0.05075929
v 0.03770179 0.77500240 0.05075929
v 0.03730284 0.77500240 0.05037889
v 0.03730284 0.77500240 0.05037889
v 0.03730284 0.77500240 0.05037889
v 0.03730284 0.77500240 0.05037889
v -0.03730084 0.77500240 0.05037889
v -0.03730084 0.77500240 0.05037889
v -0.03730084 0.77500240 0.05037889
v -0.03700395 0.77500240 0.04991500
v -0.03700395 0.77500240 0.04991500
v -0.03700395 0.77500240 0.04991500
v -0.03682766 0.77500240 0.04939544
v -0.03682766 0.77500240 0.04939544
v -0.03682766 0.77500240 0.04939544
v -0.03682766 0.77500240 0.04939544
v -0.03679055 0.77500240 0.04883876
v -0.03679055 0.77500240 0.04883876
v -0.03679055 0.77500240 0.04883876
v -0.03688334 0.77500239 0.04830064
v -0.03688334 0.77500239 0.04830064
v -0.03710600 0.77500239 0.04779964
v -0.03710600 0.77500239 0.04779964
v -0.03710600 0.77500239 0.04779964
v -0.03744929 0.77500239 0.04736358
v -0.03744929 0.77500239 0.04736358
v -0.03744929 0.77500239 0.04736358
v -0.03787607 0.77500239 0.04702029
v -0.03787607 0.77500239 0.04702029
v -0.03838636 0.77500239 0.04679762
v -0.03838636 0.77500239 0.04679762
v -0.03892447 0.77500239 0.04670485
v -0.03892447 0.77500239 0.04670485
v -0.03892447 0.77500239 0.04670485
v -0.03892447 0.77500239 0.04670485
v 0.03710800 0.77500239 0.04779964
v 0.03710800 0.77500239 0.04779964
v 0.03710800 0.77500239 0.04779964
v 0.03710800 0.77500239 0.04779964
v 0.03710800 0.76899961 0.04779964
v 0.03710800 0.76899961 0.04779964
v 0.03710800 0.76899961 0.04779964
v 0.03745129 0.77500239 0.04736358
v 0.03745129 0.77500239 0.04736358
v 0.03745129 0.77500239 0.04736358
v 0.03745129 0.76899961 0.04736358
v 0.03745129 0.76899961 0.04736358
v 0.03745129 0.76899961 0.04736358
v 0.03787807 0.77500239 0.04702029
v 0.03787807 0.77500239 0.04702029
v 0.03787807 0.76899961 0.04702029
v 0.03787807 0.76899961 0.04702029
v 0.03787807 0.76899961 0.04702029
v 0.03838836 0.77500239 0.04679762
v 0.03838836 0.77500239 0.04679762
v 0.03838836 0.76899961 0.04679762
v 0.03838836 0.76899961 0.04679762
v 0.03838836 0.76899961 0.04679762
v 0.03892647 0.77500239 0.04670485
v 0.03892647 0.77500239 0.04670485
v 0.03892647 0.76899961 0.04670485
v 0.03892647 0.76899961 0.04670485
v 0.03892647 0.76899961 0.04670485
v 0.03948315 0.77500239 0.04674195
v 0.03948315 0.77500239 0.04674195
v 0.03948315 0.76899961 0.04674195
v 0.03948315 0.76899961 0.04674195
v 0.03948315 0.76899961 0.04674195
v 0.04000271 0.77500239 0.04691823
v 0.04000271 0.77500239 0.04691823
v 0.05750085 0.77500239 0.04771614
v 0.05750085 0.77500239 0.04771614
v 0.05750085 0.77500239 0.04771614
v 0.05750085 0.77500239 0.04786458
v 0.05750085 0.77500239 0.04786458
v 0.05750085 0.77500239 0.04786458
v 0.05750085 0.77500239 0.04786458
v 0.03799868 0.79542310 0.07279431
v 0.03799868 0.79542310 0.07279431
v 0.04900229 0.79542310 0.07279431
v 0.04900229 0.79542310 0.07279431
v 0.04900229 0.79709311 0.07061401
v 0.04900229 0.79709311 0.07061401
v 0.04900229 0.77627350 0.06487099
v 0.04900229 0.77627350 0.06487099
v 0.04900229 0.77627350 0.06487099
v 0.04900229 0.77627350 0.07130058
v 0.04900229 0.77627350 0.07130058
v 0.04900229 0.77627350 0.07130058
v 0.04900229 0.79325206 0.07445507
v 0.04900229 0.79325206 0.07445507
v 0.03799868 0.79325206 0.07445507
v 0.03799868 0.79325206 0.07445507
v 0.03799868 0.79709311 0.07061401
v 0.03799868 0.79709311 0.07061401
v 0.04900229 0.79814152 0.06808114
v 0.04900229 0.79814152 0.06808114
v 0.04900229 0.79850335 0.06536272
v 0.04900229 0.79850335 0.06536272
v 0.04900229 0.79850335 0.06536272
v 0.04900229 0.77583743 0.06239379
v 0.04900229 0.77583743 0.06239379
v 0.04900229 0.77601371 0.05988875
v 0.04900229 0.77601371 0.05988875
v 0.04900229 0.77680231 0.05750433
v 0.04900229 0.77680231 0.05750433
v 0.04900229 0.77813835 0.05537969
v 0.04900229 0.77813835 0.05537969
v 0.04900229 0.77995682 0.05364472
v 0.04900229 0.77995682 0.05364472
v 0.04900229 0.78213713 0.05240148
v 0.04900229 0.78213713 0.05240148
v 0.04900229 0.78455866 0.05172419
v 0.04900229 0.78455866 0.05172419
v 0.04900229 0.79709310 0.05311587
v 0.04900229 0.79709310 0.05311587
v 0.04900229 0.79542310 0.05094484
v 0.04900229 0.79542310 0.05094484
v 0.03799868 0.79709310 0.05311587
v 0.03799868 0.79709310 0.05311587
v 0.03799868 0.79542310 0.05094484
v 0.03799868 0.79542310 0.05094484
v 0.04900229 0.79325206 0.04927481
v 0.04900229 0.79325206 0.04927481
v 0.03799868 0.79325206 0.04927481
v 0.03799868 0.79325206 0.04927481
v 0.04900229 0.79071919 0.04822641
v 0.04900229 0.79071919 0.04822641
v 0.04900229 0.78707296 0.05166852
v 0.04900229 0.78707296 0.05166852
v 0.04900229 0.78707296 0.05166852
v 0.04900229 0.79814152 0.05564874
v 0.04900229 0.79814152 0.05564874
v 0.04900229 0.79850335 0.05836717
v 0.04900229 0.79850335 0.05836717
v 0.04900229 0.79850335 0.05836717
v 0.05750085 0.78707296 0.05166852
v 0.05750085 0.78707296 0.05166852
v 0.05750085 0.78707296 0.05166852
v 0.05750085 0.78455866 0.05172419
v 0.05750085 0.78455866 0.05172419
v 0.05750085 0.78213713 0.05240148
v 0.05750085 0.78213713 0.05240148
v 0.05750085 0.77995682 0.05364472
v 0.05750085 0.77995682 0.05364472
v 0.05750085 0.77813835 0.05537969
v 0.05750085 0.77813835 0.05537969
v 0.05750085 0.77680231 0.05750433
v 0.05750085 0.77680231 0.05750433
v 0.05750085 0.77601371 0.05988875
v 0.05750085 0.77601371 0.05988875
v 0.05750085 0.77583743 0.06239379
v 0.05750085 0.77583743 0.06239379
v 0.05750085 0.77627350 0.06487099
v 0.05750085 0.77627350 0.06487099
v 0.05750085 0.77627350 0.06487099
v 0.05750085 0.77627350 0.07130058
v 0.05750085 0.77627350 0.07130058
v 0.05750085 0.77627350 0.07130058
v 0.04900229 0.77610649 0.07264588
v 0.04900229 0.77610649 0.07264588
v 0.05750085 0.77610649 0.07264588
v 0.05750085 0.77610649 0.07264588
v 0.05750085 0.77561475 0.07389839
v 0.05750085 0.77561475 0.07389839
v 0.04900229 0.77561475 0.07389839
v 0.04900229 0.77561475 0.07389839
v 0.04900229 0.77483542 0.07499320
v 0.04900229 0.77483542 0.07499320
v 0.04900229 0.78800078 0.07586531
v 0.04900229 0.78800078 0.07586531
v 0.04900229 0.78800078 0.07586531
v 0.04900229 0.79071920 0.07550347
v 0.04900229 0.79071920 0.07550347
v 0.03799868 0.79071920 0.07550347
v 0.03799868 0.79071920 0.07550347
v 0.03799868 0.79814152 0.06808114
v 0.03799868 0.79814152 0.06808114
v 0.03799868 0.79850335 0.06536272
v 0.03799868 0.79850335 0.06536272
v 0.03799868 0.79850335 0.06536272
v 0.03799868 0.79850335 0.05836717
v 0.03799868 0.79850335 0.05836717
v 0.03799868 0.79850335 0.05836717
v 0.03799868 0.79814152 0.05564874
v 0.03799868 0.79814152 0.05564874
v 0.03799868 0.79071919 0.04822641
v 0.03799868 0.79071919 0.04822641
v 0.04900229 0.78800077 0.04786458
v 0.04900229 0.78800077 0.04786458
v 0.04900229 0.78800077 0.04786458
v 0.04900229 0.78707296 0.04786458
v 0.04900229 0.78707296 0.04786458
v 0.04900229 0.78707296 0.04786458
v 0.05750085 0.78707296 0.04786458
v 0.05750085 0.78707296 0.04786458
v 0.05750085 0.78707296 0.04786458
v 0.05750085 0.77500240 0.07480763
v 0.05750085 0.77500240 0.07480763
v 0.05750085 0.77500240 0.07480763
v 0.05750085 0.77500240 0.07480763
v 0.05750085 0.77500240 0.07586532
v 0.05750085 0.77500240 0.07586532
v 0.05750085 0.77500240 0.07586532
v 0.05750085 0.77483542 0.07499320
v 0.05750085 0.77483542 0.07499320
v 0.04900229 0.77380557 0.07586532
v 0.04900229 0.77380557 0.07586532
v 0.04900229 0.77380557 0.07586532
v 0.03799868 0.78800078 0.07586531
v 0.03799868 0.78800078 0.07586531
v 0.03799868 0.78800078 0.07586531
v 0.03799868 0.78800077 0.04786458
v 0.03799868 0.78800077 0.04786458
v 0.03799868 0.78800077 0.04786458
v 0.03799868 0.76899961 0.04786458
v 0.03799868 0.76899961 0.04786458
v 0.03799868 0.76899961 0.04786458
v 0.03799868 0.76899961 0.04786458
v 0.03799868 0.76899961 0.04786458
v 0.03799868 0.76899961 0.04786458
v 0.03799868 0.76899961 0.04786458
v 0.03799868 0.76899961 0.04786458
v 0.03780385 0.76899961 0.05096341
v 0.03780385 0.76899961 0.05096341
v 0.03780385 0.76899961 0.05096341
v 0.03780385 0.76899961 0.05096341
v 0.03780385 0.77500240 0.07586532
v 0.03780385 0.77500240 0.07586532
v 0.03780385 0.77500240 0.07586532
v -0.03780185 0.77500240 0.07586532
v -0.03780185 0.77500240 0.07586532
v -0.03780185 0.77500240 0.07586532
v -0.03780185 0.77500240 0.05096341
v -0.03780185 0.77500240 0.05096341
v -0.03780185 0.77500240 0.05096341
v -0.03780185 0.76899961 0.05096341
v -0.03780185 0.76899961 0.05096341
v -0.03780185 0.76899961 0.05096341
v -0.03779257 0.76899961 0.05090774
v -0.03779257 0.76899961 0.05090774
v -0.03779257 0.76899961 0.05090774
v -0.03777402 0.76899961 0.05085207
v -0.03777402 0.76899961 0.05085207
v -0.03777402 0.76899961 0.05085207
v -0.03773690 0.76899961 0.05079640
v -0.03773690 0.76899961 0.05079640
v -0.03769979 0.76899961 0.05075929
v -0.03769979 0.76899961 0.05075929
v -0.03769979 0.76899961 0.05075929
v -0.03730084 0.76899961 0.05037889
v -0.03730084 0.76899961 0.05037889
v -0.03700395 0.76899961 0.04991501
v -0.03700395 0.76899961 0.04991501
v -0.03682766 0.76899961 0.04939544
v -0.03682766 0.76899961 0.04939544
v -0.03679055 0.76899961 0.04883876
v -0.03679055 0.76899961 0.04883876
v -0.03688334 0.76899961 0.04830064
v -0.03688334 0.76899961 0.04830064
v -0.03688334 0.76899961 0.04830064
v -0.03710600 0.76899961 0.04779964
v -0.03710600 0.76899961 0.04779964
v -0.03710600 0.76899961 0.04779964
v -0.03744929 0.76899961 0.04736358
v -0.03744929 0.76899961 0.04736358
v -0.03744929 0.76899961 0.04736358
v -0.03787607 0.76899961 0.04702029
v -0.03787607 0.76899961 0.04702029
v -0.03787607 0.76899961 0.04702029
v -0.03838636 0.76899961 0.04679762
v -0.03838636 0.76899961 0.04679762
v -0.03838636 0.76899961 0.04679762
v -0.03892447 0.76899961 0.04670485
v -0.03892447 0.76899961 0.04670485
v -0.03948115 0.76899961 0.04674195
v -0.03948115 0.76899961 0.04674195
v -0.03948115 0.77500239 0.04674195
v -0.03948115 0.77500239 0.04674195
v -0.04000071 0.76899961 0.04691823
v -0.04000071 0.76899961 0.04691823
v -0.05749885 0.76899961 0.04771614
v -0.05749885 0.76899961 0.04771614
v -0.05749885 0.76899961 0.04771614
v -0.04104912 0.76899961 0.04771614
v -0.04104912 0.76899961 0.04771614
v -0.04104912 0.76899961 0.04771614
v -0.04104912 0.77500239 0.04771614
v -0.04104912 0.77500239 0.04771614
v -0.04104912 0.77500239 0.04771614
v -0.04098417 0.76899961 0.04770686
v -0.04098417 0.76899961 0.04770686
v -0.04098417 0.77500239 0.04770686
v -0.04098417 0.77500239 0.04770686
v -0.04093778 0.76899961 0.04768830
v -0.04093778 0.76899961 0.04768830
v -0.04093778 0.77500239 0.04768830
v -0.04093778 0.77500239 0.04768830
v -0.04088211 0.76899961 0.04766047
v -0.04088211 0.76899961 0.04766047
v -0.04088211 0.77500239 0.04766047
v -0.04088211 0.77500239 0.04766047
v -0.04084500 0.76899961 0.04761408
v -0.04084500 0.76899961 0.04761408
v -0.04084500 0.76899961 0.04761408
v -0.04084500 0.77500239 0.04761408
v -0.04084500 0.77500239 0.04761408
v -0.04084500 0.77500239 0.04761408
v -0.04046461 0.77500239 0.04721513
v -0.04046461 0.77500239 0.04721513
v -0.04046461 0.76899961 0.04721513
v -0.04046461 0.76899961 0.04721513
v -0.04000071 0.77500239 0.04691823
v -0.04000071 0.77500239 0.04691823
v -0.07099821 0.77500235 -0.07613469
v -0.07099821 0.77500235 -0.07613469
v -0.07099821 0.77500235 -0.07613469
v -0.07099821 0.77500235 -0.07613469
v 0.07100022 0.75999998 -0.07613469
v 0.07100022 0.75999998 -0.07613469
v 0.07100022 0.75999998 -0.07613469
v 0.07100022 0.75999998 -0.07613469
v -0.07099821 0.75999998 -0.07613469
v -0.07099821 0.75999998 -0.07613469
v -0.07099821 0.75999998 -0.07613469
v 0.07100022 0.77500235 -0.07613469
v 0.07100022 0.77500235 -0.07613469
v 0.07100022 0.77500235 -0.07613469
v 0.07600100 0.77500235 -0.07113391
v 0.07600100 0.77500235 -0.07113391
v 0.07600100 0.77500235 -0.07113391
v 0.07600100 0.77500240 0.07086452
v 0.07600100 0.77500240 0.07086452
v 0.07600100 0.77500240 0.07086452
v 0.07100022 0.77500240 0.07586532
v 0.07100022 0.77500240 0.07586532
v 0.07100022 0.77500240 0.07586532
v 0.05750085 0.77380557 0.07586532
v 0.05750085 0.77380557 0.07586532
v 0.05750085 0.77380557 0.07586532
v 0.05750085 0.77380557 0.07586532
v 0.05750085 0.76899962 0.07586532
v 0.05750085 0.76899962 0.07586532
v 0.03799868 0.76899962 0.07586532
v 0.03799868 0.76899962 0.07586532
v 0.03799868 0.76899962 0.07586532
v 0.03799868 0.76899962 0.07586532
v 0.03780385 0.76899962 0.07586532
v 0.03780385 0.76899962 0.07586532
v 0.03780385 0.76899962 0.07586532
v -0.03780185 0.76899962 0.07586532
v -0.03780185 0.76899962 0.07586532
v -0.03780185 0.76899962 0.07586532
v -0.03799668 0.76899962 0.07586532
v -0.03799668 0.76899962 0.07586532
v -0.03799668 0.76899962 0.07586532
v -0.03799668 0.76899962 0.07586532
v -0.04900029 0.79814152 0.05564874
v -0.04900029 0.79814152 0.05564874
v -0.03799668 0.79709310 0.05311587
v -0.03799668 0.79709310 0.05311587
v -0.04900029 0.79709310 0.05311587
v -0.04900029 0.79709310 0.05311587
v -0.03799668 0.79542310 0.05094484
v -0.03799668 0.79542310 0.05094484
v -0.04900029 0.79542310 0.05094484
v -0.04900029 0.79542310 0.05094484
v -0.03799668 0.79325206 0.04927481
v -0.03799668 0.79325206 0.04927481
v -0.04900029 0.79325206 0.04927481
v -0.04900029 0.79325206 0.04927481
v -0.04900029 0.79071919 0.04822641
v -0.04900029 0.79071919 0.04822641
v -0.03799668 0.79071919 0.04822641
v -0.03799668 0.79071919 0.04822641
v -0.03799668 0.79814152 0.05564874
v -0.03799668 0.79814152 0.05564874
v -0.04900029 0.79850335 0.05836717
v -0.04900029 0.79850335 0.05836717
v -0.04900029 0.79850335 0.05836717
v -0.03799668 0.79850335 0.05836717
v -0.03799668 0.79850335 0.05836717
v -0.03799668 0.79850335 0.05836717
v -0.03799668 0.79709311 0.07061401
v -0.03799668 0.79709311 0.07061401
v -0.03799668 0.79542310 0.07279431
v -0.03799668 0.79542310 0.07279431
v -0.03799668 0.79325206 0.07445507
v -0.03799668 0.79325206 0.07445507
v -0.04900029 0.79325206 0.07445507
v -0.04900029 0.79325206 0.07445507
v -0.04900029 0.79542310 0.07279431
v -0.04900029 0.79542310 0.07279431
v -0.04900029 0.79709311 0.07061401
v -0.04900029 0.79709311 0.07061401
v -0.03799668 0.79814152 0.06808114
v -0.03799668 0.79814152 0.06808114
v -0.04900029 0.79814152 0.06808114
v -0.04900029 0.79814152 0.06808114
v -0.03799668 0.79850335 0.06536272
v -0.03799668 0.79850335 0.06536272
v -0.03799668 0.79850335 0.06536272
v -0.04900029 0.79850335 0.06536272
v -0.04900029 0.79850335 0.06536272
v -0.04900029 0.79850335 0.06536272
v -0.04900029 0.77601371 0.05988875
v -0.04900029 0.77601371 0.05988875
v -0.04900029 0.77680231 0.05750433
v -0.04900029 0.77680231 0.05750433
v -0.04900029 0.77813835 0.05537969
v -0.04900029 0.77813835 0.05537969
v -0.04900029 0.77995682 0.05364472
v -0.04900029 0.77995682 0.05364472
v -0.04900029 0.78213713 0.05240148
v -0.04900029 0.78213713 0.05240148
v -0.04900029 0.78455866 0.05172419
v -0.04900029 0.78455866 0.05172419
v -0.05749885 0.78455866 0.05172419
v -0.05749885 0.78455866 0.05172419
v -0.05749885 0.78707296 0.05166852
v -0.05749885 0.78707296 0.05166852
v -0.05749885 0.78707296 0.05166852
v -0.04900029 0.78707296 0.05166852
v -0.04900029 0.78707296 0.05166852
v -0.04900029 0.78707296 0.05166852
v -0.04900029 0.78800077 0.04786458
v -0.04900029 0.78800077 0.04786458
v -0.04900029 0.78800077 0.04786458
v -0.03799668 0.78800077 0.04786458
v -0.03799668 0.78800077 0.04786458
v -0.03799668 0.78800077 0.04786458
v -0.03799668 0.78800078 0.07586531
v -0.03799668 0.78800078 0.07586531
v -0.03799668 0.78800078 0.07586531
v -0.03799668 0.79071920 0.07550347
v -0.03799668 0.79071920 0.07550347
v -0.04900029 0.79071920 0.07550347
v -0.04900029 0.79071920 0.07550347
v -0.04900029 0.77627350 0.06487099
v -0.04900029 0.77627350 0.06487099
v -0.04900029 0.77627350 0.06487099
v -0.04900029 0.77583743 0.06239379
v -0.04900029 0.77583743 0.06239379
v -0.05749885 0.77601371 0.05988875
v -0.05749885 0.77601371 0.05988875
v -0.05749885 0.77680231 0.05750433
v -0.05749885 0.77680231 0.05750433
v -0.05749885 0.77813835 0.05537969
v -0.05749885 0.77813835 0.05537969
v -0.05749885 0.77995682 0.05364472
v -0.05749885 0.77995682 0.05364472
v -0.05749885 0.78213713 0.05240148
v -0.05749885 0.78213713 0.05240148
v -0.05749885 0.78707296 0.04786458
v -0.05749885 0.78707296 0.04786458
v -0.05749885 0.78707296 0.04786458
v -0.04900029 0.78707296 0.04786458
v -0.04900029 0.78707296 0.04786458
v -0.04900029 0.78707296 0.04786458
v -0.03799668 0.76899961 0.04786458
v -0.03799668 0.76899961 0.04786458
v -0.03799668 0.76899961 0.04786458
v -0.03799668 0.76899961 0.04786458
v -0.03799668 0.76899961 0.04786458
v -0.03799668 0.76899961 0.04786458
v -0.05749885 0.76899961 0.04786458
v -0.05749885 0.76899961 0.04786458
v -0.05749885 0.76899961 0.04786458
v -0.05749885 0.77500239 0.04771614
v -0.05749885 0.77500239 0.04771614
v -0.05749885 0.77500239 0.04771614
v -0.07599901 0.77500235 -0.07113391
v -0.07599901 0.77500235 -0.07113391
v -0.07599901 0.77500235 -0.07113391
v -0.07599901 0.76000003 0.07086452
v -0.07599901 0.76000003 0.07086452
v -0.07599901 0.75999998 -0.07113390
v -0.07599901 0.75999998 -0.07113390
v -0.07112810 0.75999998 -0.07601408
v -0.07112810 0.75999998 -0.07601408
v -0.07112810 0.75999998 -0.07601408
v 0.07113011 0.75999998 -0.07601408
v 0.07113011 0.75999998 -0.07601408
v 0.07600100 0.75999998 -0.07113390
v 0.07600100 0.75999998 -0.07113390
v 0.07600100 0.76000003 0.07086452
v 0.07600100 0.76000003 0.07086452
v 0.07100022 0.76000003 0.07586532
v 0.07100022 0.76000003 0.07586532
v -0.07099821 0.76000003 0.07586532
v -0.07099821 0.76000003 0.07586532
v -0.05749885 0.76899962 0.07586532
v -0.05749885 0.76899962 0.07586532
v -0.04900029 0.77380557 0.07586532
v -0.04900029 0.77380557 0.07586532
v -0.04900029 0.77380557 0.07586532
v -0.04900029 0.78800078 0.07586531
v -0.04900029 0.78800078 0.07586531
v -0.04900029 0.78800078 0.07586531
v -0.04900029 0.77561475 0.07389839
v -0.04900029 0.77561475 0.07389839
v -0.05749885 0.77561475 0.07389839
v -0.05749885 0.77561475 0.07389839
v -0.05749885 0.77627350 0.07130058
v -0.05749885 0.77627350 0.07130058
v -0.05749885 0.77627350 0.07130058
v -0.05749885 0.77627350 0.06487099
v -0.05749885 0.77627350 0.06487099
v -0.05749885 0.77627350 0.06487099
v -0.05749885 0.77583743 0.06239379
v -0.05749885 0.77583743 0.06239379
v -0.05749885 0.77500239 0.04786458
v -0.05749885 0.77500239 0.04786458
v -0.05749885 0.77500239 0.04786458
v -0.05749885 0.77500239 0.04786458
v -0.07599901 0.77500240 0.07086452
v -0.07599901 0.77500240 0.07086452
v -0.07599901 0.77500240 0.07086452
v -0.07099821 0.77500240 0.07586532
v -0.07099821 0.77500240 0.07586532
v -0.07099821 0.77500240 0.07586532
v -0.05749885 0.77380557 0.07586532
v -0.05749885 0.77380557 0.07586532
v -0.05749885 0.77380557 0.07586532
v -0.05749885 0.77380557 0.07586532
v -0.04900029 0.77483542 0.07499320
v -0.04900029 0.77483542 0.07499320
v -0.05749885 0.77500240 0.07480763
v -0.05749885 0.77500240 0.07480763
v -0.05749885 0.77500240 0.07480763
v -0.05749885 0.77500240 0.07480763
v -0.05749885 0.77500240 0.07586532
v -0.05749885 0.77500240 0.07586532
v -0.05749885 0.77500240 0.07586532
v -0.05749885 0.77483542 0.07499320
v -0.05749885 0.77483542 0.07499320
v -0.00887303 0.46017854 -0.15501124
v -0.00299891 0.45000404 -0.15501124
v -0.01130686 0.45831199 -0.15501124
v -0.01317341 0.45587816 -0.15501124
v -0.01434457 0.45304175 -0.15501124
v -0.01474716 0.45000404 -0.15501124
v -0.01434457 0.44696633 -0.15501123
v -0.01317341 0.44412992 -0.15501123
v -0.01130686 0.44169609 -0.15501123
v -0.00887303 0.43982955 -0.15501123
v -0.00603662 0.43865838 -0.15501123
v -0.00299891 0.43825580 -0.15501123
v 0.00003880 0.43865838 -0.15501123
v 0.00287521 0.43982955 -0.15501123
v 0.00530904 0.44169609 -0.15501123
v 0.00717558 0.44412992 -0.15501123
v 0.00834675 0.44696633 -0.15501123
v 0.00874934 0.45000404 -0.15501124
v 0.00834675 0.45304175 -0.15501124
v 0.00717558 0.45587816 -0.15501124
v 0.00530904 0.45831199 -0.15501124
v 0.00287521 0.46017854 -0.15501124
v 0.00003880 0.46134971 -0.15501124
v -0.00299891 0.46175229 -0.15501124
v -0.00603662 0.46134971 -0.15501124
v -0.00288912 0.42930736 -0.15201012
v 0.00055118 0.42881328 -0.15201012
v -0.00290741 0.42870348 -0.15261400
v -0.00290741 0.42870348 -0.15261400
v 0.00038649 0.42824599 -0.15261400
v 0.00038649 0.42824599 -0.15261400
v 0.00373529 0.42745912 -0.15201012
v 0.00344250 0.42694673 -0.15261400
v 0.00344250 0.42694673 -0.15261400
v 0.00648021 0.42533638 -0.15201012
v 0.00605932 0.42491549 -0.15261400
v 0.00605932 0.42491549 -0.15261400
v 0.00856634 0.42255486 -0.15201012
v 0.00805396 0.42226207 -0.15261400
v 0.00805396 0.42226207 -0.15261400
v 0.00986560 0.41933416 -0.15201012
v 0.00929832 0.41918777 -0.15261400
v 0.00929832 0.41918777 -0.15261400
v 0.01030479 0.41589386 -0.15201011
v 0.00970091 0.41589386 -0.15261400
v 0.00970091 0.41589386 -0.15261400
v 0.00982901 0.41245357 -0.15201011
v 0.00924342 0.41261826 -0.15261400
v 0.00924342 0.41261826 -0.15261400
v 0.00847485 0.40926946 -0.15201011
v 0.00794416 0.40956225 -0.15261400
v 0.00794416 0.40956225 -0.15261400
v 0.00633381 0.40652454 -0.15201011
v 0.00591292 0.40694543 -0.15261400
v 0.00591292 0.40694543 -0.15261400
v 0.00355230 0.40443840 -0.15201011
v 0.00325950 0.40495079 -0.15261400
v 0.00325950 0.40495079 -0.15261400
v 0.00034989 0.40312084 -0.15201011
v 0.00018520 0.40370642 -0.15261400
v 0.00018520 0.40370642 -0.15261400
v -0.00299891 0.40269996 -0.15201011
v -0.00309041 0.40330384 -0.15261400
v -0.00309041 0.40330384 -0.15261400
v -0.00310871 0.40269996 -0.15201011
v -0.00654900 0.40317574 -0.15201011
v -0.00638431 0.40376132 -0.15261400
v -0.00638431 0.40376132 -0.15261400
v -0.00973311 0.40452990 -0.15201011
v -0.00944032 0.40504228 -0.15261400
v -0.00944032 0.40504228 -0.15261400
v -0.01247803 0.40667094 -0.15201011
v -0.01205714 0.40709182 -0.15261400
v -0.01205714 0.40709182 -0.15261400
v -0.01456416 0.40943416 -0.15201011
v -0.01405178 0.40972694 -0.15261400
v -0.01405178 0.40972694 -0.15261400
v -0.01586343 0.41265486 -0.15201011
v -0.01529614 0.41280125 -0.15261400
v -0.01529614 0.41280125 -0.15261400
v -0.01630262 0.41609516 -0.15201011
v -0.01569873 0.41609516 -0.15261400
v -0.01569873 0.41609516 -0.15261400
v -0.01582683 0.41953545 -0.15201012
v -0.01524125 0.41938906 -0.15261400
v -0.01524125 0.41938906 -0.15261400
v -0.01447267 0.42273786 -0.15201012
v -0.01394198 0.42242676 -0.15261400
v -0.01394198 0.42242676 -0.15261400
v -0.01233163 0.42548278 -0.15201012
v -0.01191074 0.42504359 -0.15261400
v -0.01191074 0.42504359 -0.15261400
v -0.00955012 0.42756891 -0.15201012
v -0.00925732 0.42705653 -0.15261400
v -0.00925732 0.42705653 -0.15261400
v -0.00634771 0.42886817 -0.15201012
v -0.00618302 0.42830089 -0.15261400
v -0.00618302 0.42830089 -0.15261400
v -0.00299891 0.41600366 -0.15261400
v 0.03131257 0.46250257 -0.15201013
v 0.03453327 0.46199019 -0.15201013
v 0.03129427 0.46149610 -0.15301660
v 0.03129427 0.46149610 -0.15301660
v 0.03425878 0.46103862 -0.15301660
v 0.03425878 0.46103862 -0.15301660
v 0.03751608 0.46067263 -0.15201013
v 0.03700369 0.45981255 -0.15301660
v 0.03700369 0.45981255 -0.15301660
v 0.04005970 0.45862309 -0.15201013
v 0.03932772 0.45792771 -0.15301660
v 0.03932772 0.45792771 -0.15301660
v 0.04198115 0.45598796 -0.15201013
v 0.04110277 0.45549388 -0.15301660
v 0.04110277 0.45549388 -0.15301660
v 0.04315231 0.45293195 -0.15201013
v 0.04218244 0.45269406 -0.15301660
v 0.04218244 0.45269406 -0.15301660
v 0.04350000 0.44969295 -0.15201013
v 0.04249353 0.44971125 -0.15301660
v 0.04249353 0.44971125 -0.15301660
v 0.04298762 0.44647225 -0.15201013
v 0.04203605 0.44674674 -0.15301659
v 0.04203605 0.44674674 -0.15301659
v 0.04167006 0.44348944 -0.15201012
v 0.04080998 0.44400182 -0.15301659
v 0.04080998 0.44400182 -0.15301659
v 0.03962051 0.44094582 -0.15201012
v 0.03892514 0.44167779 -0.15301659
v 0.03892514 0.44167779 -0.15301659
v 0.03698539 0.43902437 -0.15201012
v 0.03650961 0.43990275 -0.15301659
v 0.03650961 0.43990275 -0.15301659
v 0.03392939 0.43785321 -0.15201012
v 0.03370979 0.43882308 -0.15301659
v 0.03370979 0.43882308 -0.15301659
v 0.03100147 0.43750552 -0.15201012
v 0.03070868 0.43851199 -0.15301659
v 0.03070868 0.43851199 -0.15301659
v 0.03069038 0.43750552 -0.15201012
v 0.02746968 0.43801790 -0.15201012
v 0.02774417 0.43896947 -0.15301659
v 0.02774417 0.43896947 -0.15301659
v 0.02448687 0.43933546 -0.15201012
v 0.02499925 0.44019553 -0.15301659
v 0.02499925 0.44019553 -0.15301659
v 0.02194325 0.44138500 -0.15201012
v 0.02267522 0.44208038 -0.15301659
v 0.02267522 0.44208038 -0.15301659
v 0.02002180 0.44402012 -0.15201012
v 0.02090018 0.44449591 -0.15301659
v 0.02090018 0.44449591 -0.15301659
v 0.01885064 0.44705783 -0.15201013
v 0.01982051 0.44729572 -0.15301659
v 0.01982051 0.44729572 -0.15301659
v 0.01850295 0.45031513 -0.15201013
v 0.01950942 0.45027853 -0.15301660
v 0.01950942 0.45027853 -0.15301660
v 0.01901533 0.45353584 -0.15201013
v 0.01996690 0.45324304 -0.15301660
v 0.01996690 0.45324304 -0.15301660
v 0.02033289 0.45651865 -0.15201013
v 0.02119296 0.45598796 -0.15301660
v 0.02119296 0.45598796 -0.15301660
v 0.02238243 0.45906228 -0.15201013
v 0.02307781 0.45833029 -0.15301660
v 0.02307781 0.45833029 -0.15301660
v 0.02501756 0.46098372 -0.15201013
v 0.02549333 0.46010534 -0.15301660
v 0.02549333 0.46010534 -0.15301660
v 0.02807356 0.46215488 -0.15201013
v 0.02829315 0.46118500 -0.15301660
v 0.02829315 0.46118500 -0.15301660
v 0.03100147 0.45000404 -0.15301660
v -0.03562684 0.46048963 -0.15151604
v -0.03831686 0.45995895 -0.15151604
v -0.03573664 0.46248427 -0.15050958
v -0.03893904 0.46186208 -0.15050958
v -0.04076898 0.45876948 -0.15151604
v -0.04188525 0.46043473 -0.15050958
v -0.04285512 0.45697614 -0.15151604
v -0.04433738 0.45829370 -0.15050957
v -0.04439227 0.45470700 -0.15151604
v -0.04616732 0.45560367 -0.15050957
v -0.04528895 0.45210848 -0.15151604
v -0.04724699 0.45251107 -0.15050957
v -0.04547194 0.44938186 -0.15151604
v -0.04748488 0.44927206 -0.15050957
v -0.04495956 0.44669184 -0.15151604
v -0.04686270 0.44605136 -0.15050957
v -0.04377009 0.44422142 -0.15151604
v -0.04543534 0.44312345 -0.15050957
v -0.04197675 0.44215358 -0.15151604
v -0.04329431 0.44065302 -0.15050957
v -0.03970762 0.44061643 -0.15151604
v -0.04060429 0.43882308 -0.15050957
v -0.03710909 0.43971975 -0.15151604
v -0.03751168 0.43776171 -0.15050957
v -0.03438247 0.43951846 -0.15151604
v -0.03425438 0.43752382 -0.15050957
v -0.03169245 0.44003084 -0.15151604
v -0.03105197 0.43814599 -0.15050957
v -0.02922203 0.44123861 -0.15151604
v -0.02812406 0.43955505 -0.15050957
v -0.02715419 0.44303195 -0.15151604
v -0.02565363 0.44169609 -0.15050957
v -0.02561704 0.44530108 -0.15151604
v -0.02382369 0.44440441 -0.15050957
v -0.02472036 0.44788131 -0.15151604
v -0.02276232 0.44747872 -0.15050957
v -0.02451907 0.45062622 -0.15151604
v -0.02252443 0.45073602 -0.15050957
v -0.02503145 0.45331625 -0.15151604
v -0.02312831 0.45393842 -0.15050957
v -0.02623922 0.45576837 -0.15151604
v -0.02455567 0.45688463 -0.15050957
v -0.02803256 0.45785451 -0.15151604
v -0.02669670 0.45933677 -0.15050958
v -0.03030170 0.45939167 -0.15151604
v -0.02940502 0.46116671 -0.15050958
v -0.03288192 0.46028834 -0.15151604
v -0.03247933 0.46224638 -0.15050958
v -0.03520595 0.68105292 -0.15351076
v -0.04100688 0.69100785 -0.15351076
v -0.03284532 0.68290117 -0.15351076
v -0.03101537 0.68528011 -0.15351076
v -0.02988081 0.68806162 -0.15351076
v -0.02949652 0.69104445 -0.15351076
v -0.02989911 0.69400894 -0.15351076
v -0.03105197 0.69679045 -0.15351076
v -0.03290022 0.69916939 -0.15351076
v -0.03527915 0.70098105 -0.15351077
v -0.03806067 0.70211559 -0.15351077
v -0.04104348 0.70249989 -0.15351077
v -0.04400799 0.70209729 -0.15351077
v -0.04678950 0.70094445 -0.15351077
v -0.04916843 0.69909620 -0.15351076
v -0.05098008 0.69671726 -0.15351076
v -0.05211464 0.69393575 -0.15351076
v -0.05249893 0.69095292 -0.15351076
v -0.05209634 0.68798843 -0.15351076
v -0.05094348 0.68520692 -0.15351076
v -0.04909524 0.68284627 -0.15351076
v -0.04671631 0.68101632 -0.15351076
v -0.04393479 0.67988178 -0.15351076
v -0.04095198 0.67949748 -0.15351076
v -0.03798747 0.67990008 -0.15351076
v 0.04575083 0.67874720 -0.15420614
v 0.04575083 0.67874720 -0.15201020
v 0.04425028 0.67874720 -0.15420614
v 0.04425028 0.67874720 -0.15201020
v -0.01864900 0.43900791 -0.15230341
v -0.01864900 0.43900791 -0.15230341
v -0.01858371 0.43848552 -0.15230341
v -0.01858371 0.43848552 -0.15230341
v -0.01864900 0.43900791 -0.15200956
v -0.01858371 0.43848552 -0.15200956
v -0.01838781 0.43799577 -0.15230341
v -0.01838781 0.43799577 -0.15230341
v -0.01838781 0.43799577 -0.15200956
v -0.01806131 0.43758765 -0.15230341
v -0.01806131 0.43758765 -0.15230341
v -0.01806131 0.43758765 -0.15200956
v -0.01765319 0.43726115 -0.15230341
v -0.01765319 0.43726115 -0.15230341
v -0.01765319 0.43726115 -0.15200956
v -0.01716344 0.43706526 -0.15230341
v -0.01716344 0.43706526 -0.15230341
v -0.01716344 0.43706526 -0.15200956
v -0.01664105 0.43699996 -0.15200956
v -0.01664105 0.43699996 -0.15230341
v -0.01664105 0.43699996 -0.15230341
v 0.01065410 0.43699996 -0.15230341
v 0.01065410 0.43699996 -0.15230341
v 0.01117649 0.43706526 -0.15230341
v 0.01117649 0.43706526 -0.15230341
v 0.01065410 0.43699996 -0.15200956
v 0.01117649 0.43706526 -0.15200956
v 0.01164991 0.43726115 -0.15230341
v 0.01164991 0.43726115 -0.15230341
v 0.01164991 0.43726115 -0.15200956
v 0.01205803 0.43758765 -0.15230341
v 0.01205803 0.43758765 -0.15230341
v 0.01205803 0.43758765 -0.15200956
v 0.01238453 0.43799577 -0.15230341
v 0.01238453 0.43799577 -0.15230341
v 0.01238453 0.43799577 -0.15200956
v 0.01258043 0.43848552 -0.15230341
v 0.01258043 0.43848552 -0.15230341
v 0.01258043 0.43848552 -0.15200956
v 0.01264573 0.43900791 -0.15200956
v 0.01264573 0.43900791 -0.15230341
v 0.01264573 0.43900791 -0.15230341
v -0.01664105 0.46300544 -0.15230342
v 0.01065410 0.46300544 -0.15230342
v -0.00299348 0.46174843 -0.15230342
v -0.00299348 0.46174843 -0.15230342
v 0.00004295 0.46135663 -0.15230342
v 0.00004295 0.46135663 -0.15230342
v 0.00288347 0.46018124 -0.15230342
v 0.00288347 0.46018124 -0.15230342
v 0.00531587 0.45830388 -0.15230342
v 0.00531587 0.45830388 -0.15230342
v 0.01117649 0.46292381 -0.15230342
v 0.01164991 0.46272792 -0.15230342
v 0.01205803 0.46241775 -0.15230342
v 0.01238453 0.46199330 -0.15230342
v 0.01258043 0.46151988 -0.15230342
v 0.00717690 0.45587148 -0.15230342
v 0.00717690 0.45587148 -0.15230342
v 0.01264573 0.46099749 -0.15230342
v 0.00835229 0.45304729 -0.15230342
v 0.00835229 0.45304729 -0.15230342
v 0.00874409 0.44999454 -0.15230342
v 0.00874409 0.44999454 -0.15230342
v 0.00835229 0.44695811 -0.15230342
v 0.00835229 0.44695811 -0.15230342
v 0.00717690 0.44411760 -0.15230342
v 0.00717690 0.44411760 -0.15230342
v 0.00531587 0.44168519 -0.15230342
v 0.00531587 0.44168519 -0.15230342
v 0.00288347 0.43982416 -0.15230342
v 0.00288347 0.43982416 -0.15230342
v 0.00004295 0.43864876 -0.15230341
v 0.00004295 0.43864876 -0.15230341
v -0.00299348 0.43825697 -0.15230341
v -0.00299348 0.43825697 -0.15230341
v -0.00604622 0.43864876 -0.15230341
v -0.00604622 0.43864876 -0.15230341
v -0.00887042 0.43982416 -0.15230342
v -0.00887042 0.43982416 -0.15230342
v -0.01130282 0.44168519 -0.15230342
v -0.01130282 0.44168519 -0.15230342
v -0.01318018 0.44411760 -0.15230342
v -0.01318018 0.44411760 -0.15230342
v -0.01435557 0.44695811 -0.15230342
v -0.01435557 0.44695811 -0.15230342
v -0.01474737 0.44999454 -0.15230342
v -0.01474737 0.44999454 -0.15230342
v -0.01864900 0.46099749 -0.15230342
v -0.01435557 0.45304729 -0.15230342
v -0.01435557 0.45304729 -0.15230342
v -0.01318018 0.45587148 -0.15230342
v -0.01318018 0.45587148 -0.15230342
v -0.01858371 0.46151988 -0.15230342
v -0.01838781 0.46199330 -0.15230342
v -0.01806131 0.46241775 -0.15230342
v -0.01765319 0.46272792 -0.15230342
v -0.01716344 0.46292381 -0.15230342
v -0.01130282 0.45830388 -0.15230342
v -0.01130282 0.45830388 -0.15230342
v -0.00887042 0.46018124 -0.15230342
v -0.00887042 0.46018124 -0.15230342
v -0.00604622 0.46135663 -0.15230342
v -0.00604622 0.46135663 -0.15230342
v -0.00604622 0.46135663 -0.15501334
v -0.00299348 0.46174842 -0.15501334
v 0.00004295 0.46135663 -0.15501334
v 0.00288347 0.46018124 -0.15501334
v 0.00531587 0.45830388 -0.15501334
v 0.00717690 0.45587148 -0.15501334
v 0.00835229 0.45304729 -0.15501334
v 0.00874409 0.44999454 -0.15501334
v 0.00835229 0.44695811 -0.15501334
v 0.00717690 0.44411759 -0.15501333
v 0.00531587 0.44168519 -0.15501333
v 0.00288347 0.43982416 -0.15501333
v 0.00004295 0.43864876 -0.15501333
v -0.00299348 0.43825697 -0.15501333
v -0.00604622 0.43864876 -0.15501333
v -0.00887042 0.43982416 -0.15501333
v -0.01130282 0.44168519 -0.15501333
v -0.01318018 0.44411759 -0.15501333
v -0.01435557 0.44695811 -0.15501334
v -0.01474737 0.44999454 -0.15501334
v -0.01435557 0.45304729 -0.15501334
v -0.01318018 0.45587148 -0.15501334
v -0.01130282 0.45830388 -0.15501334
v -0.00887042 0.46018124 -0.15501334
v 0.04575252 0.67988103 -0.15200965
v 0.04575252 0.67875462 -0.15200964
v 0.04575252 0.67988103 -0.15600924
v 0.04575252 0.67875462 -0.15421350
v 0.04575252 0.67834651 -0.15600924
v 0.04575252 0.67754659 -0.15520931
v 0.04575252 0.67754659 -0.15421350
v 0.02074285 0.67988103 -0.15200965
v 0.02074285 0.67875462 -0.15200964
v 0.02074285 0.67988103 -0.15600924
v 0.02074285 0.67875462 -0.15421350
v 0.02074285 0.67834651 -0.15600924
v 0.02074285 0.67754659 -0.15520931
v 0.02074285 0.67754659 -0.15421350
v 0.04425064 0.70211547 -0.15200965
v 0.04425064 0.70324188 -0.15200965
v 0.04425064 0.70211547 -0.15600924
v 0.04425064 0.70324188 -0.15421350
v 0.04425064 0.70364999 -0.15600924
v 0.04425064 0.70444995 -0.15520932
v 0.04425064 0.70444995 -0.15421351
v 0.01925729 0.70211547 -0.15200965
v 0.01925729 0.70324188 -0.15200965
v 0.01925729 0.70211547 -0.15600924
v 0.01925729 0.70324188 -0.15421350
v 0.01925729 0.70364999 -0.15600924
v 0.01925729 0.70444995 -0.15520932
v 0.01925729 0.70444995 -0.15421351
v -0.04298582 0.68699270 -0.15050250
v -0.04298582 0.68699270 -0.15050250
v -0.04298582 0.68699270 -0.15050250
v -0.04298582 0.68598878 -0.15050250
v -0.04298582 0.68598878 -0.15050250
v -0.04298582 0.68598878 -0.15050250
v -0.04298582 0.68598878 -0.15202008
v -0.04298582 0.68598878 -0.15202008
v -0.04298582 0.68598878 -0.15202008
v -0.03897008 0.68601212 -0.15202008
v -0.03897008 0.68601212 -0.15202008
v -0.03897008 0.68601212 -0.15202008
v -0.03897008 0.68601212 -0.15050250
v -0.03897008 0.68601212 -0.15050250
v -0.03897008 0.68601212 -0.15050250
v -0.03899342 0.68701607 -0.15050250
v -0.03899342 0.68701607 -0.15050250
v -0.03899342 0.68701607 -0.15050250
v -0.03500102 0.68902394 -0.15050250
v -0.03500102 0.68902394 -0.15050250
v -0.03500102 0.68902394 -0.15050250
v -0.03500102 0.68902394 -0.15202008
v -0.03500102 0.68902394 -0.15202008
v -0.03500102 0.68902394 -0.15202008
v -0.03698555 0.68902394 -0.15050250
v -0.03698555 0.68902394 -0.15050250
v -0.03698555 0.68902394 -0.15050250
v -0.03698555 0.68701607 -0.15050250
v -0.03698555 0.68701607 -0.15050250
v -0.03698555 0.68701607 -0.15050250
v -0.03698555 0.68701607 -0.15202008
v -0.03698555 0.68701607 -0.15202008
v -0.03698555 0.68701607 -0.15202008
v -0.03698555 0.68902394 -0.15202008
v -0.03698555 0.68902394 -0.15202008
v -0.03698555 0.68902394 -0.15202008
v -0.03502437 0.69602814 -0.15202008
v -0.03502437 0.69602814 -0.15202008
v -0.03502437 0.69602814 -0.15202008
v -0.03502437 0.69602814 -0.15050250
v -0.03502437 0.69602814 -0.15050250
v -0.03502437 0.69602814 -0.15050250
v -0.04702492 0.69598144 -0.15050250
v -0.04702492 0.69598144 -0.15050250
v -0.04702492 0.69598144 -0.15050250
v -0.04700157 0.68897724 -0.15050250
v -0.04700157 0.68897724 -0.15050250
v -0.04700157 0.68897724 -0.15050250
v -0.04499370 0.68897724 -0.15050250
v -0.04499370 0.68897724 -0.15050250
v -0.04499370 0.68897724 -0.15050250
v -0.04499370 0.68699270 -0.15050250
v -0.04499370 0.68699270 -0.15050250
v -0.04499370 0.68699270 -0.15050250
v -0.04499370 0.68699270 -0.15202008
v -0.04499370 0.68699270 -0.15202008
v -0.04499370 0.68699270 -0.15202008
v -0.04298582 0.68699270 -0.15202008
v -0.04298582 0.68699270 -0.15202008
v -0.04298582 0.68699270 -0.15202008
v -0.03899342 0.68701607 -0.15202008
v -0.03899342 0.68701607 -0.15202008
v -0.03899342 0.68701607 -0.15202008
v -0.04702492 0.69598144 -0.15202008
v -0.04702492 0.69598144 -0.15202008
v -0.04702492 0.69598144 -0.15202008
v -0.04700157 0.68897724 -0.15202008
v -0.04700157 0.68897724 -0.15202008
v -0.04700157 0.68897724 -0.15202008
v -0.04499370 0.68897724 -0.15202008
v -0.04499370 0.68897724 -0.15202008
v -0.04499370 0.68897724 -0.15202008
v -0.00518643 0.42351763 -0.15201999
v -0.00518643 0.42351763 -0.15201999
v -0.00518643 0.42351763 -0.15201999
v -0.00530317 0.40852862 -0.15050241
v -0.00530317 0.40852862 -0.15050241
v -0.00530317 0.40852862 -0.15050241
v -0.00518643 0.42351763 -0.15050241
v -0.00518643 0.42351763 -0.15050241
v -0.00518643 0.42351763 -0.15050241
v -0.00868854 0.42354098 -0.15050241
v -0.00868854 0.42354098 -0.15050241
v -0.00868854 0.42354098 -0.15050241
v -0.00880527 0.40855196 -0.15050241
v -0.00880527 0.40855196 -0.15050241
v -0.00880527 0.40855196 -0.15050241
v -0.00880527 0.40855196 -0.15201998
v -0.00880527 0.40855196 -0.15201998
v -0.00880527 0.40855196 -0.15201998
v -0.00530317 0.40852862 -0.15201998
v -0.00530317 0.40852862 -0.15201998
v -0.00530317 0.40852862 -0.15201998
v -0.00868854 0.42354098 -0.15201999
v -0.00868854 0.42354098 -0.15201999
v -0.00868854 0.42354098 -0.15201999
v -0.00019009 0.41217080 -0.15050241
v -0.00019009 0.41217080 -0.15050241
v -0.00007336 0.41186729 -0.15050241
v -0.00007336 0.41186729 -0.15050241
v -0.00007336 0.41186729 -0.15050241
v -0.00007336 0.41186729 -0.15201999
v -0.00007336 0.41186729 -0.15201999
v 0.00011342 0.41163381 -0.15201999
v 0.00011342 0.41163381 -0.15201999
v 0.00011342 0.41163381 -0.15050241
v 0.00011342 0.41163381 -0.15050241
v 0.00011342 0.41163381 -0.15050241
v 0.00044028 0.42050582 -0.15050241
v 0.00044028 0.42050582 -0.15050241
v 0.00072046 0.42062255 -0.15050241
v 0.00072046 0.42062255 -0.15050241
v 0.00018346 0.42031903 -0.15050241
v 0.00018346 0.42031903 -0.15050241
v -0.00000332 0.42008556 -0.15201999
v -0.00000332 0.42008556 -0.15201999
v -0.00000332 0.42008556 -0.15050241
v -0.00000332 0.42008556 -0.15050241
v 0.00104732 0.42066925 -0.15050241
v 0.00104732 0.42066925 -0.15050241
v 0.00104732 0.42066925 -0.15201999
v 0.00104732 0.42066925 -0.15201999
v 0.00072046 0.42062255 -0.15201999
v 0.00072046 0.42062255 -0.15201999
v 0.00044028 0.42050582 -0.15201999
v 0.00044028 0.42050582 -0.15201999
v 0.00044028 0.42050582 -0.15201999
v 0.00018346 0.42031903 -0.15201999
v 0.00018346 0.42031903 -0.15201999
v 0.00018346 0.42031903 -0.15201999
v 0.00018346 0.42031903 -0.15201999
v -0.00012005 0.41978205 -0.15201999
v -0.00012005 0.41978205 -0.15201999
v -0.00012005 0.41978205 -0.15201999
v -0.00012005 0.41978205 -0.15050241
v -0.00012005 0.41978205 -0.15050241
v 0.00135083 0.42062255 -0.15050241
v 0.00135083 0.42062255 -0.15050241
v 0.00135083 0.42062255 -0.15201999
v 0.00135083 0.42062255 -0.15201999
v 0.00163100 0.42050582 -0.15050241
v 0.00163100 0.42050582 -0.15050241
v 0.00163100 0.42050582 -0.15201999
v 0.00163100 0.42050582 -0.15201999
v 0.00188782 0.42031903 -0.15050241
v 0.00188782 0.42031903 -0.15050241
v 0.00188782 0.42031903 -0.15201999
v 0.00188782 0.42031903 -0.15201999
v 0.00207460 0.42006221 -0.15050241
v 0.00207460 0.42006221 -0.15050241
v 0.00207460 0.42006221 -0.15201999
v 0.00207460 0.42006221 -0.15201999
v 0.00219134 0.41975870 -0.15050241
v 0.00219134 0.41975870 -0.15050241
v 0.00219134 0.41975870 -0.15201999
v 0.00219134 0.41975870 -0.15201999
v 0.00223804 0.41945518 -0.15050241
v 0.00223804 0.41945518 -0.15050241
v 0.00223804 0.41945518 -0.15050241
v 0.00223804 0.41945518 -0.15201999
v 0.00223804 0.41945518 -0.15201999
v 0.00223804 0.41945518 -0.15201999
v 0.00216799 0.41245097 -0.15050241
v 0.00216799 0.41245097 -0.15050241
v 0.00216799 0.41245097 -0.15050241
v 0.00128079 0.41130695 -0.15050241
v 0.00128079 0.41130695 -0.15050241
v 0.00156096 0.41142369 -0.15050241
v 0.00156096 0.41142369 -0.15050241
v 0.00156096 0.41142369 -0.15201999
v 0.00156096 0.41142369 -0.15201999
v 0.00181778 0.41161047 -0.15201999
v 0.00181778 0.41161047 -0.15201999
v 0.00181778 0.41161047 -0.15050241
v 0.00181778 0.41161047 -0.15050241
v 0.00200456 0.41186729 -0.15201999
v 0.00200456 0.41186729 -0.15201999
v 0.00200456 0.41186729 -0.15050241
v 0.00200456 0.41186729 -0.15050241
v 0.00212130 0.41214746 -0.15201999
v 0.00212130 0.41214746 -0.15201999
v 0.00212130 0.41214746 -0.15050241
v 0.00212130 0.41214746 -0.15050241
v 0.00216799 0.41245097 -0.15201999
v 0.00216799 0.41245097 -0.15201999
v 0.00216799 0.41245097 -0.15201999
v -0.00016674 0.41947853 -0.15201999
v -0.00016674 0.41947853 -0.15201999
v -0.00016674 0.41947853 -0.15201999
v -0.00016674 0.41947853 -0.15201999
v -0.00016674 0.41947853 -0.15201999
v -0.00016674 0.41947853 -0.15050241
v -0.00016674 0.41947853 -0.15050241
v -0.00016674 0.41947853 -0.15050241
v -0.00023679 0.41247432 -0.15050241
v -0.00023679 0.41247432 -0.15050241
v -0.00023679 0.41247432 -0.15050241
v -0.00023679 0.41247432 -0.15050241
v -0.00023679 0.41247432 -0.15050241
v 0.00095393 0.41126026 -0.15050241
v 0.00095393 0.41126026 -0.15050241
v 0.00065041 0.41130695 -0.15050241
v 0.00065041 0.41130695 -0.15050241
v 0.00065041 0.41130695 -0.15050241
v 0.00037024 0.41142369 -0.15050241
v 0.00037024 0.41142369 -0.15050241
v 0.00037024 0.41142369 -0.15050241
v -0.00019009 0.41217080 -0.15201999
v -0.00019009 0.41217080 -0.15201999
v -0.00019009 0.41217080 -0.15201999
v 0.00037024 0.41142369 -0.15201999
v 0.00037024 0.41142369 -0.15201999
v 0.00037024 0.41142369 -0.15201999
v 0.00037024 0.41142369 -0.15201999
v 0.00065041 0.41130695 -0.15201999
v 0.00065041 0.41130695 -0.15201999
v 0.00065041 0.41130695 -0.15201999
v 0.00095393 0.41126026 -0.15201999
v 0.00095393 0.41126026 -0.15201999
v 0.00128079 0.41130695 -0.15201999
v 0.00128079 0.41130695 -0.15201999
v -0.00023679 0.41247432 -0.15201999
v -0.00023679 0.41247432 -0.15201999
v -0.00023679 0.41247432 -0.15201999
v -0.00023679 0.41247432 -0.15201999
v -0.00023679 0.41247432 -0.15201999
v -0.00100725 0.44249904 -0.15050242
v -0.00100725 0.44249904 -0.15050242
v -0.00100725 0.44249904 -0.15050242
v -0.00100725 0.45751140 -0.15050242
v -0.00100725 0.45751140 -0.15050242
v -0.00100725 0.45751140 -0.15050242
v -0.00100725 0.45751140 -0.15202000
v -0.00100725 0.45751140 -0.15202000
v -0.00100725 0.45751140 -0.15202000
v -0.00499965 0.45751140 -0.15202000
v -0.00499965 0.45751140 -0.15202000
v -0.00499965 0.45751140 -0.15202000
v -0.00499965 0.45751140 -0.15050242
v -0.00499965 0.45751140 -0.15050242
v -0.00499965 0.45751140 -0.15050242
v -0.00499965 0.44450691 -0.15050242
v -0.00499965 0.44450691 -0.15050242
v -0.00499965 0.44450691 -0.15050242
v -0.00350542 0.44249904 -0.15050242
v -0.00350542 0.44249904 -0.15050242
v -0.00350542 0.44249904 -0.15050242
v -0.00350542 0.44249904 -0.15202000
v -0.00350542 0.44249904 -0.15202000
v -0.00350542 0.44249904 -0.15202000
v -0.00100725 0.44249904 -0.15202000
v -0.00100725 0.44249904 -0.15202000
v -0.00100725 0.44249904 -0.15202000
v -0.00499965 0.44450691 -0.15202000
v -0.00499965 0.44450691 -0.15202000
v -0.00499965 0.44450691 -0.15202000
v -0.01900807 0.67840087 -0.15050250
v -0.01900807 0.67840087 -0.15050250
v -0.01900807 0.67998850 -0.15050250
v -0.01858782 0.67844757 -0.15050250
v -0.01858782 0.67844757 -0.15050250
v -0.01819092 0.67861101 -0.15050250
v -0.01819092 0.67861101 -0.15050250
v -0.01786405 0.67886784 -0.15050250
v -0.01786405 0.67886784 -0.15050250
v -0.01760723 0.67919469 -0.15050250
v -0.01760723 0.67919469 -0.15050250
v -0.01744380 0.67959159 -0.15050250
v -0.01744380 0.67959159 -0.15050250
v -0.01739711 0.67998850 -0.15050250
v -0.01739711 0.67998850 -0.15050250
v -0.01744380 0.68040874 -0.15050250
v -0.01744380 0.68040874 -0.15050250
v -0.01760723 0.68080565 -0.15050250
v -0.01760723 0.68080565 -0.15050250
v -0.01786405 0.68113252 -0.15050250
v -0.01786405 0.68113252 -0.15050250
v -0.01819092 0.68138936 -0.15050250
v -0.01819092 0.68138936 -0.15050250
v -0.01858782 0.68155277 -0.15050250
v -0.01858782 0.68155277 -0.15050250
v -0.01900807 0.68159947 -0.15050250
v -0.01900807 0.68159947 -0.15050250
v -0.01940498 0.68155277 -0.15050250
v -0.01940498 0.68155277 -0.15050250
v -0.01980188 0.68138936 -0.15050250
v -0.01980188 0.68138936 -0.15050250
v -0.02012875 0.68113252 -0.15050250
v -0.02012875 0.68113252 -0.15050250
v -0.02038557 0.68080565 -0.15050250
v -0.02038557 0.68080565 -0.15050250
v -0.02054900 0.68040874 -0.15050250
v -0.02054900 0.68040874 -0.15050250
v -0.02059570 0.67998850 -0.15050250
v -0.02059570 0.67998850 -0.15050250
v -0.02054900 0.67959159 -0.15050250
v -0.02054900 0.67959159 -0.15050250
v -0.02038557 0.67919469 -0.15050250
v -0.02038557 0.67919469 -0.15050250
v -0.02012875 0.67886784 -0.15050250
v -0.02012875 0.67886784 -0.15050250
v -0.01980188 0.67861101 -0.15050250
v -0.01980188 0.67861101 -0.15050250
v -0.01940498 0.67844757 -0.15050250
v -0.01940498 0.67844757 -0.15050250
v -0.01900807 0.67840087 -0.15202008
v -0.01900807 0.67840087 -0.15202008
v -0.01858782 0.67844757 -0.15202008
v -0.01858782 0.67844757 -0.15202008
v -0.01819092 0.67861101 -0.15202008
v -0.01819092 0.67861101 -0.15202008
v -0.01786405 0.67886784 -0.15202008
v -0.01786405 0.67886784 -0.15202008
v -0.01760723 0.67919469 -0.15202008
v -0.01760723 0.67919469 -0.15202008
v -0.01744380 0.67959159 -0.15202008
v -0.01744380 0.67959159 -0.15202008
v -0.01739711 0.67998850 -0.15202008
v -0.01739711 0.67998850 -0.15202008
v -0.01744380 0.68040874 -0.15202008
v -0.01744380 0.68040874 -0.15202008
v -0.01760723 0.68080565 -0.15202008
v -0.01760723 0.68080565 -0.15202008
v -0.01786405 0.68113252 -0.15202008
v -0.01786405 0.68113252 -0.15202008
v -0.01819092 0.68138936 -0.15202008
v -0.01819092 0.68138936 -0.15202008
v -0.01858782 0.68155276 -0.15202008
v -0.01858782 0.68155276 -0.15202008
v -0.01900807 0.68159946 -0.15202008
v -0.01900807 0.68159946 -0.15202008
v -0.01940498 0.68155276 -0.15202008
v -0.01940498 0.68155276 -0.15202008
v -0.01980188 0.68138936 -0.15202008
v -0.01980188 0.68138936 -0.15202008
v -0.02012875 0.68113252 -0.15202008
v -0.02012875 0.68113252 -0.15202008
v -0.02038557 0.68080565 -0.15202008
v -0.02038557 0.68080565 -0.15202008
v -0.02054900 0.68040874 -0.15202008
v -0.02054900 0.68040874 -0.15202008
v -0.02059570 0.67998850 -0.15202008
v -0.02059570 0.67998850 -0.15202008
v -0.02054900 0.67959159 -0.15202008
v -0.02054900 0.67959159 -0.15202008
v -0.02038557 0.67919469 -0.15202008
v -0.02038557 0.67919469 -0.15202008
v -0.02012875 0.67886784 -0.15202008
v -0.02012875 0.67886784 -0.15202008
v -0.01980188 0.67861101 -0.15202008
v -0.01980188 0.67861101 -0.15202008
v -0.01940498 0.67844757 -0.15202008
v -0.01940498 0.67844757 -0.15202008
v -0.01900807 0.67998850 -0.15202008
v -0.01900807 0.70039412 -0.15050250
v -0.01900807 0.70039412 -0.15050250
v -0.01900807 0.70200509 -0.15050250
v -0.01858782 0.70046416 -0.15050250
v -0.01858782 0.70046416 -0.15050250
v -0.01819092 0.70060423 -0.15050250
v -0.01819092 0.70060423 -0.15050250
v -0.01786405 0.70086106 -0.15050250
v -0.01786405 0.70086106 -0.15050250
v -0.01760723 0.70121127 -0.15050250
v -0.01760723 0.70121127 -0.15050250
v -0.01744380 0.70158481 -0.15050250
v -0.01744380 0.70158481 -0.15050250
v -0.01739711 0.70200509 -0.15050250
v -0.01739711 0.70200509 -0.15050250
v -0.01744380 0.70242533 -0.15050250
v -0.01744380 0.70242533 -0.15050250
v -0.01760723 0.70279890 -0.15050250
v -0.01760723 0.70279890 -0.15050250
v -0.01786405 0.70312574 -0.15050250
v -0.01786405 0.70312574 -0.15050250
v -0.01819092 0.70338258 -0.15050250
v -0.01819092 0.70338258 -0.15050250
v -0.01858782 0.70354601 -0.15050250
v -0.01858782 0.70354601 -0.15050250
v -0.01900807 0.70359269 -0.15050250
v -0.01900807 0.70359269 -0.15050250
v -0.01940498 0.70354601 -0.15050250
v -0.01940498 0.70354601 -0.15050250
v -0.01980188 0.70338258 -0.15050250
v -0.01980188 0.70338258 -0.15050250
v -0.02012875 0.70312574 -0.15050250
v -0.02012875 0.70312574 -0.15050250
v -0.02038557 0.70279890 -0.15050250
v -0.02038557 0.70279890 -0.15050250
v -0.02054900 0.70242533 -0.15050250
v -0.02054900 0.70242533 -0.15050250
v -0.02059570 0.70200509 -0.15050250
v -0.02059570 0.70200509 -0.15050250
v -0.02054900 0.70158481 -0.15050250
v -0.02054900 0.70158481 -0.15050250
v -0.02038557 0.70121127 -0.15050250
v -0.02038557 0.70121127 -0.15050250
v -0.02012875 0.70086106 -0.15050250
v -0.02012875 0.70086106 -0.15050250
v -0.01980188 0.70060423 -0.15050250
v -0.01980188 0.70060423 -0.15050250
v -0.01940498 0.70046416 -0.15050250
v -0.01940498 0.70046416 -0.15050250
v -0.01900807 0.70039412 -0.15202008
v -0.01900807 0.70039412 -0.15202008
v -0.01858782 0.70046416 -0.15202008
v -0.01858782 0.70046416 -0.15202008
v -0.01819092 0.70060423 -0.15202008
v -0.01819092 0.70060423 -0.15202008
v -0.01786405 0.70086106 -0.15202008
v -0.01786405 0.70086106 -0.15202008
v -0.01760723 0.70121127 -0.15202008
v -0.01760723 0.70121127 -0.15202008
v -0.01744380 0.70158481 -0.15202008
v -0.01744380 0.70158481 -0.15202008
v -0.01739711 0.70200509 -0.15202008
v -0.01739711 0.70200509 -0.15202008
v -0.01744380 0.70242533 -0.15202008
v -0.01744380 0.70242533 -0.15202008
v -0.01760723 0.70279890 -0.15202008
v -0.01760723 0.70279890 -0.15202008
v -0.01786405 0.70312574 -0.15202008
v -0.01786405 0.70312574 -0.15202008
v -0.01819092 0.70338258 -0.15202008
v -0.01819092 0.70338258 -0.15202008
v -0.01858782 0.70354601 -0.15202008
v -0.01858782 0.70354601 -0.15202008
v -0.01900807 0.70359268 -0.15202008
v -0.01900807 0.70359268 -0.15202008
v -0.01940498 0.70354601 -0.15202008
v -0.01940498 0.70354601 -0.15202008
v -0.01980188 0.70338258 -0.15202008
v -0.01980188 0.70338258 -0.15202008
v -0.02012875 0.70312574 -0.15202008
v -0.02012875 0.70312574 -0.15202008
v -0.02038557 0.70279890 -0.15202008
v -0.02038557 0.70279890 -0.15202008
v -0.02054900 0.70242533 -0.15202008
v -0.02054900 0.70242533 -0.15202008
v -0.02059570 0.70200509 -0.15202008
v -0.02059570 0.70200509 -0.15202008
v -0.02054900 0.70158481 -0.15202008
v -0.02054900 0.70158481 -0.15202008
v -0.02038557 0.70121127 -0.15202008
v -0.02038557 0.70121127 -0.15202008
v -0.02012875 0.70086106 -0.15202008
v -0.02012875 0.70086106 -0.15202008
v -0.01980188 0.70060423 -0.15202008
v -0.01980188 0.70060423 -0.15202008
v -0.01940498 0.70046416 -0.15202008
v -0.01940498 0.70046416 -0.15202008
v -0.01900807 0.70200509 -0.15202008
v 0.00300850 0.67840087 -0.15050250
v 0.00300850 0.67840087 -0.15050250
v 0.00300850 0.67998850 -0.15050250
v 0.00340540 0.67844757 -0.15050250
v 0.00340540 0.67844757 -0.15050250
v 0.00380231 0.67861101 -0.15050250
v 0.00380231 0.67861101 -0.15050250
v 0.00412917 0.67886784 -0.15050250
v 0.00412917 0.67886784 -0.15050250
v 0.00438599 0.67919469 -0.15050250
v 0.00438599 0.67919469 -0.15050250
v 0.00454942 0.67959159 -0.15050250
v 0.00454942 0.67959159 -0.15050250
v 0.00459612 0.67998850 -0.15050250
v 0.00459612 0.67998850 -0.15050250
v 0.00454942 0.68040874 -0.15050250
v 0.00454942 0.68040874 -0.15050250
v 0.00438599 0.68080565 -0.15050250
v 0.00438599 0.68080565 -0.15050250
v 0.00412917 0.68113252 -0.15050250
v 0.00412917 0.68113252 -0.15050250
v 0.00380231 0.68138936 -0.15050250
v 0.00380231 0.68138936 -0.15050250
v 0.00340540 0.68155277 -0.15050250
v 0.00340540 0.68155277 -0.15050250
v 0.00300850 0.68159947 -0.15050250
v 0.00300850 0.68159947 -0.15050250
v 0.00258824 0.68155277 -0.15050250
v 0.00258824 0.68155277 -0.15050250
v 0.00219134 0.68138936 -0.15050250
v 0.00219134 0.68138936 -0.15050250
v 0.00186448 0.68113252 -0.15050250
v 0.00186448 0.68113252 -0.15050250
v 0.00160766 0.68080565 -0.15050250
v 0.00160766 0.68080565 -0.15050250
v 0.00144422 0.68040874 -0.15050250
v 0.00144422 0.68040874 -0.15050250
v 0.00139753 0.67998850 -0.15050250
v 0.00139753 0.67998850 -0.15050250
v 0.00144422 0.67959159 -0.15050250
v 0.00144422 0.67959159 -0.15050250
v 0.00160766 0.67919469 -0.15050250
v 0.00160766 0.67919469 -0.15050250
v 0.00186448 0.67886784 -0.15050250
v 0.00186448 0.67886784 -0.15050250
v 0.00219134 0.67861101 -0.15050250
v 0.00219134 0.67861101 -0.15050250
v 0.00258824 0.67844757 -0.15050250
v 0.00258824 0.67844757 -0.15050250
v 0.00300850 0.67840087 -0.15202008
v 0.00300850 0.67840087 -0.15202008
v 0.00340540 0.67844757 -0.15202008
v 0.00340540 0.67844757 -0.15202008
v 0.00380231 0.67861101 -0.15202008
v 0.00380231 0.67861101 -0.15202008
v 0.00412917 0.67886784 -0.15202008
v 0.00412917 0.67886784 -0.15202008
v 0.00438599 0.67919469 -0.15202008
v 0.00438599 0.67919469 -0.15202008
v 0.00454942 0.67959159 -0.15202008
v 0.00454942 0.67959159 -0.15202008
v 0.00459612 0.67998850 -0.15202008
v 0.00459612 0.67998850 -0.15202008
v 0.00454942 0.68040874 -0.15202008
v 0.00454942 0.68040874 -0.15202008
v 0.00438599 0.68080565 -0.15202008
v 0.00438599 0.68080565 -0.15202008
v 0.00412917 0.68113252 -0.15202008
v 0.00412917 0.68113252 -0.15202008
v 0.00380231 0.68138936 -0.15202008
v 0.00380231 0.68138936 -0.15202008
v 0.00340540 0.68155276 -0.15202008
v 0.00340540 0.68155276 -0.15202008
v 0.00300850 0.68159946 -0.15202008
v 0.00300850 0.68159946 -0.15202008
v 0.00258824 0.68155276 -0.15202008
v 0.00258824 0.68155276 -0.15202008
v 0.00219134 0.68138936 -0.15202008
v 0.00219134 0.68138936 -0.15202008
v 0.00186448 0.68113252 -0.15202008
v 0.00186448 0.68113252 -0.15202008
v 0.00160766 0.68080565 -0.15202008
v 0.00160766 0.68080565 -0.15202008
v 0.00144422 0.68040874 -0.15202008
v 0.00144422 0.68040874 -0.15202008
v 0.00139753 0.67998850 -0.15202008
v 0.00139753 0.67998850 -0.15202008
v 0.00144422 0.67959159 -0.15202008
v 0.00144422 0.67959159 -0.15202008
v 0.00160766 0.67919469 -0.15202008
v 0.00160766 0.67919469 -0.15202008
v 0.00186448 0.67886784 -0.15202008
v 0.00186448 0.67886784 -0.15202008
v 0.00219134 0.67861101 -0.15202008
v 0.00219134 0.67861101 -0.15202008
v 0.00258824 0.67844757 -0.15202008
v 0.00258824 0.67844757 -0.15202008
v 0.00300850 0.67998850 -0.15202008
v 0.00300850 0.70039412 -0.15050250
v 0.00300850 0.70039412 -0.15050250
v 0.00300850 0.70200509 -0.15050250
v 0.00340540 0.70046416 -0.15050250
v 0.00340540 0.70046416 -0.15050250
v 0.00380231 0.70060423 -0.15050250
v 0.00380231 0.70060423 -0.15050250
v 0.00412917 0.70086106 -0.15050250
v 0.00412917 0.70086106 -0.15050250
v 0.00438599 0.70121127 -0.15050250
v 0.00438599 0.70121127 -0.15050250
v 0.00454942 0.70158481 -0.15050250
v 0.00454942 0.70158481 -0.15050250
v 0.00459612 0.70200509 -0.15050250
v 0.00459612 0.70200509 -0.15050250
v 0.00454942 0.70242533 -0.15050250
v 0.00454942 0.70242533 -0.15050250
v 0.00438599 0.70279890 -0.15050250
v 0.00438599 0.70279890 -0.15050250
v 0.00412917 0.70312574 -0.15050250
v 0.00412917 0.70312574 -0.15050250
v 0.00380231 0.70338258 -0.15050250
v 0.00380231 0.70338258 -0.15050250
v 0.00340540 0.70354601 -0.15050250
v 0.00340540 0.70354601 -0.15050250
v 0.00300850 0.70359269 -0.15050250
v 0.00300850 0.70359269 -0.15050250
v 0.00258824 0.70354601 -0.15050250
v 0.00258824 0.70354601 -0.15050250
v 0.00219134 0.70338258 -0.15050250
v 0.00219134 0.70338258 -0.15050250
v 0.00186448 0.70312574 -0.15050250
v 0.00186448 0.70312574 -0.15050250
v 0.00160766 0.70279890 -0.15050250
v 0.00160766 0.70279890 -0.15050250
v 0.00144422 0.70242533 -0.15050250
v 0.00144422 0.70242533 -0.15050250
v 0.00139753 0.70200509 -0.15050250
v 0.00139753 0.70200509 -0.15050250
v 0.00144422 0.70158481 -0.15050250
v 0.00144422 0.70158481 -0.15050250
v 0.00160766 0.70121127 -0.15050250
v 0.00160766 0.70121127 -0.15050250
v 0.00186448 0.70086106 -0.15050250
v 0.00186448 0.70086106 -0.15050250
v 0.00219134 0.70060423 -0.15050250
v 0.00219134 0.70060423 -0.15050250
v 0.00258824 0.70046416 -0.15050250
v 0.00258824 0.70046416 -0.15050250
v 0.00300850 0.70039412 -0.15202008
v 0.00300850 0.70039412 -0.15202008
v 0.00340540 0.70046416 -0.15202008
v 0.00340540 0.70046416 -0.15202008
v 0.00380231 0.70060423 -0.15202008
v 0.00380231 0.70060423 -0.15202008
v 0.00412917 0.70086106 -0.15202008
v 0.00412917 0.70086106 -0.15202008
v 0.00438599 0.70121127 -0.15202008
v 0.00438599 0.70121127 -0.15202008
v 0.00454942 0.70158481 -0.15202008
v 0.00454942 0.70158481 -0.15202008
v 0.00459612 0.70200509 -0.15202008
v 0.00459612 0.70200509 -0.15202008
v 0.00454942 0.70242533 -0.15202008
v 0.00454942 0.70242533 -0.15202008
v 0.00438599 0.70279890 -0.15202008
v 0.00438599 0.70279890 -0.15202008
v 0.00412917 0.70312574 -0.15202008
v 0.00412917 0.70312574 -0.15202008
v 0.00380231 0.70338258 -0.15202008
v 0.00380231 0.70338258 -0.15202008
v 0.00340540 0.70354601 -0.15202008
v 0.00340540 0.70354601 -0.15202008
v 0.00300850 0.70359268 -0.15202008
v 0.00300850 0.70359268 -0.15202008
v 0.00258824 0.70354601 -0.15202008
v 0.00258824 0.70354601 -0.15202008
v 0.00219134 0.70338258 -0.15202008
v 0.00219134 0.70338258 -0.15202008
v 0.00186448 0.70312574 -0.15202008
v 0.00186448 0.70312574 -0.15202008
v 0.00160766 0.70279890 -0.15202008
v 0.00160766 0.70279890 -0.15202008
v 0.00144422 0.70242533 -0.15202008
v 0.00144422 0.70242533 -0.15202008
v 0.00139753 0.70200509 -0.15202008
v 0.00139753 0.70200509 -0.15202008
v 0.00144422 0.70158481 -0.15202008
v 0.00144422 0.70158481 -0.15202008
v 0.00160766 0.70121127 -0.15202008
v 0.00160766 0.70121127 -0.15202008
v 0.00186448 0.70086106 -0.15202008
v 0.00186448 0.70086106 -0.15202008
v 0.00219134 0.70060423 -0.15202008
v 0.00219134 0.70060423 -0.15202008
v 0.00258824 0.70046416 -0.15202008
v 0.00258824 0.70046416 -0.15202008
v 0.00300850 0.70200509 -0.15202008
v 0.04199861 0.40339219 -0.15050240
v 0.04199861 0.40339219 -0.15050240
v 0.04199861 0.40500316 -0.15050240
v 0.04241886 0.40346224 -0.15050240
v 0.04241886 0.40346224 -0.15050240
v 0.04279242 0.40362566 -0.15050240
v 0.04279242 0.40362566 -0.15050240
v 0.04314263 0.40385914 -0.15050240
v 0.04314263 0.40385914 -0.15050240
v 0.04337610 0.40420935 -0.15050240
v 0.04337610 0.40420935 -0.15050240
v 0.04353953 0.40458291 -0.15050240
v 0.04353953 0.40458291 -0.15050240
v 0.04360957 0.40500316 -0.15050240
v 0.04360957 0.40500316 -0.15050240
v 0.04353953 0.40542342 -0.15050240
v 0.04353953 0.40542342 -0.15050240
v 0.04337610 0.40579697 -0.15050240
v 0.04337610 0.40579697 -0.15050240
v 0.04314263 0.40612384 -0.15050240
v 0.04314263 0.40612384 -0.15050240
v 0.04279242 0.40638066 -0.15050240
v 0.04279242 0.40638066 -0.15050240
v 0.04241886 0.40654409 -0.15050240
v 0.04241886 0.40654409 -0.15050240
v 0.04199861 0.40659078 -0.15050240
v 0.04199861 0.40659078 -0.15050240
v 0.04157835 0.40654409 -0.15050240
v 0.04157835 0.40654409 -0.15050240
v 0.04120480 0.40638066 -0.15050240
v 0.04120480 0.40638066 -0.15050240
v 0.04087793 0.40612384 -0.15050240
v 0.04087793 0.40612384 -0.15050240
v 0.04062111 0.40579697 -0.15050240
v 0.04062111 0.40579697 -0.15050240
v 0.04045768 0.40542342 -0.15050240
v 0.04045768 0.40542342 -0.15050240
v 0.04041099 0.40500316 -0.15050240
v 0.04041099 0.40500316 -0.15050240
v 0.04045768 0.40458291 -0.15050240
v 0.04045768 0.40458291 -0.15050240
v 0.04062111 0.40420935 -0.15050240
v 0.04062111 0.40420935 -0.15050240
v 0.04087793 0.40385914 -0.15050240
v 0.04087793 0.40385914 -0.15050240
v 0.04120480 0.40362566 -0.15050240
v 0.04120480 0.40362566 -0.15050240
v 0.04157835 0.40346224 -0.15050240
v 0.04157835 0.40346224 -0.15050240
v 0.04199861 0.40339219 -0.15201998
v 0.04199861 0.40339219 -0.15201998
v 0.04241886 0.40346224 -0.15201998
v 0.04241886 0.40346224 -0.15201998
v 0.04279242 0.40362566 -0.15201998
v 0.04279242 0.40362566 -0.15201998
v 0.04314263 0.40385914 -0.15201998
v 0.04314263 0.40385914 -0.15201998
v 0.04337610 0.40420935 -0.15201998
v 0.04337610 0.40420935 -0.15201998
v 0.04353953 0.40458291 -0.15201998
v 0.04353953 0.40458291 -0.15201998
v 0.04360957 0.40500316 -0.15201998
v 0.04360957 0.40500316 -0.15201998
v 0.04353953 0.40542341 -0.15201998
v 0.04353953 0.40542341 -0.15201998
v 0.04337610 0.40579697 -0.15201998
v 0.04337610 0.40579697 -0.15201998
v 0.04314263 0.40612384 -0.15201998
v 0.04314263 0.40612384 -0.15201998
v 0.04279242 0.40638066 -0.15201998
v 0.04279242 0.40638066 -0.15201998
v 0.04241886 0.40654409 -0.15201998
v 0.04241886 0.40654409 -0.15201998
v 0.04199861 0.40659078 -0.15201998
v 0.04199861 0.40659078 -0.15201998
v 0.04157835 0.40654409 -0.15201998
v 0.04157835 0.40654409 -0.15201998
v 0.04120480 0.40638066 -0.15201998
v 0.04120480 0.40638066 -0.15201998
v 0.04087793 0.40612384 -0.15201998
v 0.04087793 0.40612384 -0.15201998
v 0.04062111 0.40579697 -0.15201998
v 0.04062111 0.40579697 -0.15201998
v 0.04045768 0.40542341 -0.15201998
v 0.04045768 0.40542341 -0.15201998
v 0.04041099 0.40500316 -0.15201998
v 0.04041099 0.40500316 -0.15201998
v 0.04045768 0.40458291 -0.15201998
v 0.04045768 0.40458291 -0.15201998
v 0.04062111 0.40420935 -0.15201998
v 0.04062111 0.40420935 -0.15201998
v 0.04087793 0.40385914 -0.15201998
v 0.04087793 0.40385914 -0.15201998
v 0.04120480 0.40362566 -0.15201998
v 0.04120480 0.40362566 -0.15201998
v 0.04157835 0.40346224 -0.15201998
v 0.04157835 0.40346224 -0.15201998
v 0.04199861 0.40500316 -0.15201998
v 0.02000538 0.42540876 -0.15050241
v 0.02000538 0.42540876 -0.15050241
v 0.02000538 0.42699638 -0.15050241
v 0.02042563 0.42545546 -0.15050241
v 0.02042563 0.42545546 -0.15050241
v 0.02079920 0.42561888 -0.15050241
v 0.02079920 0.42561888 -0.15050241
v 0.02112605 0.42587571 -0.15050241
v 0.02112605 0.42587571 -0.15050241
v 0.02138288 0.42620258 -0.15050241
v 0.02138288 0.42620258 -0.15050241
v 0.02154631 0.42657613 -0.15050241
v 0.02154631 0.42657613 -0.15050241
v 0.02159300 0.42699638 -0.15050241
v 0.02159300 0.42699638 -0.15050241
v 0.02154631 0.42741663 -0.15050241
v 0.02154631 0.42741663 -0.15050241
v 0.02138288 0.42779019 -0.15050241
v 0.02138288 0.42779019 -0.15050241
v 0.02112605 0.42814041 -0.15050241
v 0.02112605 0.42814041 -0.15050241
v 0.02079920 0.42839723 -0.15050241
v 0.02079920 0.42839723 -0.15050241
v 0.02042563 0.42853731 -0.15050241
v 0.02042563 0.42853731 -0.15050241
v 0.02000538 0.42860736 -0.15050241
v 0.02000538 0.42860736 -0.15050241
v 0.01958513 0.42853731 -0.15050241
v 0.01958513 0.42853731 -0.15050241
v 0.01921158 0.42839723 -0.15050241
v 0.01921158 0.42839723 -0.15050241
v 0.01886136 0.42814041 -0.15050241
v 0.01886136 0.42814041 -0.15050241
v 0.01860454 0.42779019 -0.15050241
v 0.01860454 0.42779019 -0.15050241
v 0.01846445 0.42741663 -0.15050241
v 0.01846445 0.42741663 -0.15050241
v 0.01839442 0.42699638 -0.15050241
v 0.01839442 0.42699638 -0.15050241
v 0.01846445 0.42657613 -0.15050241
v 0.01846445 0.42657613 -0.15050241
v 0.01860454 0.42620258 -0.15050241
v 0.01860454 0.42620258 -0.15050241
v 0.01886136 0.42587571 -0.15050241
v 0.01886136 0.42587571 -0.15050241
v 0.01921158 0.42561888 -0.15050241
v 0.01921158 0.42561888 -0.15050241
v 0.01958513 0.42545546 -0.15050241
v 0.01958513 0.42545546 -0.15050241
v 0.02000538 0.42540876 -0.15201999
v 0.02000538 0.42540876 -0.15201999
v 0.02042563 0.42545546 -0.15201999
v 0.02042563 0.42545546 -0.15201999
v 0.02079920 0.42561888 -0.15201999
v 0.02079920 0.42561888 -0.15201999
v 0.02112605 0.42587571 -0.15201999
v 0.02112605 0.42587571 -0.15201999
v 0.02138288 0.42620258 -0.15201999
v 0.02138288 0.42620258 -0.15201999
v 0.02154631 0.42657613 -0.15201999
v 0.02154631 0.42657613 -0.15201999
v 0.02159300 0.42699638 -0.15201999
v 0.02159300 0.42699638 -0.15201999
v 0.02154631 0.42741663 -0.15201999
v 0.02154631 0.42741663 -0.15201999
v 0.02138288 0.42779019 -0.15201999
v 0.02138288 0.42779019 -0.15201999
v 0.02112605 0.42814041 -0.15201999
v 0.02112605 0.42814041 -0.15201999
v 0.02079920 0.42839723 -0.15201999
v 0.02079920 0.42839723 -0.15201999
v 0.02042563 0.42853731 -0.15201999
v 0.02042563 0.42853731 -0.15201999
v 0.02000538 0.42860736 -0.15201999
v 0.02000538 0.42860736 -0.15201999
v 0.01958513 0.42853731 -0.15201999
v 0.01958513 0.42853731 -0.15201999
v 0.01921158 0.42839723 -0.15201999
v 0.01921158 0.42839723 -0.15201999
v 0.01886136 0.42814041 -0.15201999
v 0.01886136 0.42814041 -0.15201999
v 0.01860454 0.42779019 -0.15201999
v 0.01860454 0.42779019 -0.15201999
v 0.01846445 0.42741663 -0.15201999
v 0.01846445 0.42741663 -0.15201999
v 0.01839442 0.42699638 -0.15201999
v 0.01839442 0.42699638 -0.15201999
v 0.01846445 0.42657613 -0.15201999
v 0.01846445 0.42657613 -0.15201999
v 0.01860454 0.42620258 -0.15201999
v 0.01860454 0.42620258 -0.15201999
v 0.01886136 0.42587571 -0.15201999
v 0.01886136 0.42587571 -0.15201999
v 0.01921158 0.42561888 -0.15201999
v 0.01921158 0.42561888 -0.15201999
v 0.01958513 0.42545546 -0.15201999
v 0.01958513 0.42545546 -0.15201999
v 0.02000538 0.42699638 -0.15201999
v 0.02000538 0.40339219 -0.15050240
v 0.02000538 0.40339219 -0.15050240
v 0.02000538 0.40500316 -0.15050240
v 0.02042563 0.40346224 -0.15050240
v 0.02042563 0.40346224 -0.15050240
v 0.02079920 0.40362566 -0.15050240
v 0.02079920 0.40362566 -0.15050240
v 0.02112605 0.40385914 -0.15050240
v 0.02112605 0.40385914 -0.15050240
v 0.02138288 0.40420935 -0.15050240
v 0.02138288 0.40420935 -0.15050240
v 0.02154631 0.40458291 -0.15050240
v 0.02154631 0.40458291 -0.15050240
v 0.02159300 0.40500316 -0.15050240
v 0.02159300 0.40500316 -0.15050240
v 0.02154631 0.40542342 -0.15050240
v 0.02154631 0.40542342 -0.15050240
v 0.02138288 0.40579697 -0.15050240
v 0.02138288 0.40579697 -0.15050240
v 0.02112605 0.40612384 -0.15050240
v 0.02112605 0.40612384 -0.15050240
v 0.02079920 0.40638066 -0.15050240
v 0.02079920 0.40638066 -0.15050240
v 0.02042563 0.40654409 -0.15050240
v 0.02042563 0.40654409 -0.15050240
v 0.02000538 0.40659078 -0.15050240
v 0.02000538 0.40659078 -0.15050240
v 0.01958513 0.40654409 -0.15050240
v 0.01958513 0.40654409 -0.15050240
v 0.01921158 0.40638066 -0.15050240
v 0.01921158 0.40638066 -0.15050240
v 0.01886136 0.40612384 -0.15050240
v 0.01886136 0.40612384 -0.15050240
v 0.01860454 0.40579697 -0.15050240
v 0.01860454 0.40579697 -0.15050240
v 0.01846445 0.40542342 -0.15050240
v 0.01846445 0.40542342 -0.15050240
v 0.01839442 0.40500316 -0.15050240
v 0.01839442 0.40500316 -0.15050240
v 0.01846445 0.40458291 -0.15050240
v 0.01846445 0.40458291 -0.15050240
v 0.01860454 0.40420935 -0.15050240
v 0.01860454 0.40420935 -0.15050240
v 0.01886136 0.40385914 -0.15050240
v 0.01886136 0.40385914 -0.15050240
v 0.01921158 0.40362566 -0.15050240
v 0.01921158 0.40362566 -0.15050240
v 0.01958513 0.40346224 -0.15050240
v 0.01958513 0.40346224 -0.15050240
v 0.02000538 0.40339219 -0.15201998
v 0.02000538 0.40339219 -0.15201998
v 0.02042563 0.40346224 -0.15201998
v 0.02042563 0.40346224 -0.15201998
v 0.02079920 0.40362566 -0.15201998
v 0.02079920 0.40362566 -0.15201998
v 0.02112605 0.40385914 -0.15201998
v 0.02112605 0.40385914 -0.15201998
v 0.02138288 0.40420935 -0.15201998
v 0.02138288 0.40420935 -0.15201998
v 0.02154631 0.40458291 -0.15201998
v 0.02154631 0.40458291 -0.15201998
v 0.02159300 0.40500316 -0.15201998
v 0.02159300 0.40500316 -0.15201998
v 0.02154631 0.40542341 -0.15201998
v 0.02154631 0.40542341 -0.15201998
v 0.02138288 0.40579697 -0.15201998
v 0.02138288 0.40579697 -0.15201998
v 0.02112605 0.40612384 -0.15201998
v 0.02112605 0.40612384 -0.15201998
v 0.02079920 0.40638066 -0.15201998
v 0.02079920 0.40638066 -0.15201998
v 0.02042563 0.40654409 -0.15201998
v 0.02042563 0.40654409 -0.15201998
v 0.02000538 0.40659078 -0.15201998
v 0.02000538 0.40659078 -0.15201998
v 0.01958513 0.40654409 -0.15201998
v 0.01958513 0.40654409 -0.15201998
v 0.01921158 0.40638066 -0.15201998
v 0.01921158 0.40638066 -0.15201998
v 0.01886136 0.40612384 -0.15201998
v 0.01886136 0.40612384 -0.15201998
v 0.01860454 0.40579697 -0.15201998
v 0.01860454 0.40579697 -0.15201998
v 0.01846445 0.40542341 -0.15201998
v 0.01846445 0.40542341 -0.15201998
v 0.01839442 0.40500316 -0.15201998
v 0.01839442 0.40500316 -0.15201998
v 0.01846445 0.40458291 -0.15201998
v 0.01846445 0.40458291 -0.15201998
v 0.01860454 0.40420935 -0.15201998
v 0.01860454 0.40420935 -0.15201998
v 0.01886136 0.40385914 -0.15201998
v 0.01886136 0.40385914 -0.15201998
v 0.01921158 0.40362566 -0.15201998
v 0.01921158 0.40362566 -0.15201998
v 0.01958513 0.40346224 -0.15201998
v 0.01958513 0.40346224 -0.15201998
v 0.02000538 0.40500316 -0.15201998
v 0.04199861 0.42540876 -0.15050241
v 0.04199861 0.42540876 -0.15050241
v 0.04199861 0.42699638 -0.15050241
v 0.04241886 0.42545546 -0.15050241
v 0.04241886 0.42545546 -0.15050241
v 0.04279242 0.42561888 -0.15050241
v 0.04279242 0.42561888 -0.15050241
v 0.04314263 0.42587571 -0.15050241
v 0.04314263 0.42587571 -0.15050241
v 0.04337610 0.42620258 -0.15050241
v 0.04337610 0.42620258 -0.15050241
v 0.04353953 0.42657613 -0.15050241
v 0.04353953 0.42657613 -0.15050241
v 0.04360957 0.42699638 -0.15050241
v 0.04360957 0.42699638 -0.15050241
v 0.04353953 0.42741663 -0.15050241
v 0.04353953 0.42741663 -0.15050241
v 0.04337610 0.42779019 -0.15050241
v 0.04337610 0.42779019 -0.15050241
v 0.04314263 0.42814041 -0.15050241
v 0.04314263 0.42814041 -0.15050241
v 0.04279242 0.42839723 -0.15050241
v 0.04279242 0.42839723 -0.15050241
v 0.04241886 0.42853731 -0.15050241
v 0.04241886 0.42853731 -0.15050241
v 0.04199861 0.42860736 -0.15050241
v 0.04199861 0.42860736 -0.15050241
v 0.04157835 0.42853731 -0.15050241
v 0.04157835 0.42853731 -0.15050241
v 0.04120480 0.42839723 -0.15050241
v 0.04120480 0.42839723 -0.15050241
v 0.04087793 0.42814041 -0.15050241
v 0.04087793 0.42814041 -0.15050241
v 0.04062111 0.42779019 -0.15050241
v 0.04062111 0.42779019 -0.15050241
v 0.04045768 0.42741663 -0.15050241
v 0.04045768 0.42741663 -0.15050241
v 0.04041099 0.42699638 -0.15050241
v 0.04041099 0.42699638 -0.15050241
v 0.04045768 0.42657613 -0.15050241
v 0.04045768 0.42657613 -0.15050241
v 0.04062111 0.42620258 -0.15050241
v 0.04062111 0.42620258 -0.15050241
v 0.04087793 0.42587571 -0.15050241
v 0.04087793 0.42587571 -0.15050241
v 0.04120480 0.42561888 -0.15050241
v 0.04120480 0.42561888 -0.15050241
v 0.04157835 0.42545546 -0.15050241
v 0.04157835 0.42545546 -0.15050241
v 0.04199861 0.42540876 -0.15201999
v 0.04199861 0.42540876 -0.15201999
v 0.04241886 0.42545546 -0.15201999
v 0.04241886 0.42545546 -0.15201999
v 0.04279242 0.42561888 -0.15201999
v 0.04279242 0.42561888 -0.15201999
v 0.04314263 0.42587571 -0.15201999
v 0.04314263 0.42587571 -0.15201999
v 0.04337610 0.42620258 -0.15201999
v 0.04337610 0.42620258 -0.15201999
v 0.04353953 0.42657613 -0.15201999
v 0.04353953 0.42657613 -0.15201999
v 0.04360957 0.42699638 -0.15201999
v 0.04360957 0.42699638 -0.15201999
v 0.04353953 0.42741663 -0.15201999
v 0.04353953 0.42741663 -0.15201999
v 0.04337610 0.42779019 -0.15201999
v 0.04337610 0.42779019 -0.15201999
v 0.04314263 0.42814041 -0.15201999
v 0.04314263 0.42814041 -0.15201999
v 0.04279242 0.42839723 -0.15201999
v 0.04279242 0.42839723 -0.15201999
v 0.04241886 0.42853731 -0.15201999
v 0.04241886 0.42853731 -0.15201999
v 0.04199861 0.42860736 -0.15201999
v 0.04199861 0.42860736 -0.15201999
v 0.04157835 0.42853731 -0.15201999
v 0.04157835 0.42853731 -0.15201999
v 0.04120480 0.42839723 -0.15201999
v 0.04120480 0.42839723 -0.15201999
v 0.04087793 0.42814041 -0.15201999
v 0.04087793 0.42814041 -0.15201999
v 0.04062111 0.42779019 -0.15201999
v 0.04062111 0.42779019 -0.15201999
v 0.04045768 0.42741663 -0.15201999
v 0.04045768 0.42741663 -0.15201999
v 0.04041099 0.42699638 -0.15201999
v 0.04041099 0.42699638 -0.15201999
v 0.04045768 0.42657613 -0.15201999
v 0.04045768 0.42657613 -0.15201999
v 0.04062111 0.42620258 -0.15201999
v 0.04062111 0.42620258 -0.15201999
v 0.04087793 0.42587571 -0.15201999
v 0.04087793 0.42587571 -0.15201999
v 0.04120480 0.42561888 -0.15201999
v 0.04120480 0.42561888 -0.15201999
v 0.04157835 0.42545546 -0.15201999
v 0.04157835 0.42545546 -0.15201999
v 0.04199861 0.42699638 -0.15201999
v 0.03312661 0.45494318 -0.15202000
v 0.03312661 0.45494318 -0.15202000
v 0.03312661 0.45494318 -0.15202000
v 0.03312661 0.45494318 -0.15050242
v 0.03312661 0.45494318 -0.15050242
v 0.03312661 0.45494318 -0.15050242
v 0.02913421 0.45503658 -0.15202000
v 0.02913421 0.45503658 -0.15202000
v 0.02913421 0.45503658 -0.15202000
v 0.02913421 0.45503658 -0.15050242
v 0.02913421 0.45503658 -0.15050242
v 0.02913421 0.45503658 -0.15050242
v 0.02913421 0.45503658 -0.15050242
v 0.02911086 0.45405598 -0.15050242
v 0.02911086 0.45405598 -0.15050242
v 0.02911086 0.45405598 -0.15050242
v 0.03310326 0.45393925 -0.15050242
v 0.03310326 0.45393925 -0.15050242
v 0.03310326 0.45393925 -0.15050242
v 0.03704897 0.45186133 -0.15202000
v 0.03704897 0.45186133 -0.15202000
v 0.03704897 0.45186133 -0.15202000
v 0.03688553 0.44485713 -0.15050242
v 0.03688553 0.44485713 -0.15050242
v 0.03688553 0.44485713 -0.15050242
v 0.03704897 0.45186133 -0.15050242
v 0.03704897 0.45186133 -0.15050242
v 0.03704897 0.45186133 -0.15050242
v 0.03504109 0.45190803 -0.15050242
v 0.03504109 0.45190803 -0.15050242
v 0.03504109 0.45190803 -0.15050242
v 0.03504109 0.45190803 -0.15050242
v 0.03508779 0.45389256 -0.15050242
v 0.03508779 0.45389256 -0.15050242
v 0.03508779 0.45389256 -0.15050242
v 0.02488498 0.44516064 -0.15050242
v 0.02488498 0.44516064 -0.15050242
v 0.02488498 0.44516064 -0.15050242
v 0.03688553 0.44485712 -0.15202000
v 0.03688553 0.44485712 -0.15202000
v 0.03688553 0.44485712 -0.15202000
v 0.03504109 0.45190803 -0.15202000
v 0.03504109 0.45190803 -0.15202000
v 0.03504109 0.45190803 -0.15202000
v 0.03508779 0.45389256 -0.15202000
v 0.03508779 0.45389256 -0.15202000
v 0.03508779 0.45389256 -0.15202000
v 0.03508779 0.45389256 -0.15202000
v 0.03310326 0.45393925 -0.15202000
v 0.03310326 0.45393925 -0.15202000
v 0.03310326 0.45393925 -0.15202000
v 0.02911086 0.45405598 -0.15202000
v 0.02911086 0.45405598 -0.15202000
v 0.02911086 0.45405598 -0.15202000
v 0.02911086 0.45405598 -0.15202000
v 0.02710298 0.45410268 -0.15202000
v 0.02710298 0.45410268 -0.15202000
v 0.02710298 0.45410268 -0.15202000
v 0.02710298 0.45410268 -0.15050242
v 0.02710298 0.45410268 -0.15050242
v 0.02710298 0.45410268 -0.15050242
v 0.02705629 0.45209481 -0.15050242
v 0.02705629 0.45209481 -0.15050242
v 0.02705629 0.45209481 -0.15050242
v 0.02504841 0.45214151 -0.15050242
v 0.02504841 0.45214151 -0.15050242
v 0.02504841 0.45214151 -0.15050242
v 0.02504841 0.45214151 -0.15202000
v 0.02504841 0.45214151 -0.15202000
v 0.02504841 0.45214151 -0.15202000
v 0.02488498 0.44516064 -0.15202000
v 0.02488498 0.44516064 -0.15202000
v 0.02488498 0.44516064 -0.15202000
v 0.02705629 0.45209481 -0.15202000
v 0.02705629 0.45209481 -0.15202000
v 0.02705629 0.45209481 -0.15202000
v 0.00900877 0.43881015 -0.15050242
v 0.00900877 0.43881015 -0.15050242
v 0.00900877 0.44049117 -0.15050242
v 0.00945237 0.43885685 -0.15050242
v 0.00945237 0.43885685 -0.15050242
v 0.00984928 0.43902028 -0.15050242
v 0.00984928 0.43902028 -0.15050242
v 0.01019949 0.43930045 -0.15050242
v 0.01019949 0.43930045 -0.15050242
v 0.01047966 0.43965066 -0.15050242
v 0.01047966 0.43965066 -0.15050242
v 0.01064309 0.44007091 -0.15050242
v 0.01064309 0.44007091 -0.15050242
v 0.01068978 0.44049117 -0.15050242
v 0.01068978 0.44049117 -0.15050242
v 0.01064309 0.44093477 -0.15050242
v 0.01064309 0.44093477 -0.15050242
v 0.01047966 0.44135502 -0.15050242
v 0.01047966 0.44135502 -0.15050242
v 0.01019949 0.44170523 -0.15050242
v 0.01019949 0.44170523 -0.15050242
v 0.00984928 0.44196205 -0.15050242
v 0.00984928 0.44196205 -0.15050242
v 0.00945237 0.44214883 -0.15050242
v 0.00945237 0.44214883 -0.15050242
v 0.00900877 0.44219552 -0.15050242
v 0.00900877 0.44219552 -0.15050242
v 0.00856517 0.44214883 -0.15050242
v 0.00856517 0.44214883 -0.15050242
v 0.00814492 0.44196205 -0.15050242
v 0.00814492 0.44196205 -0.15050242
v 0.00779471 0.44170523 -0.15050242
v 0.00779471 0.44170523 -0.15050242
v 0.00753789 0.44135502 -0.15050242
v 0.00753789 0.44135502 -0.15050242
v 0.00735111 0.44093477 -0.15050242
v 0.00735111 0.44093477 -0.15050242
v 0.00730442 0.44049117 -0.15050242
v 0.00730442 0.44049117 -0.15050242
v 0.00735111 0.44007091 -0.15050242
v 0.00735111 0.44007091 -0.15050242
v 0.00753789 0.43965066 -0.15050242
v 0.00753789 0.43965066 -0.15050242
v 0.00779471 0.43930045 -0.15050242
v 0.00779471 0.43930045 -0.15050242
v 0.00814492 0.43902028 -0.15050242
v 0.00814492 0.43902028 -0.15050242
v 0.00856517 0.43885685 -0.15050242
v 0.00856517 0.43885685 -0.15050242
v 0.00900877 0.43881015 -0.15071254
v 0.00900877 0.43881015 -0.15071254
v 0.00945237 0.43885685 -0.15071254
v 0.00945237 0.43885685 -0.15071254
v 0.00984928 0.43902028 -0.15071254
v 0.00984928 0.43902028 -0.15071254
v 0.01019949 0.43930045 -0.15071254
v 0.01019949 0.43930045 -0.15071254
v 0.01047966 0.43965066 -0.15071254
v 0.01047966 0.43965066 -0.15071254
v 0.01064309 0.44007091 -0.15071254
v 0.01064309 0.44007091 -0.15071254
v 0.01068978 0.44049117 -0.15071254
v 0.01068978 0.44049117 -0.15071254
v 0.01064309 0.44093477 -0.15071254
v 0.01064309 0.44093477 -0.15071254
v 0.01047966 0.44135502 -0.15071254
v 0.01047966 0.44135502 -0.15071254
v 0.01019949 0.44170523 -0.15071254
v 0.01019949 0.44170523 -0.15071254
v 0.00984928 0.44196205 -0.15071254
v 0.00984928 0.44196205 -0.15071254
v 0.00945237 0.44214883 -0.15071254
v 0.00945237 0.44214883 -0.15071254
v 0.00900877 0.44219552 -0.15071254
v 0.00900877 0.44219552 -0.15071254
v 0.00856517 0.44214883 -0.15071254
v 0.00856517 0.44214883 -0.15071254
v 0.00814492 0.44196205 -0.15071254
v 0.00814492 0.44196205 -0.15071254
v 0.00779471 0.44170523 -0.15071254
v 0.00779471 0.44170523 -0.15071254
v 0.00753789 0.44135502 -0.15071254
v 0.00753789 0.44135502 -0.15071254
v 0.00735111 0.44093477 -0.15071254
v 0.00735111 0.44093477 -0.15071254
v 0.00730442 0.44049117 -0.15071254
v 0.00730442 0.44049117 -0.15071254
v 0.00735111 0.44007091 -0.15071254
v 0.00735111 0.44007091 -0.15071254
v 0.00753789 0.43965066 -0.15071254
v 0.00753789 0.43965066 -0.15071254
v 0.00779471 0.43930045 -0.15071254
v 0.00779471 0.43930045 -0.15071254
v 0.00814492 0.43902028 -0.15071254
v 0.00814492 0.43902028 -0.15071254
v 0.00856517 0.43885685 -0.15071254
v 0.00856517 0.43885685 -0.15071254
v 0.00900877 0.43750270 -0.15201999
v 0.00900877 0.43750270 -0.15201999
v 0.00977924 0.43759609 -0.15201999
v 0.00977924 0.43759609 -0.15201999
v 0.01050300 0.43789960 -0.15201999
v 0.01050300 0.43789960 -0.15201999
v 0.01113338 0.43838990 -0.15201999
v 0.01113338 0.43838990 -0.15201999
v 0.01160033 0.43899694 -0.15201999
v 0.01160033 0.43899694 -0.15201999
v 0.01190384 0.43972070 -0.15201999
v 0.01190384 0.43972070 -0.15201999
v 0.01199724 0.44049117 -0.15202000
v 0.01199724 0.44049117 -0.15202000
v 0.01190384 0.44128497 -0.15202000
v 0.01190384 0.44128497 -0.15202000
v 0.01160033 0.44200875 -0.15202000
v 0.01160033 0.44200875 -0.15202000
v 0.01113338 0.44261577 -0.15202000
v 0.01113338 0.44261577 -0.15202000
v 0.01050300 0.44310607 -0.15202000
v 0.01050300 0.44310607 -0.15202000
v 0.00977924 0.44338624 -0.15202000
v 0.00977924 0.44338624 -0.15202000
v 0.00900877 0.44350297 -0.15202000
v 0.00900877 0.44350297 -0.15202000
v 0.00821496 0.44338624 -0.15202000
v 0.00821496 0.44338624 -0.15202000
v 0.00749119 0.44310607 -0.15202000
v 0.00749119 0.44310607 -0.15202000
v 0.00688416 0.44261577 -0.15202000
v 0.00688416 0.44261577 -0.15202000
v 0.00639386 0.44200875 -0.15202000
v 0.00639386 0.44200875 -0.15202000
v 0.00611370 0.44128497 -0.15202000
v 0.00611370 0.44128497 -0.15202000
v 0.00599696 0.44049117 -0.15202000
v 0.00599696 0.44049117 -0.15202000
v 0.00611370 0.43972070 -0.15201999
v 0.00611370 0.43972070 -0.15201999
v 0.00639386 0.43899694 -0.15201999
v 0.00639386 0.43899694 -0.15201999
v 0.00688416 0.43838990 -0.15201999
v 0.00688416 0.43838990 -0.15201999
v 0.00749119 0.43789960 -0.15201999
v 0.00749119 0.43789960 -0.15201999
v 0.00821496 0.43759609 -0.15201999
v 0.00821496 0.43759609 -0.15201999
v 0.00900877 0.44049117 -0.15202000
v -0.01499233 0.45779156 -0.15050242
v -0.01499233 0.45779156 -0.15050242
v -0.01499233 0.45949592 -0.15050242
v -0.01454873 0.45786161 -0.15050242
v -0.01454873 0.45786161 -0.15050242
v -0.01415182 0.45802504 -0.15050242
v -0.01415182 0.45802504 -0.15050242
v -0.01380161 0.45830521 -0.15050242
v -0.01380161 0.45830521 -0.15050242
v -0.01352144 0.45865542 -0.15050242
v -0.01352144 0.45865542 -0.15050242
v -0.01335801 0.45905232 -0.15050242
v -0.01335801 0.45905232 -0.15050242
v -0.01328797 0.45949592 -0.15050242
v -0.01328797 0.45949592 -0.15050242
v -0.01335801 0.45993952 -0.15050242
v -0.01335801 0.45993952 -0.15050242
v -0.01352144 0.46035978 -0.15050242
v -0.01352144 0.46035978 -0.15050242
v -0.01380161 0.46070999 -0.15050242
v -0.01380161 0.46070999 -0.15050242
v -0.01415182 0.46096681 -0.15050242
v -0.01415182 0.46096681 -0.15050242
v -0.01454873 0.46115359 -0.15050242
v -0.01454873 0.46115359 -0.15050242
v -0.01499233 0.46120029 -0.15050242
v -0.01499233 0.46120029 -0.15050242
v -0.01543593 0.46115359 -0.15050242
v -0.01543593 0.46115359 -0.15050242
v -0.01585618 0.46096681 -0.15050242
v -0.01585618 0.46096681 -0.15050242
v -0.01620639 0.46070999 -0.15050242
v -0.01620639 0.46070999 -0.15050242
v -0.01646321 0.46035978 -0.15050242
v -0.01646321 0.46035978 -0.15050242
v -0.01664999 0.45993952 -0.15050242
v -0.01664999 0.45993952 -0.15050242
v -0.01669668 0.45949592 -0.15050242
v -0.01669668 0.45949592 -0.15050242
v -0.01664999 0.45905232 -0.15050242
v -0.01664999 0.45905232 -0.15050242
v -0.01646321 0.45865542 -0.15050242
v -0.01646321 0.45865542 -0.15050242
v -0.01620639 0.45830521 -0.15050242
v -0.01620639 0.45830521 -0.15050242
v -0.01585618 0.45802504 -0.15050242
v -0.01585618 0.45802504 -0.15050242
v -0.01543593 0.45786161 -0.15050242
v -0.01543593 0.45786161 -0.15050242
v -0.01499233 0.45779156 -0.15071254
v -0.01499233 0.45779156 -0.15071254
v -0.01454873 0.45786161 -0.15071254
v -0.01454873 0.45786161 -0.15071254
v -0.01415182 0.45802504 -0.15071254
v -0.01415182 0.45802504 -0.15071254
v -0.01380161 0.45830521 -0.15071254
v -0.01380161 0.45830521 -0.15071254
v -0.01352144 0.45865542 -0.15071254
v -0.01352144 0.45865542 -0.15071254
v -0.01335801 0.45905232 -0.15071254
v -0.01335801 0.45905232 -0.15071254
v -0.01328797 0.45949592 -0.15071254
v -0.01328797 0.45949592 -0.15071254
v -0.01335801 0.45993952 -0.15071254
v -0.01335801 0.45993952 -0.15071254
v -0.01352144 0.46035978 -0.15071254
v -0.01352144 0.46035978 -0.15071254
v -0.01380161 0.46070999 -0.15071254
v -0.01380161 0.46070999 -0.15071254
v -0.01415182 0.46096681 -0.15071254
v -0.01415182 0.46096681 -0.15071254
v -0.01454873 0.46115359 -0.15071254
v -0.01454873 0.46115359 -0.15071254
v -0.01499233 0.46120029 -0.15071254
v -0.01499233 0.46120029 -0.15071254
v -0.01543593 0.46115359 -0.15071254
v -0.01543593 0.46115359 -0.15071254
v -0.01585618 0.46096681 -0.15071254
v -0.01585618 0.46096681 -0.15071254
v -0.01620639 0.46070999 -0.15071254
v -0.01620639 0.46070999 -0.15071254
v -0.01646321 0.46035978 -0.15071254
v -0.01646321 0.46035978 -0.15071254
v -0.01664999 0.45993952 -0.15071254
v -0.01664999 0.45993952 -0.15071254
v -0.01669668 0.45949592 -0.15071254
v -0.01669668 0.45949592 -0.15071254
v -0.01664999 0.45905232 -0.15071254
v -0.01664999 0.45905232 -0.15071254
v -0.01646321 0.45865542 -0.15071254
v -0.01646321 0.45865542 -0.15071254
v -0.01620639 0.45830521 -0.15071254
v -0.01620639 0.45830521 -0.15071254
v -0.01585618 0.45802504 -0.15071254
v -0.01585618 0.45802504 -0.15071254
v -0.01543593 0.45786161 -0.15071254
v -0.01543593 0.45786161 -0.15071254
v -0.01499233 0.45650746 -0.15202000
v -0.01499233 0.45650746 -0.15202000
v -0.01422186 0.45660085 -0.15202000
v -0.01422186 0.45660085 -0.15202000
v -0.01349810 0.45690436 -0.15202000
v -0.01349810 0.45690436 -0.15202000
v -0.01286771 0.45737131 -0.15202000
v -0.01286771 0.45737131 -0.15202000
v -0.01240077 0.45800169 -0.15202000
v -0.01240077 0.45800169 -0.15202000
v -0.01209725 0.45872546 -0.15202000
v -0.01209725 0.45872546 -0.15202000
v -0.01200386 0.45949592 -0.15202000
v -0.01200386 0.45949592 -0.15202000
v -0.01209725 0.46026639 -0.15202000
v -0.01209725 0.46026639 -0.15202000
v -0.01240077 0.46099016 -0.15202000
v -0.01240077 0.46099016 -0.15202000
v -0.01286771 0.46162054 -0.15202000
v -0.01286771 0.46162054 -0.15202000
v -0.01349810 0.46208748 -0.15202000
v -0.01349810 0.46208748 -0.15202000
v -0.01422186 0.46239100 -0.15202000
v -0.01422186 0.46239100 -0.15202000
v -0.01499233 0.46250774 -0.15202000
v -0.01499233 0.46250774 -0.15202000
v -0.01578614 0.46239100 -0.15202000
v -0.01578614 0.46239100 -0.15202000
v -0.01650991 0.46208748 -0.15202000
v -0.01650991 0.46208748 -0.15202000
v -0.01711694 0.46162054 -0.15202000
v -0.01711694 0.46162054 -0.15202000
v -0.01760723 0.46099016 -0.15202000
v -0.01760723 0.46099016 -0.15202000
v -0.01788740 0.46026639 -0.15202000
v -0.01788740 0.46026639 -0.15202000
v -0.01800414 0.45949592 -0.15202000
v -0.01800414 0.45949592 -0.15202000
v -0.01788740 0.45872546 -0.15202000
v -0.01788740 0.45872546 -0.15202000
v -0.01760723 0.45800169 -0.15202000
v -0.01760723 0.45800169 -0.15202000
v -0.01711694 0.45737131 -0.15202000
v -0.01711694 0.45737131 -0.15202000
v -0.01650991 0.45690436 -0.15202000
v -0.01650991 0.45690436 -0.15202000
v -0.01578614 0.45660085 -0.15202000
v -0.01578614 0.45660085 -0.15202000
v -0.01499233 0.45949592 -0.15202000
v -0.03707894 0.45295866 -0.15150636
v -0.03707894 0.45295866 -0.15150636
v -0.03588822 0.45274853 -0.15150636
v -0.03588822 0.45274853 -0.15150636
v -0.03588822 0.45274853 -0.15150636
v -0.03714898 0.45279523 -0.15150636
v -0.03714898 0.45279523 -0.15150636
v -0.03728906 0.45265515 -0.15150636
v -0.03728906 0.45265515 -0.15150636
v -0.03789610 0.45195473 -0.15150636
v -0.03789610 0.45195473 -0.15150636
v -0.03831635 0.45113757 -0.15150636
v -0.03831635 0.45113757 -0.15150636
v -0.03831635 0.45113757 -0.15150636
v -0.03579483 0.45258511 -0.15150636
v -0.03579483 0.45258511 -0.15150636
v -0.03579483 0.45258511 -0.15150636
v -0.03847978 0.45025037 -0.15150636
v -0.03847978 0.45025037 -0.15150636
v -0.03567810 0.45244502 -0.15150636
v -0.03567810 0.45244502 -0.15150636
v -0.03843309 0.44933982 -0.15150636
v -0.03843309 0.44933982 -0.15150636
v -0.03815292 0.44847597 -0.15150635
v -0.03815292 0.44847597 -0.15150635
v -0.03551466 0.45232828 -0.15150636
v -0.03551466 0.45232828 -0.15150636
v -0.03551466 0.45232828 -0.15150636
v -0.03763928 0.44770550 -0.15150635
v -0.03763928 0.44770550 -0.15150635
v -0.03696220 0.44709847 -0.15150635
v -0.03696220 0.44709847 -0.15150635
v -0.03696220 0.44709847 -0.15150635
v -0.03532789 0.45225824 -0.15150636
v -0.03532789 0.45225824 -0.15150636
v -0.03532789 0.45225824 -0.15150636
v -0.03614504 0.44670157 -0.15150635
v -0.03614504 0.44670157 -0.15150635
v -0.03525784 0.44651479 -0.15150635
v -0.03525784 0.44651479 -0.15150635
v -0.03514111 0.45223489 -0.15150636
v -0.03514111 0.45223489 -0.15150636
v -0.03434730 0.44656148 -0.15150635
v -0.03434730 0.44656148 -0.15150635
v -0.03346010 0.44684165 -0.15150635
v -0.03346010 0.44684165 -0.15150635
v -0.03493098 0.45228158 -0.15150636
v -0.03493098 0.45228158 -0.15150636
v -0.03271298 0.44735529 -0.15150635
v -0.03271298 0.44735529 -0.15150635
v -0.03476755 0.45237498 -0.15150636
v -0.03476755 0.45237498 -0.15150636
v -0.03476755 0.45237498 -0.15150636
v -0.03210595 0.44803237 -0.15150635
v -0.03210595 0.44803237 -0.15150635
v -0.03168570 0.44884953 -0.15150636
v -0.03168570 0.44884953 -0.15150636
v -0.03168570 0.44884953 -0.15150636
v -0.03460412 0.45249171 -0.15150636
v -0.03460412 0.45249171 -0.15150636
v -0.03460412 0.45249171 -0.15150636
v -0.03149892 0.44976007 -0.15150636
v -0.03149892 0.44976007 -0.15150636
v -0.03156896 0.45067062 -0.15150636
v -0.03156896 0.45067062 -0.15150636
v -0.03184913 0.45153447 -0.15150636
v -0.03184913 0.45153447 -0.15150636
v -0.03451073 0.45265515 -0.15150636
v -0.03451073 0.45265515 -0.15150636
v -0.03236277 0.45228158 -0.15150636
v -0.03236277 0.45228158 -0.15150636
v -0.03303985 0.45288862 -0.15150636
v -0.03303985 0.45288862 -0.15150636
v -0.03317993 0.45300536 -0.15150636
v -0.03317993 0.45300536 -0.15150636
v -0.03327332 0.45316878 -0.15150636
v -0.03327332 0.45316878 -0.15150636
v -0.03334336 0.45333222 -0.15150636
v -0.03334336 0.45333222 -0.15150636
v -0.03444069 0.45284193 -0.15150636
v -0.03444069 0.45284193 -0.15150636
v -0.03336671 0.45351900 -0.15150636
v -0.03336671 0.45351900 -0.15150636
v -0.03334336 0.45368243 -0.15150636
v -0.03334336 0.45368243 -0.15150636
v -0.03327332 0.45386921 -0.15150636
v -0.03327332 0.45386921 -0.15150636
v -0.03317993 0.45400929 -0.15150636
v -0.03317993 0.45400929 -0.15150636
v -0.03317993 0.45400929 -0.15150636
v -0.03441734 0.45302871 -0.15150636
v -0.03441734 0.45302871 -0.15150636
v -0.03441734 0.45302871 -0.15150636
v -0.03458077 0.45552687 -0.15150636
v -0.03458077 0.45552687 -0.15150636
v -0.03458077 0.45552687 -0.15150636
v -0.03458077 0.45552687 -0.15150636
v -0.03458077 0.45552687 -0.15150636
v -0.03303985 0.45412603 -0.15150636
v -0.03303985 0.45412603 -0.15150636
v -0.03303985 0.45412603 -0.15150636
v -0.03460412 0.45571365 -0.15150636
v -0.03460412 0.45571365 -0.15150636
v -0.03460412 0.45571365 -0.15150636
v -0.03460412 0.45571365 -0.15101606
v -0.03458077 0.45552687 -0.15101606
v -0.03458077 0.45552687 -0.15101606
v -0.03441734 0.45302871 -0.15101606
v -0.03441734 0.45302871 -0.15101606
v -0.03444069 0.45284193 -0.15101606
v -0.03451073 0.45265515 -0.15101606
v -0.03460412 0.45249171 -0.15101606
v -0.03476755 0.45237498 -0.15101606
v -0.03493098 0.45228158 -0.15101606
v -0.03514111 0.45223489 -0.15101606
v -0.03532789 0.45225824 -0.15101606
v -0.03551466 0.45232828 -0.15101606
v -0.03567810 0.45244502 -0.15101606
v -0.03579483 0.45258511 -0.15101606
v -0.03588822 0.45274853 -0.15101606
v -0.03593492 0.45295866 -0.15101606
v -0.03593492 0.45295866 -0.15101606
v -0.03593492 0.45295866 -0.15150636
v -0.03593492 0.45295866 -0.15150636
v -0.03593492 0.45295866 -0.15150636
v -0.03703224 0.45316878 -0.15150636
v -0.03703224 0.45316878 -0.15150636
v -0.03705559 0.45335556 -0.15150636
v -0.03705559 0.45335556 -0.15150636
v -0.03705559 0.45335556 -0.15150636
v -0.03754589 0.45391591 -0.15101606
v -0.03754589 0.45391591 -0.15150636
v -0.03754589 0.45391591 -0.15150636
v -0.03735911 0.45384586 -0.15101606
v -0.03735911 0.45384586 -0.15150636
v -0.03735911 0.45384586 -0.15150636
v -0.03735911 0.45384586 -0.15150636
v -0.03721902 0.45370578 -0.15101606
v -0.03721902 0.45370578 -0.15150636
v -0.03721902 0.45370578 -0.15150636
v -0.03721902 0.45370578 -0.15150636
v -0.03710229 0.45354235 -0.15101606
v -0.03710229 0.45354235 -0.15150636
v -0.03710229 0.45354235 -0.15150636
v -0.03710229 0.45354235 -0.15150636
v -0.03705559 0.45335556 -0.15101606
v -0.03703224 0.45316878 -0.15101606
v -0.03707894 0.45295866 -0.15101606
v -0.03714898 0.45279523 -0.15101606
v -0.03728906 0.45265515 -0.15101606
v -0.03789610 0.45195473 -0.15101606
v -0.03831635 0.45113757 -0.15101606
v -0.03847978 0.45025037 -0.15101606
v -0.03843309 0.44933982 -0.15101606
v -0.03815292 0.44847597 -0.15101606
v -0.03763928 0.44770550 -0.15101606
v -0.03696220 0.44709847 -0.15101606
v -0.03614504 0.44670157 -0.15101606
v -0.03525784 0.44651479 -0.15101606
v -0.03434730 0.44656148 -0.15101606
v -0.03346010 0.44684165 -0.15101606
v -0.03271298 0.44735529 -0.15101606
v -0.03210595 0.44803237 -0.15101606
v -0.03168570 0.44884953 -0.15101606
v -0.03149892 0.44976007 -0.15101606
v -0.03156896 0.45067062 -0.15101606
v -0.03184913 0.45153447 -0.15101606
v -0.03236277 0.45228158 -0.15101606
v -0.03303985 0.45288862 -0.15101606
v -0.03317993 0.45300536 -0.15101606
v -0.03327332 0.45316878 -0.15101606
v -0.03334336 0.45333222 -0.15101606
v -0.03336671 0.45351900 -0.15101606
v -0.03334336 0.45368243 -0.15101606
v -0.03327332 0.45386921 -0.15101606
v -0.03317993 0.45400929 -0.15101606
v -0.03303985 0.45412603 -0.15101606
v -0.03287641 0.45421942 -0.15101606
v -0.03287641 0.45421942 -0.15150636
v -0.03287641 0.45421942 -0.15150636
v -0.03287641 0.45421942 -0.15150636
v -0.03271298 0.45426611 -0.15101606
v -0.03663534 0.44527738 -0.15101606
v -0.03535123 0.44502055 -0.15101606
v -0.03535123 0.44502055 -0.15150635
v -0.03535123 0.44502055 -0.15150635
v -0.03404378 0.44509060 -0.15150635
v -0.03404378 0.44509060 -0.15150635
v -0.03404378 0.44509060 -0.15101606
v -0.03280637 0.44551085 -0.15150635
v -0.03280637 0.44551085 -0.15150635
v -0.03280637 0.44551085 -0.15101606
v -0.03173239 0.44621127 -0.15150635
v -0.03173239 0.44621127 -0.15150635
v -0.03173239 0.44621127 -0.15101606
v -0.03086854 0.44719186 -0.15150635
v -0.03086854 0.44719186 -0.15150635
v -0.03086854 0.44719186 -0.15101606
v -0.03028486 0.44835923 -0.15150635
v -0.03028486 0.44835923 -0.15150635
v -0.03028486 0.44835923 -0.15101606
v -0.03000468 0.44964333 -0.15150636
v -0.03000468 0.44964333 -0.15150636
v -0.03000468 0.44964333 -0.15101606
v -0.03009808 0.45095078 -0.15150636
v -0.03009808 0.45095078 -0.15150636
v -0.03009808 0.45095078 -0.15101606
v -0.03049498 0.45218820 -0.15150636
v -0.03049498 0.45218820 -0.15150636
v -0.03049498 0.45218820 -0.15101606
v -0.03121875 0.45326218 -0.15150636
v -0.03121875 0.45326218 -0.15150636
v -0.03121875 0.45326218 -0.15101606
v -0.03219934 0.45414938 -0.15150636
v -0.03219934 0.45414938 -0.15150636
v -0.03219934 0.45414938 -0.15150636
v -0.03219934 0.45414938 -0.15101606
v -0.03236277 0.45421942 -0.15150636
v -0.03236277 0.45421942 -0.15150636
v -0.03236277 0.45421942 -0.15150636
v -0.03236277 0.45421942 -0.15101606
v -0.03252620 0.45426611 -0.15150636
v -0.03252620 0.45426611 -0.15150636
v -0.03252620 0.45426611 -0.15101606
v -0.03271298 0.45426611 -0.15150636
v -0.03271298 0.45426611 -0.15150636
v -0.03271298 0.45426611 -0.15150636
v -0.03467416 0.45587709 -0.15150636
v -0.03467416 0.45587709 -0.15150636
v -0.03467416 0.45587709 -0.15150636
v -0.03467416 0.45587709 -0.15150636
v -0.03467416 0.45587709 -0.15101606
v -0.03479090 0.45601716 -0.15150636
v -0.03479090 0.45601716 -0.15150636
v -0.03479090 0.45601716 -0.15101606
v -0.03493098 0.45613391 -0.15150636
v -0.03493098 0.45613391 -0.15150636
v -0.03493098 0.45613391 -0.15150636
v -0.03493098 0.45613391 -0.15101606
v -0.03509441 0.45620394 -0.15150636
v -0.03509441 0.45620394 -0.15150636
v -0.03509441 0.45620394 -0.15150636
v -0.03509441 0.45620394 -0.15101606
v -0.03528119 0.45622729 -0.15150636
v -0.03528119 0.45622729 -0.15150636
v -0.03528119 0.45622729 -0.15150636
v -0.03528119 0.45622729 -0.15101606
v -0.03546797 0.45622729 -0.15150636
v -0.03546797 0.45622729 -0.15150636
v -0.03546797 0.45622729 -0.15101606
v -0.03563140 0.45618060 -0.15150636
v -0.03563140 0.45618060 -0.15150636
v -0.03563140 0.45618060 -0.15101606
v -0.03579483 0.45608721 -0.15150636
v -0.03579483 0.45608721 -0.15150636
v -0.03579483 0.45608721 -0.15101606
v -0.03591157 0.45594713 -0.15150636
v -0.03591157 0.45594713 -0.15150636
v -0.03591157 0.45594713 -0.15101606
v -0.03600496 0.45580704 -0.15150636
v -0.03600496 0.45580704 -0.15150636
v -0.03600496 0.45580704 -0.15101606
v -0.03605165 0.45562026 -0.15150636
v -0.03605165 0.45562026 -0.15150636
v -0.03605165 0.45562026 -0.15101606
v -0.03607500 0.45545683 -0.15150636
v -0.03607500 0.45545683 -0.15150636
v -0.03607500 0.45545683 -0.15150636
v -0.03607500 0.45545683 -0.15150636
v -0.03607500 0.45545683 -0.15150636
v -0.03607500 0.45545683 -0.15101606
v -0.03607500 0.45545683 -0.15101606
v -0.03773266 0.45396260 -0.15150636
v -0.03773266 0.45396260 -0.15150636
v -0.03773266 0.45396260 -0.15101606
v -0.03791944 0.45393925 -0.15150636
v -0.03791944 0.45393925 -0.15150636
v -0.03791944 0.45393925 -0.15101606
v -0.03810622 0.45389256 -0.15150636
v -0.03810622 0.45389256 -0.15150636
v -0.03810622 0.45389256 -0.15101606
v -0.03826965 0.45377582 -0.15150636
v -0.03826965 0.45377582 -0.15150636
v -0.03826965 0.45377582 -0.15101606
v -0.03913351 0.45279523 -0.15150636
v -0.03913351 0.45279523 -0.15150636
v -0.03913351 0.45279523 -0.15101606
v -0.03971719 0.45162786 -0.15150636
v -0.03971719 0.45162786 -0.15150636
v -0.03971719 0.45162786 -0.15101606
v -0.03999736 0.45036711 -0.15150636
v -0.03999736 0.45036711 -0.15150636
v -0.03999736 0.45036711 -0.15101606
v -0.03990397 0.44905965 -0.15150636
v -0.03990397 0.44905965 -0.15150636
v -0.03990397 0.44905965 -0.15101606
v -0.03950706 0.44782224 -0.15150635
v -0.03950706 0.44782224 -0.15150635
v -0.03950706 0.44782224 -0.15101606
v -0.03878330 0.44672491 -0.15150635
v -0.03878330 0.44672491 -0.15150635
v -0.03878330 0.44672491 -0.15101606
v -0.03780271 0.44586106 -0.15150635
v -0.03780271 0.44586106 -0.15150635
v -0.03780271 0.44586106 -0.15101606
v -0.03663534 0.44527738 -0.15150635
v -0.03663534 0.44527738 -0.15150635
v -0.03455742 0.44240565 -0.15150635
v -0.03455742 0.44240565 -0.15150635
v -0.03259625 0.44277921 -0.15150635
v -0.03259625 0.44277921 -0.15150635
v -0.03082184 0.44364306 -0.15150635
v -0.03082184 0.44364306 -0.15150635
v -0.02932761 0.44495051 -0.15150635
v -0.02932761 0.44495051 -0.15150635
v -0.02820694 0.44658483 -0.15150635
v -0.02820694 0.44658483 -0.15150635
v -0.02755321 0.44847597 -0.15150635
v -0.02755321 0.44847597 -0.15150635
v -0.02741313 0.45043715 -0.15150636
v -0.02741313 0.45043715 -0.15150636
v -0.02778669 0.45239833 -0.15150636
v -0.02778669 0.45239833 -0.15150636
v -0.02865054 0.45417273 -0.15150636
v -0.02865054 0.45417273 -0.15150636
v -0.02995799 0.45569031 -0.15150636
v -0.02995799 0.45569031 -0.15150636
v -0.03159231 0.45678763 -0.15150636
v -0.03159231 0.45678763 -0.15150636
v -0.03159231 0.45678763 -0.15150636
v -0.03346010 0.45744136 -0.15150636
v -0.03346010 0.45744136 -0.15150636
v -0.03544462 0.45758144 -0.15150636
v -0.03544462 0.45758144 -0.15150636
v -0.03544462 0.45758144 -0.15150636
v -0.03544462 0.45758144 -0.15150636
v -0.03740580 0.45720789 -0.15150636
v -0.03740580 0.45720789 -0.15150636
v -0.03918020 0.45634403 -0.15150636
v -0.03918020 0.45634403 -0.15150636
v -0.04067443 0.45503658 -0.15150636
v -0.04067443 0.45503658 -0.15150636
v -0.04179511 0.45340226 -0.15150636
v -0.04179511 0.45340226 -0.15150636
v -0.04244883 0.45153447 -0.15150636
v -0.04244883 0.45153447 -0.15150636
v -0.04258892 0.44954995 -0.15150636
v -0.04258892 0.44954995 -0.15150636
v -0.04221536 0.44761211 -0.15150635
v -0.04221536 0.44761211 -0.15150635
v -0.04135151 0.44581437 -0.15150635
v -0.04135151 0.44581437 -0.15150635
v -0.04004405 0.44432013 -0.15150635
v -0.04004405 0.44432013 -0.15150635
v -0.03840974 0.44319946 -0.15150635
v -0.03840974 0.44319946 -0.15150635
v -0.03651860 0.44254573 -0.15150635
v -0.03651860 0.44254573 -0.15150635
v -0.03651860 0.44254573 -0.15101606
v -0.03455742 0.44240565 -0.15101606
v -0.03259625 0.44277921 -0.15101606
v -0.03082184 0.44364306 -0.15101606
v -0.02932761 0.44495051 -0.15101606
v -0.02820694 0.44658483 -0.15101606
v -0.02755321 0.44847597 -0.15101606
v -0.02741313 0.45043715 -0.15101606
v -0.02778669 0.45239833 -0.15101606
v -0.02865054 0.45417273 -0.15101606
v -0.02995799 0.45569031 -0.15101606
v -0.03159231 0.45678763 -0.15101606
v -0.03346010 0.45744136 -0.15101607
v -0.03544462 0.45758144 -0.15101607
v -0.03740580 0.45720789 -0.15101606
v -0.03918020 0.45634403 -0.15101606
v -0.04067443 0.45503658 -0.15101606
v -0.04179511 0.45340226 -0.15101606
v -0.04244883 0.45153447 -0.15101606
v -0.04258892 0.44954995 -0.15101606
v -0.04221536 0.44761211 -0.15101606
v -0.04135151 0.44581437 -0.15101606
v -0.04004405 0.44432013 -0.15101606
v -0.03840974 0.44319946 -0.15101606
v -0.03315658 0.45891224 -0.15101607
v -0.03553801 0.45907567 -0.15101607
v -0.03553801 0.45907567 -0.15150636
v -0.03553801 0.45907567 -0.15150636
v -0.03787275 0.45863207 -0.15150636
v -0.03787275 0.45863207 -0.15150636
v -0.03787275 0.45863207 -0.15101607
v -0.03999736 0.45760479 -0.15150636
v -0.03999736 0.45760479 -0.15150636
v -0.03999736 0.45760479 -0.15101607
v -0.04179511 0.45604051 -0.15150636
v -0.04179511 0.45604051 -0.15150636
v -0.04179511 0.45604051 -0.15101606
v -0.04312591 0.45407933 -0.15150636
v -0.04312591 0.45407933 -0.15150636
v -0.04312591 0.45407933 -0.15101606
v -0.04391972 0.45183798 -0.15150636
v -0.04391972 0.45183798 -0.15150636
v -0.04391972 0.45183798 -0.15101606
v -0.04408315 0.44945655 -0.15150636
v -0.04408315 0.44945655 -0.15150636
v -0.04408315 0.44945655 -0.15101606
v -0.04363955 0.44712182 -0.15150635
v -0.04363955 0.44712182 -0.15150635
v -0.04363955 0.44712182 -0.15101606
v -0.04258892 0.44499721 -0.15150635
v -0.04258892 0.44499721 -0.15150635
v -0.04258892 0.44499721 -0.15101606
v -0.04104799 0.44319946 -0.15150635
v -0.04104799 0.44319946 -0.15150635
v -0.04104799 0.44319946 -0.15101606
v -0.03908681 0.44186866 -0.15150635
v -0.03908681 0.44186866 -0.15150635
v -0.03908681 0.44186866 -0.15101606
v -0.03682212 0.44107485 -0.15150635
v -0.03682212 0.44107485 -0.15150635
v -0.03682212 0.44107485 -0.15101606
v -0.03446404 0.44091142 -0.15150635
v -0.03446404 0.44091142 -0.15150635
v -0.03446404 0.44091142 -0.15101606
v -0.03212930 0.44135502 -0.15150635
v -0.03212930 0.44135502 -0.15150635
v -0.03212930 0.44135502 -0.15101606
v -0.02998134 0.44240565 -0.15150635
v -0.02998134 0.44240565 -0.15150635
v -0.02998134 0.44240565 -0.15101606
v -0.02820694 0.44394657 -0.15150635
v -0.02820694 0.44394657 -0.15150635
v -0.02820694 0.44394657 -0.15101606
v -0.02685279 0.44593110 -0.15150635
v -0.02685279 0.44593110 -0.15150635
v -0.02685279 0.44593110 -0.15101606
v -0.02608233 0.44817245 -0.15150635
v -0.02608233 0.44817245 -0.15150635
v -0.02608233 0.44817245 -0.15101606
v -0.02591890 0.45053053 -0.15150636
v -0.02591890 0.45053053 -0.15150636
v -0.02591890 0.45053053 -0.15101606
v -0.02636250 0.45286527 -0.15150636
v -0.02636250 0.45286527 -0.15150636
v -0.02636250 0.45286527 -0.15101606
v -0.02738978 0.45501323 -0.15150636
v -0.02738978 0.45501323 -0.15150636
v -0.02738978 0.45501323 -0.15101606
v -0.02895406 0.45681098 -0.15150636
v -0.02895406 0.45681098 -0.15150636
v -0.02895406 0.45681098 -0.15101606
v -0.03091523 0.45814178 -0.15150636
v -0.03091523 0.45814178 -0.15150636
v -0.03091523 0.45814178 -0.15101607
v -0.03315658 0.45891224 -0.15150636
v -0.03315658 0.45891224 -0.15150636
v -0.03560805 0.46047651 -0.15150636
v -0.03831635 0.45996287 -0.15150636
v -0.04076782 0.45877216 -0.15150636
v -0.04284574 0.45697441 -0.15150636
v -0.04438667 0.45470971 -0.15150636
v -0.04527387 0.45211816 -0.15150636
v -0.04548399 0.44938651 -0.15150636
v -0.04497035 0.44667822 -0.15150635
v -0.04375629 0.44422675 -0.15150635
v -0.04198189 0.44214883 -0.15150635
v -0.03969384 0.44060790 -0.15150635
v -0.03712563 0.43972070 -0.15150635
v -0.03437064 0.43951057 -0.15150635
v -0.03168570 0.44002422 -0.15150635
v -0.02921088 0.44123828 -0.15150635
v -0.02715630 0.44303603 -0.15150635
v -0.02561538 0.44530073 -0.15150635
v -0.02470483 0.44789228 -0.15150635
v -0.02451805 0.45062393 -0.15150636
v -0.02503170 0.45330887 -0.15150636
v -0.02622241 0.45578369 -0.15150636
v -0.02802016 0.45783826 -0.15150636
v -0.03028486 0.45937919 -0.15150636
v -0.03287641 0.46028974 -0.15150636
v -0.03072846 0.42155645 -0.15050241
v -0.02944435 0.42024900 -0.15050241
v -0.03072846 0.42155645 -0.15071253
v -0.03072846 0.42155645 -0.15071253
v -0.02944435 0.42024900 -0.15071253
v -0.02944435 0.42024900 -0.15071253
v -0.02853380 0.41868472 -0.15050241
v -0.02853380 0.41868472 -0.15071253
v -0.02853380 0.41868472 -0.15071253
v -0.02806685 0.41691032 -0.15050241
v -0.02806685 0.41691032 -0.15071253
v -0.02806685 0.41691032 -0.15071253
v -0.02806685 0.41508922 -0.15050241
v -0.02806685 0.41508922 -0.15071253
v -0.02806685 0.41508922 -0.15071253
v -0.02853380 0.41331482 -0.15050241
v -0.02853380 0.41331482 -0.15071253
v -0.02853380 0.41331482 -0.15071253
v -0.02944435 0.41172720 -0.15050241
v -0.02944435 0.41172720 -0.15071253
v -0.02944435 0.41172720 -0.15071253
v -0.03072846 0.41044310 -0.15050241
v -0.03072846 0.41044310 -0.15071253
v -0.03072846 0.41044310 -0.15071253
v -0.03231607 0.40953255 -0.15050241
v -0.03231607 0.40953255 -0.15071253
v -0.03231607 0.40953255 -0.15071253
v -0.03409047 0.40906561 -0.15050241
v -0.03409047 0.40906561 -0.15071253
v -0.03409047 0.40906561 -0.15071253
v -0.03500102 0.40899556 -0.15050241
v -0.03591157 0.40906561 -0.15071253
v -0.03591157 0.40906561 -0.15071253
v -0.03591157 0.40906561 -0.15050241
v -0.03768597 0.40953255 -0.15050241
v -0.03768597 0.40953255 -0.15071253
v -0.03768597 0.40953255 -0.15071253
v -0.03927359 0.41044310 -0.15050241
v -0.03927359 0.41044310 -0.15071253
v -0.03927359 0.41044310 -0.15071253
v -0.04055770 0.41175055 -0.15050241
v -0.04055770 0.41175055 -0.15071253
v -0.04055770 0.41175055 -0.15071253
v -0.04146824 0.41331482 -0.15050241
v -0.04146824 0.41331482 -0.15071253
v -0.04146824 0.41331482 -0.15071253
v -0.04193519 0.41508922 -0.15050241
v -0.04193519 0.41508922 -0.15071253
v -0.04193519 0.41508922 -0.15071253
v -0.04193519 0.41691032 -0.15050241
v -0.04193519 0.41691032 -0.15071253
v -0.04193519 0.41691032 -0.15071253
v -0.04146824 0.41868472 -0.15050241
v -0.04146824 0.41868472 -0.15071253
v -0.04146824 0.41868472 -0.15071253
v -0.04055770 0.42027234 -0.15050241
v -0.04055770 0.42027234 -0.15071253
v -0.04055770 0.42027234 -0.15071253
v -0.03925024 0.42155645 -0.15050241
v -0.03925024 0.42155645 -0.15071253
v -0.03925024 0.42155645 -0.15071253
v -0.03768597 0.42246699 -0.15050241
v -0.03768597 0.42246699 -0.15071253
v -0.03768597 0.42246699 -0.15071253
v -0.03591157 0.42293394 -0.15050241
v -0.03591157 0.42293394 -0.15071253
v -0.03591157 0.42293394 -0.15071253
v -0.03409047 0.42293394 -0.15050241
v -0.03409047 0.42293394 -0.15071253
v -0.03409047 0.42293394 -0.15071253
v -0.03231607 0.42246699 -0.15050241
v -0.03231607 0.42246699 -0.15071253
v -0.03231607 0.42246699 -0.15071253
v -0.03289976 0.42108950 -0.15150635
v -0.03289976 0.42108950 -0.15150635
v -0.03163900 0.42036573 -0.15150635
v -0.03163900 0.42036573 -0.15150635
v -0.03063507 0.41933845 -0.15150635
v -0.03063507 0.41933845 -0.15150635
v -0.02991129 0.41810104 -0.15150634
v -0.02991129 0.41810104 -0.15150634
v -0.02953774 0.41672354 -0.15150634
v -0.02953774 0.41672354 -0.15150634
v -0.02953774 0.41527600 -0.15150634
v -0.02953774 0.41527600 -0.15150634
v -0.02991129 0.41389851 -0.15150634
v -0.02991129 0.41389851 -0.15150634
v -0.03063507 0.41266110 -0.15150634
v -0.03063507 0.41266110 -0.15150634
v -0.03166235 0.41163381 -0.15150634
v -0.03166235 0.41163381 -0.15150634
v -0.03289976 0.41091004 -0.15150634
v -0.03289976 0.41091004 -0.15150634
v -0.03427725 0.41053649 -0.15150634
v -0.03427725 0.41053649 -0.15150634
v -0.03572479 0.41053649 -0.15150634
v -0.03572479 0.41053649 -0.15150634
v -0.03710229 0.41091004 -0.15150634
v -0.03710229 0.41091004 -0.15150634
v -0.03833970 0.41163381 -0.15150634
v -0.03833970 0.41163381 -0.15150634
v -0.03936698 0.41266110 -0.15150634
v -0.03936698 0.41266110 -0.15150634
v -0.04009075 0.41389851 -0.15150634
v -0.04009075 0.41389851 -0.15150634
v -0.04044096 0.41527600 -0.15150634
v -0.04044096 0.41527600 -0.15150634
v -0.04044096 0.41672354 -0.15150634
v -0.04044096 0.41672354 -0.15150634
v -0.04009075 0.41810104 -0.15150634
v -0.04009075 0.41810104 -0.15150634
v -0.03936698 0.41933845 -0.15150635
v -0.03936698 0.41933845 -0.15150635
v -0.03833970 0.42036573 -0.15150635
v -0.03833970 0.42036573 -0.15150635
v -0.03710229 0.42108950 -0.15150635
v -0.03710229 0.42108950 -0.15150635
v -0.03572479 0.42146305 -0.15150635
v -0.03572479 0.42146305 -0.15150635
v -0.03427725 0.42146305 -0.15150635
v -0.03427725 0.42146305 -0.15150635
v -0.03329666 0.42010891 -0.15150635
v -0.03329666 0.42010891 -0.15150635
v -0.03229273 0.41952523 -0.15150635
v -0.03229273 0.41952523 -0.15150635
v -0.03147557 0.41870807 -0.15150634
v -0.03147557 0.41870807 -0.15150634
v -0.03089188 0.41770413 -0.15150634
v -0.03089188 0.41770413 -0.15150634
v -0.03058837 0.41658346 -0.15150634
v -0.03058837 0.41658346 -0.15150634
v -0.03058837 0.41541609 -0.15150634
v -0.03058837 0.41541609 -0.15150634
v -0.03089188 0.41429541 -0.15150634
v -0.03089188 0.41429541 -0.15150634
v -0.03147557 0.41329148 -0.15150634
v -0.03147557 0.41329148 -0.15150634
v -0.03229273 0.41247432 -0.15150634
v -0.03229273 0.41247432 -0.15150634
v -0.03329666 0.41189063 -0.15150634
v -0.03329666 0.41189063 -0.15150634
v -0.03441734 0.41158712 -0.15150634
v -0.03441734 0.41158712 -0.15150634
v -0.03558471 0.41158712 -0.15150634
v -0.03558471 0.41158712 -0.15150634
v -0.03670538 0.41189063 -0.15150634
v -0.03670538 0.41189063 -0.15150634
v -0.03770932 0.41247432 -0.15150634
v -0.03770932 0.41247432 -0.15150634
v -0.03852648 0.41329148 -0.15150634
v -0.03852648 0.41329148 -0.15150634
v -0.03911016 0.41429541 -0.15150634
v -0.03911016 0.41429541 -0.15150634
v -0.03941368 0.41541609 -0.15150634
v -0.03941368 0.41541609 -0.15150634
v -0.03941368 0.41658346 -0.15150634
v -0.03941368 0.41658346 -0.15150634
v -0.03911016 0.41770413 -0.15150634
v -0.03911016 0.41770413 -0.15150634
v -0.03852648 0.41870807 -0.15150634
v -0.03852648 0.41870807 -0.15150634
v -0.03770932 0.41952523 -0.15150635
v -0.03770932 0.41952523 -0.15150635
v -0.03670538 0.42010891 -0.15150635
v -0.03670538 0.42010891 -0.15150635
v -0.03558471 0.42041243 -0.15150635
v -0.03558471 0.42041243 -0.15150635
v -0.03441734 0.42041243 -0.15150635
v -0.03441734 0.42041243 -0.15150635
v -0.03329666 0.42010891 -0.15141294
v -0.03229273 0.41952523 -0.15141294
v -0.03147557 0.41870807 -0.15141294
v -0.03089188 0.41770413 -0.15141294
v -0.03058837 0.41658346 -0.15141294
v -0.03058837 0.41541609 -0.15141294
v -0.03089188 0.41429541 -0.15141294
v -0.03147557 0.41329148 -0.15141294
v -0.03229273 0.41247432 -0.15141294
v -0.03329666 0.41189063 -0.15141294
v -0.03441734 0.41158712 -0.15141294
v -0.03558471 0.41158712 -0.15141294
v -0.03670538 0.41189063 -0.15141294
v -0.03770932 0.41247432 -0.15141294
v -0.03852648 0.41329148 -0.15141294
v -0.03911016 0.41429541 -0.15141294
v -0.03941368 0.41541609 -0.15141294
v -0.03941368 0.41658346 -0.15141294
v -0.03911016 0.41770413 -0.15141294
v -0.03852648 0.41870807 -0.15141294
v -0.03770932 0.41952523 -0.15141294
v -0.03670538 0.42010891 -0.15141294
v -0.03558471 0.42041243 -0.15141294
v -0.03441734 0.42041243 -0.15141294
v -0.03357683 0.41940849 -0.15141294
v -0.03273633 0.41894154 -0.15141294
v -0.03357683 0.41940849 -0.15150635
v -0.03357683 0.41940849 -0.15150635
v -0.03273633 0.41894154 -0.15150634
v -0.03273633 0.41894154 -0.15150634
v -0.03205926 0.41824113 -0.15141294
v -0.03205926 0.41824113 -0.15150634
v -0.03205926 0.41824113 -0.15150634
v -0.03156896 0.41742396 -0.15141294
v -0.03156896 0.41742396 -0.15150634
v -0.03156896 0.41742396 -0.15150634
v -0.03133548 0.41649007 -0.15141294
v -0.03133548 0.41649007 -0.15150634
v -0.03133548 0.41649007 -0.15150634
v -0.03133548 0.41550948 -0.15141294
v -0.03133548 0.41550948 -0.15150634
v -0.03133548 0.41550948 -0.15150634
v -0.03159231 0.41457558 -0.15141294
v -0.03159231 0.41457558 -0.15150634
v -0.03159231 0.41457558 -0.15150634
v -0.03205926 0.41373508 -0.15141294
v -0.03205926 0.41373508 -0.15150634
v -0.03205926 0.41373508 -0.15150634
v -0.03273633 0.41305800 -0.15141294
v -0.03273633 0.41305800 -0.15150634
v -0.03273633 0.41305800 -0.15150634
v -0.03357683 0.41259106 -0.15141294
v -0.03357683 0.41259106 -0.15150634
v -0.03357683 0.41259106 -0.15150634
v -0.03451073 0.41233423 -0.15141294
v -0.03451073 0.41233423 -0.15150634
v -0.03451073 0.41233423 -0.15150634
v -0.03549132 0.41233423 -0.15141294
v -0.03549132 0.41233423 -0.15150634
v -0.03549132 0.41233423 -0.15150634
v -0.03642521 0.41259106 -0.15141294
v -0.03642521 0.41259106 -0.15150634
v -0.03642521 0.41259106 -0.15150634
v -0.03724237 0.41305800 -0.15141294
v -0.03724237 0.41305800 -0.15150634
v -0.03724237 0.41305800 -0.15150634
v -0.03794279 0.41375842 -0.15141294
v -0.03794279 0.41375842 -0.15150634
v -0.03794279 0.41375842 -0.15150634
v -0.03840974 0.41457558 -0.15141294
v -0.03840974 0.41457558 -0.15150634
v -0.03840974 0.41457558 -0.15150634
v -0.03866656 0.41550948 -0.15141294
v -0.03866656 0.41550948 -0.15150634
v -0.03866656 0.41550948 -0.15150634
v -0.03866656 0.41649007 -0.15141294
v -0.03866656 0.41649007 -0.15150634
v -0.03866656 0.41649007 -0.15150634
v -0.03840974 0.41742396 -0.15141294
v -0.03840974 0.41742396 -0.15150634
v -0.03840974 0.41742396 -0.15150634
v -0.03794279 0.41826447 -0.15141294
v -0.03794279 0.41826447 -0.15150634
v -0.03794279 0.41826447 -0.15150634
v -0.03724237 0.41894154 -0.15141294
v -0.03724237 0.41894154 -0.15150634
v -0.03724237 0.41894154 -0.15150634
v -0.03642521 0.41940849 -0.15141294
v -0.03642521 0.41940849 -0.15150635
v -0.03642521 0.41940849 -0.15150635
v -0.03549132 0.41966531 -0.15141294
v -0.03549132 0.41966531 -0.15150635
v -0.03549132 0.41966531 -0.15150635
v -0.03451073 0.41966531 -0.15141294
v -0.03451073 0.41966531 -0.15150635
v -0.03451073 0.41966531 -0.15150635
v -0.03500102 0.41599977 -0.15150634
v -0.00299178 0.40199135 -0.15050240
v -0.00310852 0.40199135 -0.15050240
v -0.00310852 0.40199135 -0.15131955
v -0.00310852 0.40199135 -0.15131955
v -0.00672736 0.40250499 -0.15050240
v -0.00672736 0.40250499 -0.15131955
v -0.00672736 0.40250499 -0.15131955
v -0.01008938 0.40392918 -0.15050240
v -0.01008938 0.40392918 -0.15131955
v -0.01008938 0.40392918 -0.15131955
v -0.01298445 0.40617053 -0.15050240
v -0.01298445 0.40617053 -0.15131955
v -0.01298445 0.40617053 -0.15131955
v -0.01517911 0.40908895 -0.15050241
v -0.01517911 0.40908895 -0.15131956
v -0.01517911 0.40908895 -0.15131956
v -0.01655660 0.41247432 -0.15050241
v -0.01655660 0.41247432 -0.15131956
v -0.01655660 0.41247432 -0.15131956
v -0.01700020 0.41611651 -0.15050241
v -0.01700020 0.41611651 -0.15131956
v -0.01700020 0.41611651 -0.15131956
v -0.01648656 0.41973535 -0.15050241
v -0.01648656 0.41973535 -0.15131956
v -0.01648656 0.41973535 -0.15131956
v -0.01506237 0.42309737 -0.15050241
v -0.01506237 0.42309737 -0.15131956
v -0.01506237 0.42309737 -0.15131956
v -0.01282102 0.42596910 -0.15050241
v -0.01282102 0.42596910 -0.15131956
v -0.01282102 0.42596910 -0.15131956
v -0.00990260 0.42818710 -0.15050241
v -0.00990260 0.42818710 -0.15131956
v -0.00990260 0.42818710 -0.15131956
v -0.00651723 0.42954124 -0.15050241
v -0.00651723 0.42954124 -0.15131956
v -0.00651723 0.42954124 -0.15131956
v -0.00289839 0.43000820 -0.15050241
v -0.00289839 0.43000820 -0.15131956
v -0.00289839 0.43000820 -0.15131956
v 0.00072046 0.42949456 -0.15050241
v 0.00072046 0.42949456 -0.15131956
v 0.00072046 0.42949456 -0.15131956
v 0.00410582 0.42807036 -0.15050241
v 0.00410582 0.42807036 -0.15131956
v 0.00410582 0.42807036 -0.15131956
v 0.00697755 0.42582902 -0.15050241
v 0.00697755 0.42582902 -0.15131956
v 0.00697755 0.42582902 -0.15131956
v 0.00917220 0.42291060 -0.15050241
v 0.00917220 0.42291060 -0.15131956
v 0.00917220 0.42291060 -0.15131956
v 0.01054970 0.41952523 -0.15050241
v 0.01054970 0.41952523 -0.15131956
v 0.01054970 0.41952523 -0.15131956
v 0.01099329 0.41588304 -0.15050241
v 0.01099329 0.41588304 -0.15131956
v 0.01099329 0.41588304 -0.15131956
v 0.01050300 0.41226419 -0.15050241
v 0.01050300 0.41226419 -0.15131956
v 0.01050300 0.41226419 -0.15131956
v 0.00907882 0.40890217 -0.15050241
v 0.00907882 0.40890217 -0.15131956
v 0.00907882 0.40890217 -0.15131956
v 0.00681412 0.40603044 -0.15050240
v 0.00681412 0.40603044 -0.15131955
v 0.00681412 0.40603044 -0.15131955
v 0.00389570 0.40381244 -0.15050240
v 0.00389570 0.40381244 -0.15131955
v 0.00389570 0.40381244 -0.15131955
v 0.00051033 0.40245830 -0.15050240
v 0.00051033 0.40245830 -0.15131955
v 0.00051033 0.40245830 -0.15131955
v -0.00299178 0.40269177 -0.15201998
v -0.00310852 0.40269177 -0.15201998
v -0.00654057 0.40318206 -0.15201998
v -0.00973917 0.40453621 -0.15201998
v -0.01247081 0.40666082 -0.15201998
v -0.01457207 0.40943916 -0.15201998
v -0.01587953 0.41266110 -0.15201999
v -0.01629978 0.41609316 -0.15201999
v -0.01580948 0.41954857 -0.15201999
v -0.01445534 0.42274716 -0.15201999
v -0.01233073 0.42547881 -0.15201999
v -0.00955239 0.42758007 -0.15201999
v -0.00633045 0.42886418 -0.15201999
v -0.00289839 0.42930777 -0.15201999
v 0.00053368 0.42881748 -0.15201999
v 0.00373226 0.42746333 -0.15201999
v 0.00648726 0.42533872 -0.15201999
v 0.00856517 0.42256038 -0.15201999
v 0.00987262 0.41933845 -0.15201999
v 0.01029288 0.41590638 -0.15201999
v 0.00982593 0.41245097 -0.15201999
v 0.00847178 0.40925238 -0.15201998
v 0.00632382 0.40652074 -0.15201998
v 0.00356884 0.40441948 -0.15201998
v 0.00034690 0.40313537 -0.15201998
v -0.01664999 0.46299803 -0.15230016
v -0.01664999 0.46299803 -0.15202000
v -0.01664999 0.46299803 -0.15202000
v 0.01064309 0.46299803 -0.15230016
v 0.01064309 0.46299803 -0.15202000
v 0.01064309 0.46299803 -0.15202000
v -0.01664999 0.46299803 -0.15050242
v -0.01664999 0.46299803 -0.15050242
v 0.01064309 0.46299803 -0.15050242
v 0.01064309 0.46299803 -0.15050242
v 0.01118008 0.46292799 -0.15050242
v 0.01118008 0.46292799 -0.15202000
v 0.01164702 0.46274121 -0.15050242
v 0.01164702 0.46274121 -0.15202000
v 0.01206728 0.46241434 -0.15050242
v 0.01206728 0.46241434 -0.15202000
v 0.01239414 0.46199409 -0.15050242
v 0.01239414 0.46199409 -0.15202000
v 0.01258092 0.46152714 -0.15050242
v 0.01258092 0.46152714 -0.15202000
v 0.01265096 0.46099016 -0.15050242
v 0.01265096 0.46099016 -0.15050242
v 0.01265096 0.46099016 -0.15202000
v 0.01265096 0.46099016 -0.15202000
v 0.01265096 0.46099016 -0.15230016
v 0.01265096 0.43899694 -0.15230015
v 0.01265096 0.43899694 -0.15201999
v 0.01265096 0.43899694 -0.15201999
v 0.01265096 0.43899694 -0.15050242
v 0.01265096 0.43899694 -0.15050242
v 0.01258092 0.43848330 -0.15050242
v 0.01258092 0.43848329 -0.15201999
v 0.01239414 0.43799299 -0.15050242
v 0.01239414 0.43799299 -0.15201999
v 0.01206728 0.43759609 -0.15050242
v 0.01206728 0.43759609 -0.15201999
v 0.01164702 0.43726922 -0.15050242
v 0.01164702 0.43726922 -0.15201999
v 0.01118008 0.43705910 -0.15050242
v 0.01118008 0.43705910 -0.15201999
v 0.01064309 0.43698906 -0.15050242
v 0.01064309 0.43698906 -0.15050242
v 0.01064309 0.43698906 -0.15201999
v 0.01064309 0.43698906 -0.15201999
v -0.01664999 0.43698906 -0.15201999
v -0.01664999 0.43698906 -0.15201999
v -0.01664999 0.43698906 -0.15050242
v -0.01664999 0.43698906 -0.15050242
v -0.01716363 0.43705910 -0.15050242
v -0.01716363 0.43705910 -0.15201999
v -0.01765393 0.43726922 -0.15050242
v -0.01765393 0.43726922 -0.15201999
v -0.01807418 0.43759609 -0.15050242
v -0.01807418 0.43759609 -0.15201999
v -0.01837770 0.43799299 -0.15050242
v -0.01837770 0.43799299 -0.15201999
v -0.01858782 0.43848330 -0.15050242
v -0.01858782 0.43848329 -0.15201999
v -0.01865786 0.43899694 -0.15050242
v -0.01865786 0.43899694 -0.15050242
v -0.01865786 0.43899694 -0.15201999
v -0.01865786 0.43899694 -0.15201999
v -0.01865786 0.46099016 -0.15202000
v -0.01865786 0.46099016 -0.15202000
v -0.01865786 0.46099016 -0.15050242
v -0.01865786 0.46099016 -0.15050242
v -0.01858782 0.46152714 -0.15050242
v -0.01858782 0.46152714 -0.15202000
v -0.01837770 0.46199409 -0.15050242
v -0.01837770 0.46199409 -0.15202000
v -0.01807418 0.46241434 -0.15050242
v -0.01807418 0.46241434 -0.15202000
v -0.01765393 0.46274121 -0.15050242
v -0.01765393 0.46274121 -0.15202000
v -0.01716363 0.46292799 -0.15050242
v -0.01716363 0.46292799 -0.15202000
v 0.03429397 0.43638202 -0.15050241
v 0.03065179 0.43600847 -0.15050241
v 0.03100199 0.43750270 -0.15201999
v 0.03069848 0.43750270 -0.15201999
v 0.02703294 0.43656881 -0.15050241
v 0.02747654 0.43801634 -0.15201999
v 0.02369427 0.43806304 -0.15050242
v 0.02448808 0.43932379 -0.15201999
v 0.02086923 0.44035108 -0.15050242
v 0.02194321 0.44137837 -0.15202000
v 0.01869793 0.44329285 -0.15050242
v 0.02002873 0.44401662 -0.15202000
v 0.01739047 0.44672491 -0.15050242
v 0.01886136 0.44707513 -0.15202000
v 0.01701692 0.45034376 -0.15050242
v 0.01851115 0.45032040 -0.15202000
v 0.01757725 0.45396260 -0.15050242
v 0.01900145 0.45354235 -0.15202000
v 0.01904814 0.45730127 -0.15050242
v 0.02033225 0.45650746 -0.15202000
v 0.02135953 0.46014965 -0.15050242
v 0.02238681 0.45905232 -0.15202000
v 0.02430130 0.46229761 -0.15050242
v 0.02502507 0.46096681 -0.15202000
v 0.02771001 0.46360507 -0.15050242
v 0.02806023 0.46215752 -0.15202000
v 0.03135221 0.46400197 -0.15050242
v 0.03130551 0.46250774 -0.15202000
v 0.03494770 0.46341828 -0.15050242
v 0.03452745 0.46199409 -0.15202000
v 0.03830972 0.46194740 -0.15050242
v 0.03751591 0.46066329 -0.15202000
v 0.04113475 0.45965936 -0.15050242
v 0.04006077 0.45860872 -0.15202000
v 0.04330606 0.45669424 -0.15050242
v 0.04197526 0.45597047 -0.15202000
v 0.04461351 0.45328553 -0.15050242
v 0.04314263 0.45293531 -0.15202000
v 0.04498707 0.44964333 -0.15050242
v 0.04349284 0.44969003 -0.15202000
v 0.04442673 0.44604784 -0.15050242
v 0.04300255 0.44646809 -0.15202000
v 0.04295585 0.44270917 -0.15050242
v 0.04167175 0.44347962 -0.15202000
v 0.04064446 0.43986079 -0.15050242
v 0.03961717 0.44093477 -0.15202000
v 0.03770269 0.43771283 -0.15050242
v 0.03697892 0.43902028 -0.15201999
v 0.03394376 0.43785292 -0.15201999
v 0.03651197 0.40647404 -0.16350689
v 0.03651197 0.40647404 -0.16350689
v 0.03100199 0.41599977 -0.16350689
v 0.03877667 0.40822509 -0.16350689
v 0.03877667 0.40822509 -0.16350689
v 0.04052772 0.41048979 -0.16350689
v 0.04052772 0.41048979 -0.16350689
v 0.04162505 0.41315139 -0.16350689
v 0.04162505 0.41315139 -0.16350689
v 0.04199861 0.41599977 -0.16350689
v 0.04199861 0.41599977 -0.16350689
v 0.04162505 0.41884815 -0.16350689
v 0.04162505 0.41884815 -0.16350689
v 0.04052772 0.42150975 -0.16350689
v 0.04052772 0.42150975 -0.16350689
v 0.03877667 0.42377444 -0.16350689
v 0.03877667 0.42377444 -0.16350689
v 0.03651197 0.42552549 -0.16350689
v 0.03651197 0.42552549 -0.16350689
v 0.03385037 0.42662282 -0.16350689
v 0.03385037 0.42662282 -0.16350689
v 0.03100199 0.42699638 -0.16350689
v 0.03100199 0.42699638 -0.16350689
v 0.02815361 0.42662282 -0.16350689
v 0.02815361 0.42662282 -0.16350689
v 0.02549201 0.42552549 -0.16350689
v 0.02549201 0.42552549 -0.16350689
v 0.02322732 0.42377444 -0.16350689
v 0.02322732 0.42377444 -0.16350689
v 0.02147627 0.42150975 -0.16350689
v 0.02147627 0.42150975 -0.16350689
v 0.02037894 0.41884815 -0.16350689
v 0.02037894 0.41884815 -0.16350689
v 0.02000538 0.41599977 -0.16350689
v 0.02000538 0.41599977 -0.16350689
v 0.02037894 0.41315139 -0.16350689
v 0.02037894 0.41315139 -0.16350689
v 0.02147627 0.41048979 -0.16350689
v 0.02147627 0.41048979 -0.16350689
v 0.02322732 0.40822509 -0.16350689
v 0.02322732 0.40822509 -0.16350689
v 0.02549201 0.40647404 -0.16350689
v 0.02549201 0.40647404 -0.16350689
v 0.02815361 0.40537671 -0.16350689
v 0.02815361 0.40537671 -0.16350689
v 0.03100199 0.40500316 -0.16350689
v 0.03100199 0.40500316 -0.16350689
v 0.03385037 0.40537671 -0.16350689
v 0.03385037 0.40537671 -0.16350689
v 0.03385037 0.40537672 -0.15300057
v 0.03385037 0.40537672 -0.15300057
v 0.03651197 0.40647404 -0.15300057
v 0.03651197 0.40647404 -0.15300057
v 0.03877667 0.40822510 -0.15300057
v 0.03877667 0.40822510 -0.15300057
v 0.04052772 0.41048979 -0.15300057
v 0.04052772 0.41048979 -0.15300057
v 0.04162505 0.41315139 -0.15300057
v 0.04162505 0.41315139 -0.15300057
v 0.04199861 0.41599977 -0.15300057
v 0.04199861 0.41599977 -0.15300057
v 0.04162505 0.41884815 -0.15300057
v 0.04162505 0.41884815 -0.15300057
v 0.04052772 0.42150975 -0.15300057
v 0.04052772 0.42150975 -0.15300057
v 0.03877667 0.42377445 -0.15300058
v 0.03877667 0.42377445 -0.15300058
v 0.03651197 0.42552550 -0.15300058
v 0.03651197 0.42552550 -0.15300058
v 0.03385037 0.42662283 -0.15300058
v 0.03385037 0.42662283 -0.15300058
v 0.03100199 0.42699638 -0.15300058
v 0.03100199 0.42699638 -0.15300058
v 0.02815361 0.42662283 -0.15300058
v 0.02815361 0.42662283 -0.15300058
v 0.02549201 0.42552550 -0.15300058
v 0.02549201 0.42552550 -0.15300058
v 0.02322732 0.42377445 -0.15300058
v 0.02322732 0.42377445 -0.15300058
v 0.02147627 0.42150975 -0.15300057
v 0.02147627 0.42150975 -0.15300057
v 0.02037894 0.41884815 -0.15300057
v 0.02037894 0.41884815 -0.15300057
v 0.02000538 0.41599977 -0.15300057
v 0.02000538 0.41599977 -0.15300057
v 0.02037894 0.41315139 -0.15300057
v 0.02037894 0.41315139 -0.15300057
v 0.02147627 0.41048979 -0.15300057
v 0.02147627 0.41048979 -0.15300057
v 0.02322732 0.40822510 -0.15300057
v 0.02322732 0.40822510 -0.15300057
v 0.02549201 0.40647404 -0.15300057
v 0.02549201 0.40647404 -0.15300057
v 0.02815361 0.40537672 -0.15300057
v 0.02815361 0.40537672 -0.15300057
v 0.03100199 0.40500316 -0.15300057
v 0.03100199 0.40500316 -0.15300057
v 0.04349284 0.40150106 -0.15300057
v 0.04349284 0.40150106 -0.15300057
v 0.04349284 0.40150106 -0.15300057
v 0.04402983 0.40157110 -0.15300057
v 0.04402983 0.40157110 -0.15300057
v 0.04449677 0.40175788 -0.15300057
v 0.04449677 0.40175788 -0.15300057
v 0.04491702 0.40208474 -0.15300057
v 0.04491702 0.40208474 -0.15300057
v 0.04524389 0.40250499 -0.15300057
v 0.04524389 0.40250499 -0.15300057
v 0.04543067 0.40297194 -0.15300057
v 0.04543067 0.40297194 -0.15300057
v 0.04550071 0.40350893 -0.15300057
v 0.04550071 0.40350893 -0.15300057
v 0.04550071 0.40350893 -0.15300057
v 0.04550071 0.42849062 -0.15300058
v 0.04550071 0.42849062 -0.15300058
v 0.04550071 0.42849062 -0.15300058
v 0.04543067 0.42902761 -0.15300058
v 0.04543067 0.42902761 -0.15300058
v 0.04524389 0.42949456 -0.15300058
v 0.04524389 0.42949456 -0.15300058
v 0.04491702 0.42991481 -0.15300058
v 0.04491702 0.42991481 -0.15300058
v 0.04449677 0.43024167 -0.15300058
v 0.04449677 0.43024167 -0.15300058
v 0.04402983 0.43042844 -0.15300058
v 0.04402983 0.43042844 -0.15300058
v 0.04349284 0.43049849 -0.15300058
v 0.04349284 0.43049849 -0.15300058
v 0.04349284 0.43049849 -0.15300058
v 0.01851115 0.43049849 -0.15300058
v 0.01851115 0.43049849 -0.15300058
v 0.01851115 0.43049849 -0.15300058
v 0.01797416 0.43042844 -0.15300058
v 0.01797416 0.43042844 -0.15300058
v 0.01750722 0.43024167 -0.15300058
v 0.01750722 0.43024167 -0.15300058
v 0.01708696 0.42991481 -0.15300058
v 0.01708696 0.42991481 -0.15300058
v 0.01676010 0.42949456 -0.15300058
v 0.01676010 0.42949456 -0.15300058
v 0.01657332 0.42902761 -0.15300058
v 0.01657332 0.42902761 -0.15300058
v 0.01650327 0.42849062 -0.15300058
v 0.01650327 0.42849062 -0.15300058
v 0.01650327 0.42849062 -0.15300058
v 0.01650327 0.40350893 -0.15300057
v 0.01650327 0.40350893 -0.15300057
v 0.01650327 0.40350893 -0.15300057
v 0.01657332 0.40297194 -0.15300057
v 0.01657332 0.40297194 -0.15300057
v 0.01676010 0.40250499 -0.15300057
v 0.01676010 0.40250499 -0.15300057
v 0.01708696 0.40208474 -0.15300057
v 0.01708696 0.40208474 -0.15300057
v 0.01750722 0.40175788 -0.15300057
v 0.01750722 0.40175788 -0.15300057
v 0.01797416 0.40157110 -0.15300057
v 0.01797416 0.40157110 -0.15300057
v 0.01851115 0.40150106 -0.15300057
v 0.01851115 0.40150106 -0.15300057
v 0.01851115 0.40150106 -0.15300057
v 0.04349284 0.40150106 -0.15201998
v 0.04349284 0.40150106 -0.15201998
v 0.04402983 0.40157110 -0.15201998
v 0.04449677 0.40175788 -0.15201998
v 0.04491702 0.40208474 -0.15201998
v 0.04524389 0.40250499 -0.15201998
v 0.04543067 0.40297194 -0.15201998
v 0.04550071 0.40350893 -0.15201998
v 0.04550071 0.40350893 -0.15201998
v 0.04550071 0.42849062 -0.15201999
v 0.04550071 0.42849062 -0.15201999
v 0.04543067 0.42902761 -0.15201999
v 0.04524389 0.42949456 -0.15201999
v 0.04491702 0.42991481 -0.15201999
v 0.04449677 0.43024167 -0.15201999
v 0.04402983 0.43042844 -0.15201999
v 0.04349284 0.43049849 -0.15201999
v 0.04349284 0.43049849 -0.15201999
v 0.01851115 0.43049849 -0.15201999
v 0.01851115 0.43049849 -0.15201999
v 0.01797416 0.43042844 -0.15201999
v 0.01750722 0.43024167 -0.15201999
v 0.01708696 0.42991481 -0.15201999
v 0.01676010 0.42949456 -0.15201999
v 0.01657332 0.42902761 -0.15201999
v 0.01650327 0.42849062 -0.15201999
v 0.01650327 0.42849062 -0.15201999
v 0.01650327 0.40350893 -0.15201998
v 0.01650327 0.40350893 -0.15201998
v 0.01657332 0.40297194 -0.15201998
v 0.01676010 0.40250499 -0.15201998
v 0.01708696 0.40208474 -0.15201998
v 0.01750722 0.40175788 -0.15201998
v 0.01797416 0.40157110 -0.15201998
v 0.01851115 0.40150106 -0.15201998
v 0.01851115 0.40150106 -0.15201998
v 0.01851115 0.40150106 -0.15050240
v 0.01851115 0.40150106 -0.15050240
v 0.04349284 0.40150106 -0.15050240
v 0.04349284 0.40150106 -0.15050240
v 0.04402983 0.40157110 -0.15050240
v 0.04449677 0.40175788 -0.15050240
v 0.04491702 0.40208474 -0.15050240
v 0.04524389 0.40250499 -0.15050240
v 0.04543067 0.40297194 -0.15050240
v 0.04550071 0.40350893 -0.15050240
v 0.04550071 0.40350893 -0.15050240
v 0.04550071 0.42849062 -0.15050241
v 0.04550071 0.42849062 -0.15050241
v 0.04543067 0.42902761 -0.15050241
v 0.04524389 0.42949456 -0.15050241
v 0.04491702 0.42991481 -0.15050241
v 0.04449677 0.43024167 -0.15050241
v 0.04402983 0.43042844 -0.15050241
v 0.04349284 0.43049849 -0.15050241
v 0.04349284 0.43049849 -0.15050241
v 0.01851115 0.43049849 -0.15050241
v 0.01851115 0.43049849 -0.15050241
v 0.01797416 0.43042844 -0.15050241
v 0.01750722 0.43024167 -0.15050241
v 0.01708696 0.42991481 -0.15050241
v 0.01676010 0.42949456 -0.15050241
v 0.01657332 0.42902761 -0.15050241
v 0.01650327 0.42849062 -0.15050241
v 0.01650327 0.42849062 -0.15050241
v 0.01650327 0.40350893 -0.15050240
v 0.01650327 0.40350893 -0.15050240
v 0.01657332 0.40297194 -0.15050240
v 0.01676010 0.40250499 -0.15050240
v 0.01708696 0.40208474 -0.15050240
v 0.01750722 0.40175788 -0.15050240
v 0.01797416 0.40157110 -0.15050240
v 0.05150099 0.43325348 -0.15050241
v 0.05150099 0.46274121 -0.15050242
v 0.05150099 0.46400197 -0.15202000
v 0.05150099 0.46348832 -0.15050242
v 0.05150099 0.46400197 -0.15050242
v 0.05133756 0.46528607 -0.15202000
v 0.05133756 0.46528607 -0.15050242
v 0.05082391 0.46650014 -0.15202000
v 0.05082391 0.46650014 -0.15050243
v 0.05003010 0.46752742 -0.15202000
v 0.05003010 0.46752742 -0.15050243
v 0.04900281 0.46832123 -0.15202000
v 0.04900281 0.46832123 -0.15050243
v 0.04778875 0.46883487 -0.15202000
v 0.04778875 0.46883487 -0.15050243
v 0.04650465 0.46899830 -0.15202000
v 0.04650465 0.46899830 -0.15050243
v 0.01676010 0.46899830 -0.15050243
v 0.01456545 0.46899830 -0.15050243
v -0.04648793 0.46899830 -0.15202000
v 0.01183380 0.46899830 -0.15050243
v -0.01781736 0.46899830 -0.15050243
v -0.02057235 0.46899830 -0.15050243
v -0.04476022 0.46899830 -0.15050243
v -0.04648793 0.46899830 -0.15050243
v -0.04779539 0.46883487 -0.15202000
v -0.04779539 0.46883487 -0.15050243
v -0.04900945 0.46832123 -0.15202000
v -0.04900945 0.46832123 -0.15050243
v -0.05003673 0.46752742 -0.15202000
v -0.05003673 0.46752742 -0.15050243
v -0.05083054 0.46650014 -0.15202000
v -0.05083054 0.46650014 -0.15050243
v -0.05132084 0.46528607 -0.15202000
v -0.05132084 0.46528607 -0.15050242
v -0.05150761 0.46400197 -0.15202000
v -0.05150761 0.46400197 -0.15202000
v -0.05150761 0.46400197 -0.15050242
v -0.05150761 0.46400197 -0.15050242
v -0.05150761 0.46348832 -0.15050242
v -0.05150761 0.46274121 -0.15050242
v -0.05150761 0.43325348 -0.15050241
v -0.05150761 0.40199135 -0.15201998
v -0.05150761 0.40199135 -0.15201998
v -0.05150761 0.43024167 -0.15050241
v -0.05150761 0.40199135 -0.15050240
v -0.05150761 0.40199135 -0.15050240
v -0.05132084 0.40070724 -0.15201998
v -0.05132084 0.40070724 -0.15050240
v -0.05083054 0.39949318 -0.15201998
v -0.05083054 0.39949318 -0.15050240
v -0.05003673 0.39846590 -0.15201998
v -0.05003673 0.39846590 -0.15050240
v -0.04900945 0.39767208 -0.15201998
v -0.04900945 0.39767208 -0.15050240
v -0.04779539 0.39718179 -0.15201998
v -0.04779539 0.39718179 -0.15050240
v -0.04648793 0.39699501 -0.15201998
v -0.04648793 0.39699501 -0.15201998
v -0.04648793 0.39699501 -0.15050240
v -0.04648793 0.39699501 -0.15050240
v -0.04476022 0.39699501 -0.15050240
v -0.02057235 0.39699501 -0.15050240
v -0.01781736 0.39699501 -0.15050240
v 0.01183380 0.39699501 -0.15050240
v 0.04650465 0.39699501 -0.15201998
v 0.01456545 0.39699501 -0.15050240
v 0.01676010 0.39699501 -0.15050240
v 0.04650465 0.39699501 -0.15050240
v 0.04650465 0.39699501 -0.15050240
v 0.04778875 0.39718179 -0.15201998
v 0.04778875 0.39718179 -0.15050240
v 0.04900281 0.39767208 -0.15201998
v 0.04900281 0.39767208 -0.15050240
v 0.05003010 0.39846590 -0.15201998
v 0.05003010 0.39846590 -0.15050240
v 0.05082391 0.39949318 -0.15201998
v 0.05082391 0.39949318 -0.15050240
v 0.05133756 0.40070724 -0.15201998
v 0.05133756 0.40070724 -0.15050240
v 0.05150099 0.40199135 -0.15201998
v 0.05150099 0.40199135 -0.15050240
v 0.05150099 0.43024167 -0.15050241
v 0.04423995 0.67756038 -0.15521865
v 0.04423995 0.67756039 -0.15421472
v 0.04423995 0.67835420 -0.15601247
v 0.04423995 0.67875111 -0.15421472
v 0.04423995 0.67987176 -0.15601247
v 0.04423995 0.67987176 -0.15202008
v 0.04423995 0.67875111 -0.15202008
v 0.01925827 0.67756038 -0.15521865
v 0.01925827 0.67756039 -0.15421472
v 0.01925827 0.67835420 -0.15601247
v 0.01925827 0.67875111 -0.15421472
v 0.01925827 0.67987176 -0.15601247
v 0.01925827 0.67987176 -0.15202008
v 0.01925827 0.67875111 -0.15202008
v 0.04575753 0.70445653 -0.15521866
v 0.04575753 0.70445653 -0.15421473
v 0.04575753 0.70363938 -0.15601248
v 0.04575753 0.70324248 -0.15421473
v 0.04575753 0.70212182 -0.15601248
v 0.04575753 0.70212182 -0.15202008
v 0.04575753 0.70324248 -0.15202008
v 0.02075250 0.70445653 -0.15521866
v 0.02075250 0.70445653 -0.15421473
v 0.02075250 0.70363938 -0.15601248
v 0.02075250 0.70324248 -0.15421473
v 0.02075250 0.70212182 -0.15601248
v 0.02075250 0.70212182 -0.15202008
v 0.02075250 0.70324248 -0.15202008
v 0.02474490 0.68825346 -0.15050250
v 0.02474490 0.68825346 -0.15202008
v 0.01524252 0.68825346 -0.15050250
v 0.01524252 0.68825346 -0.15050250
v 0.01524252 0.68825346 -0.15202008
v 0.01524252 0.68825346 -0.15202008
v 0.01524252 0.67875111 -0.15050250
v 0.01524252 0.67875111 -0.15050250
v 0.01524252 0.67875111 -0.15202008
v 0.01524252 0.67875111 -0.15202008
v 0.02474490 0.67875111 -0.15202008
v 0.02474490 0.67875111 -0.15050250
v 0.02075250 0.67875111 -0.15202008
v 0.01925827 0.67875111 -0.15202008
v 0.04024755 0.67875111 -0.15202008
v 0.04024755 0.67875111 -0.15202008
v 0.04024755 0.67875111 -0.15050250
v 0.04024755 0.67875111 -0.15050250
v 0.04024755 0.68825346 -0.15202008
v 0.04024755 0.68825346 -0.15202008
v 0.04024755 0.68825346 -0.15050250
v 0.04024755 0.68825346 -0.15050250
v 0.04974994 0.68825346 -0.15202008
v 0.04974994 0.68825346 -0.15202008
v 0.04974994 0.68825346 -0.15050250
v 0.04974994 0.68825346 -0.15050250
v 0.04974994 0.67875111 -0.15202008
v 0.04974994 0.67875111 -0.15202008
v 0.04974994 0.67875111 -0.15050250
v 0.04974994 0.67875111 -0.15050250
v 0.04575753 0.67875111 -0.15202008
v 0.04423995 0.67875111 -0.15202008
v 0.04974994 0.70324248 -0.15202008
v 0.04974994 0.70324248 -0.15202008
v 0.04974994 0.70324248 -0.15050250
v 0.04974994 0.70324248 -0.15050250
v 0.04974994 0.69374010 -0.15202008
v 0.04974994 0.69374010 -0.15202008
v 0.04974994 0.69374010 -0.15050250
v 0.04974994 0.69374010 -0.15050250
v 0.04024755 0.69374010 -0.15202008
v 0.04024755 0.69374010 -0.15202008
v 0.04024755 0.69374010 -0.15050250
v 0.04024755 0.69374010 -0.15050250
v 0.04024755 0.70324248 -0.15202008
v 0.04024755 0.70324248 -0.15202008
v 0.04024755 0.70324248 -0.15050250
v 0.04024755 0.70324248 -0.15050250
v 0.04423995 0.70324248 -0.15202008
v 0.04575753 0.70324248 -0.15202008
v -0.03446404 0.67975503 -0.15202008
v -0.03177908 0.68183294 -0.15202008
v -0.03395039 0.67889118 -0.15101614
v -0.03395039 0.67889118 -0.15101614
v -0.03105532 0.68113252 -0.15101614
v -0.03105532 0.68113252 -0.15101614
v -0.02972452 0.68454125 -0.15202008
v -0.02886067 0.68405094 -0.15101614
v -0.02886067 0.68405094 -0.15101614
v -0.02844041 0.68766978 -0.15202008
v -0.02745982 0.68741297 -0.15101614
v -0.02745982 0.68741297 -0.15101614
v -0.02799681 0.69105515 -0.15202008
v -0.02699288 0.69105515 -0.15101614
v -0.02699288 0.69105515 -0.15101614
v -0.02846376 0.69441718 -0.15202008
v -0.02748317 0.69467401 -0.15101614
v -0.02748317 0.69467401 -0.15101614
v -0.02977121 0.69754573 -0.15202008
v -0.02890736 0.69803601 -0.15101615
v -0.02890736 0.69803601 -0.15101615
v -0.03184913 0.70023068 -0.15202008
v -0.03112536 0.70093110 -0.15101615
v -0.03112536 0.70093110 -0.15101615
v -0.03453407 0.70228526 -0.15202008
v -0.03404378 0.70314911 -0.15101615
v -0.03404378 0.70314911 -0.15101615
v -0.03768597 0.70356935 -0.15202008
v -0.03742915 0.70452660 -0.15101615
v -0.03742915 0.70452660 -0.15101615
v -0.04104799 0.70398959 -0.15202008
v -0.04104799 0.70499354 -0.15101615
v -0.04104799 0.70499354 -0.15101615
v -0.04441001 0.70354601 -0.15202008
v -0.04466683 0.70450324 -0.15101615
v -0.04466683 0.70450324 -0.15101615
v -0.04753856 0.70223856 -0.15202008
v -0.04805220 0.70310241 -0.15101615
v -0.04805220 0.70310241 -0.15101615
v -0.05022351 0.70016062 -0.15202008
v -0.05092393 0.70086106 -0.15101615
v -0.05092393 0.70086106 -0.15101615
v -0.05227808 0.69745233 -0.15202008
v -0.05314193 0.69796598 -0.15101615
v -0.05314193 0.69796598 -0.15101615
v -0.05356218 0.69432380 -0.15202008
v -0.05454277 0.69458061 -0.15101614
v -0.05454277 0.69458061 -0.15101614
v -0.05400578 0.69096178 -0.15202008
v -0.05500972 0.69096178 -0.15101614
v -0.05500972 0.69096178 -0.15101614
v -0.05353884 0.68759975 -0.15202008
v -0.05451943 0.68731957 -0.15101614
v -0.05451943 0.68731957 -0.15101614
v -0.05223138 0.68447119 -0.15202008
v -0.05309524 0.68395754 -0.15101614
v -0.05309524 0.68395754 -0.15101614
v -0.05015346 0.68178627 -0.15202008
v -0.05085389 0.68106249 -0.15101614
v -0.05085389 0.68106249 -0.15101614
v -0.04795881 0.67884448 -0.15101614
v -0.04795881 0.67884448 -0.15101614
v -0.04746852 0.67970833 -0.15202008
v -0.04394307 0.67987176 -0.15351430
v -0.04672140 0.68101579 -0.15351431
v -0.04910284 0.68283689 -0.15351431
v -0.05094728 0.68521830 -0.15351431
v -0.05209130 0.68797332 -0.15351431
v -0.05248820 0.69096177 -0.15351431
v -0.05211465 0.69392690 -0.15351431
v -0.05097063 0.69670522 -0.15351431
v -0.04914953 0.69911000 -0.15351431
v -0.04679145 0.70093110 -0.15351431
v -0.04401311 0.70209846 -0.15351431
v -0.04104799 0.70249536 -0.15351431
v -0.03805953 0.70212182 -0.15351431
v -0.03528119 0.70097780 -0.15351431
v -0.03289976 0.69915670 -0.15351431
v -0.03105532 0.69677525 -0.15351431
v -0.02991129 0.69402027 -0.15351431
v -0.02949104 0.69103181 -0.15351431
v -0.02988795 0.68806669 -0.15351431
v -0.03100862 0.68528837 -0.15351431
v -0.03282972 0.68290692 -0.15351431
v -0.03521115 0.68106249 -0.15351431
v -0.04095460 0.67949822 -0.15351430
v -0.03798949 0.67989513 -0.15351430
v -0.04095460 0.67800396 -0.15202008
v -0.03759258 0.67844757 -0.15202008
v -0.03733576 0.67749035 -0.15101614
v -0.03733576 0.67749035 -0.15101614
v -0.04095460 0.67700004 -0.15050250
v -0.03733576 0.67749035 -0.15050250
v -0.03395039 0.67889118 -0.15050250
v -0.03105532 0.68113252 -0.15050250
v -0.02886067 0.68405094 -0.15050250
v -0.02745982 0.68741297 -0.15050250
v -0.02699288 0.69105515 -0.15050250
v -0.02748317 0.69467401 -0.15050250
v -0.02890736 0.69803601 -0.15050250
v -0.03112536 0.70093110 -0.15050250
v -0.03404378 0.70314911 -0.15050250
v -0.03742915 0.70452660 -0.15050251
v -0.04104799 0.70499354 -0.15050251
v -0.04466683 0.70450324 -0.15050251
v -0.04805220 0.70310241 -0.15050250
v -0.05092393 0.70086106 -0.15050250
v -0.05314193 0.69796598 -0.15050250
v -0.05454277 0.69458061 -0.15050250
v -0.05500972 0.69096178 -0.15050250
v -0.05451943 0.68731957 -0.15050250
v -0.05309524 0.68395754 -0.15050250
v -0.05085389 0.68106249 -0.15050250
v -0.04795881 0.67884448 -0.15050250
v -0.04457344 0.67746699 -0.15050250
v -0.04457344 0.67746699 -0.15101614
v -0.04457344 0.67746699 -0.15101614
v -0.04431662 0.67842424 -0.15202008
v -0.04100130 0.67800396 -0.15202008
v -0.04095460 0.67700004 -0.15101614
v -0.04095460 0.67700004 -0.15101614
v 0.02474490 0.70324248 -0.15202008
v 0.02474490 0.70324248 -0.15202008
v 0.02474490 0.70324248 -0.15050250
v 0.02474490 0.70324248 -0.15050250
v 0.02474490 0.69374010 -0.15202008
v 0.02474490 0.69374010 -0.15202008
v 0.02474490 0.69374010 -0.15050250
v 0.02474490 0.69374010 -0.15050250
v 0.01524252 0.69374010 -0.15202008
v 0.01524252 0.69374010 -0.15202008
v 0.01524252 0.69374010 -0.15050250
v 0.01524252 0.69374010 -0.15050250
v 0.01524252 0.70324248 -0.15202008
v 0.01524252 0.70324248 -0.15202008
v 0.01524252 0.70324248 -0.15050250
v 0.01524252 0.70324248 -0.15050250
v 0.01925827 0.70324248 -0.15202008
v 0.02075250 0.70324248 -0.15202008
v -0.00250148 0.68148273 -0.16402062
v -0.00250148 0.68148273 -0.16402062
v -0.00798812 0.69100847 -0.16402063
v -0.00021344 0.68321043 -0.16402062
v -0.00021344 0.68321043 -0.16402062
v 0.00153761 0.68549847 -0.16402062
v 0.00153761 0.68549847 -0.16402062
v 0.00263494 0.68816008 -0.16402062
v 0.00263494 0.68816008 -0.16402062
v 0.00300850 0.69100847 -0.16402063
v 0.00300850 0.69100847 -0.16402063
v 0.00263494 0.69385683 -0.16402063
v 0.00263494 0.69385683 -0.16402063
v 0.00153761 0.69649508 -0.16402063
v 0.00153761 0.69649508 -0.16402063
v -0.00021344 0.69878312 -0.16402063
v -0.00021344 0.69878312 -0.16402063
v -0.00250148 0.70053419 -0.16402063
v -0.00250148 0.70053419 -0.16402063
v -0.00516308 0.70163151 -0.16402063
v -0.00516308 0.70163151 -0.16402063
v -0.00798812 0.70200508 -0.16402063
v -0.00798812 0.70200508 -0.16402063
v -0.01083650 0.70163151 -0.16402063
v -0.01083650 0.70163151 -0.16402063
v -0.01349810 0.70053419 -0.16402063
v -0.01349810 0.70053419 -0.16402063
v -0.01578614 0.69878312 -0.16402063
v -0.01578614 0.69878312 -0.16402063
v -0.01751384 0.69649508 -0.16402063
v -0.01751384 0.69649508 -0.16402063
v -0.01863452 0.69385683 -0.16402063
v -0.01863452 0.69385683 -0.16402063
v -0.01900807 0.69100847 -0.16402063
v -0.01900807 0.69100847 -0.16402063
v -0.01863452 0.68816008 -0.16402062
v -0.01863452 0.68816008 -0.16402062
v -0.01751384 0.68549847 -0.16402062
v -0.01751384 0.68549847 -0.16402062
v -0.01578614 0.68321043 -0.16402062
v -0.01578614 0.68321043 -0.16402062
v -0.01349810 0.68148273 -0.16402062
v -0.01349810 0.68148273 -0.16402062
v -0.01083650 0.68038540 -0.16402062
v -0.01083650 0.68038540 -0.16402062
v -0.00798812 0.67998850 -0.16402062
v -0.00798812 0.67998850 -0.16402062
v -0.00516308 0.68038540 -0.16402062
v -0.00516308 0.68038540 -0.16402062
v -0.00516308 0.68038541 -0.15351430
v -0.00516308 0.68038541 -0.15351430
v -0.00250148 0.68148273 -0.15351431
v -0.00250148 0.68148273 -0.15351431
v -0.00021344 0.68321043 -0.15351431
v -0.00021344 0.68321043 -0.15351431
v 0.00153761 0.68549847 -0.15351431
v 0.00153761 0.68549847 -0.15351431
v 0.00263494 0.68816009 -0.15351431
v 0.00263494 0.68816009 -0.15351431
v 0.00300850 0.69100847 -0.15351431
v 0.00300850 0.69100847 -0.15351431
v 0.00263494 0.69385683 -0.15351431
v 0.00263494 0.69385683 -0.15351431
v 0.00153761 0.69649508 -0.15351431
v 0.00153761 0.69649508 -0.15351431
v -0.00021344 0.69878313 -0.15351431
v -0.00021344 0.69878313 -0.15351431
v -0.00250148 0.70053419 -0.15351431
v -0.00250148 0.70053419 -0.15351431
v -0.00516308 0.70163151 -0.15351431
v -0.00516308 0.70163151 -0.15351431
v -0.00798812 0.70200508 -0.15351431
v -0.00798812 0.70200508 -0.15351431
v -0.01083650 0.70163151 -0.15351431
v -0.01083650 0.70163151 -0.15351431
v -0.01349810 0.70053419 -0.15351431
v -0.01349810 0.70053419 -0.15351431
v -0.01578614 0.69878313 -0.15351431
v -0.01578614 0.69878313 -0.15351431
v -0.01751384 0.69649508 -0.15351431
v -0.01751384 0.69649508 -0.15351431
v -0.01863452 0.69385683 -0.15351431
v -0.01863452 0.69385683 -0.15351431
v -0.01900807 0.69100847 -0.15351431
v -0.01900807 0.69100847 -0.15351431
v -0.01863452 0.68816009 -0.15351431
v -0.01863452 0.68816009 -0.15351431
v -0.01751384 0.68549847 -0.15351431
v -0.01751384 0.68549847 -0.15351431
v -0.01578614 0.68321043 -0.15351431
v -0.01578614 0.68321043 -0.15351431
v -0.01349810 0.68148273 -0.15351431
v -0.01349810 0.68148273 -0.15351431
v -0.01083650 0.68038541 -0.15351430
v -0.01083650 0.68038541 -0.15351430
v -0.00798812 0.67998850 -0.15351430
v -0.00798812 0.67998850 -0.15351430
v 0.00450273 0.67650973 -0.15351430
v 0.00450273 0.67650973 -0.15351430
v 0.00450273 0.67650973 -0.15351430
v 0.00501637 0.67657980 -0.15351430
v 0.00501637 0.67657980 -0.15351430
v 0.00550666 0.67676657 -0.15351430
v 0.00550666 0.67676657 -0.15351430
v 0.00590357 0.67709344 -0.15351430
v 0.00590357 0.67709344 -0.15351430
v 0.00623044 0.67749035 -0.15351430
v 0.00623044 0.67749035 -0.15351430
v 0.00644056 0.67798063 -0.15351430
v 0.00644056 0.67798063 -0.15351430
v 0.00651060 0.67849427 -0.15351430
v 0.00651060 0.67849427 -0.15351430
v 0.00651060 0.67849427 -0.15351430
v 0.00651060 0.70349931 -0.15351431
v 0.00651060 0.70349931 -0.15351431
v 0.00651060 0.70349931 -0.15351431
v 0.00644056 0.70401296 -0.15351431
v 0.00644056 0.70401296 -0.15351431
v 0.00623044 0.70450323 -0.15351431
v 0.00623044 0.70450323 -0.15351431
v 0.00590357 0.70492351 -0.15351431
v 0.00590357 0.70492351 -0.15351431
v 0.00550666 0.70522701 -0.15351431
v 0.00550666 0.70522701 -0.15351431
v 0.00501637 0.70543715 -0.15351431
v 0.00501637 0.70543715 -0.15351431
v 0.00450273 0.70550719 -0.15351431
v 0.00450273 0.70550719 -0.15351431
v 0.00450273 0.70550719 -0.15351431
v -0.02050231 0.70550719 -0.15351431
v -0.02050231 0.70550719 -0.15351431
v -0.02050231 0.70550719 -0.15351431
v -0.02101595 0.70543715 -0.15351431
v -0.02101595 0.70543715 -0.15351431
v -0.02150624 0.70522701 -0.15351431
v -0.02150624 0.70522701 -0.15351431
v -0.02190315 0.70492351 -0.15351431
v -0.02190315 0.70492351 -0.15351431
v -0.02223001 0.70450323 -0.15351431
v -0.02223001 0.70450323 -0.15351431
v -0.02244014 0.70401296 -0.15351431
v -0.02244014 0.70401296 -0.15351431
v -0.02251018 0.70349931 -0.15351431
v -0.02251018 0.70349931 -0.15351431
v -0.02251018 0.67849427 -0.15351430
v -0.02251018 0.67849427 -0.15351430
v -0.02251018 0.67849427 -0.15351430
v -0.02244014 0.67798063 -0.15351430
v -0.02244014 0.67798063 -0.15351430
v -0.02223001 0.67749035 -0.15351430
v -0.02223001 0.67749035 -0.15351430
v -0.02190315 0.67709344 -0.15351430
v -0.02190315 0.67709344 -0.15351430
v -0.02150624 0.67676657 -0.15351430
v -0.02150624 0.67676657 -0.15351430
v -0.02101595 0.67657980 -0.15351430
v -0.02101595 0.67657980 -0.15351430
v -0.02050231 0.67650973 -0.15351430
v -0.02050231 0.67650973 -0.15351430
v -0.02050231 0.67650973 -0.15351430
v 0.00450273 0.67650973 -0.15202007
v 0.00450273 0.67650973 -0.15202007
v 0.00501637 0.67657980 -0.15202007
v 0.00550666 0.67676657 -0.15202007
v 0.00590357 0.67709344 -0.15202007
v 0.00623044 0.67749035 -0.15202008
v 0.00644056 0.67798063 -0.15202008
v 0.00651060 0.67849427 -0.15202008
v 0.00651060 0.67849427 -0.15202008
v 0.00651060 0.70349931 -0.15202008
v 0.00651060 0.70349931 -0.15202008
v 0.00644056 0.70401296 -0.15202008
v 0.00623044 0.70450324 -0.15202008
v 0.00590357 0.70492351 -0.15202008
v 0.00550666 0.70522701 -0.15202008
v 0.00501637 0.70543715 -0.15202008
v 0.00450273 0.70550719 -0.15202008
v 0.00450273 0.70550719 -0.15202008
v -0.02050231 0.70550719 -0.15202008
v -0.02050231 0.70550719 -0.15202008
v -0.02101595 0.70543715 -0.15202008
v -0.02150624 0.70522701 -0.15202008
v -0.02190315 0.70492351 -0.15202008
v -0.02223001 0.70450324 -0.15202008
v -0.02244014 0.70401296 -0.15202008
v -0.02251018 0.70349931 -0.15202008
v -0.02251018 0.67849427 -0.15202008
v -0.02244014 0.67798063 -0.15202008
v -0.02223001 0.67749035 -0.15202008
v -0.02190315 0.67709344 -0.15202007
v -0.02150624 0.67676657 -0.15202007
v -0.02101595 0.67657980 -0.15202007
v -0.02050231 0.67650973 -0.15202007
v -0.02050231 0.67650973 -0.15202007
v -0.02050231 0.67650974 -0.15050250
v -0.02050231 0.67650974 -0.15050250
v 0.00450273 0.67650974 -0.15050250
v 0.00450273 0.67650974 -0.15050250
v 0.00501637 0.67657980 -0.15050250
v 0.00550666 0.67676657 -0.15050250
v 0.00590357 0.67709344 -0.15050250
v 0.00623044 0.67749035 -0.15050250
v 0.00644056 0.67798063 -0.15050250
v 0.00651060 0.67849427 -0.15050250
v 0.00651060 0.67849427 -0.15050250
v 0.00651060 0.69100848 -0.15050250
v 0.00651060 0.70349931 -0.15050250
v 0.00651060 0.70349931 -0.15050250
v 0.00644056 0.70401296 -0.15050251
v 0.00623044 0.70450324 -0.15050251
v 0.00590357 0.70492351 -0.15050251
v 0.00550666 0.70522701 -0.15050251
v 0.00501637 0.70543715 -0.15050251
v 0.00450273 0.70550719 -0.15050251
v 0.00450273 0.70550719 -0.15050251
v -0.02050231 0.70550719 -0.15050251
v -0.02050231 0.70550719 -0.15050251
v -0.02101595 0.70543715 -0.15050251
v -0.02150624 0.70522701 -0.15050251
v -0.02190315 0.70492351 -0.15050251
v -0.02223001 0.70450324 -0.15050251
v -0.02244014 0.70401296 -0.15050251
v -0.02251018 0.70349931 -0.15050250
v -0.02251018 0.70349931 -0.15050250
v -0.02251018 0.69100848 -0.15050250
v -0.02251018 0.67849427 -0.15050250
v -0.02244014 0.67798063 -0.15050250
v -0.02223001 0.67749035 -0.15050250
v -0.02190315 0.67709344 -0.15050250
v -0.02150624 0.67676657 -0.15050250
v -0.02101595 0.67657980 -0.15050250
v 0.05750126 0.67401159 -0.15050249
v 0.05750126 0.67401159 -0.15050249
v 0.05750126 0.67401158 -0.15202007
v 0.05750126 0.67401158 -0.15202007
v 0.05733784 0.67270413 -0.15050249
v 0.05733784 0.67270413 -0.15202007
v 0.05682419 0.67149007 -0.15050249
v 0.05682419 0.67149007 -0.15202007
v 0.05603038 0.67046278 -0.15050249
v 0.05603038 0.67046278 -0.15202007
v 0.05500309 0.66966897 -0.15050249
v 0.05500309 0.66966897 -0.15202007
v 0.05378903 0.66917866 -0.15050249
v 0.05378903 0.66917866 -0.15202007
v 0.05250493 0.66899189 -0.15050249
v 0.05250493 0.66899189 -0.15050249
v 0.05250493 0.66899189 -0.15202007
v 0.05250493 0.66899189 -0.15202007
v 0.03249623 0.66899189 -0.15050249
v 0.01087656 0.66899189 -0.15050249
v 0.01087656 0.66899189 -0.15050249
v -0.05248820 0.66899189 -0.15202007
v -0.05248820 0.66899189 -0.15202007
v -0.05248820 0.66899189 -0.15202007
v -0.02475153 0.66899189 -0.15050249
v -0.02475153 0.66899189 -0.15050249
v -0.05248820 0.66899189 -0.15050249
v -0.05248820 0.66899189 -0.15050249
v -0.05379566 0.66917866 -0.15050249
v -0.05379566 0.66917866 -0.15202007
v -0.05500972 0.66966897 -0.15050249
v -0.05500972 0.66966897 -0.15202007
v -0.05603701 0.67046278 -0.15050249
v -0.05603701 0.67046278 -0.15202007
v -0.05683082 0.67149007 -0.15050249
v -0.05683082 0.67149007 -0.15202007
v -0.05732111 0.67270413 -0.15050249
v -0.05732111 0.67270413 -0.15202007
v -0.05750789 0.67401159 -0.15050249
v -0.05750789 0.67401159 -0.15050249
v -0.05750789 0.67401158 -0.15202007
v -0.05750789 0.67401158 -0.15202007
v -0.05750789 0.67786389 -0.15050250
v -0.05750789 0.69100848 -0.15050250
v -0.05750789 0.70800534 -0.15202009
v -0.05750789 0.70800534 -0.15202009
v -0.05750789 0.70412969 -0.15050251
v -0.05750789 0.70800534 -0.15050251
v -0.05750789 0.70800534 -0.15050251
v -0.05732111 0.70928946 -0.15050251
v -0.05732111 0.70928946 -0.15202009
v -0.05683082 0.71050352 -0.15050251
v -0.05683082 0.71050352 -0.15202009
v -0.05603701 0.71153080 -0.15050251
v -0.05603701 0.71153080 -0.15202009
v -0.05500972 0.71232462 -0.15050251
v -0.05500972 0.71232462 -0.15202009
v -0.05379566 0.71283826 -0.15050251
v -0.05379566 0.71283826 -0.15202009
v -0.05248820 0.71300170 -0.15050251
v -0.05248820 0.71300170 -0.15050251
v -0.05248820 0.71300170 -0.15202009
v -0.05248820 0.71300170 -0.15202009
v -0.02475153 0.71300170 -0.15050251
v -0.02475153 0.71300170 -0.15050251
v 0.01087656 0.71300170 -0.15050251
v 0.01087656 0.71300170 -0.15050251
v 0.05250493 0.71300170 -0.15202009
v 0.03249623 0.71300170 -0.15050251
v 0.05250493 0.71300170 -0.15050251
v 0.05378903 0.71283826 -0.15050251
v 0.05378903 0.71283826 -0.15202009
v 0.05500309 0.71232462 -0.15050251
v 0.05500309 0.71232462 -0.15202009
v 0.05603038 0.71153080 -0.15050251
v 0.05603038 0.71153080 -0.15202009
v 0.05682419 0.71050352 -0.15050251
v 0.05682419 0.71050352 -0.15202009
v 0.05733784 0.70928946 -0.15050251
v 0.05733784 0.70928946 -0.15202009
v 0.05750126 0.70800534 -0.15050251
v 0.05750126 0.70800534 -0.15050251
v 0.05750126 0.70800534 -0.15202009
v 0.05750126 0.70800534 -0.15202009
v 0.05750126 0.70412969 -0.15050251
v 0.05750126 0.69100848 -0.15050250
v 0.05750126 0.67786389 -0.15050250
v -0.07599901 0.76000003 0.07085391
v -0.07599901 0.76000003 0.07599033
v -0.07599901 0.76000003 0.07599033
v -0.07100267 0.76000003 0.07587359
v -0.07100267 0.76000003 0.07587359
v 0.07599238 0.76000003 0.07599033
v 0.07599238 0.76000003 0.07599033
v 0.07099605 0.76000003 0.07587359
v 0.07099605 0.76000003 0.07587359
v 0.07599238 0.76000003 0.07085391
v 0.07113613 0.75999998 -0.07600105
v 0.07599238 0.75999998 -0.07114481
v 0.07599238 0.75999998 -0.07600105
v -0.07599901 0.75999998 -0.07114481
v -0.07111941 0.75999998 -0.07600105
v -0.07599901 0.75999998 -0.07600105
v -0.03271174 0.45426231 -0.15100957
v -0.03253098 0.45426342 -0.15100957
v -0.03288696 0.45421684 -0.15100957
v -0.03304665 0.45413144 -0.15100957
v -0.03235465 0.45422238 -0.15100957
v -0.03219385 0.45413921 -0.15100957
v -0.03318084 0.45401057 -0.15100957
v -0.03328175 0.45386085 -0.15100957
v -0.03334497 0.45369118 -0.15100957
v -0.03336493 0.45351153 -0.15100957
v -0.03334164 0.45333298 -0.15100957
v -0.03327621 0.45316442 -0.15100957
v -0.03317197 0.45301582 -0.15100957
v -0.03303556 0.45289716 -0.15100957
v -0.03235243 0.45229055 -0.15100957
v -0.03121906 0.45327199 -0.15100957
v -0.03185007 0.45152757 -0.15100957
v -0.03050045 0.45218187 -0.15100957
v -0.03156173 0.45066035 -0.15100957
v -0.03008901 0.45094314 -0.15100957
v -0.03150851 0.44974877 -0.15100957
v -0.03001139 0.44964120 -0.15100957
v -0.03169259 0.44885383 -0.15100957
v -0.03027532 0.44836256 -0.15100957
v -0.03210181 0.44803652 -0.15100956
v -0.03085975 0.44719480 -0.15100956
v -0.03270841 0.44735339 -0.15100956
v -0.03172697 0.44622002 -0.15100956
v -0.03347139 0.44685102 -0.15100956
v -0.03281710 0.44550140 -0.15100956
v -0.03433861 0.44656269 -0.15100956
v -0.03405582 0.44508997 -0.15100956
v -0.03525019 0.44650946 -0.15100956
v -0.03535776 0.44501234 -0.15100956
v -0.03614513 0.44669354 -0.15100956
v -0.03663640 0.44527627 -0.15100956
v -0.03696245 0.44710276 -0.15100956
v -0.03780416 0.44586070 -0.15100956
v -0.03764557 0.44770936 -0.15100956
v -0.03877895 0.44672792 -0.15100956
v -0.03814794 0.44847234 -0.15100957
v -0.03949756 0.44781805 -0.15100956
v -0.03843627 0.44933957 -0.15100957
v -0.03990899 0.44905677 -0.15100957
v -0.03848951 0.45025114 -0.15100957
v -0.03998662 0.45035871 -0.15100957
v -0.03830542 0.45114609 -0.15100957
v -0.03972268 0.45163736 -0.15100957
v -0.03789620 0.45196340 -0.15100957
v -0.03913826 0.45280511 -0.15100957
v -0.03728959 0.45264653 -0.15100957
v -0.03827104 0.45377990 -0.15100957
v -0.03827104 0.45377990 -0.15100957
v -0.03715984 0.45279291 -0.15100957
v -0.03715984 0.45279291 -0.15100957
v -0.03715984 0.45279291 -0.15100957
v -0.03810802 0.45388858 -0.15100957
v -0.03810802 0.45388858 -0.15100957
v -0.03792171 0.45394958 -0.15100957
v -0.03792171 0.45394958 -0.15100957
v -0.03721307 0.45370449 -0.15100957
v -0.03710550 0.45354036 -0.15100957
v -0.03710550 0.45354036 -0.15100957
v -0.03735946 0.45383424 -0.15100957
v -0.03735946 0.45383424 -0.15100957
v -0.03704451 0.45335516 -0.15100957
v -0.03704451 0.45335516 -0.15100957
v -0.03703231 0.45315999 -0.15100957
v -0.03707223 0.45296813 -0.15100957
v -0.03707223 0.45296813 -0.15100957
v -0.03753468 0.45392185 -0.15100957
v -0.03772653 0.45396177 -0.15100957
v -0.03532670 0.45226060 -0.15100957
v -0.03551190 0.45232381 -0.15100957
v -0.03513153 0.45224619 -0.15100957
v -0.03567382 0.45243361 -0.15100957
v -0.03580246 0.45258221 -0.15100957
v -0.03588785 0.45275853 -0.15100957
v -0.03606085 0.45562634 -0.15100957
v -0.03600651 0.45579935 -0.15100957
v -0.03607194 0.45544669 -0.15100957
v -0.03607194 0.45544669 -0.15100957
v -0.03607194 0.45544669 -0.15100957
v -0.03591336 0.45595349 -0.15100957
v -0.03578471 0.45608102 -0.15100957
v -0.03563057 0.45617529 -0.15100957
v -0.03545757 0.45622852 -0.15100957
v -0.03545757 0.45622852 -0.15100957
v -0.03527680 0.45623850 -0.15100957
v -0.03527680 0.45623850 -0.15100957
v -0.03509936 0.45620634 -0.15100957
v -0.03509936 0.45620634 -0.15100957
v -0.03493413 0.45613204 -0.15100957
v -0.03493413 0.45613204 -0.15100957
v -0.03479218 0.45602003 -0.15100957
v -0.03468128 0.45587697 -0.15100957
v -0.03460698 0.45571284 -0.15100957
v -0.03457482 0.45553430 -0.15100957
v -0.03592444 0.45295039 -0.15100957
v -0.03442733 0.45303911 -0.15100957
v -0.03444174 0.45284392 -0.15100957
v -0.03450496 0.45265872 -0.15100957
v -0.03461474 0.45249682 -0.15100957
v -0.03476335 0.45236817 -0.15100957
v -0.03493967 0.45228278 -0.15100957
v -0.02999254 0.44240070 -0.15100956
v -0.03212953 0.44136381 -0.15100956
v -0.03260306 0.44278773 -0.15100956
v -0.03455042 0.44241290 -0.15100956
v -0.03446281 0.44091578 -0.15100956
v -0.03652994 0.44255596 -0.15100956
v -0.03683159 0.44108657 -0.15100956
v -0.03840411 0.44320582 -0.15100956
v -0.03907615 0.44186507 -0.15100956
v -0.04004651 0.44431812 -0.15100956
v -0.04104348 0.44319695 -0.15100956
v -0.04134512 0.44581856 -0.15100956
v -0.04259826 0.44499349 -0.15100956
v -0.04221123 0.44760401 -0.15100956
v -0.04363515 0.44713048 -0.15100956
v -0.04258606 0.44955138 -0.15100957
v -0.04408318 0.44946377 -0.15100957
v -0.04244300 0.45153090 -0.15100957
v -0.04391240 0.45183254 -0.15100957
v -0.04179315 0.45340506 -0.15100957
v -0.04313390 0.45407711 -0.15100957
v -0.04068084 0.45504746 -0.15100957
v -0.04180202 0.45604443 -0.15100957
v -0.03918040 0.45634607 -0.15100957
v -0.04000548 0.45759921 -0.15100957
v -0.03739494 0.45721218 -0.15100957
v -0.03786848 0.45863610 -0.15100957
v -0.03544758 0.45758702 -0.15100957
v -0.03553519 0.45908414 -0.15100957
v -0.03346806 0.45744396 -0.15100957
v -0.03316642 0.45891335 -0.15100957
v -0.03159390 0.45679410 -0.15100957
v -0.03092185 0.45813485 -0.15100957
v -0.02995150 0.45568179 -0.15100957
v -0.02895453 0.45680297 -0.15100957
v -0.02865289 0.45418135 -0.15100957
v -0.02739975 0.45500643 -0.15100957
v -0.02778678 0.45239590 -0.15100957
v -0.02636286 0.45286943 -0.15100957
v -0.02741195 0.45044854 -0.15100957
v -0.02591483 0.45053614 -0.15100957
v -0.02755501 0.44846902 -0.15100957
v -0.02608561 0.44816737 -0.15100956
v -0.02820487 0.44659485 -0.15100956
v -0.02686411 0.44592280 -0.15100956
v -0.02931717 0.44495246 -0.15100956
v -0.02819599 0.44395549 -0.15100956
v -0.03081761 0.44365384 -0.15100956
v -0.02806508 0.41509237 -0.15050956
v -0.02806508 0.41690547 -0.15050956
v -0.02058122 0.43025297 -0.15050957
v -0.02852800 0.41867999 -0.15050956
v -0.02943455 0.42026163 -0.15050956
v -0.03072686 0.42155394 -0.15050956
v -0.03230850 0.42246049 -0.15050956
v -0.03408302 0.42294270 -0.15050956
v -0.01782300 0.43324265 -0.15050957
v -0.01782300 0.43025297 -0.15050957
v 0.01182310 0.43324265 -0.15050957
v -0.01699360 0.41611465 -0.15050956
v -0.01649211 0.41972156 -0.15050956
v -0.01506477 0.42309701 -0.15050956
v -0.01282733 0.42597096 -0.15050956
v -0.00989551 0.42816983 -0.15050956
v -0.00652006 0.42955859 -0.15050957
v -0.00289386 0.43000222 -0.15050957
v 0.01099371 0.41588319 -0.15050956
v 0.01055008 0.41950939 -0.15050956
v 0.01182310 0.43025297 -0.15050957
v 0.00918061 0.42290412 -0.15050956
v 0.00698174 0.42581666 -0.15050956
v 0.00408850 0.42807339 -0.15050956
v 0.00073234 0.42950072 -0.15050957
v 0.01458133 0.43025297 -0.15050957
v 0.01458133 0.43324265 -0.15050957
v 0.01674161 0.46275373 -0.15050958
v 0.01458133 0.46275373 -0.15050958
v 0.01116730 0.46292732 -0.15050958
v 0.01182310 0.46275373 -0.15050958
v 0.01164951 0.46273444 -0.15050958
v 0.01207385 0.46240654 -0.15050958
v 0.01238246 0.46200149 -0.15050958
v 0.01257535 0.46151928 -0.15050958
v 0.01265250 0.46099849 -0.15050958
v 0.01265250 0.43899056 -0.15050957
v 0.01257535 0.43848906 -0.15050957
v 0.01238246 0.43800685 -0.15050957
v 0.01207385 0.43758251 -0.15050957
v 0.01164951 0.43727390 -0.15050957
v 0.01116730 0.43706172 -0.15050957
v 0.01064652 0.43700386 -0.15050957
v -0.01664641 0.43700386 -0.15050957
v -0.01716720 0.43706172 -0.15050957
v -0.01764940 0.43727390 -0.15050957
v -0.01805446 0.43758251 -0.15050957
v -0.01716720 0.46292732 -0.15050958
v -0.01764940 0.46273444 -0.15050958
v -0.01782300 0.46275373 -0.15050958
v -0.01805446 0.46240654 -0.15050958
v -0.02058122 0.46275373 -0.15050958
v -0.01838236 0.46200149 -0.15050958
v -0.01857524 0.46151928 -0.15050958
v -0.01865239 0.46099849 -0.15050958
v -0.02058122 0.43324265 -0.15050957
v -0.01865239 0.43899056 -0.15050957
v -0.01857524 0.43848906 -0.15050957
v -0.01838236 0.43800685 -0.15050957
v -0.04474945 0.43025297 -0.15050957
v -0.03591541 0.42294270 -0.15050956
v -0.03767064 0.42246049 -0.15050956
v -0.03925228 0.42155394 -0.15050956
v -0.04054460 0.42026163 -0.15050956
v -0.04147044 0.41867999 -0.15050956
v -0.04193335 0.41692476 -0.15050956
v -0.04193335 0.41509237 -0.15050956
v -0.04474945 0.40174487 -0.15050956
v -0.04147044 0.41331785 -0.15050956
v -0.04054460 0.41173621 -0.15050956
v -0.03927157 0.41044389 -0.15050956
v -0.03768993 0.40953734 -0.15050956
v -0.03591541 0.40905513 -0.15050956
v -0.03498957 0.40899727 -0.15050956
v -0.02058122 0.40174487 -0.15050956
v -0.03408302 0.40905513 -0.15050956
v -0.03232779 0.40953734 -0.15050956
v -0.03074615 0.41044389 -0.15050956
v -0.02945383 0.41173621 -0.15050956
v -0.02852800 0.41331785 -0.15050956
v -0.01782300 0.40174487 -0.15050956
v -0.01654997 0.41248845 -0.15050956
v -0.01518050 0.40909371 -0.15050956
v -0.01298163 0.40618118 -0.15050956
v -0.01008839 0.40392445 -0.15050956
v -0.00673223 0.40249712 -0.15050956
v -0.00310603 0.40199562 -0.15050956
v -0.00299030 0.40199562 -0.15050956
v 0.01182310 0.40174487 -0.15050956
v 0.00052017 0.40245854 -0.15050956
v 0.00391490 0.40382801 -0.15050956
v 0.00682743 0.40602687 -0.15050956
v 0.00906488 0.40890083 -0.15050956
v 0.01049221 0.41227628 -0.15050956
v 0.01458133 0.40174487 -0.15050956
v 0.01749386 0.40176416 -0.15050956
v 0.01674161 0.40174487 -0.15050956
v 0.01708880 0.40209206 -0.15050956
v 0.01676090 0.40249712 -0.15050956
v 0.01656802 0.40297933 -0.15050956
v 0.01651016 0.40350011 -0.15050956
v 0.01651016 0.42849773 -0.15050956
v 0.01656802 0.42901851 -0.15050956
v 0.01676090 0.42950072 -0.15050957
v 0.01674161 0.43025297 -0.15050957
v 0.01708880 0.42990577 -0.15050957
v 0.01749386 0.43023367 -0.15050957
v 0.01797606 0.43042656 -0.15050957
v 0.04349447 0.43050371 -0.15050957
v 0.01849685 0.43050371 -0.15050957
v 0.01674161 0.43324265 -0.15050957
v 0.03064847 0.43600087 -0.15050957
v 0.02704156 0.43657952 -0.15050957
v 0.02370469 0.43804543 -0.15050957
v 0.02085002 0.44034074 -0.15050957
v 0.01870902 0.44331114 -0.15050957
v 0.01739741 0.44670588 -0.15050957
v 0.01701165 0.45035135 -0.15050957
v 0.01757101 0.45395827 -0.15050957
v 0.01905621 0.45729515 -0.15050957
v 0.02135151 0.46014981 -0.15050958
v 0.02430262 0.46229081 -0.15050958
v 0.02771665 0.46360241 -0.15050958
v 0.01674161 0.46350597 -0.15050958
v 0.01458133 0.46350597 -0.15050958
v 0.01182310 0.46350597 -0.15050958
v 0.01064652 0.46300448 -0.15050958
v -0.01782300 0.46350597 -0.15050958
v -0.01664641 0.46300448 -0.15050958
v -0.02058122 0.46350597 -0.15050958
v -0.04474945 0.46350597 -0.15050958
v -0.04474945 0.46275373 -0.15050958
v -0.04434439 0.45829813 -0.15050957
v -0.04187549 0.46043913 -0.15050958
v -0.03894367 0.46186647 -0.15050958
v -0.03574181 0.46248369 -0.15050958
v -0.03248210 0.46225223 -0.15050958
v -0.02939597 0.46117209 -0.15050958
v -0.02669561 0.45933971 -0.15050958
v -0.02455461 0.45687080 -0.15050957
v -0.02312728 0.45393898 -0.15050957
v -0.02252934 0.45073712 -0.15050957
v -0.02276080 0.44747741 -0.15050957
v -0.02382165 0.44439128 -0.15050957
v -0.02565404 0.44169092 -0.15050957
v -0.02812294 0.43956920 -0.15050957
v -0.03105476 0.43814187 -0.15050957
v -0.03425661 0.43752464 -0.15050957
v -0.04685187 0.44605008 -0.15050957
v -0.04544383 0.44311825 -0.15050957
v -0.04474945 0.43324265 -0.15050957
v -0.04330282 0.44064935 -0.15050957
v -0.04060246 0.43881696 -0.15050957
v -0.03751634 0.43775610 -0.15050957
v -0.05150035 0.43025297 -0.15050957
v -0.05150035 0.40199562 -0.15050956
v -0.05132675 0.40070331 -0.15050956
v -0.05082526 0.39950743 -0.15050955
v -0.05003443 0.39846587 -0.15050955
v -0.04899287 0.39767505 -0.15050955
v -0.04779699 0.39717355 -0.15050955
v -0.04650468 0.39699996 -0.15050955
v -0.04474945 0.39699996 -0.15050955
v -0.02058122 0.39699996 -0.15050955
v -0.01782300 0.39699996 -0.15050955
v 0.01182310 0.39699996 -0.15050955
v 0.01458133 0.39699996 -0.15050955
v 0.01674161 0.39699996 -0.15050955
v 0.01797606 0.40157128 -0.15050956
v 0.01849685 0.40149413 -0.15050956
v 0.04650344 0.39699996 -0.15050955
v 0.04349447 0.40149413 -0.15050956
v 0.04401525 0.40157128 -0.15050956
v 0.04779575 0.39717355 -0.15050955
v 0.04449746 0.40176416 -0.15050956
v 0.04899163 0.39767505 -0.15050955
v 0.05003320 0.39846587 -0.15050955
v 0.05082402 0.39950743 -0.15050955
v 0.05132551 0.40070331 -0.15050956
v 0.05149911 0.40199562 -0.15050956
v 0.04492180 0.40209206 -0.15050956
v 0.04523041 0.40249712 -0.15050956
v 0.04542330 0.40297933 -0.15050956
v 0.04550045 0.40350011 -0.15050956
v 0.05149911 0.43025297 -0.15050957
v 0.04550045 0.42849773 -0.15050956
v 0.04542330 0.42901851 -0.15050956
v 0.04523041 0.42950072 -0.15050957
v 0.04492180 0.42990577 -0.15050957
v 0.04449746 0.43023367 -0.15050957
v 0.05149911 0.43324265 -0.15050957
v 0.04401525 0.43042656 -0.15050957
v 0.03429395 0.43638664 -0.15050957
v 0.03768869 0.43769824 -0.15050957
v 0.04065909 0.43985853 -0.15050957
v 0.04295440 0.44269391 -0.15050957
v 0.04442031 0.44605008 -0.15050957
v 0.04499895 0.44965698 -0.15050957
v 0.05149911 0.46275373 -0.15050958
v 0.04461319 0.45328317 -0.15050957
v 0.04330159 0.45669721 -0.15050957
v 0.04114130 0.45964831 -0.15050958
v 0.03830592 0.46194362 -0.15050958
v 0.03494976 0.46342882 -0.15050958
v 0.05149911 0.46350597 -0.15050958
v 0.05149911 0.46400746 -0.15050958
v 0.05132551 0.46529978 -0.15050958
v 0.05082402 0.46649566 -0.15050958
v 0.05003320 0.46753722 -0.15050958
v 0.04899163 0.46832804 -0.15050958
v 0.04779575 0.46882954 -0.15050958
v 0.04650344 0.46900314 -0.15050958
v 0.03134285 0.46398818 -0.15050958
v 0.01674161 0.46900314 -0.15050958
v 0.01458133 0.46900314 -0.15050958
v 0.01182310 0.46900314 -0.15050958
v -0.01782300 0.46900314 -0.15050958
v -0.02058122 0.46900314 -0.15050958
v -0.04474945 0.46900314 -0.15050958
v -0.04650468 0.46900314 -0.15050958
v -0.04779699 0.46882954 -0.15050958
v -0.04899287 0.46832804 -0.15050958
v -0.05003443 0.46753722 -0.15050958
v -0.05082526 0.46649566 -0.15050958
v -0.05132675 0.46529978 -0.15050958
v -0.05150035 0.46400746 -0.15050958
v -0.05150035 0.46350597 -0.15050958
v -0.05150035 0.46275373 -0.15050958
v -0.04617678 0.45559777 -0.15050957
v -0.04723763 0.45251165 -0.15050957
v -0.04746909 0.44927121 -0.15050957
v -0.05150035 0.43324265 -0.15050957
v -0.04457585 0.67747095 -0.15050965
v -0.05624526 0.67787599 -0.15050965
v -0.04795130 0.67885968 -0.15050965
v -0.05086383 0.68105855 -0.15050965
v -0.05310127 0.68395179 -0.15050965
v -0.05450932 0.68732726 -0.15050965
v -0.05499152 0.69095346 -0.15050965
v -0.05624526 0.69099202 -0.15050965
v -0.05452861 0.69457966 -0.15050965
v -0.05624526 0.70412734 -0.15050966
v -0.05313985 0.69795510 -0.15050966
v -0.05094098 0.70086762 -0.15050966
v -0.04804774 0.70310506 -0.15050966
v -0.04467229 0.70451310 -0.15050966
v -0.05624526 0.70925805 -0.15050966
v -0.04104609 0.70499533 -0.15050966
v -0.02474749 0.70925805 -0.15050966
v -0.03741990 0.70453241 -0.15050966
v -0.02474749 0.70412734 -0.15050966
v -0.03404444 0.70314365 -0.15050966
v -0.03113192 0.70092550 -0.15050966
v -0.02889447 0.69805154 -0.15050966
v -0.02748643 0.69467610 -0.15050965
v -0.02700422 0.69104990 -0.15050965
v -0.02474749 0.69099202 -0.15050965
v -0.02746714 0.68742370 -0.15050965
v -0.03732345 0.67749023 -0.15050965
v -0.03394800 0.67889827 -0.15050965
v -0.02474749 0.67787599 -0.15050965
v -0.03107405 0.68113571 -0.15050965
v -0.02885590 0.68404823 -0.15050965
v -0.02224001 0.67750951 -0.15050965
v -0.02243290 0.67799172 -0.15050965
v -0.02249076 0.67849323 -0.15050965
v -0.02249076 0.69099202 -0.15050965
v -0.02249076 0.70349082 -0.15050966
v -0.02243290 0.70401162 -0.15050966
v -0.02224001 0.70449382 -0.15050966
v -0.02191211 0.70491817 -0.15050966
v -0.02150706 0.70522678 -0.15050966
v -0.02102485 0.70543894 -0.15050966
v -0.02050407 0.70549682 -0.15050966
v 0.00449355 0.70549682 -0.15050966
v 0.02474625 0.68825310 -0.15050965
v 0.01525642 0.68825310 -0.15050965
v 0.01087798 0.69099202 -0.15050965
v 0.01525642 0.69375026 -0.15050965
v 0.01525642 0.70325938 -0.15050966
v 0.02474625 0.70325938 -0.15050966
v 0.01087798 0.70412734 -0.15050966
v 0.00644167 0.70401162 -0.15050966
v 0.00649953 0.70349082 -0.15050966
v 0.00649953 0.69099202 -0.15050965
v 0.00649953 0.67849323 -0.15050965
v 0.00622950 0.67750951 -0.15050965
v 0.00644167 0.67799172 -0.15050965
v 0.01087798 0.67787599 -0.15050965
v 0.01525642 0.67874396 -0.15050965
v 0.02474625 0.67874396 -0.15050965
v 0.03250014 0.67787599 -0.15050965
v 0.04974387 0.67874396 -0.15050965
v 0.04025404 0.67874396 -0.15050965
v 0.04025404 0.68825310 -0.15050965
v 0.04974387 0.68825310 -0.15050965
v 0.03250014 0.69099202 -0.15050965
v 0.02474625 0.69375026 -0.15050965
v 0.04025404 0.69375026 -0.15050965
v 0.04025404 0.70325938 -0.15050966
v 0.04974387 0.70325938 -0.15050966
v 0.03250014 0.70412734 -0.15050966
v 0.03250014 0.70925805 -0.15050966
v 0.01087798 0.70925805 -0.15050966
v 0.00622950 0.70449382 -0.15050966
v 0.00592088 0.70491817 -0.15050966
v 0.00549654 0.70522678 -0.15050966
v 0.00501433 0.70543894 -0.15050966
v 0.01087798 0.71299997 -0.15050966
v -0.02474749 0.71299997 -0.15050966
v -0.05250334 0.71299997 -0.15050966
v -0.05379565 0.71282637 -0.15050966
v -0.05499152 0.71232488 -0.15050966
v -0.05603309 0.71153405 -0.15050966
v -0.05682391 0.71049249 -0.15050966
v -0.05732541 0.70929661 -0.15050966
v -0.05749900 0.70800429 -0.15050966
v -0.05749900 0.70412734 -0.15050966
v -0.05749900 0.69099202 -0.15050965
v -0.05749900 0.67787599 -0.15050965
v -0.05749900 0.67399904 -0.15050965
v -0.05732541 0.67270672 -0.15050965
v -0.05682391 0.67149156 -0.15050965
v -0.05603309 0.67046928 -0.15050965
v -0.05499152 0.66967848 -0.15050965
v -0.05379565 0.66917696 -0.15050965
v -0.05250334 0.66900336 -0.15050965
v -0.04094965 0.67700803 -0.15050965
v -0.02474749 0.66900336 -0.15050965
v -0.02191211 0.67708516 -0.15050965
v -0.02150706 0.67677656 -0.15050965
v -0.02102485 0.67656439 -0.15050965
v -0.02050407 0.67650652 -0.15050965
v 0.01087798 0.66900336 -0.15050965
v 0.00449355 0.67650652 -0.15050965
v 0.00501433 0.67656439 -0.15050965
v 0.00549654 0.67677656 -0.15050965
v 0.00592088 0.67708516 -0.15050965
v 0.03250014 0.66900336 -0.15050965
v 0.05250210 0.66900336 -0.15050965
v 0.05500958 0.66967848 -0.15050965
v 0.05379442 0.66917696 -0.15050965
v 0.05379442 0.66917696 -0.15050965
v 0.05603186 0.67046928 -0.15050965
v 0.05603186 0.67046928 -0.15050965
v 0.05682268 0.67149156 -0.15050965
v 0.05732417 0.67270672 -0.15050965
v 0.05749777 0.67399904 -0.15050965
v 0.05749777 0.67787599 -0.15050965
v 0.05749777 0.69099202 -0.15050965
v 0.04974387 0.69375026 -0.15050965
v 0.05749777 0.70412734 -0.15050966
v 0.05749777 0.70800429 -0.15050966
v 0.05732417 0.70929661 -0.15050966
v 0.05500958 0.71232488 -0.15050966
v 0.05603186 0.71153405 -0.15050966
v 0.05379442 0.71282637 -0.15050966
v 0.05250210 0.71299997 -0.15050966
v 0.05682268 0.71049249 -0.15050966
v 0.03250014 0.71299997 -0.15050966
v 0.05149911 0.40199562 -0.15050956
v 0.04550045 0.40350011 -0.15050956
v 0.05149911 0.43025297 -0.15050957
v -0.07599901 0.76000006 0.07599033
v -0.07599901 0.76000006 0.07599033
v -0.07599901 0.76000006 0.07087649
v -0.07599901 0.74998905 0.07599033
v -0.07599901 0.74998905 0.07599033
v -0.07599901 0.74998905 0.07599033
v -0.07599901 0.74998900 -0.07599466
v -0.07599901 0.74998900 -0.07599466
v -0.07599901 0.74998900 -0.07599466
v -0.07599901 0.76000001 -0.07114085
v -0.07599901 0.76000001 -0.07599466
v -0.07599901 0.76000001 -0.07599466
v -0.07114519 0.76000001 -0.07599466
v 0.07598598 0.74998900 -0.07599466
v 0.07598598 0.74998900 -0.07599466
v 0.07598598 0.74998900 -0.07599466
v 0.07113217 0.76000001 -0.07599466
v 0.07598598 0.76000001 -0.07599466
v 0.07598598 0.76000001 -0.07599466
v 0.07598598 0.76000001 -0.07114085
v 0.07598598 0.74998905 0.07599033
v 0.07598598 0.74998905 0.07599033
v 0.07598598 0.74998905 0.07599033
v 0.07598598 0.76000006 0.07087649
v 0.07598598 0.76000006 0.07599033
v 0.07598598 0.76000006 0.07599033
v -0.05198997 0.74998904 0.05198130
v -0.05198997 0.74998904 0.05198130
v -0.05198997 0.74998904 0.05198130
v -0.05198997 0.74998900 -0.05202896
v -0.05198997 0.74998900 -0.05202896
v -0.05198997 0.74998900 -0.05202896
v 0.05202028 0.74998900 -0.05202896
v 0.05202028 0.74998900 -0.05202896
v 0.05202028 0.74998900 -0.05202896
v 0.05202028 0.74998904 0.05198130
v 0.05202028 0.74998904 0.05198130
v 0.05202028 0.74998904 0.05198130
v 0.05202028 0.05000002 0.05198153
v 0.05202028 0.05000002 0.05198153
v 0.05202028 0.05000002 0.05198153
v -0.05198997 0.05000002 0.05198153
v -0.05198997 0.05000002 0.05198153
v -0.05198997 0.05000002 0.05198153
v -0.05198997 0.04999998 -0.05202872
v -0.05198997 0.04999998 -0.05202872
v -0.05198997 0.04999998 -0.05202872
v 0.05202028 0.04999998 -0.05202872
v 0.05202028 0.04999998 -0.05202872
v 0.05202028 0.04999998 -0.05202872
v 0.05202028 0.37750229 -0.05202883
v 0.05202028 0.37750229 -0.05202883
v -0.05198997 0.37750229 -0.05202883
v -0.05198997 0.37750229 -0.05202883
v -0.05198997 0.38001588 -0.05202883
v -0.05198997 0.73001042 -0.05202895
v -0.05198997 0.73248062 -0.05202895
v -0.05198997 0.73248062 -0.05202895
v 0.05202028 0.73248062 -0.05202895
v 0.05202028 0.73248062 -0.05202895
v 0.05202028 0.73001042 -0.05202895
v 0.05202028 0.38001588 -0.05202883
v -0.08392365 0.38400063 -0.05200955
v -0.08264519 0.38235380 -0.05200955
v -0.08472540 0.38592916 -0.05200955
v -0.08099837 0.38107534 -0.05200955
v -0.08392365 0.72599936 -0.05200966
v -0.08472540 0.72407082 -0.05200966
v -0.08264519 0.72764617 -0.05200966
v -0.07906985 0.72972637 -0.05200966
v -0.08099837 0.72892463 -0.05200966
v -0.08500709 0.72199062 -0.05200966
v -0.08500709 0.38800936 -0.05200955
v -0.08749901 0.72251067 -0.05200966
v -0.08749901 0.72251067 -0.05200966
v -0.08715231 0.72508925 -0.05200966
v -0.08715231 0.72508925 -0.05200966
v -0.08615554 0.72749448 -0.05200966
v -0.08615554 0.72749448 -0.05200966
v -0.08457372 0.72957471 -0.05200966
v -0.08457372 0.72957471 -0.05200966
v -0.08249351 0.73115653 -0.05200966
v -0.08249351 0.73115653 -0.05200966
v -0.08008828 0.73215330 -0.05200966
v -0.08008828 0.73215330 -0.05200966
v -0.07750969 0.73249999 -0.05200966
v -0.07750969 0.73249999 -0.05200966
v -0.07698964 0.73000807 -0.05200966
v -0.07698964 0.37999190 -0.05200955
v -0.07906985 0.38027360 -0.05200955
v -0.08249351 0.37884346 -0.05200954
v -0.08249351 0.37884346 -0.05200954
v -0.08457372 0.38042528 -0.05200955
v -0.08457372 0.38042528 -0.05200955
v -0.08615554 0.38250548 -0.05200955
v -0.08615554 0.38250548 -0.05200955
v -0.08715231 0.38491072 -0.05200955
v -0.08715231 0.38491072 -0.05200955
v -0.08749901 0.38748931 -0.05200955
v -0.08749901 0.38748931 -0.05200955
v -0.08749901 0.38748931 -0.05200955
v -0.08749901 0.72251064 -0.13701637
v -0.08715231 0.72508922 -0.13701637
v -0.08615554 0.72749445 -0.13701637
v -0.08457372 0.72957468 -0.13701637
v -0.08249351 0.73115650 -0.13701637
v -0.08008828 0.73215327 -0.13701638
v -0.07750969 0.73249996 -0.13701638
v -0.05200551 0.73249999 -0.05200966
v -0.05200551 0.73249999 -0.05200966
v -0.05200551 0.73000807 -0.05200966
v -0.05200551 0.37999190 -0.05200955
v -0.05200551 0.37749999 -0.05200954
v -0.05200551 0.37749999 -0.05200954
v -0.07750969 0.37749999 -0.05200954
v -0.07750969 0.37749999 -0.05200954
v -0.07750969 0.37749999 -0.05200954
v -0.08008828 0.37784669 -0.05200954
v -0.08008828 0.37784669 -0.05200954
v -0.08008828 0.37784666 -0.13701626
v -0.08249351 0.37884343 -0.13701626
v -0.08457372 0.38042525 -0.13701626
v -0.08615554 0.38250546 -0.13701626
v -0.08715231 0.38491069 -0.13701626
v -0.08749901 0.38748928 -0.13701626
v -0.08741233 0.72246730 -0.13864153
v -0.08704396 0.72502422 -0.13887989
v -0.08604719 0.72740778 -0.13903157
v -0.08446538 0.72946632 -0.13909658
v -0.08240684 0.73104814 -0.13903157
v -0.08002327 0.73204491 -0.13887989
v -0.07746635 0.73241329 -0.13864153
v 0.07746558 0.73241329 -0.13864153
v 0.07750893 0.73249996 -0.13701638
v 0.05200474 0.73249999 -0.05200966
v 0.07750893 0.73249999 -0.05200966
v 0.08008751 0.73215330 -0.05200966
v 0.08008751 0.73215327 -0.13701638
v 0.08249274 0.73115653 -0.05200966
v 0.08249274 0.73115650 -0.13701637
v 0.08457296 0.72957471 -0.05200966
v 0.08457296 0.72957468 -0.13701637
v 0.08615477 0.72749448 -0.05200966
v 0.08615477 0.72749445 -0.13701637
v 0.08715154 0.72508925 -0.05200966
v 0.08715154 0.72508922 -0.13701637
v 0.08749823 0.72251067 -0.05200966
v 0.08749823 0.72251064 -0.13701637
v 0.08749823 0.38748928 -0.13701626
v 0.08715154 0.38491069 -0.13701626
v 0.08615477 0.38250546 -0.13701626
v 0.08457296 0.38042525 -0.13701626
v 0.08249274 0.37884343 -0.13701626
v 0.08008751 0.37784666 -0.13701626
v 0.07750893 0.37749996 -0.13701626
v 0.05200474 0.37749999 -0.05200954
v -0.07750969 0.37749996 -0.13701626
v -0.07750969 0.37749996 -0.13701626
v -0.07733634 0.37802001 -0.14089497
v -0.07746635 0.37758664 -0.13864141
v -0.08002327 0.37795501 -0.13887977
v -0.08240684 0.37895177 -0.13903145
v -0.08446538 0.38053359 -0.13909646
v -0.08604719 0.38259213 -0.13903145
v -0.08704396 0.38497570 -0.13887977
v -0.08741233 0.38753262 -0.13864142
v -0.08682728 0.38772763 -0.14148003
v -0.08697896 0.38766263 -0.14089497
v -0.08697896 0.72233728 -0.14089508
v -0.08682728 0.72227228 -0.14148014
v -0.08632889 0.72461250 -0.14206520
v -0.08526712 0.72682273 -0.14241190
v -0.08375031 0.72875124 -0.14254192
v -0.08182178 0.73026806 -0.14241191
v -0.07961156 0.73132983 -0.14206520
v -0.07733634 0.73197991 -0.14089509
v -0.07727133 0.73182821 -0.14148014
v -0.07683796 0.73052809 -0.14442710
v 0.07733557 0.73197991 -0.14089509
v 0.08002250 0.73204491 -0.13887989
v 0.08240607 0.73104814 -0.13903157
v 0.08446461 0.72946632 -0.13909658
v 0.08604643 0.72740778 -0.13903157
v 0.08704320 0.72502422 -0.13887989
v 0.08741157 0.72246730 -0.13864153
v 0.08741157 0.38753262 -0.13864142
v 0.08699986 0.72233728 -0.14089508
v 0.08699986 0.38766263 -0.14089497
v 0.08704320 0.38497570 -0.13887977
v 0.08604643 0.38259213 -0.13903145
v 0.08446461 0.38053359 -0.13909646
v 0.08240607 0.37895177 -0.13903145
v 0.08002250 0.37795501 -0.13887977
v 0.07746558 0.37758664 -0.13864141
v 0.07733557 0.37802001 -0.14089497
v -0.07727133 0.37817169 -0.14148003
v -0.07961156 0.37867008 -0.14206508
v -0.08182178 0.37973185 -0.14241179
v -0.08375031 0.38124866 -0.14254180
v -0.08526712 0.38317719 -0.14241179
v -0.08632889 0.38538741 -0.14206508
v -0.08552714 0.38816101 -0.14442699
v -0.08552714 0.72183889 -0.14442710
v -0.08548381 0.72183889 -0.14451377
v -0.08485541 0.72381076 -0.14514217
v -0.08377197 0.72567427 -0.14559721
v -0.08236350 0.72736445 -0.14574890
v -0.08067334 0.72877291 -0.14559722
v -0.07880982 0.72985637 -0.14514217
v -0.07683796 0.73048475 -0.14451377
v -0.07610121 0.72827452 -0.14743907
v 0.07683718 0.73048475 -0.14451377
v 0.07683718 0.73052809 -0.14442710
v 0.07727057 0.73182821 -0.14148014
v 0.07961079 0.73132983 -0.14206520
v 0.08182101 0.73026806 -0.14241191
v 0.08374953 0.72875124 -0.14254192
v 0.08526635 0.72682273 -0.14241190
v 0.08632812 0.72461250 -0.14206520
v 0.08682650 0.72227228 -0.14148014
v 0.08554804 0.72183889 -0.14442710
v 0.08554804 0.38816101 -0.14442699
v 0.08682650 0.38772763 -0.14148003
v 0.08632812 0.38538741 -0.14206508
v 0.08526635 0.38317719 -0.14241179
v 0.08374953 0.38124866 -0.14254180
v 0.08182101 0.37973185 -0.14241179
v 0.07961079 0.37867008 -0.14206508
v 0.07727057 0.37817169 -0.14148003
v 0.07683718 0.37947182 -0.14442698
v -0.07683796 0.37947182 -0.14442698
v -0.07683796 0.37951516 -0.14451366
v -0.07880982 0.38014355 -0.14514205
v -0.08067334 0.38122699 -0.14559710
v -0.08236350 0.38263547 -0.14574878
v -0.08377197 0.38432563 -0.14559710
v -0.08485541 0.38618915 -0.14514206
v -0.08548381 0.38816101 -0.14451366
v -0.08327359 0.38889775 -0.14743895
v -0.08327359 0.72110218 -0.14743906
v -0.08310024 0.72103715 -0.14761242
v -0.08247185 0.72255397 -0.14804579
v -0.08145341 0.72396245 -0.14843583
v -0.08026163 0.72526258 -0.14856584
v -0.07896150 0.72645435 -0.14843583
v -0.07755303 0.72747278 -0.14804579
v -0.07603621 0.72810119 -0.14761242
v 0.07603544 0.72810119 -0.14761242
v 0.07610045 0.72827452 -0.14743907
v 0.07880905 0.72985637 -0.14514217
v 0.08067256 0.72877291 -0.14559722
v 0.08236273 0.72736445 -0.14574890
v 0.08377120 0.72567427 -0.14559721
v 0.08485465 0.72381076 -0.14514217
v 0.08548304 0.72183889 -0.14451377
v 0.08548304 0.38816101 -0.14451366
v 0.08329450 0.72110218 -0.14743906
v 0.08329450 0.38889775 -0.14743895
v 0.08485465 0.38618915 -0.14514206
v 0.08377120 0.38432563 -0.14559710
v 0.08236273 0.38263547 -0.14574878
v 0.08067256 0.38122699 -0.14559710
v 0.07880905 0.38014355 -0.14514205
v 0.07683718 0.37951516 -0.14451366
v 0.07610045 0.38172537 -0.14743895
v -0.07610121 0.38172537 -0.14743895
v -0.07755303 0.38252712 -0.14804567
v -0.07896150 0.38354555 -0.14843571
v -0.08026163 0.38473734 -0.14856572
v -0.08145341 0.38603747 -0.14843571
v -0.08247185 0.38744594 -0.14804567
v -0.08310024 0.38896276 -0.14761230
v -0.08175678 0.72058213 -0.14880420
v -0.08000160 0.71999705 -0.14999598
v -0.08095503 0.72177389 -0.14930258
v -0.08004494 0.72292235 -0.14958427
v -0.07902651 0.72402745 -0.14969262
v -0.07792140 0.72504589 -0.14958427
v -0.07677295 0.72595596 -0.14930258
v -0.07558116 0.72675773 -0.14880420
v -0.07499611 0.72500255 -0.14999598
v 0.07558040 0.72675773 -0.14880420
v 0.07755226 0.72747278 -0.14804579
v 0.07896073 0.72645435 -0.14843583
v 0.08026086 0.72526258 -0.14856584
v 0.08145264 0.72396245 -0.14843583
v 0.08247107 0.72255397 -0.14804579
v 0.08309947 0.72103715 -0.14761242
v 0.08309947 0.38896276 -0.14761230
v 0.08175601 0.38941780 -0.14880408
v 0.08247107 0.38744594 -0.14804567
v 0.08145264 0.38603747 -0.14843571
v 0.08026086 0.38473734 -0.14856572
v 0.07896073 0.38354555 -0.14843571
v 0.07755226 0.38252712 -0.14804567
v 0.07603544 0.38189873 -0.14761230
v -0.07603621 0.38189873 -0.14761230
v -0.07558116 0.38324219 -0.14880408
v -0.07499611 0.38499736 -0.14999587
v -0.07677295 0.38404394 -0.14930247
v -0.07792140 0.38495403 -0.14958416
v -0.07902651 0.38597246 -0.14969250
v -0.08004494 0.38707757 -0.14958416
v -0.08095503 0.38822602 -0.14930247
v -0.08175678 0.38941780 -0.14880408
v -0.08000160 0.39000286 -0.14999587
v -0.07770471 0.71923864 -0.15107942
v -0.07989326 0.39002453 -0.15006088
v -0.07989326 0.71997538 -0.15006099
v -0.07919986 0.72086382 -0.15038602
v -0.07841978 0.72175222 -0.15058104
v -0.07759637 0.72259730 -0.15064605
v -0.07675128 0.72342074 -0.15058104
v -0.07586286 0.72420081 -0.15038602
v -0.07497444 0.72489419 -0.15006099
v 0.07499534 0.72500255 -0.14999598
v 0.07677218 0.72595596 -0.14930258
v 0.07792063 0.72504589 -0.14958427
v 0.07902573 0.72402745 -0.14969262
v 0.08004417 0.72292235 -0.14958427
v 0.08095425 0.72177389 -0.14930258
v 0.08175601 0.72058213 -0.14880420
v 0.08000083 0.71999705 -0.14999598
v 0.07989249 0.71997538 -0.15006099
v 0.08000083 0.39000286 -0.14999587
v 0.08095425 0.38822602 -0.14930247
v 0.08004417 0.38707757 -0.14958416
v 0.07902573 0.38597246 -0.14969250
v 0.07792063 0.38495403 -0.14958416
v 0.07677218 0.38404394 -0.14930247
v 0.07558040 0.38324219 -0.14880408
v 0.07499534 0.38499736 -0.14999587
v 0.07497367 0.38510571 -0.15006088
v -0.07423770 0.38729426 -0.15107931
v -0.07497444 0.38510571 -0.15006088
v -0.07586286 0.38579911 -0.15038591
v -0.07675128 0.38657919 -0.15058093
v -0.07759637 0.38740260 -0.15064593
v -0.07841978 0.38824768 -0.15058093
v -0.07919986 0.38913610 -0.15038591
v -0.07770471 0.39076126 -0.15107931
v -0.07638291 0.71878361 -0.15149113
v -0.07716299 0.71984538 -0.15125277
v -0.07659960 0.72043043 -0.15133945
v -0.07601454 0.72101548 -0.15138278
v -0.07542948 0.72160053 -0.15133945
v -0.07484443 0.72216394 -0.15125277
v -0.07378265 0.72138387 -0.15149113
v -0.07423770 0.72270566 -0.15107942
v 0.07423693 0.72270566 -0.15107942
v 0.07497367 0.72489419 -0.15006099
v 0.07586209 0.72420081 -0.15038602
v 0.07675052 0.72342074 -0.15058104
v 0.07759559 0.72259730 -0.15064605
v 0.07841901 0.72175222 -0.15058104
v 0.07919909 0.72086382 -0.15038602
v 0.07770394 0.71923864 -0.15107942
v 0.07770394 0.39076126 -0.15107931
v 0.07989249 0.39002453 -0.15006088
v 0.07919909 0.38913610 -0.15038591
v 0.07841901 0.38824768 -0.15058093
v 0.07759559 0.38740260 -0.15064593
v 0.07675052 0.38657919 -0.15058093
v 0.07586209 0.38579911 -0.15038591
v 0.07423693 0.38729426 -0.15107931
v -0.07378265 0.38861605 -0.15149102
v -0.07484443 0.38783598 -0.15125266
v -0.07542948 0.38839937 -0.15133934
v -0.07601454 0.38898442 -0.15138267
v -0.07659960 0.38956948 -0.15133934
v -0.07716299 0.39015454 -0.15125266
v -0.07638291 0.39121631 -0.15149102
v -0.07519113 0.71839356 -0.15177282
v -0.07490943 0.71869692 -0.15181616
v -0.07460607 0.71900028 -0.15183783
v -0.07430270 0.71930366 -0.15183783
v -0.07399935 0.71960702 -0.15183783
v -0.07369598 0.71991038 -0.15181616
v -0.07339261 0.72019207 -0.15177282
v 0.07380356 0.72138387 -0.15149113
v 0.07484366 0.72216394 -0.15125277
v 0.07542871 0.72160053 -0.15133945
v 0.07601377 0.72101548 -0.15138278
v 0.07659884 0.72043043 -0.15133945
v 0.07716222 0.71984538 -0.15125277
v 0.07638215 0.71878361 -0.15149113
v 0.07638215 0.39121631 -0.15149102
v 0.07716222 0.39015454 -0.15125266
v 0.07659884 0.38956948 -0.15133934
v 0.07601377 0.38898442 -0.15138267
v 0.07542871 0.38839937 -0.15133934
v 0.07484366 0.38783598 -0.15125266
v 0.07380356 0.38861605 -0.15149102
v -0.07339261 0.38980784 -0.15177271
v -0.07369598 0.39008953 -0.15181605
v -0.07399935 0.39039290 -0.15183771
v -0.07430270 0.39069626 -0.15183771
v -0.07460607 0.39099962 -0.15183771
v -0.07490943 0.39130298 -0.15181605
v -0.07519113 0.39160635 -0.15177271
v -0.07250419 0.71750515 -0.15201118
v -0.07250419 0.71750515 -0.15201118
v 0.07339185 0.72019207 -0.15177282
v 0.07369521 0.71991038 -0.15181616
v 0.07399857 0.71960702 -0.15183783
v 0.07430194 0.71930366 -0.15183783
v 0.07460530 0.71900028 -0.15183783
v 0.07490866 0.71869692 -0.15181616
v 0.07521203 0.71839356 -0.15177282
v 0.07521203 0.39160635 -0.15177271
v 0.07490866 0.39130298 -0.15181605
v 0.07460530 0.39099962 -0.15183771
v 0.07430194 0.39069626 -0.15183771
v 0.07399857 0.39039290 -0.15183771
v 0.07369521 0.39008953 -0.15181605
v 0.07339185 0.38980784 -0.15177271
v -0.07250419 0.39249477 -0.15201107
v -0.07250419 0.39249477 -0.15201107
v -0.05499581 0.66966042 -0.15201116
v -0.05603591 0.67046216 -0.15201116
v -0.05683765 0.67150226 -0.15201116
v -0.05733603 0.67271572 -0.15201116
v -0.05733603 0.67271572 -0.15201116
v -0.05750939 0.67399418 -0.15201116
v -0.05750939 0.67399418 -0.15201116
v -0.05750939 0.70799255 -0.15201117
v -0.05733603 0.70929268 -0.15201117
v -0.05683765 0.71050611 -0.15201118
v -0.05603591 0.71154621 -0.15201118
v -0.05499581 0.71232629 -0.15201118
v -0.05378235 0.71282467 -0.15201118
v -0.05250389 0.71299803 -0.15201118
v 0.05250312 0.71299803 -0.15201118
v 0.05750862 0.67399418 -0.15201116
v 0.05750862 0.70799255 -0.15201117
v 0.07250343 0.71750515 -0.15201118
v 0.07250343 0.71750515 -0.15201118
v 0.05733527 0.70929268 -0.15201117
v 0.05683689 0.71050611 -0.15201118
v 0.05603513 0.71154621 -0.15201118
v 0.05499503 0.71232629 -0.15201118
v 0.05380325 0.71282467 -0.15201118
v 0.07250343 0.39249477 -0.15201107
v 0.04780099 0.39717523 -0.15201107
v 0.04650086 0.39700188 -0.15201107
v -0.04650163 0.39700188 -0.15201107
v -0.04780176 0.39717523 -0.15201107
v -0.04899355 0.39767361 -0.15201107
v -0.05003365 0.39845369 -0.15201107
v -0.05083539 0.39949379 -0.15201107
v -0.05133378 0.40070724 -0.15201107
v -0.05150713 0.40200737 -0.15201107
v -0.05150713 0.46400182 -0.15201109
v -0.05150713 0.46400182 -0.15201109
v -0.05133378 0.46530194 -0.15201109
v -0.05133378 0.46530194 -0.15201109
v -0.05083539 0.46649373 -0.15201109
v -0.05003365 0.46753383 -0.15201109
v -0.04899355 0.46833557 -0.15201109
v -0.05378235 0.66916203 -0.15201116
v -0.04780176 0.46883396 -0.15201109
v -0.04650163 0.46900731 -0.15201109
v -0.05250389 0.66901037 -0.15201116
v 0.04650086 0.46900731 -0.15201109
v 0.05250312 0.66901037 -0.15201116
v 0.05380325 0.66916203 -0.15201116
v 0.05499503 0.66966042 -0.15201116
v 0.05603513 0.67046216 -0.15201116
v 0.05683689 0.67150226 -0.15201116
v 0.05733527 0.67271572 -0.15201116
v 0.04780099 0.46883396 -0.15201109
v 0.04899278 0.46833557 -0.15201109
v 0.05003288 0.46753383 -0.15201109
v 0.05083463 0.46649373 -0.15201109
v 0.05133301 0.46530194 -0.15201109
v 0.05133301 0.46530194 -0.15201109
v 0.05150636 0.46400182 -0.15201109
v 0.05150636 0.46400182 -0.15201109
v 0.05150636 0.40200737 -0.15201107
v 0.05133301 0.40070724 -0.15201107
v 0.05083463 0.39949379 -0.15201107
v 0.05003288 0.39845369 -0.15201107
v 0.04899278 0.39767361 -0.15201107
v 0.08101207 0.38107214 -0.05199983
v 0.08264638 0.38233290 -0.05199984
v 0.07907423 0.38027833 -0.05199983
v 0.08393049 0.38399056 -0.05199984
v 0.08472429 0.38592839 -0.05199984
v 0.07699631 0.37999816 -0.05199983
v 0.08500446 0.38800631 -0.05199984
v 0.08393049 0.72600621 -0.05199995
v 0.08264638 0.72766388 -0.05199995
v 0.08472429 0.72406837 -0.05199995
v 0.08101207 0.72892463 -0.05199995
v 0.08500446 0.72199047 -0.05199995
v 0.07907423 0.72971845 -0.05199995
v 0.07699631 0.72999862 -0.05199995
v 0.05199128 0.73249677 -0.05199995
v 0.05199128 0.72999862 -0.05199995
v 0.07750995 0.73249677 -0.05199995
v 0.08007817 0.73216993 -0.05199995
v 0.08250630 0.73116598 -0.05199995
v 0.08456087 0.72957835 -0.05199995
v 0.08617184 0.72750044 -0.05199995
v 0.08715242 0.72509566 -0.05199995
v 0.08750263 0.72250411 -0.05199995
v 0.08750263 0.38749266 -0.05199984
v 0.08715242 0.38490111 -0.05199984
v 0.08617184 0.38249633 -0.05199984
v 0.08456087 0.38041841 -0.05199983
v 0.08250630 0.37883079 -0.05199983
v 0.08007817 0.37785020 -0.05199983
v 0.07750995 0.37749999 -0.05199983
v 0.05199128 0.37749999 -0.05199983
v 0.05199128 0.37999816 -0.05199983
v 0.08749823 0.72251067 -0.05200966
v 0.08749823 0.72251064 -0.13701637
v 0.08749823 0.38748928 -0.13701626
v 0.08749823 0.38748931 -0.05200955
v 0.08715154 0.38491072 -0.05200955
v 0.08715154 0.38491069 -0.13701626
v 0.08615477 0.38250548 -0.05200955
v 0.08615477 0.38250546 -0.13701626
v 0.08457296 0.38042528 -0.05200955
v 0.08457296 0.38042525 -0.13701626
v 0.08249274 0.37884346 -0.05200954
v 0.08249274 0.37884343 -0.13701626
v 0.08008751 0.37784669 -0.05200954
v 0.08008751 0.37784666 -0.13701626
v 0.07750893 0.37749999 -0.05200954
v 0.07750893 0.37749996 -0.13701626
v 0.05200474 0.37749999 -0.05200954
v 0.07250343 0.39249477 -0.15201107
v 0.05150636 0.46400182 -0.15201109
v 0.05150636 0.40200737 -0.15201107
v -0.03329452 0.42011048 -0.15140955
v -0.03228837 0.41952931 -0.15140955
v -0.03274566 0.41893466 -0.15140955
v -0.03206268 0.41825115 -0.15140955
v -0.03146750 0.41870736 -0.15140955
v -0.03158008 0.41741466 -0.15140955
v -0.03088686 0.41770121 -0.15140955
v -0.03133069 0.41648122 -0.15140955
v -0.03058685 0.41657925 -0.15140955
v -0.03133069 0.41551546 -0.15140955
v -0.03058739 0.41541743 -0.15140955
v -0.03158115 0.41458256 -0.15140955
v -0.03088848 0.41429547 -0.15140955
v -0.03206430 0.41374661 -0.15140955
v -0.03146965 0.41328932 -0.15140955
v -0.03274782 0.41306364 -0.15140955
v -0.03229160 0.41246845 -0.15140955
v -0.03358430 0.41258102 -0.15140955
v -0.03329775 0.41188781 -0.15140955
v -0.03451774 0.41233164 -0.15140955
v -0.03441971 0.41158780 -0.15140955
v -0.03548350 0.41233164 -0.15140955
v -0.03558153 0.41158834 -0.15140955
v -0.03641640 0.41258210 -0.15140955
v -0.03670349 0.41188943 -0.15140955
v -0.03725235 0.41306525 -0.15140955
v -0.03770964 0.41247061 -0.15140955
v -0.03793533 0.41374877 -0.15140955
v -0.03853051 0.41329255 -0.15140955
v -0.03841794 0.41458526 -0.15140955
v -0.03911115 0.41429871 -0.15140955
v -0.03866732 0.41551869 -0.15140955
v -0.03941116 0.41542066 -0.15140955
v -0.03866732 0.41648445 -0.15140955
v -0.03941062 0.41658248 -0.15140955
v -0.03841686 0.41741735 -0.15140955
v -0.03910954 0.41770444 -0.15140955
v -0.03793371 0.41825330 -0.15140955
v -0.03852836 0.41871059 -0.15140955
v -0.03725019 0.41893628 -0.15140955
v -0.03770641 0.41953146 -0.15140955
v -0.03641371 0.41941889 -0.15140955
v -0.03670026 0.42011210 -0.15140955
v -0.03548027 0.41966827 -0.15140955
v -0.03557830 0.42041212 -0.15140955
v -0.03451451 0.41966827 -0.15140955
v -0.03441648 0.42041158 -0.15140955
v -0.03358161 0.41941781 -0.15140955
v 0.01065069 0.46300019 -0.15200957
v 0.01116844 0.46293141 -0.15200957
v 0.01065069 0.46300019 -0.15230952
v 0.01116844 0.46293141 -0.15230952
v 0.01165180 0.46273271 -0.15200957
v 0.01165180 0.46273271 -0.15230952
v 0.01206447 0.46241366 -0.15200957
v 0.01206447 0.46241366 -0.15230952
v 0.01238352 0.46199907 -0.15200957
v 0.01238352 0.46199907 -0.15230952
v 0.01258222 0.46151763 -0.15200957
v 0.01258222 0.46151763 -0.15230952
v 0.01265100 0.46099987 -0.15200957
v 0.01265100 0.46099987 -0.15230952
v 0.01065069 0.43699996 -0.15230952
v 0.01065069 0.43699996 -0.15200956
v -0.01664869 0.43699996 -0.15230952
v -0.01664869 0.43699996 -0.15200956
v -0.01864900 0.43900027 -0.15230952
v -0.01864900 0.43900027 -0.15200956
v -0.01864900 0.46099987 -0.15230952
v -0.01864900 0.46099987 -0.15230952
v -0.01864900 0.46099987 -0.15200957
v -0.01864900 0.46099987 -0.15200957
v -0.01858023 0.46151763 -0.15200957
v -0.01858023 0.46151763 -0.15230952
v -0.01838153 0.46199907 -0.15200957
v -0.01838153 0.46199907 -0.15230952
v -0.01806248 0.46241366 -0.15200957
v -0.01806248 0.46241366 -0.15230952
v -0.01764980 0.46273271 -0.15200957
v -0.01764980 0.46273271 -0.15230952
v -0.01716644 0.46293141 -0.15200957
v -0.01716644 0.46293141 -0.15230952
v -0.01664869 0.46300019 -0.15200957
v -0.01664869 0.46300019 -0.15230952
vn -0.00183125 -0.99999551 -0.00237076
vn -0.00000000 -0.00000034 -1.00000000
vn 0.00000000 -0.70710702 -0.70710654
vn -0.00000000 -0.00000034 -1.00000000
vn 0.00000000 0.00000034 1.00000000
vn 0.00000000 0.00000034 1.00000000
vn 0.00000000 -1.00000000 0.00000034
vn 0.00000000 0.00000034 1.00000000
vn 0.00000000 -1.00000000 0.00000034
vn 0.00000000 0.00000034 1.00000000
vn 0.00000000 -1.00000000 0.00000034
vn 0.00000000 -0.70710702 -0.70710654
vn 0.00000000 -0.70710702 -0.70710654
vn 0.00000000 -1.00000000 0.00000034
vn 0.00000000 -0.00000034 -1.00000000
vn 0.00000000 -0.70710702 -0.70710654
vn 0.18700937 -0.98235811 -0.00017151
vn 0.00000000 -0.00000034 -1.00000000
vn -0.00000000 -0.00000034 -1.00000000
vn 0.30693564 -0.95173027 0.00000032
vn -0.00000000 -0.00000034 -1.00000000
vn 0.22846332 -0.97355252 0.00000033
vn -0.00000000 -0.00000034 -1.00000000
vn 0.00000000 -0.00000034 -1.00000000
vn 0.50009008 -0.86597339 0.00000029
vn 0.00000000 -0.00000034 -1.00000000
vn 0.70710985 -0.70710372 0.00000024
vn -0.00000000 -0.00000034 -1.00000000
vn 0.86597378 -0.50008941 0.00000017
vn 0.00000000 -0.00000034 -1.00000000
vn -0.00000000 -0.00000034 -1.00000000
vn -0.18599066 -0.98254979 -0.00183996
vn -0.22845942 -0.97355344 0.00000033
vn 0.00000000 -0.00000034 -1.00000000
vn -0.30693444 -0.95173066 0.00000032
vn 0.00000000 -0.00000034 -1.00000000
vn 0.00000000 -0.00000034 -1.00000000
vn -0.50008971 -0.86597361 0.00000029
vn -0.00000000 -0.00000034 -1.00000000
vn -0.00000000 -0.00000034 -1.00000000
vn -0.70710902 -0.70710455 0.00000024
vn 0.00000000 -0.00000034 -1.00000000
vn -0.86597378 -0.50008941 0.00000017
vn -0.00000000 -0.00000034 -1.00000000
vn -0.96576348 -0.25942416 0.00000009
vn 0.00000000 -0.00000034 -1.00000000
vn -0.99999999 -0.00014545 0.00000000
vn -0.00000000 -0.00000034 -1.00000000
vn -0.00000000 -0.00000034 -1.00000000
vn -0.96580121 0.25928369 -0.00000009
vn 0.00000000 -0.00000034 -1.00000000
vn -0.86596908 0.50009754 -0.00000017
vn -0.00000000 -0.00000034 -1.00000000
vn -0.70710238 0.70711118 -0.00000024
vn 0.00000000 -0.00000034 -1.00000000
vn -0.50010203 0.86596649 -0.00000029
vn -0.00000000 -0.00000034 -1.00000000
vn -0.25838819 0.96604117 -0.00000033
vn -0.00000000 -0.00000034 -1.00000000
vn -0.00014012 0.99999999 -0.00000034
vn -0.00000000 -0.00000034 -1.00000000
vn 0.00000000 -0.00000034 -1.00000000
vn 0.25825211 0.96607756 -0.00000033
vn 0.00000000 -0.00000034 -1.00000000
vn 0.50010241 0.86596627 -0.00000029
vn 0.00000000 -0.00000034 -1.00000000
vn 0.70710321 0.70711035 -0.00000024
vn -0.00000000 -0.00000034 -1.00000000
vn 0.86596908 0.50009754 -0.00000017
vn 0.00000000 -0.00000034 -1.00000000
vn 0.96608064 0.25824060 -0.00000009
vn -0.00000000 -0.00000034 -1.00000000
vn 0.99999999 -0.00014311 0.00000000
vn 0.00000000 -0.00000034 -1.00000000
vn -0.00000000 -0.00000034 -1.00000000
vn 0.96604367 -0.25837885 0.00000009
vn 0.94464529 -0.25276357 -0.20917898
vn 0.96604367 -0.25837885 0.00000009
vn 0.84647169 -0.48918663 -0.21019542
vn 0.86597378 -0.50008941 0.00000017
vn 0.69157748 -0.69115483 -0.20982277
vn 0.70710985 -0.70710372 0.00000024
vn 0.48872981 -0.84672544 -0.21023604
vn 0.50009008 -0.86597339 0.00000029
vn 0.25368123 -0.94429928 -0.20962995
vn 0.26057901 -0.96545032 -0.00206393
vn -0.00053532 -0.97749184 -0.21097256
vn -0.00147169 -0.99999708 -0.00191834
vn -0.25315635 -0.94441522 -0.20974211
vn -0.25944436 -0.96575802 -0.00025547
vn -0.48893451 -0.84690512 -0.20903291
vn -0.50008971 -0.86597361 0.00000029
vn -0.69147397 -0.69182354 -0.20795177
vn -0.70710902 -0.70710455 0.00000024
vn -0.84704021 -0.48918270 -0.20790182
vn -0.86597378 -0.50008941 0.00000017
vn -0.94452781 -0.25327457 -0.20909141
vn -0.96576348 -0.25942416 0.00000009
vn -0.97749382 0.00024702 -0.21096389
vn -0.99999999 -0.00014545 0.00000000
vn -0.94444602 0.25302572 -0.20976107
vn -0.96580121 0.25928369 -0.00000009
vn -0.84704325 0.48899314 -0.20833492
vn -0.86596908 0.50009754 -0.00000017
vn -0.69175636 0.69157408 -0.20784232
vn -0.70710238 0.70711118 -0.00000024
vn -0.48871864 0.84707908 -0.20883277
vn -0.50010203 0.86596649 -0.00000029
vn -0.25258626 0.94463603 -0.20943483
vn -0.25838819 0.96604117 -0.00000033
vn -0.00034915 0.97797260 -0.20873300
vn -0.00014012 0.99999999 -0.00000034
vn 0.25264317 0.94467129 -0.20920703
vn 0.25825211 0.96607756 -0.00000033
vn 0.48919550 0.84646092 -0.21021816
vn 0.50010241 0.86596627 -0.00000029
vn 0.69128514 0.69141243 -0.20993739
vn 0.70710321 0.70711035 -0.00000024
vn 0.84664181 0.48882668 -0.21034764
vn 0.86596908 0.50009754 -0.00000017
vn 0.94456657 0.25266919 -0.20964796
vn 0.96608064 0.25824060 -0.00000009
vn 0.99999999 -0.00014311 0.00000000
vn 0.97797515 0.00007010 -0.20872135
vn 0.00000000 -0.00000034 -1.00000000
vn 0.97797438 0.00007910 -0.20872497
vn -0.00000000 -0.00000034 -1.00000000
vn 0.94439928 -0.25330134 -0.20963883
vn 0.00000000 -0.00000034 -1.00000000
vn 0.84642115 -0.48921543 -0.21033188
vn 0.00000000 -0.00000034 -1.00000000
vn 0.69126425 -0.69143280 -0.20993909
vn -0.00000000 -0.00000034 -1.00000000
vn 0.48866377 -0.84677056 -0.21020785
vn 0.00000000 -0.00000034 -1.00000000
vn 0.25384688 -0.94422913 -0.20974536
vn -0.00000000 -0.00000034 -1.00000000
vn -0.00057250 -0.97749180 -0.21097264
vn -0.00000000 -0.00000034 -1.00000000
vn -0.25313369 -0.94449659 -0.20940280
vn 0.00000000 -0.00000034 -1.00000000
vn -0.48911271 -0.84685250 -0.20882909
vn -0.00000000 -0.00000034 -1.00000000
vn -0.69141482 -0.69191694 -0.20783767
vn -0.00000000 -0.00000034 -1.00000000
vn -0.84728294 -0.48858555 -0.20831655
vn 0.00000000 -0.00000034 -1.00000000
vn -0.94446222 -0.25297357 -0.20975101
vn 0.00000000 -0.00000034 -1.00000000
vn -0.97749463 0.00027176 -0.21096013
vn -0.00000000 -0.00000034 -1.00000000
vn -0.94465778 0.25278230 -0.20909995
vn 0.00000000 -0.00000034 -1.00000000
vn -0.84745216 0.48846311 -0.20791494
vn -0.00000000 -0.00000034 -1.00000000
vn -0.69168703 0.69160988 -0.20795392
vn -0.00000000 -0.00000034 -1.00000000
vn -0.48882829 0.84696442 -0.20904107
vn -0.00000000 -0.00000034 -1.00000000
vn -0.25297731 0.94458293 -0.20920224
vn -0.00000000 -0.00000034 -1.00000000
vn -0.00037319 0.97797304 -0.20873093
vn 0.00000000 -0.00000034 -1.00000000
vn 0.25317024 0.94442873 -0.20966451
vn 0.00000000 -0.00000034 -1.00000000
vn 0.48915568 0.84647967 -0.21023532
vn 0.00000000 -0.00000034 -1.00000000
vn 0.69098721 0.69174369 -0.20982693
vn -0.00000000 -0.00000034 -1.00000000
vn 0.84666232 0.48884887 -0.21021348
vn 0.94451226 0.25325103 -0.20919013
vn 0.00000000 -0.00000034 -1.00000000
vn -0.00000000 -0.00000034 -1.00000000
vn 0.00154706 0.99999598 -0.00237613
vn -0.00000000 -0.00000034 -1.00000000
vn 0.00000000 0.70710654 -0.70710702
vn 0.00000000 -0.00000034 -1.00000000
vn 0.00000000 1.00000000 -0.00000034
vn 0.00000000 1.00000000 -0.00000034
vn 0.00000000 0.00000034 1.00000000
vn 0.00000000 1.00000000 -0.00000034
vn 0.00000000 0.00000034 1.00000000
vn 0.00000000 1.00000000 -0.00000034
vn 0.00000000 0.00000034 1.00000000
vn 0.00000000 1.00000000 -0.00000034
vn 0.00000000 1.00000000 -0.00000034
vn 0.00000000 0.00000034 1.00000000
vn 0.00000000 1.00000000 -0.00000034
vn 0.00000000 0.70710654 -0.70710702
vn 0.00000000 0.70710654 -0.70710702
vn 0.00000000 1.00000000 -0.00000034
vn -0.00000000 -0.00000034 -1.00000000
vn 0.00000000 0.70710654 -0.70710702
vn -0.18710091 0.98234068 -0.00017132
vn -0.00000000 -0.00000034 -1.00000000
vn -0.00000000 -0.00000034 -1.00000000
vn 0.00000000 -0.00000034 -1.00000000
vn -0.30693444 0.95173066 -0.00000032
vn 0.00000000 -0.00000034 -1.00000000
vn -0.22845942 0.97355344 -0.00000033
vn 0.00000000 -0.00000034 -1.00000000
vn 0.00000000 -0.00000034 -1.00000000
vn -0.00000000 -0.00000034 -1.00000000
vn -0.50008971 0.86597361 -0.00000029
vn -0.00000000 -0.00000034 -1.00000000
vn -0.70710902 0.70710455 -0.00000024
vn 0.00000000 -0.00000034 -1.00000000
vn -0.86597378 0.50008941 -0.00000017
vn -0.00000000 -0.00000034 -1.00000000
vn 0.00000000 -0.00000034 -1.00000000
vn 0.18589663 0.98256757 -0.00184482
vn 0.22846332 0.97355252 -0.00000033
vn -0.00000000 -0.00000034 -1.00000000
vn 0.30693564 0.95173027 -0.00000032
vn 0.00000000 -0.00000034 -1.00000000
vn -0.00000000 -0.00000034 -1.00000000
vn 0.00000000 -0.00000034 -1.00000000
vn -0.00000000 -0.00000034 -1.00000000
vn 0.50009008 0.86597339 -0.00000029
vn 0.00000000 -0.00000034 -1.00000000
vn 0.00000000 -0.00000034 -1.00000000
vn 0.70710985 0.70710372 -0.00000024
vn -0.00000000 -0.00000034 -1.00000000
vn 0.86597378 0.50008941 -0.00000017
vn 0.00000000 -0.00000034 -1.00000000
vn 0.96604418 0.25837692 -0.00000009
vn -0.00000000 -0.00000034 -1.00000000
vn 0.99999999 0.00013913 -0.00000000
vn 0.00000000 -0.00000034 -1.00000000
vn -0.00000000 -0.00000034 -1.00000000
vn 0.96608012 -0.25824251 0.00000009
vn -0.00000000 -0.00000034 -1.00000000
vn 0.86596908 -0.50009754 0.00000017
vn -0.00000000 -0.00000034 -1.00000000
vn 0.70711187 -0.70710169 0.00000024
vn -0.00000000 -0.00000034 -1.00000000
vn 0.50010069 -0.86596726 0.00000029
vn -0.00000000 -0.00000034 -1.00000000
vn 0.25823836 -0.96608123 0.00000033
vn 0.00000000 -0.00000034 -1.00000000
vn -0.00014012 -0.99999999 0.00000034
vn -0.00000000 -0.00000034 -1.00000000
vn 0.00000000 -0.00000034 -1.00000000
vn -0.25837444 -0.96604485 0.00000033
vn -0.00000000 -0.00000034 -1.00000000
vn -0.50010031 -0.86596748 0.00000029
vn 0.00000000 -0.00000034 -1.00000000
vn -0.70711104 -0.70710252 0.00000024
vn 0.00000000 -0.00000034 -1.00000000
vn -0.86596908 -0.50009754 0.00000017
vn 0.00000000 -0.00000034 -1.00000000
vn -0.96580068 -0.25928563 0.00000009
vn 0.00000000 -0.00000034 -1.00000000
vn -0.99999999 0.00014141 -0.00000000
vn -0.00000000 -0.00000034 -1.00000000
vn 0.00000000 -0.00000034 -1.00000000
vn -0.96576401 0.25942220 -0.00000009
vn -0.94441012 0.25316191 -0.20975837
vn -0.96576401 0.25942220 -0.00000009
vn -0.84704778 0.48898531 -0.20833490
vn -0.86597378 0.50008941 -0.00000017
vn -0.69175392 0.69156955 -0.20786552
vn -0.70710902 0.70710455 -0.00000024
vn -0.48871217 0.84708116 -0.20883946
vn -0.50008971 0.86597361 -0.00000029
vn -0.25358373 0.94436914 -0.20943310
vn -0.26071351 0.96541402 -0.00205860
vn 0.00024998 0.97748947 -0.21098408
vn 0.00118305 0.99999747 -0.00191404
vn 0.25302646 0.94444263 -0.20977544
vn 0.25930622 0.96579512 -0.00025740
vn 0.48918332 0.84646788 -0.21021848
vn 0.50009008 0.86597339 -0.00000029
vn 0.69129160 0.69139946 -0.20995883
vn 0.70710985 0.70710372 -0.00000024
vn 0.84664280 0.48882284 -0.21035255
vn 0.86597378 0.50008941 -0.00000017
vn 0.94453153 0.25280031 -0.20964778
vn 0.96604418 0.25837692 -0.00000009
vn 0.97797438 0.00034495 -0.20872470
vn 0.99999999 0.00013913 -0.00000000
vn 0.94467751 -0.25263261 -0.20919170
vn 0.96608012 -0.25824251 0.00000009
vn 0.84646206 -0.48919475 -0.21021530
vn 0.86596908 -0.50009754 0.00000017
vn 0.69158233 -0.69114848 -0.20982771
vn 0.70711187 -0.70710169 0.00000024
vn 0.48874024 -0.84671935 -0.21023633
vn 0.50010069 -0.86596726 0.00000029
vn 0.25266203 -0.94456536 -0.20966207
vn 0.25823836 -0.96608123 0.00000033
vn 0.00007623 -0.97797351 -0.20872901
vn -0.00014012 -0.99999999 0.00000034
vn -0.25276435 -0.94463979 -0.20920288
vn -0.25837444 -0.96604485 0.00000033
vn -0.48893674 -0.84690192 -0.20904068
vn -0.50010031 -0.86596748 0.00000029
vn -0.69147617 -0.69182143 -0.20795148
vn -0.70711104 -0.70710252 0.00000024
vn -0.84703412 -0.48918688 -0.20791680
vn -0.86596908 -0.50009754 0.00000017
vn -0.94456056 -0.25314376 -0.20910187
vn -0.96580068 -0.25928563 0.00000009
vn -0.99999999 0.00014141 -0.00000000
vn -0.97749403 0.00052434 -0.21096245
vn 0.00000000 -0.00000034 -1.00000000
vn -0.97749398 0.00056072 -0.21096258
vn 0.00000000 -0.00000034 -1.00000000
vn -0.94461981 0.25292429 -0.20909976
vn -0.00000000 -0.00000034 -1.00000000
vn -0.84745405 0.48845774 -0.20791987
vn -0.00000000 -0.00000034 -1.00000000
vn -0.69168917 0.69160131 -0.20797529
vn 0.00000000 -0.00000034 -1.00000000
vn -0.48882684 0.84696518 -0.20904139
vn 0.00000000 -0.00000034 -1.00000000
vn -0.25355672 0.94430074 -0.20977394
vn -0.00000000 -0.00000034 -1.00000000
vn 0.00027402 0.97749050 -0.21097927
vn -0.00000000 -0.00000034 -1.00000000
vn 0.25315632 0.94443253 -0.20966420
vn -0.00000000 -0.00000034 -1.00000000
vn 0.48914657 0.84648326 -0.21024205
vn 0.00000000 -0.00000034 -1.00000000
vn 0.69099841 0.69172546 -0.20985014
vn 0.00000000 -0.00000034 -1.00000000
vn 0.84666232 0.48884887 -0.21021348
vn -0.00000000 -0.00000034 -1.00000000
vn 0.94447589 0.25338961 -0.20918653
vn 0.00000000 -0.00000034 -1.00000000
vn 0.97797481 0.00036869 -0.20872264
vn -0.00000000 -0.00000034 -1.00000000
vn 0.94443550 -0.25315754 -0.20964932
vn 0.00000000 -0.00000034 -1.00000000
vn 0.84641706 -0.48921609 -0.21034681
vn 0.00000000 -0.00000034 -1.00000000
vn 0.69127308 -0.69142405 -0.20993883
vn -0.00000000 -0.00000034 -1.00000000
vn 0.48866881 -0.84676570 -0.21021568
vn -0.00000000 -0.00000034 -1.00000000
vn 0.25324486 -0.94451071 -0.20920460
vn 0.00000000 -0.00000034 -1.00000000
vn 0.00008479 -0.97797252 -0.20873368
vn 0.00000000 -0.00000034 -1.00000000
vn -0.25314248 -0.94448746 -0.20943334
vn 0.00000000 -0.00000034 -1.00000000
vn -0.48911068 -0.84685361 -0.20882938
vn -0.00000000 -0.00000034 -1.00000000
vn -0.69141913 -0.69191115 -0.20784262
vn -0.00000000 -0.00000034 -1.00000000
vn -0.84728076 -0.48858085 -0.20833642
vn -0.94449763 -0.25283149 -0.20976289
vn 0.00000000 -0.00000034 -1.00000000
vn 0.00000000 -0.00000034 -1.00000000
vn 0.00183114 0.99999551 -0.00237145
vn 0.00000000 -0.00000034 -1.00000000
vn 0.00000000 0.70710654 -0.70710702
vn 0.00000000 -0.00000034 -1.00000000
vn 0.00000000 1.00000000 -0.00000034
vn 0.00000000 1.00000000 -0.00000034
vn 0.00000000 0.00000034 1.00000000
vn 0.00000000 1.00000000 -0.00000034
vn 0.00000000 0.00000034 1.00000000
vn 0.00000000 1.00000000 -0.00000034
vn 0.00000000 0.00000034 1.00000000
vn 0.00000000 1.00000000 -0.00000034
vn 0.00000000 1.00000000 -0.00000034
vn 0.00000000 0.00000034 1.00000000
vn 0.00000000 1.00000000 -0.00000034
vn 0.00000000 0.70710654 -0.70710702
vn 0.00000000 0.70710654 -0.70710702
vn 0.00000000 1.00000000 -0.00000034
vn -0.00000000 -0.00000034 -1.00000000
vn 0.00000000 0.70710654 -0.70710702
vn -0.18700814 0.98235835 -0.00017217
vn -0.00000000 -0.00000034 -1.00000000
vn -0.00000000 -0.00000034 -1.00000000
vn 0.00000000 -0.00000034 -1.00000000
vn -0.30693469 0.95173058 -0.00000032
vn 0.00000000 -0.00000034 -1.00000000
vn -0.22846137 0.97355298 -0.00000033
vn 0.00000000 -0.00000034 -1.00000000
vn 0.00000000 -0.00000034 -1.00000000
vn -0.00000000 -0.00000034 -1.00000000
vn -0.50009008 0.86597339 -0.00000029
vn -0.00000000 -0.00000034 -1.00000000
vn -0.70710904 0.70710453 -0.00000024
vn 0.00000000 -0.00000034 -1.00000000
vn -0.86597343 0.50009002 -0.00000017
vn -0.00000000 -0.00000034 -1.00000000
vn 0.00000000 -0.00000034 -1.00000000
vn 0.18599197 0.98254954 -0.00184064
vn 0.22846137 0.97355298 -0.00000033
vn -0.00000000 -0.00000034 -1.00000000
vn 0.30693504 0.95173047 -0.00000032
vn 0.00000000 -0.00000034 -1.00000000
vn -0.00000000 -0.00000034 -1.00000000
vn 0.00000000 -0.00000034 -1.00000000
vn -0.00000000 -0.00000034 -1.00000000
vn 0.50009040 0.86597320 -0.00000029
vn 0.00000000 -0.00000034 -1.00000000
vn 0.00000000 -0.00000034 -1.00000000
vn 0.70710876 0.70710480 -0.00000024
vn -0.00000000 -0.00000034 -1.00000000
vn 0.86597346 0.50008996 -0.00000017
vn 0.00000000 -0.00000034 -1.00000000
vn 0.96576424 0.25942134 -0.00000009
vn -0.00000000 -0.00000034 -1.00000000
vn 0.99999999 0.00014141 -0.00000000
vn 0.00000000 -0.00000034 -1.00000000
vn -0.00000000 -0.00000034 -1.00000000
vn 0.96580091 -0.25928477 0.00000009
vn -0.00000000 -0.00000034 -1.00000000
vn 0.86596876 -0.50009809 0.00000017
vn -0.00000000 -0.00000034 -1.00000000
vn 0.70711079 -0.70710278 0.00000024
vn -0.00000000 -0.00000034 -1.00000000
vn 0.50010101 -0.86596708 0.00000029
vn -0.00000000 -0.00000034 -1.00000000
vn 0.25837420 -0.96604491 0.00000033
vn 0.00000000 -0.00000034 -1.00000000
vn 0.00014025 -0.99999999 0.00000034
vn 0.00000000 -0.00000034 -1.00000000
vn 0.00000000 -0.00000034 -1.00000000
vn -0.25823836 -0.96608123 0.00000033
vn -0.00000000 -0.00000034 -1.00000000
vn -0.50010069 -0.86596726 0.00000029
vn 0.00000000 -0.00000034 -1.00000000
vn -0.70711106 -0.70710251 0.00000024
vn 0.00000000 -0.00000034 -1.00000000
vn -0.86596873 -0.50009815 0.00000017
vn 0.00000000 -0.00000034 -1.00000000
vn -0.96608048 -0.25824116 0.00000009
vn 0.00000000 -0.00000034 -1.00000000
vn -0.99999999 0.00013913 -0.00000000
vn -0.00000000 -0.00000034 -1.00000000
vn 0.00000000 -0.00000034 -1.00000000
vn -0.96604455 0.25837557 -0.00000009
vn -0.94464260 0.25276428 -0.20919028
vn -0.96604455 0.25837557 -0.00000009
vn -0.84646589 0.48918705 -0.21021779
vn -0.86597343 0.50009002 -0.00000017
vn -0.69157143 0.69115251 -0.20985036
vn -0.70710904 0.70710453 -0.00000024
vn -0.48873496 0.84672075 -0.21024298
vn -0.50009008 0.86597339 -0.00000029
vn -0.25367077 0.94429515 -0.20966120
vn -0.26057899 0.96545032 -0.00206456
vn 0.00052664 0.97748990 -0.21098155
vn 0.00147180 0.99999708 -0.00191899
vn 0.25316216 0.94440686 -0.20977275
vn 0.25944412 0.96575809 -0.00025612
vn 0.48892744 0.84690688 -0.20904232
vn 0.50009040 0.86597320 -0.00000029
vn 0.69147333 0.69181837 -0.20797109
vn 0.70710876 0.70710480 -0.00000024
vn 0.84703539 0.48918279 -0.20792124
vn 0.86597346 0.50008996 -0.00000017
vn 0.94452584 0.25327485 -0.20909993
vn 0.96576424 0.25942134 -0.00000009
vn 0.97749328 -0.00025103 -0.21096639
vn 0.99999999 0.00014141 -0.00000000
vn 0.94444628 -0.25302602 -0.20975951
vn 0.96580091 -0.25928477 0.00000009
vn 0.84704278 -0.48899429 -0.20833413
vn 0.86596876 -0.50009809 0.00000017
vn 0.69176524 -0.69156615 -0.20783913
vn 0.70711079 -0.70710278 0.00000024
vn 0.48871712 -0.84707995 -0.20883279
vn 0.50010101 -0.86596708 0.00000029
vn 0.25257271 -0.94463982 -0.20943409
vn 0.25837420 -0.96604491 0.00000033
vn 0.00034927 -0.97797274 -0.20873234
vn 0.00014025 -0.99999999 0.00000034
vn -0.25262996 -0.94467496 -0.20920641
vn -0.25823836 -0.96608123 0.00000033
vn -0.48919351 -0.84646213 -0.21021791
vn -0.50010069 -0.86596726 0.00000029
vn -0.69129279 -0.69140544 -0.20993523
vn -0.70711106 -0.70710251 0.00000024
vn -0.84664170 -0.48882643 -0.21034865
vn -0.86596873 -0.50009815 0.00000017
vn -0.94456595 -0.25266967 -0.20965018
vn -0.96608048 -0.25824116 0.00000009
vn -0.99999999 0.00013913 -0.00000000
vn -0.97797503 -0.00007465 -0.20872190
vn 0.00000000 -0.00000034 -1.00000000
vn -0.97797404 -0.00008307 -0.20872652
vn 0.00000000 -0.00000034 -1.00000000
vn -0.94439763 0.25329685 -0.20965168
vn -0.00000000 -0.00000034 -1.00000000
vn -0.84641860 0.48921058 -0.21035342
vn -0.00000000 -0.00000034 -1.00000000
vn -0.69126680 0.69142406 -0.20995948
vn 0.00000000 -0.00000034 -1.00000000
vn -0.48866829 0.84676587 -0.21021625
vn 0.00000000 -0.00000034 -1.00000000
vn -0.25383792 0.94422473 -0.20977599
vn 0.00000000 -0.00000034 -1.00000000
vn 0.00056316 0.97748985 -0.21098170
vn -0.00000000 -0.00000034 -1.00000000
vn 0.25314238 0.94448730 -0.20943417
vn -0.00000000 -0.00000034 -1.00000000
vn 0.48910385 0.84685574 -0.20883673
vn 0.00000000 -0.00000034 -1.00000000
vn 0.69142090 0.69190308 -0.20786357
vn 0.00000000 -0.00000034 -1.00000000
vn 0.84728112 0.48858030 -0.20833628
vn -0.00000000 -0.00000034 -1.00000000
vn 0.94446198 0.25296778 -0.20975906
vn 0.00000000 -0.00000034 -1.00000000
vn 0.97749431 -0.00027511 -0.21096160
vn -0.00000000 -0.00000034 -1.00000000
vn 0.94465831 -0.25278206 -0.20909785
vn 0.00000000 -0.00000034 -1.00000000
vn 0.84745186 -0.48846412 -0.20791381
vn 0.00000000 -0.00000034 -1.00000000
vn 0.69169677 -0.69160113 -0.20795059
vn -0.00000000 -0.00000034 -1.00000000
vn 0.48882585 -0.84696564 -0.20904186
vn -0.00000000 -0.00000034 -1.00000000
vn 0.25296316 -0.94458685 -0.20920162
vn -0.00000000 -0.00000034 -1.00000000
vn 0.00037332 -0.97797318 -0.20873027
vn 0.00000000 -0.00000034 -1.00000000
vn -0.25315632 -0.94443267 -0.20966356
vn 0.00000000 -0.00000034 -1.00000000
vn -0.48915341 -0.84648113 -0.21023471
vn -0.00000000 -0.00000034 -1.00000000
vn -0.69099568 -0.69173565 -0.20982555
vn -0.00000000 -0.00000034 -1.00000000
vn -0.84666228 -0.48884814 -0.21021531
vn -0.94451161 -0.25325207 -0.20919180
vn 0.00000000 -0.00000034 -1.00000000
vn -0.00000000 -0.00000034 -1.00000000
vn -0.48915550 -0.84647999 -0.21023442
vn 0.00000000 -0.00000034 -1.00000000
vn -0.69099136 -0.69174147 -0.20982059
vn -0.00000000 -0.00000034 -1.00000000
vn 0.00000000 -0.00000034 -1.00000000
vn -0.84666449 -0.48885285 -0.21019546
vn -0.00000000 -0.00000034 -1.00000000
vn -0.94447647 -0.25339364 -0.20917901
vn 0.00000000 -0.00000034 -1.00000000
vn -0.97797471 -0.00037141 -0.20872309
vn 0.00000000 -0.00000034 -1.00000000
vn -0.94443565 0.25315489 -0.20965188
vn -0.00000000 -0.00000034 -1.00000000
vn -0.84641673 0.48921595 -0.21034848
vn 0.00000000 -0.00000034 -1.00000000
vn -0.69126469 0.69143266 -0.20993812
vn -0.00000000 -0.00000034 -1.00000000
vn -0.48866979 0.84676508 -0.21021593
vn -0.00000000 -0.00000034 -1.00000000
vn -0.25325916 0.94450674 -0.20920522
vn -0.00000000 -0.00000034 -1.00000000
vn -0.00008467 0.97797238 -0.20873434
vn 0.00000000 -0.00000034 -1.00000000
vn 0.25315630 0.94448351 -0.20943447
vn 0.00000000 -0.00000034 -1.00000000
vn 0.48911292 0.84685217 -0.20882996
vn 0.00000000 -0.00000034 -1.00000000
vn 0.69140967 0.69192127 -0.20784038
vn 0.00000000 -0.00000034 -1.00000000
vn 0.69168796 -0.69160986 -0.20795088
vn 0.00000000 -0.00000034 -1.00000000
vn 0.84745590 -0.48846347 -0.20789888
vn 0.00000000 -0.00000034 -1.00000000
vn 0.94462213 -0.25292587 -0.20908737
vn -0.00000000 -0.00000034 -1.00000000
vn 0.97749390 -0.00056532 -0.21096295
vn 0.00000000 -0.00000034 -1.00000000
vn 0.94449864 0.25282864 -0.20976175
vn 0.00000000 -0.00000034 -1.00000000
vn -0.00000000 -0.00000034 -1.00000000
vn 0.84728112 0.48858030 -0.20833628
vn 0.86596876 0.50009809 -0.00000017
vn 0.84703438 0.48918663 -0.20791632
vn 0.70710213 0.70711143 -0.00000024
vn 0.69146683 0.69183131 -0.20794965
vn 0.50010273 0.86596608 -0.00000029
vn 0.48893963 0.84689993 -0.20904198
vn 0.25838796 0.96604123 -0.00000033
vn 0.25277734 0.94463618 -0.20920350
vn 0.00014025 0.99999999 -0.00000034
vn -0.00007612 0.97797337 -0.20872967
vn -0.25825211 0.96607756 -0.00000033
vn -0.25267555 0.94456153 -0.20966302
vn -0.50010241 0.86596627 -0.00000029
vn -0.48874140 0.84671869 -0.21023630
vn -0.70710240 0.70711116 -0.00000024
vn -0.69157389 0.69115707 -0.20982720
vn -0.86596873 0.50009815 -0.00000017
vn -0.84646138 0.48919486 -0.21021779
vn -0.96608100 0.25823925 -0.00000009
vn -0.94467783 0.25262963 -0.20919382
vn -0.99999999 -0.00014311 0.00000000
vn -0.97797449 -0.00034834 -0.20872416
vn -0.96604403 -0.25837749 0.00000009
vn -0.94453387 -0.25279827 -0.20963972
vn -0.86597343 -0.50009002 0.00000017
vn -0.84664781 -0.48882227 -0.21033371
vn -0.70710904 -0.70710453 0.00000024
vn -0.69129062 -0.69140753 -0.20993550
vn -0.50009008 -0.86597339 0.00000029
vn -0.48919127 -0.84646536 -0.21021014
vn -0.25314757 -0.94444179 -0.20963304
vn -0.00000000 -0.00000034 -1.00000000
vn -0.00028342 -0.97749245 -0.21097022
vn 0.00000000 -0.00000034 -1.00000000
vn 0.25356576 -0.94430511 -0.20974332
vn 0.00000000 -0.00000034 -1.00000000
vn -0.00000000 -0.00000034 -1.00000000
vn 0.48882076 -0.84697050 -0.20903407
vn 0.50009040 -0.86597320 0.00000029
vn 0.48870670 -0.84708603 -0.20883253
vn 0.70710876 -0.70710480 0.00000024
vn 0.69176036 -0.69157251 -0.20783422
vn 0.86597346 -0.50008996 0.00000017
vn 0.84705240 -0.48898611 -0.20831423
vn 0.96576371 -0.25942330 0.00000009
vn 0.94441341 -0.25315851 -0.20974763
vn 0.99999999 -0.00014545 0.00000000
vn 0.97749372 -0.00052950 -0.21096385
vn 0.94456154 0.25314155 -0.20910011
vn 0.96580144 0.25928283 -0.00000009
vn -0.00000000 -0.00000034 -1.00000000
vn 0.96580144 0.25928283 -0.00000009
vn 0.00000000 -0.00000034 -1.00000000
vn 0.86596876 0.50009809 -0.00000017
vn -0.00000000 -0.00000034 -1.00000000
vn 0.70710213 0.70711143 -0.00000024
vn 0.00000000 -0.00000034 -1.00000000
vn 0.50010273 0.86596608 -0.00000029
vn 0.00000000 -0.00000034 -1.00000000
vn 0.25838796 0.96604123 -0.00000033
vn 0.00000000 -0.00000034 -1.00000000
vn 0.00014025 0.99999999 -0.00000034
vn -0.00000000 -0.00000034 -1.00000000
vn -0.25825211 0.96607756 -0.00000033
vn -0.00000000 -0.00000034 -1.00000000
vn -0.50010241 0.86596627 -0.00000029
vn 0.00000000 -0.00000034 -1.00000000
vn -0.70710240 0.70711116 -0.00000024
vn -0.00000000 -0.00000034 -1.00000000
vn -0.86596873 0.50009815 -0.00000017
vn 0.00000000 -0.00000034 -1.00000000
vn -0.96608100 0.25823925 -0.00000009
vn -0.00000000 -0.00000034 -1.00000000
vn -0.99999999 -0.00014311 0.00000000
vn 0.00000000 -0.00000034 -1.00000000
vn -0.96604403 -0.25837749 0.00000009
vn -0.00000000 -0.00000034 -1.00000000
vn -0.86597343 -0.50009002 0.00000017
vn 0.00000000 -0.00000034 -1.00000000
vn -0.70710904 -0.70710453 0.00000024
vn -0.00000000 -0.00000034 -1.00000000
vn -0.50009008 -0.86597339 0.00000029
vn 0.00000000 -0.00000034 -1.00000000
vn -0.30693469 -0.95173058 0.00000032
vn -0.25302043 -0.94445105 -0.20974478
vn -0.25930622 -0.96579512 -0.00025675
vn 0.00000000 -0.00000034 -1.00000000
vn -0.00154717 -0.99999598 -0.00237543
vn -0.00118294 -0.99999747 -0.00191339
vn -0.00025867 -0.97749141 -0.21097507
vn 0.25359413 -0.94437323 -0.20940203
vn 0.26071328 -0.96541408 -0.00205796
vn -0.00000000 -0.00000034 -1.00000000
vn 0.30693504 -0.95173047 0.00000032
vn 0.00000000 -0.00000034 -1.00000000
vn 0.50009040 -0.86597320 0.00000029
vn -0.00000000 -0.00000034 -1.00000000
vn 0.70710876 -0.70710480 0.00000024
vn 0.00000000 -0.00000034 -1.00000000
vn 0.86597346 -0.50008996 0.00000017
vn -0.00000000 -0.00000034 -1.00000000
vn 0.96576371 -0.25942330 0.00000009
vn 0.99999999 -0.00014545 0.00000000
vn 0.00000000 -0.00000034 -1.00000000
vn 0.00000000 -0.00000034 -1.00000000
vn 1.00000000 0.00000000 0.00000000
vn -0.00000000 -0.00000034 -1.00000000
vn -0.00000000 -0.00000034 -1.00000000
vn 0.00000000 -0.00000034 -1.00000000
vn -0.22846137 -0.97355298 0.00000033
vn 0.00000000 -0.00000034 -1.00000000
vn -0.00000000 -0.00000034 -1.00000000
vn -0.18589541 -0.98256781 -0.00184414
vn 0.00000000 -0.70710702 -0.70710654
vn -0.00000000 -0.00000034 -1.00000000
vn 0.00000000 -1.00000000 0.00000034
vn 0.00000000 -1.00000000 0.00000034
vn 0.00000000 0.00000034 1.00000000
vn 0.00000000 -1.00000000 0.00000034
vn 0.00000000 0.00000034 1.00000000
vn 0.00000000 -1.00000000 0.00000034
vn 0.00000000 0.00000034 1.00000000
vn 0.00000000 -1.00000000 0.00000034
vn 0.00000000 -1.00000000 0.00000034
vn 0.00000000 0.00000034 1.00000000
vn 0.00000000 -1.00000000 0.00000034
vn 0.00000000 -0.70710702 -0.70710654
vn 0.00000000 -0.70710702 -0.70710654
vn 0.00000000 -1.00000000 0.00000034
vn 0.00000000 -0.00000034 -1.00000000
vn 0.00000000 -0.70710702 -0.70710654
vn 0.18710223 -0.98234043 -0.00017066
vn 0.00000000 -0.00000034 -1.00000000
vn -0.00000000 -0.00000034 -1.00000000
vn 0.22846137 -0.97355298 0.00000033
vn -0.00000000 -0.00000034 -1.00000000
vn 1.00000000 0.00000000 0.00000000
vn 0.00000000 -0.00000034 -1.00000000
vn 1.00000000 0.00000000 0.00000000
vn 1.00000000 0.00000000 0.00000000
vn -1.00000000 0.00000000 0.00000000
vn 0.00000000 0.96920565 0.24625272
vn -1.00000000 0.00000000 0.00000000
vn 0.00000000 0.96920565 0.24625272
vn 0.00000000 0.99238191 0.12319963
vn 0.00000000 1.00000000 -0.00000034
vn -1.00000000 0.00000000 0.00000000
vn -0.77333725 -0.00000021 -0.63399488
vn 0.00000000 1.00000000 -0.00000034
vn -0.89830746 -0.00000015 -0.43936740
vn -0.00000000 1.00000000 -0.00000034
vn -0.70710678 -0.00000024 -0.70710678
vn -0.69007896 -0.00000024 -0.72373409
vn 0.00000000 1.00000000 -0.00000034
vn -0.97051503 -0.00000008 -0.24104063
vn 0.00000000 1.00000000 -0.00000034
vn -0.62866993 0.00000026 0.77767224
vn -0.00000000 1.00000000 -0.00000034
vn -0.40969394 0.00000031 0.91222304
vn -0.00000000 1.00000000 -0.00000034
vn -0.78085657 0.00000021 0.62471034
vn -0.72373409 0.00000023 0.69007896
vn 0.00000000 1.00000000 -0.00000034
vn -0.63596595 0.00000026 0.77171712
vn 0.00000000 1.00000000 -0.00000034
vn -0.25826630 0.00000033 0.96607376
vn 0.00000000 1.00000000 -0.00000034
vn -0.14138956 0.00000033 0.98995404
vn 0.00000000 1.00000000 -0.00000034
vn 0.00000000 0.00000034 1.00000000
vn -1.00000000 0.00000000 0.00000000
vn 0.00000000 -0.00000034 -1.00000000
vn 0.00000000 1.00000000 -0.00000034
vn 0.00000000 1.00000000 -0.00000034
vn 0.00000000 0.00000034 1.00000000
vn -1.00000000 0.00000000 0.00000000
vn 0.00000000 1.00000000 -0.00000034
vn 0.00000000 0.00000034 1.00000000
vn 0.00000000 1.00000000 -0.00000034
vn 0.00000000 1.00000000 -0.00000034
vn -0.14138956 0.00000033 0.98995404
vn 0.00000000 1.00000000 -0.00000034
vn -0.25826630 0.00000033 0.96607376
vn -0.00000000 1.00000000 -0.00000034
vn -0.40969394 0.00000031 0.91222304
vn 0.00000000 1.00000000 -0.00000034
vn -0.62866993 0.00000026 0.77767224
vn -0.78085657 0.00000021 0.62471034
vn 0.00000000 1.00000000 -0.00000034
vn -0.72373409 0.00000023 0.69007896
vn -0.00000000 1.00000000 -0.00000034
vn -0.63596595 0.00000026 0.77171712
vn 0.00000000 1.00000000 -0.00000034
vn -0.43335405 0.00000030 0.90122376
vn 0.00000000 1.00000000 -0.00000034
vn 0.00000000 1.00000000 -0.00000034
vn 0.95695286 0.00000010 0.29024340
vn 0.00000000 1.00000000 -0.00000034
vn 0.00000000 1.00000000 -0.00000034
vn 0.95695286 0.00000010 0.29024340
vn 0.00000000 1.00000000 -0.00000034
vn 0.00000000 1.00000000 -0.00000034
vn 0.99864379 0.00000002 0.05206320
vn 0.00000000 1.00000000 -0.00000034
vn -0.00000000 1.00000000 -0.00000034
vn 0.00000000 1.00000000 -0.00000034
vn -0.00000000 1.00000000 -0.00000034
vn 0.99864379 0.00000002 0.05206320
vn -0.00000000 1.00000000 -0.00000034
vn 0.00000000 1.00000000 -0.00000034
vn 0.98069102 -0.00000007 -0.19556360
vn 0.00000000 1.00000000 -0.00000034
vn 0.00000000 1.00000000 -0.00000034
vn 0.00000000 1.00000000 -0.00000034
vn 0.98069102 -0.00000007 -0.19556360
vn 0.00000000 1.00000000 -0.00000034
vn 0.90122313 -0.00000015 -0.43335537
vn 0.00000000 1.00000000 -0.00000034
vn -0.00000000 1.00000000 -0.00000034
vn 0.90122313 -0.00000015 -0.43335537
vn -0.00000000 1.00000000 -0.00000034
vn 0.77171480 -0.00000021 -0.63596876
vn 1.00000000 0.00000000 0.00000000
vn 0.00000000 1.00000000 -0.00000034
vn 0.98640106 -0.00000006 -0.16435617
vn 0.00000000 1.00000000 -0.00000034
vn 0.00000000 1.00000000 -0.00000034
vn 0.97050777 -0.00000008 -0.24106986
vn -0.00000000 1.00000000 -0.00000034
vn 0.97050777 -0.00000008 -0.24106986
vn 0.00000000 1.00000000 -0.00000034
vn 0.00000000 1.00000000 -0.00000034
vn 0.89830440 -0.00000015 -0.43937364
vn -0.00000000 1.00000000 -0.00000034
vn 0.89830440 -0.00000015 -0.43937364
vn 0.00000000 1.00000000 -0.00000034
vn 0.00000000 1.00000000 -0.00000034
vn 0.77335193 -0.00000021 -0.63397696
vn -0.00000000 1.00000000 -0.00000034
vn 0.77335193 -0.00000021 -0.63397696
vn 0.69007896 -0.00000024 -0.72373409
vn -0.00000000 1.00000000 -0.00000034
vn 0.00000000 1.00000000 -0.00000034
vn 0.70710678 -0.00000024 -0.70710678
vn 0.70710678 -0.00000024 -0.70710678
vn -0.00000000 1.00000000 -0.00000034
vn 0.69007896 -0.00000024 -0.72373409
vn 0.77171480 -0.00000021 -0.63596876
vn 0.00000000 1.00000000 -0.00000034
vn -0.00000000 1.00000000 -0.00000034
vn 0.00000000 1.00000000 -0.00000034
vn -0.77171661 -0.00000021 -0.63596656
vn -0.00000000 1.00000000 -0.00000034
vn 0.00000000 1.00000000 -0.00000034
vn -0.90122436 -0.00000015 -0.43335280
vn 0.00000000 1.00000000 -0.00000034
vn 0.00000000 1.00000000 -0.00000034
vn -0.98069102 -0.00000007 -0.19556360
vn 0.00000000 1.00000000 -0.00000034
vn 0.00000000 1.00000000 -0.00000034
vn -0.00000000 1.00000000 -0.00000034
vn -0.99864379 0.00000002 0.05206320
vn 0.00000000 1.00000000 -0.00000034
vn 0.00000000 1.00000000 -0.00000034
vn -0.95695286 0.00000010 0.29024340
vn -0.00000000 1.00000000 -0.00000034
vn -0.85638702 0.00000017 0.51633446
vn -0.00000000 1.00000000 -0.00000034
vn -0.00000000 1.00000000 -0.00000034
vn -0.71080277 0.00000024 0.70339137
vn -0.00000000 1.00000000 -0.00000034
vn -0.00000000 1.00000000 -0.00000034
vn -0.51792304 0.00000029 0.85542722
vn 0.00000000 1.00000000 -0.00000034
vn -0.28699633 0.00000032 0.95793168
vn -0.00000000 1.00000000 -0.00000034
vn -0.05206292 0.00000034 0.99864381
vn -0.00000000 1.00000000 -0.00000034
vn 0.00000000 1.00000000 -0.00000034
vn 0.00000000 1.00000000 -0.00000034
vn 0.00000000 1.00000000 -0.00000034
vn 0.00000000 1.00000000 -0.00000034
vn -0.00000000 1.00000000 -0.00000034
vn 0.85638565 0.00000017 0.51633672
vn 0.00000000 1.00000000 -0.00000034
vn 0.00000000 1.00000000 -0.00000034
vn 0.85638565 0.00000017 0.51633672
vn -0.00000000 1.00000000 -0.00000034
vn -0.00000000 1.00000000 -0.00000034
vn 0.71080092 0.00000024 0.70339324
vn 0.00000000 1.00000000 -0.00000034
vn 0.00000000 1.00000000 -0.00000034
vn 0.71080092 0.00000024 0.70339324
vn 0.00000000 1.00000000 -0.00000034
vn 0.51792418 0.00000029 0.85542653
vn -0.00000000 1.00000000 -0.00000034
vn 0.00000000 1.00000000 -0.00000034
vn 0.51792418 0.00000029 0.85542653
vn 0.00000000 1.00000000 -0.00000034
vn 0.28699761 0.00000032 0.95793130
vn -0.00000000 1.00000000 -0.00000034
vn 0.00000000 1.00000000 -0.00000034
vn 0.28699761 0.00000032 0.95793130
vn -0.00000000 1.00000000 -0.00000034
vn 0.05206314 0.00000034 0.99864380
vn -0.00000000 1.00000000 -0.00000034
vn 0.00000000 1.00000000 -0.00000034
vn 0.05206314 0.00000034 0.99864380
vn 0.00000000 1.00000000 -0.00000034
vn -0.19555920 0.00000033 0.98069190
vn 0.00000000 1.00000000 -0.00000034
vn -0.00000000 1.00000000 -0.00000034
vn -0.19555920 0.00000033 0.98069190
vn -0.43335405 0.00000030 0.90122376
vn -0.00000000 1.00000000 -0.00000034
vn 0.00000000 0.00000034 1.00000000
vn 0.00000000 1.00000000 -0.00000034
vn -1.00000000 0.00000000 0.00000000
vn 0.00000000 -0.00000034 -1.00000000
vn -1.00000000 0.00000000 0.00000000
vn 0.00000000 1.00000000 -0.00000034
vn 1.00000000 0.00000000 0.00000000
vn -1.00000000 0.00000000 0.00000000
vn 0.00000000 0.70688576 0.70732773
vn 1.00000000 0.00000000 0.00000000
vn 0.00000000 0.70688576 0.70732773
vn 0.00000000 0.86630405 0.49951706
vn 1.00000000 0.00000000 0.00000000
vn 0.00000000 0.98485733 -0.17336675
vn 0.00000000 1.00000000 -0.00000034
vn 1.00000000 0.00000000 0.00000000
vn 0.00000000 1.00000000 -0.00000034
vn 0.00000000 0.99238191 0.12319963
vn 1.00000000 0.00000000 0.00000000
vn 1.00000000 0.00000000 0.00000000
vn 0.00000000 0.49924396 0.86646146
vn 0.00000000 0.49924396 0.86646146
vn -1.00000000 0.00000000 0.00000000
vn -1.00000000 0.00000000 0.00000000
vn 0.00000000 0.86630405 0.49951706
vn 0.00000000 0.96577314 0.25938821
vn 1.00000000 0.00000000 0.00000000
vn 0.00000000 0.99125786 0.13193880
vn 0.00000000 1.00000000 -0.00000034
vn 1.00000000 0.00000000 0.00000000
vn 0.00000000 0.99864849 -0.05197294
vn 1.00000000 0.00000000 0.00000000
vn 0.00000000 0.98108066 0.19359942
vn 1.00000000 0.00000000 0.00000000
vn 0.00000000 0.90459100 0.42628056
vn 1.00000000 0.00000000 0.00000000
vn 0.00000000 0.77434226 0.63276699
vn 1.00000000 0.00000000 0.00000000
vn 0.00000000 0.59724871 0.80205610
vn 1.00000000 0.00000000 0.00000000
vn 0.00000000 0.38524912 0.92281261
vn 1.00000000 0.00000000 0.00000000
vn 0.00000000 0.14689695 0.98915180
vn 1.00000000 0.00000000 0.00000000
vn 1.00000000 0.00000000 0.00000000
vn 0.00000000 0.86578919 -0.50040892
vn 1.00000000 0.00000000 0.00000000
vn 0.00000000 0.70710824 -0.70710532
vn -1.00000000 0.00000000 0.00000000
vn 0.00000000 0.86578919 -0.50040892
vn -1.00000000 0.00000000 0.00000000
vn 0.00000000 0.70710824 -0.70710532
vn 1.00000000 0.00000000 0.00000000
vn 0.00000000 0.50040824 -0.86578958
vn -1.00000000 0.00000000 0.00000000
vn 0.00000000 0.50040824 -0.86578958
vn 0.00000000 0.25938676 -0.96577353
vn 1.00000000 0.00000000 0.00000000
vn 1.00000000 0.00000000 0.00000000
vn 0.00000000 1.00000000 -0.00000034
vn 0.00000000 0.02213357 0.99975502
vn 0.00000000 0.96577314 -0.25938819
vn 1.00000000 0.00000000 0.00000000
vn 0.00000000 1.00000000 -0.00000034
vn 0.00000000 0.99125782 -0.13193911
vn 1.00000000 0.00000000 0.00000000
vn 0.00000000 1.00000000 -0.00000034
vn 1.00000000 0.00000000 0.00000000
vn 0.00000000 0.02213357 0.99975502
vn 1.00000000 0.00000000 0.00000000
vn 0.00000000 0.14689695 0.98915180
vn 1.00000000 0.00000000 0.00000000
vn 0.00000000 0.38524912 0.92281261
vn 1.00000000 0.00000000 0.00000000
vn 0.00000000 0.59724871 0.80205610
vn 1.00000000 0.00000000 0.00000000
vn 0.00000000 0.77434226 0.63276699
vn 1.00000000 0.00000000 0.00000000
vn 0.00000000 0.90459100 0.42628056
vn 1.00000000 0.00000000 0.00000000
vn 0.00000000 0.98108066 0.19359942
vn 1.00000000 0.00000000 0.00000000
vn 0.00000000 0.99864849 -0.05197294
vn 0.00000000 0.98485733 -0.17336675
vn 1.00000000 0.00000000 0.00000000
vn 0.00000000 1.00000000 -0.00000034
vn 0.00000000 0.99238191 0.12319963
vn 0.00000000 1.00000000 -0.00000034
vn 1.00000000 0.00000000 0.00000000
vn 1.00000000 0.00000000 0.00000000
vn 0.00000000 0.96920565 0.24625272
vn 1.00000000 0.00000000 0.00000000
vn 0.00000000 0.96920565 0.24625272
vn 1.00000000 0.00000000 0.00000000
vn 0.00000000 0.88541733 0.46479689
vn -0.00154707 0.87981936 0.47530570
vn 1.00000000 0.00000000 0.00000000
vn -0.00165382 0.73546031 0.67756579
vn 1.00000000 0.00000000 0.00000000
vn 0.00000000 0.00000034 1.00000000
vn 0.00000000 0.13194516 0.99125702
vn 1.00000000 0.00000000 0.00000000
vn 1.00000000 0.00000000 0.00000000
vn 0.00000000 0.25938871 0.96577300
vn 0.00000000 0.25938871 0.96577300
vn -1.00000000 0.00000000 0.00000000
vn -1.00000000 0.00000000 0.00000000
vn 0.00000000 0.96577314 0.25938821
vn 0.00000000 0.99125786 0.13193880
vn -1.00000000 0.00000000 0.00000000
vn 0.00000000 1.00000000 -0.00000034
vn 0.00000000 1.00000000 -0.00000034
vn -1.00000000 0.00000000 0.00000000
vn 0.00000000 0.99125782 -0.13193911
vn 0.00000000 0.96577314 -0.25938819
vn -1.00000000 0.00000000 0.00000000
vn -1.00000000 0.00000000 0.00000000
vn 0.00000000 0.25938676 -0.96577353
vn 0.00000000 0.13194183 -0.99125746
vn 0.00000000 -0.00000034 -1.00000000
vn 1.00000000 0.00000000 0.00000000
vn 1.00000000 0.00000000 0.00000000
vn 0.00000000 -0.00000034 -1.00000000
vn 0.00000000 1.00000000 -0.00000034
vn 0.00000000 1.00000000 -0.00000034
vn 0.00000000 -0.00000034 -1.00000000
vn 1.00000000 0.00000000 0.00000000
vn -0.00016799 0.78832528 0.61525866
vn 1.00000000 0.00000000 0.00000000
vn 0.00000000 1.00000000 -0.00000034
vn -1.00000000 0.00000000 0.00000000
vn 0.00000000 1.00000000 -0.00000034
vn 0.00000000 0.00000034 1.00000000
vn -1.00000000 0.00000000 0.00000000
vn -1.00000000 0.00000000 0.00000000
vn 0.00000000 0.69639207 0.71766154
vn 1.00000000 0.00000000 0.00000000
vn 0.00000000 0.64624884 0.76312675
vn -0.00000000 0.00000034 1.00000000
vn 0.00000000 0.13194516 0.99125702
vn -0.00000000 0.00000034 1.00000000
vn -1.00000000 0.00000000 0.00000000
vn 0.00000000 0.13194183 -0.99125746
vn -1.00000000 0.00000000 0.00000000
vn 0.00000000 -0.00000034 -1.00000000
vn 0.00000000 -0.00000034 -1.00000000
vn -1.00000000 0.00000000 0.00000000
vn -0.00000000 1.00000000 -0.00000034
vn 0.00000000 1.00000000 -0.00000034
vn -0.00000000 1.00000000 -0.00000034
vn 0.00000000 1.00000000 -0.00000034
vn 0.00000000 1.00000000 -0.00000034
vn 0.00000000 1.00000000 -0.00000034
vn 0.98640106 -0.00000006 -0.16435617
vn -0.00000000 1.00000000 -0.00000034
vn 0.00000000 1.00000000 -0.00000034
vn 1.00000000 0.00000000 0.00000000
vn 1.00000000 0.00000000 0.00000000
vn 0.00000000 0.00000034 1.00000000
vn 0.00000000 1.00000000 -0.00000034
vn 0.00000000 0.00000034 1.00000000
vn -1.00000000 0.00000000 0.00000000
vn 0.00000000 1.00000000 -0.00000034
vn 0.00000000 1.00000000 -0.00000034
vn -1.00000000 0.00000000 0.00000000
vn -0.98640106 -0.00000006 -0.16435617
vn -1.00000000 0.00000000 0.00000000
vn 0.00000000 1.00000000 -0.00000034
vn -0.98640106 -0.00000006 -0.16435617
vn -0.00000000 1.00000000 -0.00000034
vn -0.00000000 1.00000000 -0.00000034
vn -0.97051503 -0.00000008 -0.24104063
vn -0.00000000 1.00000000 -0.00000034
vn -0.00000000 1.00000000 -0.00000034
vn -0.89830746 -0.00000015 -0.43936740
vn -0.00000000 1.00000000 -0.00000034
vn -0.77333725 -0.00000021 -0.63399488
vn -0.70710678 -0.00000024 -0.70710678
vn -0.00000000 1.00000000 -0.00000034
vn -0.69007896 -0.00000024 -0.72373409
vn 0.00000000 1.00000000 -0.00000034
vn -0.77171661 -0.00000021 -0.63596656
vn -0.00000000 1.00000000 -0.00000034
vn -0.90122436 -0.00000015 -0.43335280
vn 0.00000000 1.00000000 -0.00000034
vn -0.98069102 -0.00000007 -0.19556360
vn -0.00000000 1.00000000 -0.00000034
vn -0.99864379 0.00000002 0.05206320
vn -0.00000000 1.00000000 -0.00000034
vn -0.00000000 1.00000000 -0.00000034
vn -0.95695286 0.00000010 0.29024340
vn -0.00000000 1.00000000 -0.00000034
vn -0.00000000 1.00000000 -0.00000034
vn -0.85638702 0.00000017 0.51633446
vn -0.00000000 1.00000000 -0.00000034
vn -0.00000000 1.00000000 -0.00000034
vn -0.71080277 0.00000024 0.70339137
vn -0.00000000 1.00000000 -0.00000034
vn 0.00000000 1.00000000 -0.00000034
vn -0.51792304 0.00000029 0.85542722
vn -0.00000000 1.00000000 -0.00000034
vn 0.00000000 1.00000000 -0.00000034
vn -0.28699633 0.00000032 0.95793168
vn 0.00000000 1.00000000 -0.00000034
vn -0.05206292 0.00000034 0.99864381
vn -0.00000000 1.00000000 -0.00000034
vn 0.19555835 0.00000033 0.98069207
vn -0.00000000 1.00000000 -0.00000034
vn 0.19555835 0.00000033 0.98069207
vn -0.00000000 1.00000000 -0.00000034
vn 0.43335307 0.00000030 0.90122423
vn 0.00000000 1.00000000 -0.00000034
vn 1.00000000 0.00000000 0.00000000
vn 0.00000000 0.00000034 1.00000000
vn 0.14139751 0.00000033 0.98995290
vn -0.00000000 1.00000000 -0.00000034
vn 0.00000000 0.00000034 1.00000000
vn 0.00000000 0.00000034 1.00000000
vn -0.00000000 1.00000000 -0.00000034
vn 0.14139751 0.00000033 0.98995290
vn -0.00000000 1.00000000 -0.00000034
vn 0.25825681 0.00000033 0.96607630
vn 0.00000000 1.00000000 -0.00000034
vn 0.25825681 0.00000033 0.96607630
vn 0.00000000 1.00000000 -0.00000034
vn 0.40969352 0.00000031 0.91222323
vn 0.00000000 1.00000000 -0.00000034
vn 0.40969352 0.00000031 0.91222323
vn -0.00000000 1.00000000 -0.00000034
vn 0.62868034 0.00000026 0.77766383
vn -0.00000000 1.00000000 -0.00000034
vn 0.62868034 0.00000026 0.77766383
vn 0.72373409 0.00000023 0.69007896
vn -0.00000000 1.00000000 -0.00000034
vn 0.78085657 0.00000021 0.62471034
vn 0.78085657 0.00000021 0.62471034
vn -0.00000000 1.00000000 -0.00000034
vn 0.72373409 0.00000023 0.69007896
vn 0.00000000 1.00000000 -0.00000034
vn 0.63596595 0.00000026 0.77171712
vn 0.00000000 1.00000000 -0.00000034
vn 0.63596595 0.00000026 0.77171712
vn 0.43335307 0.00000030 0.90122423
vn 0.00000000 1.00000000 -0.00000034
vn 0.00000000 1.00000000 -0.00000034
vn -0.00000000 1.00000000 -0.00000034
vn -0.70690936 0.00043367 -0.70730401
vn 0.00000000 -0.00000034 -1.00000000
vn 0.00000000 -1.00000000 0.00000034
vn 0.00000000 -1.00000000 0.00000034
vn 0.68043498 -0.00000025 -0.73280846
vn 0.00000000 -0.00000034 -1.00000000
vn -0.68045594 -0.00000025 -0.73278900
vn 0.00000000 -1.00000000 0.00000034
vn 0.00000000 -0.00000034 -1.00000000
vn 0.00000000 -0.00000034 -1.00000000
vn 0.70690973 0.00043403 -0.70730365
vn -0.00000000 1.00000000 -0.00000034
vn 0.70729135 0.00031731 -0.70692209
vn 1.00000000 0.00000000 0.00000000
vn -0.00000000 1.00000000 -0.00000034
vn 1.00000000 0.00000000 0.00000000
vn 0.70710783 0.00000024 0.70710573
vn 0.00000000 1.00000000 -0.00000034
vn 0.00000000 1.00000000 -0.00000034
vn 0.70710783 0.00000024 0.70710573
vn -0.00000000 0.00000034 1.00000000
vn 0.00000000 0.64624884 0.76312675
vn -1.00000000 0.00000000 0.00000000
vn -0.00000000 0.00000034 1.00000000
vn 0.00000000 0.00000034 1.00000000
vn -0.00000000 0.00000034 1.00000000
vn 0.00000000 0.00000034 1.00000000
vn -1.00000000 0.00000000 0.00000000
vn -0.00000000 0.00000034 1.00000000
vn 0.00000000 0.00000034 1.00000000
vn -0.00000000 1.00000000 -0.00000034
vn 1.00000000 0.00000000 0.00000000
vn 0.00000000 1.00000000 -0.00000034
vn 0.00000000 0.00000034 1.00000000
vn -1.00000000 0.00000000 0.00000000
vn 0.00000000 0.00000034 1.00000000
vn 0.00000000 1.00000000 -0.00000034
vn 0.00000000 1.00000000 -0.00000034
vn 0.00000000 0.00000034 1.00000000
vn 0.00000000 0.00000034 1.00000000
vn 1.00000000 0.00000000 0.00000000
vn -1.00000000 0.00000000 0.00000000
vn 0.00000000 0.96577314 -0.25938819
vn 1.00000000 0.00000000 0.00000000
vn 0.00000000 0.86578919 -0.50040892
vn -1.00000000 0.00000000 0.00000000
vn 0.00000000 0.86578919 -0.50040892
vn 1.00000000 0.00000000 0.00000000
vn 0.00000000 0.70710824 -0.70710532
vn -1.00000000 0.00000000 0.00000000
vn 0.00000000 0.70710824 -0.70710532
vn 1.00000000 0.00000000 0.00000000
vn 0.00000000 0.50040824 -0.86578958
vn -1.00000000 0.00000000 0.00000000
vn 0.00000000 0.50040824 -0.86578958
vn -1.00000000 0.00000000 0.00000000
vn 0.00000000 0.25938676 -0.96577353
vn 0.00000000 0.25938676 -0.96577353
vn 1.00000000 0.00000000 0.00000000
vn 1.00000000 0.00000000 0.00000000
vn 0.00000000 0.96577314 -0.25938819
vn 0.00000000 1.00000000 -0.00000034
vn -1.00000000 0.00000000 0.00000000
vn 0.00000000 0.99125782 -0.13193911
vn 0.00000000 0.99125782 -0.13193911
vn 1.00000000 0.00000000 0.00000000
vn 0.00000000 1.00000000 -0.00000034
vn 0.00000000 0.86630405 0.49951706
vn 1.00000000 0.00000000 0.00000000
vn 0.00000000 0.70688576 0.70732773
vn 1.00000000 0.00000000 0.00000000
vn 1.00000000 0.00000000 0.00000000
vn 0.00000000 0.49924396 0.86646146
vn -1.00000000 0.00000000 0.00000000
vn 0.00000000 0.49924396 0.86646146
vn -1.00000000 0.00000000 0.00000000
vn 0.00000000 0.70688576 0.70732773
vn -1.00000000 0.00000000 0.00000000
vn 0.00000000 0.86630405 0.49951706
vn 1.00000000 0.00000000 0.00000000
vn 0.00000000 0.96577314 0.25938821
vn -1.00000000 0.00000000 0.00000000
vn 0.00000000 0.96577314 0.25938821
vn 0.00000000 1.00000000 -0.00000034
vn 1.00000000 0.00000000 0.00000000
vn 0.00000000 0.99125786 0.13193880
vn 0.00000000 1.00000000 -0.00000034
vn 0.00000000 0.99125786 0.13193880
vn -1.00000000 0.00000000 0.00000000
vn 0.00000000 0.98108066 0.19359942
vn -1.00000000 0.00000000 0.00000000
vn 0.00000000 0.90459100 0.42628056
vn -1.00000000 0.00000000 0.00000000
vn 0.00000000 0.77434226 0.63276699
vn -1.00000000 0.00000000 0.00000000
vn 0.00000000 0.59724871 0.80205610
vn -1.00000000 0.00000000 0.00000000
vn -1.00000000 0.00000000 0.00000000
vn 0.00000000 0.38524912 0.92281261
vn 0.00000000 0.14689695 0.98915180
vn -1.00000000 0.00000000 0.00000000
vn -1.00000000 0.00000000 0.00000000
vn 0.00000000 0.14689695 0.98915180
vn -1.00000000 0.00000000 0.00000000
vn 0.00000000 1.00000000 -0.00000034
vn 0.00000000 0.02213357 0.99975502
vn 0.00000000 0.02213357 0.99975502
vn 0.00000000 1.00000000 -0.00000034
vn -1.00000000 0.00000000 0.00000000
vn -1.00000000 0.00000000 0.00000000
vn 0.00000000 -0.00000034 -1.00000000
vn 0.00000000 0.13194183 -0.99125746
vn 0.00000000 0.13194183 -0.99125746
vn -0.00000000 -0.00000034 -1.00000000
vn 1.00000000 0.00000000 0.00000000
vn 0.00000000 0.00000034 1.00000000
vn 0.00000000 0.13194516 0.99125702
vn 1.00000000 0.00000000 0.00000000
vn 1.00000000 0.00000000 0.00000000
vn 0.00000000 0.25938871 0.96577300
vn 0.00000000 0.25938871 0.96577300
vn -1.00000000 0.00000000 0.00000000
vn 0.00000000 1.00000000 -0.00000034
vn 0.00000000 0.98485733 -0.17336675
vn -1.00000000 0.00000000 0.00000000
vn -1.00000000 0.00000000 0.00000000
vn 0.00000000 0.99864849 -0.05197294
vn -1.00000000 0.00000000 0.00000000
vn 0.00000000 0.98108066 0.19359942
vn -1.00000000 0.00000000 0.00000000
vn 0.00000000 0.90459100 0.42628056
vn -1.00000000 0.00000000 0.00000000
vn 0.00000000 0.77434226 0.63276699
vn -1.00000000 0.00000000 0.00000000
vn 0.00000000 0.59724871 0.80205610
vn 0.00000000 0.38524912 0.92281261
vn -1.00000000 0.00000000 0.00000000
vn -1.00000000 0.00000000 0.00000000
vn 0.00000000 -0.00000034 -1.00000000
vn 0.00000000 1.00000000 -0.00000034
vn -1.00000000 0.00000000 0.00000000
vn 0.00000000 1.00000000 -0.00000034
vn -0.00000000 -0.00000034 -1.00000000
vn 1.00000000 0.00000000 0.00000000
vn -0.00000000 -0.00000034 -1.00000000
vn -0.00000000 1.00000000 -0.00000034
vn -0.00000000 1.00000000 -0.00000034
vn 0.00000000 1.00000000 -0.00000034
vn -0.00000000 1.00000000 -0.00000034
vn 0.00000000 1.00000000 -0.00000034
vn 0.00000000 -0.00000034 -1.00000000
vn 1.00000000 0.00000000 0.00000000
vn 0.00000000 0.00000034 1.00000000
vn 1.00000000 0.00000000 0.00000000
vn -0.00000000 1.00000000 -0.00000034
vn -0.70729067 0.00031705 -0.70692277
vn 0.00000000 1.00000000 -0.00000034
vn -1.00000000 0.00000000 0.00000000
vn -1.00000000 0.00000000 0.00000000
vn -0.70710731 0.00000024 0.70710625
vn -0.70777858 -0.00000024 -0.70643435
vn -1.00000000 0.00000000 0.00000000
vn 0.00000000 -1.00000000 0.00000034
vn 0.00000000 -1.00000000 0.00000034
vn -0.69424859 0.00006136 -0.71973529
vn 0.69423886 0.00006141 -0.71974468
vn 0.00000000 -1.00000000 0.00000034
vn 1.00000000 0.00000000 0.00000000
vn 0.70777966 -0.00000024 -0.70643327
vn 0.70710783 0.00000024 0.70710573
vn 1.00000000 0.00000000 0.00000000
vn -0.00000000 0.00000034 1.00000000
vn 0.70710783 0.00000024 0.70710573
vn -0.70710731 0.00000024 0.70710625
vn 0.00000000 0.00000034 1.00000000
vn 0.00000000 0.00000034 1.00000000
vn 0.00000000 0.00000034 1.00000000
vn 0.00000000 0.64624884 0.76312675
vn -1.00000000 0.00000000 0.00000000
vn 0.00000000 0.00000034 1.00000000
vn 0.00000000 0.13194516 0.99125702
vn 0.00000000 0.00000034 1.00000000
vn -1.00000000 0.00000000 0.00000000
vn -1.00000000 0.00000000 0.00000000
vn 0.00154707 0.87981936 0.47530570
vn 0.00000000 0.88541733 0.46479689
vn -1.00000000 0.00000000 0.00000000
vn 0.00000000 0.99238191 0.12319963
vn -1.00000000 0.00000000 0.00000000
vn 0.00000000 1.00000000 -0.00000034
vn 0.00000000 1.00000000 -0.00000034
vn -1.00000000 0.00000000 0.00000000
vn 0.00000000 0.98485733 -0.17336675
vn 0.00000000 0.99864849 -0.05197294
vn -1.00000000 0.00000000 0.00000000
vn 1.00000000 0.00000000 0.00000000
vn -0.00000000 -0.00000034 -1.00000000
vn -1.00000000 0.00000000 0.00000000
vn -0.00000000 1.00000000 -0.00000034
vn -1.00000000 0.00000000 0.00000000
vn -0.00000000 1.00000000 -0.00000034
vn -0.70710731 0.00000024 0.70710625
vn -0.70710731 0.00000024 0.70710625
vn -0.00000000 1.00000000 -0.00000034
vn 0.00000000 0.00000034 1.00000000
vn 0.00000000 0.00000034 1.00000000
vn 0.00000000 0.00000034 1.00000000
vn 1.00000000 0.00000000 0.00000000
vn 0.00000000 0.64624884 0.76312675
vn -1.00000000 0.00000000 0.00000000
vn 0.00165382 0.73546031 0.67756579
vn -1.00000000 0.00000000 0.00000000
vn 0.00016799 0.78832528 0.61525866
vn 1.00000000 0.00000000 0.00000000
vn -0.00000000 1.00000000 -0.00000034
vn 0.00000000 0.00000034 1.00000000
vn 0.00000000 1.00000000 -0.00000034
vn 1.00000000 0.00000000 0.00000000
vn 1.00000000 0.00000000 0.00000000
vn 0.00000000 0.69639207 0.71766154
vn 0.00000000 -0.00000034 -1.00000000
vn 0.00000000 -0.00000034 -1.00000000
vn 0.00000000 -0.00000034 -1.00000000
vn 0.00000000 -0.00000034 -1.00000000
vn -0.00000000 -0.00000034 -1.00000000
vn 0.00000000 -0.00000034 -1.00000000
vn -0.00000000 -0.00000034 -1.00000000
vn -0.00000000 -0.00000034 -1.00000000
vn 0.00000000 -0.00000034 -1.00000000
vn -0.00000000 -0.00000034 -1.00000000
vn 0.00000000 -0.00000034 -1.00000000
vn -0.00000000 -0.00000034 -1.00000000
vn -0.00000000 -0.00000034 -1.00000000
vn 0.00000000 -0.00000034 -1.00000000
vn -0.00000000 -0.00000034 -1.00000000
vn 0.00000000 -0.00000034 -1.00000000
vn 0.00000000 -0.00000034 -1.00000000
vn 0.00000000 -0.00000034 -1.00000000
vn 0.00000000 -0.00000034 -1.00000000
vn -0.00000000 -0.00000034 -1.00000000
vn -0.00000000 -0.00000034 -1.00000000
vn -0.00000000 -0.00000034 -1.00000000
vn -0.00000000 -0.00000034 -1.00000000
vn 0.00000000 -0.00000034 -1.00000000
vn 0.00000000 -0.00000034 -1.00000000
vn 0.00774500 0.70761942 -0.70655132
vn 0.19124573 0.68804722 -0.70001149
vn -0.00000000 -0.00000034 -1.00000000
vn 0.00603069 0.70770145 -0.70648587
vn -0.00000000 -0.00000034 -1.00000000
vn 0.19017202 0.68915188 -0.69921691
vn 0.36128848 0.61723558 -0.69892122
vn 0.00000000 -0.00000034 -1.00000000
vn 0.36201458 0.61652047 -0.69917662
vn 0.50766932 0.49992561 -0.70167389
vn 0.00000000 -0.00000034 -1.00000000
vn 0.50811131 0.49929914 -0.70180002
vn 0.62255935 0.35168012 -0.69910010
vn -0.00000000 -0.00000034 -1.00000000
vn 0.62301854 0.35159197 -0.69873527
vn 0.69424747 0.18136101 -0.69651176
vn 0.00000000 -0.00000034 -1.00000000
vn 0.69363293 0.18125510 -0.69715131
vn 0.70797146 -0.00498353 -0.70622346
vn 0.00000000 -0.00000034 -1.00000000
vn 0.70689287 -0.00601296 -0.70729507
vn 0.67911309 -0.18834000 -0.70945997
vn 0.00000000 -0.00000034 -1.00000000
vn 0.67898524 -0.18805349 -0.70965831
vn 0.60881999 -0.35729792 -0.70829119
vn 0.00000000 -0.00000034 -1.00000000
vn 0.60805177 -0.35940607 -0.70788439
vn 0.49927934 -0.50735871 -0.70235838
vn 0.00000000 -0.00000034 -1.00000000
vn 0.49930092 -0.50811204 -0.70179822
vn 0.35370219 -0.62140929 -0.69910318
vn 0.00000000 -0.00000034 -1.00000000
vn 0.35303705 -0.62099777 -0.69980469
vn 0.17887179 -0.68246232 -0.70869603
vn -0.00000000 -0.00000034 -1.00000000
vn 0.17651506 -0.68170530 -0.71001431
vn 0.04490047 -0.70342916 -0.70934573
vn -0.00000000 -0.00000034 -1.00000000
vn -0.00814512 -0.70321326 -0.71093232
vn -0.04775358 -0.70557862 -0.70702080
vn -0.18810588 -0.67905030 -0.70958218
vn 0.00000000 -0.00000034 -1.00000000
vn -0.18772413 -0.67987495 -0.70889330
vn -0.36084562 -0.61653608 -0.69976688
vn -0.00000000 -0.00000034 -1.00000000
vn -0.36172108 -0.61665800 -0.69920724
vn -0.50797021 -0.49966835 -0.70163937
vn -0.00000000 -0.00000034 -1.00000000
vn -0.50842860 -0.49901533 -0.70177208
vn -0.62198562 -0.35264047 -0.69912702
vn -0.00000000 -0.00000034 -1.00000000
vn -0.62239487 -0.35269131 -0.69873705
vn -0.69424644 -0.18136180 -0.69651258
vn -0.00000000 -0.00000034 -1.00000000
vn -0.69363187 -0.18125471 -0.69715247
vn -0.70796941 0.00498325 -0.70622552
vn -0.00000000 -0.00000034 -1.00000000
vn -0.70700638 0.00597360 -0.70718194
vn -0.68226170 0.18711856 -0.70675711
vn 0.00000000 -0.00000034 -1.00000000
vn -0.68099228 0.18911878 -0.70744865
vn -0.60402276 0.35617196 -0.71295024
vn -0.00000000 -0.00000034 -1.00000000
vn -0.60356617 0.35633344 -0.71325616
vn -0.49332059 0.50248172 -0.71003303
vn -0.00000000 -0.00000034 -1.00000000
vn -0.49527172 0.50227522 -0.70881981
vn -0.35298091 0.62099729 -0.69983344
vn 0.00000000 -0.00000034 -1.00000000
vn -0.35345915 0.62161098 -0.69904679
vn -0.18173828 0.69163413 -0.69900889
vn -0.17914291 0.69157618 -0.69973581
vn 0.00000000 -0.00000034 -1.00000000
vn -0.00000000 -0.00000034 -1.00000000
vn 0.01856137 0.70737494 -0.70659477
vn 0.20019550 0.68335323 -0.70210407
vn 0.00000000 -0.00000034 -1.00000000
vn 0.01925900 0.70748986 -0.70646103
vn 0.00000000 -0.00000034 -1.00000000
vn 0.20043671 0.68338806 -0.70200134
vn 0.36967193 0.60574445 -0.70456818
vn 0.00000000 -0.00000034 -1.00000000
vn 0.37054016 0.60392772 -0.70567082
vn 0.51200813 0.48679328 -0.70772874
vn 0.00000000 -0.00000034 -1.00000000
vn 0.51188377 0.48623999 -0.70819889
vn 0.62054711 0.33805652 -0.70755853
vn -0.00000000 -0.00000034 -1.00000000
vn 0.62132128 0.33732713 -0.70722717
vn 0.68965792 0.16684329 -0.70465259
vn -0.00000000 -0.00000034 -1.00000000
vn 0.68960995 0.16650108 -0.70478047
vn 0.70728164 -0.01840981 -0.70669213
vn -0.00000000 -0.00000034 -1.00000000
vn 0.70749526 -0.01902415 -0.70646199
vn 0.68335255 -0.20019656 -0.70210443
vn -0.00000000 -0.00000034 -1.00000000
vn 0.68338759 -0.20043726 -0.70200165
vn 0.60574443 -0.36967230 -0.70456801
vn 0.00000000 -0.00000034 -1.00000000
vn 0.60392812 -0.37054053 -0.70567027
vn 0.48679471 -0.51200955 -0.70772673
vn -0.00000000 -0.00000034 -1.00000000
vn 0.48684587 -0.51204358 -0.70766692
vn 0.33946572 -0.62266178 -0.70502151
vn 0.00000000 -0.00000034 -1.00000000
vn 0.34063423 -0.62301900 -0.70414179
vn 0.17025733 -0.69041685 -0.70309105
vn 0.00000000 -0.00000034 -1.00000000
vn 0.17015268 -0.68853564 -0.70495868
vn 0.04164765 -0.70282786 -0.71013975
vn -0.00000000 -0.00000034 -1.00000000
vn -0.02451027 -0.70250105 -0.71126052
vn -0.05432105 -0.70556901 -0.70655615
vn -0.20019632 -0.68335279 -0.70210427
vn 0.00000000 -0.00000034 -1.00000000
vn -0.20043692 -0.68338820 -0.70200114
vn -0.36967220 -0.60574679 -0.70456603
vn -0.00000000 -0.00000034 -1.00000000
vn -0.37054002 -0.60393084 -0.70566822
vn -0.51200939 -0.48679527 -0.70772647
vn -0.00000000 -0.00000034 -1.00000000
vn -0.51204334 -0.48684611 -0.70766693
vn -0.62233938 -0.34005910 -0.70502022
vn 0.00000000 -0.00000034 -1.00000000
vn -0.62248321 -0.34099738 -0.70443980
vn -0.68995649 -0.16691811 -0.70434252
vn 0.00000000 -0.00000034 -1.00000000
vn -0.68973555 -0.16635748 -0.70469146
vn -0.70699754 0.01915838 -0.70695646
vn 0.00000000 -0.00000034 -1.00000000
vn -0.70734476 0.01819488 -0.70663451
vn -0.68141560 0.20033312 -0.70394561
vn 0.00000000 -0.00000034 -1.00000000
vn -0.68187522 0.19915293 -0.70383541
vn -0.60257798 0.36842514 -0.70792845
vn -0.00000000 -0.00000034 -1.00000000
vn -0.60209537 0.36818847 -0.70846201
vn -0.48703842 0.51096761 -0.70831185
vn -0.00000000 -0.00000034 -1.00000000
vn -0.48788916 0.51104814 -0.70766798
vn -0.33946594 0.62266202 -0.70502120
vn 0.00000000 -0.00000034 -1.00000000
vn -0.34063552 0.62301922 -0.70414096
vn -0.16653725 0.69129090 -0.70312320
vn -0.16756943 0.69082373 -0.70333709
vn -0.00000000 -0.00000034 -1.00000000
vn 0.00000000 -0.00000034 -1.00000000
vn -0.02760184 0.44907004 -0.89307012
vn -0.14257568 0.42623289 -0.89330717
vn -0.02692495 0.44882808 -0.89321241
vn -0.14180634 0.42609296 -0.89349636
vn -0.24587956 0.37538570 -0.89366035
vn -0.24744337 0.37528691 -0.89327012
vn -0.33794116 0.29970425 -0.89217326
vn -0.33864102 0.29989376 -0.89184415
vn -0.40397711 0.20226460 -0.89212753
vn -0.40310689 0.20263117 -0.89243792
vn -0.44107715 0.08970394 -0.89297489
vn -0.43980922 0.09047679 -0.89352213
vn -0.44660609 -0.02634888 -0.89434263
vn -0.44621884 -0.02582670 -0.89455113
vn -0.42522892 -0.14038520 -0.89413218
vn -0.42568399 -0.14160802 -0.89372272
vn -0.37557903 -0.24776771 -0.89305742
vn -0.37582694 -0.24831325 -0.89280157
vn -0.29898079 -0.33648405 -0.89296639
vn -0.29869876 -0.33639830 -0.89309307
vn -0.20108612 -0.40127770 -0.89361098
vn -0.20100749 -0.40127773 -0.89362865
vn -0.09037018 -0.44033840 -0.89327226
vn -0.09024923 -0.44064148 -0.89313502
vn 0.02560296 -0.44893996 -0.89319505
vn 0.02648877 -0.44937394 -0.89295096
vn 0.14276186 -0.42758854 -0.89262931
vn 0.14269250 -0.42733226 -0.89276312
vn 0.24687343 -0.37436382 -0.89381499
vn 0.24579313 -0.37420776 -0.89417800
vn 0.33502651 -0.29734543 -0.89405981
vn 0.33509233 -0.29741009 -0.89401363
vn 0.40094625 -0.20096429 -0.89378714
vn 0.40141742 -0.20081331 -0.89360957
vn 0.44022756 -0.09071187 -0.89329225
vn 0.44052355 -0.09055988 -0.89316175
vn 0.44915974 0.02600013 -0.89307308
vn 0.44901186 0.02566070 -0.89315725
vn 0.42610874 0.14258131 -0.89336550
vn 0.42562308 0.14114670 -0.89382471
vn 0.37327661 0.24534651 -0.89468970
vn 0.37309502 0.24582048 -0.89463535
vn 0.29806607 0.33647190 -0.89327671
vn 0.29859526 0.33732083 -0.89277967
vn 0.20214346 0.40364420 -0.89230566
vn 0.20243803 0.40324637 -0.89241874
vn 0.09164558 0.44063959 -0.89299375
vn 0.09164994 0.44029851 -0.89316153
vn 0.00000000 -0.00000034 -1.00000000
vn 0.00000000 -0.00000034 -1.00000000
vn 0.00000000 -0.00000034 -1.00000000
vn -0.00000000 -0.00000034 -1.00000000
vn 0.00000000 -0.00000034 -1.00000000
vn 0.00000000 -0.00000034 -1.00000000
vn 0.00000000 -0.00000034 -1.00000000
vn 0.00000000 -0.00000034 -1.00000000
vn 0.00000000 -0.00000034 -1.00000000
vn 0.00000000 -0.00000034 -1.00000000
vn -0.00000000 -0.00000034 -1.00000000
vn -0.00000000 -0.00000034 -1.00000000
vn 0.00000000 -0.00000034 -1.00000000
vn -0.00000000 -0.00000034 -1.00000000
vn 0.00000000 -0.00000034 -1.00000000
vn 0.00000000 -0.00000034 -1.00000000
vn -0.00000000 -0.00000034 -1.00000000
vn -0.00000000 -0.00000034 -1.00000000
vn -0.00000000 -0.00000034 -1.00000000
vn -0.00000000 -0.00000034 -1.00000000
vn 0.00000000 -0.00000034 -1.00000000
vn 0.00000000 -0.00000034 -1.00000000
vn -0.00000000 -0.00000034 -1.00000000
vn -0.00000000 -0.00000034 -1.00000000
vn -0.00000000 -0.00000034 -1.00000000
vn 0.00000000 -1.00000000 0.00000034
vn 0.00000000 -1.00000000 0.00000034
vn 0.00000000 -1.00000000 0.00000034
vn 0.00000000 -1.00000000 0.00000034
vn -0.99227788 -0.12403473 0.00000004
vn -0.00000000 -0.00000034 -1.00000000
vn -0.00000000 -0.00000034 -1.00000000
vn -0.96830853 -0.24975708 0.00000008
vn -0.99227788 -0.12403473 0.00000004
vn -0.96830853 -0.24975708 0.00000008
vn -0.00000000 -0.00000034 -1.00000000
vn -0.86400619 -0.50348118 0.00000017
vn -0.86400619 -0.50348118 0.00000017
vn 0.00000000 -0.00000034 -1.00000000
vn -0.70710777 -0.70710580 0.00000024
vn -0.70710777 -0.70710580 0.00000024
vn 0.00000000 -0.00000034 -1.00000000
vn -0.50348295 -0.86400516 0.00000029
vn -0.50348295 -0.86400516 0.00000029
vn -0.00000000 -0.00000034 -1.00000000
vn -0.24975559 -0.96830891 0.00000033
vn -0.24975559 -0.96830891 0.00000033
vn -0.12403038 -0.99227842 0.00000033
vn -0.00000000 -0.00000034 -1.00000000
vn -0.12403038 -0.99227842 0.00000033
vn 0.12402994 -0.99227848 0.00000033
vn 0.00000000 -0.00000034 -1.00000000
vn 0.00000000 -0.00000034 -1.00000000
vn 0.25548075 -0.96681414 0.00000033
vn 0.12402994 -0.99227848 0.00000033
vn 0.25548075 -0.96681414 0.00000033
vn -0.00000000 -0.00000034 -1.00000000
vn 0.50858669 -0.86101079 0.00000029
vn 0.50858669 -0.86101079 0.00000029
vn -0.00000000 -0.00000034 -1.00000000
vn 0.70710777 -0.70710580 0.00000024
vn 0.70710777 -0.70710580 0.00000024
vn 0.00000000 -0.00000034 -1.00000000
vn 0.86400619 -0.50348118 0.00000017
vn 0.86400619 -0.50348118 0.00000017
vn 0.00000000 -0.00000034 -1.00000000
vn 0.96830853 -0.24975708 0.00000008
vn 0.96830853 -0.24975708 0.00000008
vn 0.99227788 -0.12403473 0.00000004
vn 0.00000000 -0.00000034 -1.00000000
vn 0.99227788 -0.12403473 0.00000004
vn -0.00000000 -0.00000034 -1.00000000
vn 0.00000000 -0.00000034 -1.00000000
vn 0.00033935 0.99999994 -0.00000034
vn 0.00000000 -0.00000034 -1.00000000
vn 0.25740104 0.96630466 -0.00000033
vn 0.00000000 -0.00000034 -1.00000000
vn 0.50106422 0.86541010 -0.00000029
vn -0.00000000 -0.00000034 -1.00000000
vn 0.70859709 0.70561333 -0.00000024
vn -0.00000000 -0.00000034 -1.00000000
vn -0.00000000 -0.00000034 -1.00000000
vn -0.00000000 -0.00000034 -1.00000000
vn -0.00000000 -0.00000034 -1.00000000
vn -0.00000000 -0.00000034 -1.00000000
vn 0.00000000 -0.00000034 -1.00000000
vn 0.86595531 0.50012138 -0.00000017
vn 0.00000000 -0.00000034 -1.00000000
vn 0.00000000 -0.00000034 -1.00000000
vn 0.96612907 0.25805932 -0.00000009
vn -0.00000000 -0.00000034 -1.00000000
vn 0.99999994 -0.00033937 0.00000000
vn 0.00000000 -0.00000034 -1.00000000
vn 0.96630454 -0.25740149 0.00000009
vn -0.00000000 -0.00000034 -1.00000000
vn 0.86646546 -0.49923703 0.00000017
vn 0.00000000 -0.00000034 -1.00000000
vn 0.70710670 -0.70710686 0.00000024
vn -0.00000000 -0.00000034 -1.00000000
vn 0.49923746 -0.86646521 0.00000029
vn 0.00000000 -0.00000034 -1.00000000
vn 0.25740212 -0.96630438 0.00000033
vn 0.00000000 -0.00000034 -1.00000000
vn 0.00033935 -0.99999994 0.00000034
vn 0.00000000 -0.00000034 -1.00000000
vn -0.25805991 -0.96612892 0.00000033
vn -0.00000000 -0.00000034 -1.00000000
vn -0.50012112 -0.86595547 0.00000029
vn -0.00000000 -0.00000034 -1.00000000
vn -0.70561315 -0.70859726 0.00000024
vn 0.00000000 -0.00000034 -1.00000000
vn -0.86541029 -0.50106389 0.00000017
vn -0.00000000 -0.00000034 -1.00000000
vn -0.96630462 -0.25740122 0.00000009
vn 0.00000000 -0.00000034 -1.00000000
vn -0.99999994 -0.00033937 0.00000000
vn -0.00000000 -0.00000034 -1.00000000
vn -0.00000000 -0.00000034 -1.00000000
vn -0.96612915 0.25805905 -0.00000009
vn 0.00000000 -0.00000034 -1.00000000
vn -0.86489829 0.50194716 -0.00000017
vn -0.00000000 -0.00000034 -1.00000000
vn -0.00000000 -0.00000034 -1.00000000
vn 0.00000000 -0.00000034 -1.00000000
vn 0.00000000 -0.00000034 -1.00000000
vn 0.00000000 -0.00000034 -1.00000000
vn 0.00000000 -0.00000034 -1.00000000
vn -0.70710669 0.70710687 -0.00000024
vn -0.00000000 -0.00000034 -1.00000000
vn -0.50194680 0.86489850 -0.00000029
vn 0.00000000 -0.00000034 -1.00000000
vn -0.00000000 -0.00000034 -1.00000000
vn -0.25805882 0.96612921 -0.00000033
vn -0.25805882 0.96612921 -0.00000033
vn 0.00033935 0.99999994 -0.00000034
vn 0.25740104 0.96630466 -0.00000033
vn 0.50106422 0.86541010 -0.00000029
vn 0.70859709 0.70561333 -0.00000024
vn 0.86595531 0.50012138 -0.00000017
vn 0.96612907 0.25805932 -0.00000009
vn 0.99999994 -0.00033937 0.00000000
vn 0.96630454 -0.25740149 0.00000009
vn 0.86646546 -0.49923703 0.00000017
vn 0.70710670 -0.70710686 0.00000024
vn 0.49923746 -0.86646521 0.00000029
vn 0.25740212 -0.96630438 0.00000033
vn 0.00033935 -0.99999994 0.00000034
vn -0.25805991 -0.96612892 0.00000033
vn -0.50012112 -0.86595547 0.00000029
vn -0.70561315 -0.70859726 0.00000024
vn -0.86541029 -0.50106389 0.00000017
vn -0.96630462 -0.25740122 0.00000009
vn -0.99999994 -0.00033937 0.00000000
vn -0.96612915 0.25805905 -0.00000009
vn -0.86489829 0.50194716 -0.00000017
vn -0.70710669 0.70710687 -0.00000024
vn -0.50194680 0.86489850 -0.00000029
vn 1.00000000 0.00000000 0.00000000
vn 1.00000000 0.00000000 0.00000000
vn 1.00000000 0.00000000 0.00000000
vn 1.00000000 0.00000000 0.00000000
vn 1.00000000 0.00000000 0.00000000
vn 1.00000000 0.00000000 0.00000000
vn 1.00000000 0.00000000 0.00000000
vn 1.00000000 0.00000000 0.00000000
vn 1.00000000 0.00000000 0.00000000
vn 1.00000000 0.00000000 0.00000000
vn 1.00000000 0.00000000 0.00000000
vn 1.00000000 0.00000000 0.00000000
vn 1.00000000 0.00000000 0.00000000
vn 1.00000000 0.00000000 0.00000000
vn -1.00000000 0.00000000 0.00000000
vn -1.00000000 0.00000000 0.00000000
vn -1.00000000 0.00000000 0.00000000
vn -1.00000000 0.00000000 0.00000000
vn -1.00000000 0.00000000 0.00000000
vn -1.00000000 0.00000000 0.00000000
vn -1.00000000 0.00000000 0.00000000
vn -1.00000000 0.00000000 0.00000000
vn -1.00000000 0.00000000 0.00000000
vn -1.00000000 0.00000000 0.00000000
vn -1.00000000 0.00000000 0.00000000
vn -1.00000000 0.00000000 0.00000000
vn -1.00000000 0.00000000 0.00000000
vn -1.00000000 0.00000000 0.00000000
vn -0.00000000 -0.00000034 -1.00000000
vn 0.00000000 1.00000000 -0.00000034
vn 1.00000000 0.00000000 0.00000000
vn -0.00581083 0.99998312 -0.00000034
vn -0.00000000 -0.00000034 -1.00000000
vn 1.00000000 0.00000000 0.00000000
vn 1.00000000 0.00000000 0.00000000
vn 0.00000000 0.00000034 1.00000000
vn -0.00581083 0.99998312 -0.00000034
vn -0.00000000 0.00000034 1.00000000
vn -0.99972972 -0.02324823 0.00000001
vn -0.00581083 0.99998312 -0.00000034
vn -0.00581083 0.99998312 -0.00000034
vn -0.99972972 -0.02324823 0.00000001
vn 0.00000000 -0.00000034 -1.00000000
vn -0.00000000 -0.00000034 -1.00000000
vn -0.99972972 -0.02324823 0.00000001
vn 0.00000000 1.00000000 -0.00000034
vn -0.99999444 -0.00333318 0.00000000
vn -0.00000000 -0.00000034 -1.00000000
vn 0.00000000 1.00000000 -0.00000034
vn 0.00000000 0.00000034 1.00000000
vn -0.99999444 -0.00333318 0.00000000
vn 0.00000000 1.00000000 -0.00000034
vn -1.00000000 0.00000000 0.00000000
vn 0.00000000 1.00000000 -0.00000034
vn -0.00000000 -0.00000034 -1.00000000
vn 0.00000000 1.00000000 -0.00000034
vn -1.00000000 0.00000000 0.00000000
vn 0.00000000 -0.00000034 -1.00000000
vn 0.00000000 1.00000000 -0.00000034
vn 0.00000000 0.00000034 1.00000000
vn -1.00000000 0.00000000 0.00000000
vn 0.00000000 1.00000000 -0.00000034
vn -1.00000000 0.00000000 0.00000000
vn -0.00000000 0.00000034 1.00000000
vn -0.00000000 0.00000034 1.00000000
vn 0.00389148 -0.99999243 0.00000034
vn -0.99999444 -0.00333318 0.00000000
vn -0.99999444 -0.00333318 0.00000000
vn 0.00389148 -0.99999243 0.00000034
vn -0.00000000 -0.00000034 -1.00000000
vn 0.00389148 -0.99999243 0.00000034
vn 0.99999444 0.00333371 -0.00000000
vn -0.00000000 -0.00000034 -1.00000000
vn 0.99999444 0.00333371 -0.00000000
vn 0.00000000 1.00000000 -0.00000034
vn 0.00000000 -0.00000034 -1.00000000
vn -0.00000000 -0.00000034 -1.00000000
vn 0.00000000 1.00000000 -0.00000034
vn 1.00000000 0.00000000 0.00000000
vn 1.00000000 0.00000000 0.00000000
vn 0.00000000 1.00000000 -0.00000034
vn 0.00000000 -0.00000034 -1.00000000
vn 1.00000000 0.00000000 0.00000000
vn 0.00000000 0.00000034 1.00000000
vn 0.00000000 1.00000000 -0.00000034
vn 1.00000000 0.00000000 0.00000000
vn 0.00000000 1.00000000 -0.00000034
vn 0.00000000 0.00000034 1.00000000
vn 0.00000000 1.00000000 -0.00000034
vn -0.99972972 -0.02324823 0.00000001
vn -0.00000000 0.00000034 1.00000000
vn 0.00389148 -0.99999243 0.00000034
vn 0.00000000 0.00000034 1.00000000
vn 0.99999444 0.00333371 -0.00000000
vn 0.99999444 0.00333371 -0.00000000
vn 0.00000000 0.00000034 1.00000000
vn 0.00000000 1.00000000 -0.00000034
vn 1.00000000 0.00000000 0.00000000
vn 0.00000000 1.00000000 -0.00000034
vn 0.00000000 0.00000034 1.00000000
vn -0.00000000 0.00000034 1.00000000
vn -0.00666730 -0.99997777 0.00000034
vn -0.99996967 0.00778785 -0.00000000
vn -0.00000000 -0.00000034 -1.00000000
vn 0.00666517 0.99997779 -0.00000034
vn -0.99996967 0.00778785 -0.00000000
vn -0.99996967 0.00778785 -0.00000000
vn -0.00666730 -0.99997777 0.00000034
vn -0.00000000 -0.00000034 -1.00000000
vn -0.00000000 -0.00000034 -1.00000000
vn -0.00666730 -0.99997777 0.00000034
vn 0.99996967 -0.00778785 0.00000000
vn 0.99996967 -0.00778785 0.00000000
vn 0.00666517 0.99997779 -0.00000034
vn -0.00000000 -0.00000034 -1.00000000
vn 0.99996967 -0.00778785 0.00000000
vn 0.00000000 0.00000034 1.00000000
vn 0.00666517 0.99997779 -0.00000034
vn -0.99996967 0.00778785 -0.00000000
vn 0.00666517 0.99997779 -0.00000034
vn 0.00000000 0.00000034 1.00000000
vn -0.00666730 -0.99997777 0.00000034
vn -0.00000000 0.00000034 1.00000000
vn 0.99996967 -0.00778785 0.00000000
vn -0.00000000 -0.00000034 -1.00000000
vn 0.96641386 0.25699074 -0.00000009
vn 0.00000000 -0.00000034 -1.00000000
vn -0.00000000 -0.00000034 -1.00000000
vn 0.86734445 0.49770835 -0.00000017
vn -0.00000000 0.00000034 1.00000000
vn 0.86734445 0.49770835 -0.00000017
vn -0.00000000 0.00000034 1.00000000
vn 0.71098111 0.70321110 -0.00000024
vn 0.71098111 0.70321110 -0.00000024
vn -0.00000000 -0.00000034 -1.00000000
vn 0.00000000 -0.00000034 -1.00000000
vn 0.48974613 -0.87186508 0.00000029
vn -0.00000000 -0.00000034 -1.00000000
vn 0.26512843 -0.96421311 0.00000033
vn 0.00000000 -0.00000034 -1.00000000
vn -0.00000000 -0.00000034 -1.00000000
vn 0.69068258 -0.72315806 0.00000024
vn 0.00000000 0.00000034 1.00000000
vn 0.86734252 -0.49771172 0.00000017
vn 0.86734252 -0.49771172 0.00000017
vn -0.00000000 -0.00000034 -1.00000000
vn -0.00000000 -0.00000034 -1.00000000
vn -0.00537654 -0.99998555 0.00000034
vn 0.00000000 0.00000034 1.00000000
vn -0.00537654 -0.99998555 0.00000034
vn 0.00000000 0.00000034 1.00000000
vn 0.26512843 -0.96421311 0.00000033
vn 0.00000000 0.00000034 1.00000000
vn -0.00000000 0.00000034 1.00000000
vn 0.48974613 -0.87186508 0.00000029
vn 0.69068258 -0.72315806 0.00000024
vn 0.00000000 0.00000034 1.00000000
vn 0.00000000 0.00000034 1.00000000
vn -0.00000000 0.00000034 1.00000000
vn 0.00000000 0.00000034 1.00000000
vn 0.00000000 0.00000034 1.00000000
vn 0.96641363 -0.25699163 0.00000009
vn 0.96641363 -0.25699163 0.00000009
vn 0.00000000 -0.00000034 -1.00000000
vn 0.00000000 -0.00000034 -1.00000000
vn -0.27031327 -0.96277242 0.00000032
vn -0.00000000 0.00000034 1.00000000
vn -0.27031327 -0.96277242 0.00000032
vn 0.00000000 -0.00000034 -1.00000000
vn -0.48975025 -0.87186277 0.00000029
vn -0.00000000 0.00000034 1.00000000
vn -0.48975025 -0.87186277 0.00000029
vn 0.00000000 -0.00000034 -1.00000000
vn -0.70711349 -0.70710007 0.00000024
vn 0.00000000 0.00000034 1.00000000
vn -0.70711349 -0.70710007 0.00000024
vn 0.00000000 -0.00000034 -1.00000000
vn -0.87854053 -0.47766782 0.00000016
vn -0.00000000 0.00000034 1.00000000
vn -0.87854053 -0.47766782 0.00000016
vn 0.00000000 -0.00000034 -1.00000000
vn -0.96641030 -0.25700416 0.00000009
vn -0.00000000 0.00000034 1.00000000
vn -0.96641030 -0.25700416 0.00000009
vn -0.98837310 -0.15204807 0.00000005
vn -0.00000000 -0.00000034 -1.00000000
vn -0.99995000 0.00999962 -0.00000000
vn -0.99995000 0.00999962 -0.00000000
vn -0.00000000 0.00000034 1.00000000
vn -0.98837310 -0.15204807 0.00000005
vn -0.99995000 0.00999962 -0.00000000
vn -0.00000000 -0.00000034 -1.00000000
vn -0.98837282 0.15204989 -0.00000005
vn -0.00000000 -0.00000034 -1.00000000
vn -0.26513382 0.96421163 -0.00000033
vn 0.00000000 -0.00000034 -1.00000000
vn -0.48974388 0.87186635 -0.00000029
vn 0.00000000 0.00000034 1.00000000
vn -0.48974388 0.87186635 -0.00000029
vn 0.00000000 0.00000034 1.00000000
vn -0.70710495 0.70710861 -0.00000024
vn 0.00000000 -0.00000034 -1.00000000
vn -0.70710495 0.70710861 -0.00000024
vn 0.00000000 0.00000034 1.00000000
vn -0.87186393 0.48974819 -0.00000017
vn -0.00000000 -0.00000034 -1.00000000
vn -0.87186393 0.48974819 -0.00000017
vn -0.00000000 0.00000034 1.00000000
vn -0.96277331 0.27031011 -0.00000009
vn 0.00000000 -0.00000034 -1.00000000
vn -0.96277331 0.27031011 -0.00000009
vn -0.99995000 0.00999962 -0.00000000
vn -0.98837282 0.15204989 -0.00000005
vn -0.00000000 0.00000034 1.00000000
vn -0.00000000 0.00000034 1.00000000
vn 0.00000000 0.00000034 1.00000000
vn -0.00000000 0.00000034 1.00000000
vn 0.99995000 -0.00999961 0.00000000
vn 0.98837254 -0.15205171 0.00000005
vn 0.98837254 -0.15205171 0.00000005
vn 0.99995000 -0.00999961 0.00000000
vn 0.00000000 -0.00000034 -1.00000000
vn -0.00000000 -0.00000034 -1.00000000
vn 0.00000000 -0.00000034 -1.00000000
vn -0.00000000 -0.00000034 -1.00000000
vn 0.99995000 -0.00999961 0.00000000
vn 0.98837282 0.15204989 -0.00000005
vn 0.00537695 0.99998554 -0.00000034
vn -0.00000000 -0.00000034 -1.00000000
vn 0.27031450 0.96277208 -0.00000032
vn 0.00000000 -0.00000034 -1.00000000
vn 0.00000000 -0.00000034 -1.00000000
vn 0.51435432 0.85757777 -0.00000029
vn -0.00000000 -0.00000034 -1.00000000
vn 0.00000000 -0.00000034 -1.00000000
vn 0.96641386 0.25699074 -0.00000009
vn -0.00000000 0.00000034 1.00000000
vn 0.00000000 0.00000034 1.00000000
vn 0.00000000 0.00000034 1.00000000
vn 0.00000000 0.00000034 1.00000000
vn -0.00000000 0.00000034 1.00000000
vn 0.51435432 0.85757777 -0.00000029
vn 0.00000000 0.00000034 1.00000000
vn -0.00000000 0.00000034 1.00000000
vn 0.27031450 0.96277208 -0.00000032
vn -0.00000000 0.00000034 1.00000000
vn 0.00537695 0.99998554 -0.00000034
vn -0.26513382 0.96421163 -0.00000033
vn 0.00000000 0.00000034 1.00000000
vn 0.98837282 0.15204989 -0.00000005
vn 0.99995000 -0.00999961 0.00000000
vn 0.00000000 0.00000034 1.00000000
vn 0.00000000 0.00000034 1.00000000
vn -0.00000000 0.00000034 1.00000000
vn 0.00000000 -0.00000034 -1.00000000
vn 0.00000000 1.00000000 -0.00000034
vn -1.00000000 0.00000000 0.00000000
vn 0.00000000 -1.00000000 0.00000034
vn 0.00000000 -0.00000034 -1.00000000
vn -1.00000000 0.00000000 0.00000000
vn -1.00000000 0.00000000 0.00000000
vn -0.00000000 0.00000034 1.00000000
vn 0.00000000 -1.00000000 0.00000034
vn 0.00000000 0.00000034 1.00000000
vn 1.00000000 0.00000000 0.00000000
vn 0.00000000 -1.00000000 0.00000034
vn 0.00000000 -1.00000000 0.00000034
vn 1.00000000 0.00000000 0.00000000
vn 0.00000000 -0.00000034 -1.00000000
vn 0.00000000 -0.00000034 -1.00000000
vn 1.00000000 0.00000000 0.00000000
vn 0.80223206 0.59701233 -0.00000020
vn 0.80223206 0.59701233 -0.00000020
vn 0.00000000 1.00000000 -0.00000034
vn 0.00000000 -0.00000034 -1.00000000
vn 0.80223206 0.59701233 -0.00000020
vn 0.00000000 0.00000034 1.00000000
vn 0.00000000 1.00000000 -0.00000034
vn -1.00000000 0.00000000 0.00000000
vn 0.00000000 1.00000000 -0.00000034
vn -0.00000000 0.00000034 1.00000000
vn 1.00000000 0.00000000 0.00000000
vn -0.00000000 0.00000034 1.00000000
vn 0.80223206 0.59701233 -0.00000020
vn 0.00322651 0.99999479 -0.00000034
vn 0.00000000 -0.00000034 -1.00000000
vn -0.00000000 -0.00000034 -1.00000000
vn -0.24802778 0.96875292 -0.00000033
vn -0.00000000 -0.00000034 -1.00000000
vn -0.50407202 0.86366162 -0.00000029
vn 0.00000000 -0.00000034 -1.00000000
vn -0.70710500 0.70710856 -0.00000024
vn 0.00000000 -0.00000034 -1.00000000
vn -0.86366321 0.50406930 -0.00000017
vn 0.00000000 -0.00000034 -1.00000000
vn -0.96795150 0.25113721 -0.00000008
vn -0.00000000 -0.00000034 -1.00000000
vn -0.99999480 0.00322401 -0.00000000
vn 0.00000000 -0.00000034 -1.00000000
vn -0.96875614 -0.24801522 0.00000008
vn 0.00000000 -0.00000034 -1.00000000
vn -0.86367437 -0.50405018 0.00000017
vn 0.00000000 -0.00000034 -1.00000000
vn -0.70712066 -0.70709290 0.00000024
vn -0.00000000 -0.00000034 -1.00000000
vn -0.50404430 -0.86367780 0.00000029
vn -0.00000000 -0.00000034 -1.00000000
vn -0.24799668 -0.96876088 0.00000033
vn 0.00000000 -0.00000034 -1.00000000
vn 0.00322651 -0.99999479 0.00000034
vn -0.00000000 -0.00000034 -1.00000000
vn 0.25111951 -0.96795609 0.00000033
vn -0.00000000 -0.00000034 -1.00000000
vn 0.50404287 -0.86367863 0.00000029
vn 0.00000000 -0.00000034 -1.00000000
vn 0.70712315 -0.70709041 0.00000024
vn 0.00000000 -0.00000034 -1.00000000
vn 0.86367615 -0.50404713 0.00000017
vn -0.00000000 -0.00000034 -1.00000000
vn 0.96875505 -0.24801946 0.00000008
vn -0.00000000 -0.00000034 -1.00000000
vn 0.99999480 0.00322426 -0.00000000
vn 0.00000000 -0.00000034 -1.00000000
vn 0.96795034 0.25114169 -0.00000008
vn 0.00000000 -0.00000034 -1.00000000
vn 0.86366498 0.50406626 -0.00000017
vn -0.00000000 -0.00000034 -1.00000000
vn 0.70710749 0.70710607 -0.00000024
vn -0.00000000 -0.00000034 -1.00000000
vn 0.50407060 0.86366245 -0.00000029
vn -0.00000000 -0.00000034 -1.00000000
vn 0.00000000 -0.00000034 -1.00000000
vn 0.25115058 0.96794803 -0.00000033
vn -0.00000000 0.00000034 1.00000000
vn 0.00322651 0.99999479 -0.00000034
vn 0.00000000 0.00000034 1.00000000
vn -0.24802778 0.96875292 -0.00000033
vn -0.00000000 0.00000034 1.00000000
vn -0.50407202 0.86366162 -0.00000029
vn -0.00000000 0.00000034 1.00000000
vn -0.70710500 0.70710856 -0.00000024
vn -0.00000000 0.00000034 1.00000000
vn -0.86366321 0.50406930 -0.00000017
vn -0.00000000 0.00000034 1.00000000
vn -0.96795150 0.25113721 -0.00000008
vn 0.00000000 0.00000034 1.00000000
vn -0.99999480 0.00322401 -0.00000000
vn -0.00000000 0.00000034 1.00000000
vn -0.96875614 -0.24801522 0.00000008
vn -0.00000000 0.00000034 1.00000000
vn -0.86367437 -0.50405018 0.00000017
vn -0.00000000 0.00000034 1.00000000
vn -0.70712066 -0.70709290 0.00000024
vn -0.00000000 0.00000034 1.00000000
vn -0.50404430 -0.86367780 0.00000029
vn 0.00000000 0.00000034 1.00000000
vn -0.24799668 -0.96876088 0.00000033
vn -0.00000000 0.00000034 1.00000000
vn 0.00322651 -0.99999479 0.00000034
vn -0.00000000 0.00000034 1.00000000
vn 0.25111951 -0.96795609 0.00000033
vn 0.00000000 0.00000034 1.00000000
vn 0.50404287 -0.86367863 0.00000029
vn 0.00000000 0.00000034 1.00000000
vn 0.70712315 -0.70709041 0.00000024
vn 0.00000000 0.00000034 1.00000000
vn 0.86367615 -0.50404713 0.00000017
vn 0.00000000 0.00000034 1.00000000
vn 0.96875505 -0.24801946 0.00000008
vn 0.00000000 0.00000034 1.00000000
vn 0.99999480 0.00322426 -0.00000000
vn 0.00000000 0.00000034 1.00000000
vn 0.96795034 0.25114169 -0.00000008
vn 0.00000000 0.00000034 1.00000000
vn 0.86366498 0.50406626 -0.00000017
vn 0.00000000 0.00000034 1.00000000
vn 0.70710749 0.70710607 -0.00000024
vn 0.00000000 0.00000034 1.00000000
vn 0.50407060 0.86366245 -0.00000029
vn 0.25115058 0.96794803 -0.00000033
vn -0.00000000 0.00000034 1.00000000
vn 0.00000000 0.00000034 1.00000000
vn 0.00476189 0.99998866 -0.00000034
vn -0.00000000 -0.00000034 -1.00000000
vn 0.00000000 -0.00000034 -1.00000000
vn -0.24953352 0.96836616 -0.00000033
vn 0.00000000 -0.00000034 -1.00000000
vn -0.48173216 0.87631851 -0.00000030
vn -0.00000000 -0.00000034 -1.00000000
vn -0.71876141 0.69525681 -0.00000023
vn -0.00000000 -0.00000034 -1.00000000
vn -0.86652896 0.49912679 -0.00000017
vn 0.00000000 -0.00000034 -1.00000000
vn -0.96599362 0.25856592 -0.00000009
vn -0.00000000 -0.00000034 -1.00000000
vn -1.00000000 -0.00000389 0.00000000
vn 0.00000000 -0.00000034 -1.00000000
vn -0.96599640 -0.25855552 0.00000009
vn -0.00000000 -0.00000034 -1.00000000
vn -0.85811989 -0.51344938 0.00000017
vn -0.00000000 -0.00000034 -1.00000000
vn -0.70710500 -0.70710856 0.00000024
vn -0.00000000 -0.00000034 -1.00000000
vn -0.50407202 -0.86366162 0.00000029
vn -0.00000000 -0.00000034 -1.00000000
vn -0.24799385 -0.96876161 0.00000033
vn 0.00000000 -0.00000034 -1.00000000
vn 0.00322451 -0.99999480 0.00000034
vn -0.00000000 -0.00000034 -1.00000000
vn 0.25111473 -0.96795733 0.00000033
vn -0.00000000 -0.00000034 -1.00000000
vn 0.50407060 -0.86366245 0.00000029
vn 0.00000000 -0.00000034 -1.00000000
vn 0.70710749 -0.70710607 0.00000024
vn 0.00000000 -0.00000034 -1.00000000
vn 0.85812169 -0.51344635 0.00000017
vn 0.00000000 -0.00000034 -1.00000000
vn 0.96599527 -0.25855975 0.00000009
vn 0.00000000 -0.00000034 -1.00000000
vn 1.00000000 -0.00000389 0.00000000
vn 0.00000000 -0.00000034 -1.00000000
vn 0.96599248 0.25857014 -0.00000009
vn 0.00000000 -0.00000034 -1.00000000
vn 0.86653069 0.49912380 -0.00000017
vn -0.00000000 -0.00000034 -1.00000000
vn 0.71876381 0.69525433 -0.00000023
vn 0.00000000 -0.00000034 -1.00000000
vn 0.48173087 0.87631921 -0.00000030
vn 0.00000000 -0.00000034 -1.00000000
vn -0.00000000 -0.00000034 -1.00000000
vn 0.25414051 0.96716731 -0.00000033
vn -0.00000000 0.00000034 1.00000000
vn 0.00476189 0.99998866 -0.00000034
vn 0.00000000 0.00000034 1.00000000
vn -0.24953352 0.96836616 -0.00000033
vn -0.00000000 0.00000034 1.00000000
vn -0.48173216 0.87631851 -0.00000030
vn 0.00000000 0.00000034 1.00000000
vn -0.71876141 0.69525681 -0.00000023
vn 0.00000000 0.00000034 1.00000000
vn -0.86652896 0.49912679 -0.00000017
vn 0.00000000 0.00000034 1.00000000
vn -0.96599362 0.25856592 -0.00000009
vn 0.00000000 0.00000034 1.00000000
vn -1.00000000 -0.00000389 0.00000000
vn -0.00000000 0.00000034 1.00000000
vn -0.96599640 -0.25855552 0.00000009
vn -0.00000000 0.00000034 1.00000000
vn -0.85811989 -0.51344938 0.00000017
vn 0.00000000 0.00000034 1.00000000
vn -0.70710500 -0.70710856 0.00000024
vn 0.00000000 0.00000034 1.00000000
vn -0.50407202 -0.86366162 0.00000029
vn -0.00000000 0.00000034 1.00000000
vn -0.24799385 -0.96876161 0.00000033
vn 0.00000000 0.00000034 1.00000000
vn 0.00322451 -0.99999480 0.00000034
vn 0.00000000 0.00000034 1.00000000
vn 0.25111473 -0.96795733 0.00000033
vn -0.00000000 0.00000034 1.00000000
vn 0.50407060 -0.86366245 0.00000029
vn -0.00000000 0.00000034 1.00000000
vn 0.70710749 -0.70710607 0.00000024
vn 0.00000000 0.00000034 1.00000000
vn 0.85812169 -0.51344635 0.00000017
vn 0.00000000 0.00000034 1.00000000
vn 0.96599527 -0.25855975 0.00000009
vn 0.00000000 0.00000034 1.00000000
vn 1.00000000 -0.00000389 0.00000000
vn -0.00000000 0.00000034 1.00000000
vn 0.96599248 0.25857014 -0.00000009
vn -0.00000000 0.00000034 1.00000000
vn 0.86653069 0.49912380 -0.00000017
vn 0.00000000 0.00000034 1.00000000
vn 0.71876381 0.69525433 -0.00000023
vn 0.00000000 0.00000034 1.00000000
vn 0.48173087 0.87631921 -0.00000030
vn 0.25414051 0.96716731 -0.00000033
vn -0.00000000 0.00000034 1.00000000
vn -0.00000000 0.00000034 1.00000000
vn -0.00322754 0.99999479 -0.00000034
vn -0.00000000 -0.00000034 -1.00000000
vn 0.00000000 -0.00000034 -1.00000000
vn -0.25115111 0.96794789 -0.00000033
vn -0.00000000 -0.00000034 -1.00000000
vn -0.50407060 0.86366245 -0.00000029
vn 0.00000000 -0.00000034 -1.00000000
vn -0.70710500 0.70710856 -0.00000024
vn 0.00000000 -0.00000034 -1.00000000
vn -0.86366523 0.50406584 -0.00000017
vn 0.00000000 -0.00000034 -1.00000000
vn -0.96795018 0.25114228 -0.00000008
vn -0.00000000 -0.00000034 -1.00000000
vn -0.99999480 0.00322451 -0.00000000
vn 0.00000000 -0.00000034 -1.00000000
vn -0.96875496 -0.24801982 0.00000008
vn 0.00000000 -0.00000034 -1.00000000
vn -0.86367639 -0.50404671 0.00000017
vn 0.00000000 -0.00000034 -1.00000000
vn -0.70712066 -0.70709290 0.00000024
vn -0.00000000 -0.00000034 -1.00000000
vn -0.50404287 -0.86367863 0.00000029
vn -0.00000000 -0.00000034 -1.00000000
vn -0.25112003 -0.96795595 0.00000033
vn 0.00000000 -0.00000034 -1.00000000
vn -0.00322754 -0.99999479 0.00000034
vn 0.00000000 -0.00000034 -1.00000000
vn 0.24799781 -0.96876059 0.00000033
vn -0.00000000 -0.00000034 -1.00000000
vn 0.50404572 -0.86367697 0.00000029
vn 0.00000000 -0.00000034 -1.00000000
vn 0.70712066 -0.70709290 0.00000024
vn 0.00000000 -0.00000034 -1.00000000
vn 0.86367235 -0.50405364 0.00000017
vn -0.00000000 -0.00000034 -1.00000000
vn 0.96875514 -0.24801911 0.00000008
vn -0.00000000 -0.00000034 -1.00000000
vn 0.99999480 0.00322401 -0.00000000
vn 0.00000000 -0.00000034 -1.00000000
vn 0.96795049 0.25114109 -0.00000008
vn 0.00000000 -0.00000034 -1.00000000
vn 0.86366119 0.50407277 -0.00000017
vn -0.00000000 -0.00000034 -1.00000000
vn 0.70710500 0.70710856 -0.00000024
vn -0.00000000 -0.00000034 -1.00000000
vn 0.50407345 0.86366079 -0.00000029
vn -0.00000000 -0.00000034 -1.00000000
vn 0.00000000 -0.00000034 -1.00000000
vn 0.24802891 0.96875263 -0.00000033
vn 0.00000000 0.00000034 1.00000000
vn -0.00322754 0.99999479 -0.00000034
vn 0.00000000 0.00000034 1.00000000
vn -0.25115111 0.96794789 -0.00000033
vn -0.00000000 0.00000034 1.00000000
vn -0.50407060 0.86366245 -0.00000029
vn -0.00000000 0.00000034 1.00000000
vn -0.70710500 0.70710856 -0.00000024
vn -0.00000000 0.00000034 1.00000000
vn -0.86366523 0.50406584 -0.00000017
vn -0.00000000 0.00000034 1.00000000
vn -0.96795018 0.25114228 -0.00000008
vn 0.00000000 0.00000034 1.00000000
vn -0.99999480 0.00322451 -0.00000000
vn -0.00000000 0.00000034 1.00000000
vn -0.96875496 -0.24801982 0.00000008
vn -0.00000000 0.00000034 1.00000000
vn -0.86367639 -0.50404671 0.00000017
vn -0.00000000 0.00000034 1.00000000
vn -0.70712066 -0.70709290 0.00000024
vn -0.00000000 0.00000034 1.00000000
vn -0.50404287 -0.86367863 0.00000029
vn 0.00000000 0.00000034 1.00000000
vn -0.25112003 -0.96795595 0.00000033
vn 0.00000000 0.00000034 1.00000000
vn -0.00322754 -0.99999479 0.00000034
vn -0.00000000 0.00000034 1.00000000
vn 0.24799781 -0.96876059 0.00000033
vn 0.00000000 0.00000034 1.00000000
vn 0.50404572 -0.86367697 0.00000029
vn 0.00000000 0.00000034 1.00000000
vn 0.70712066 -0.70709290 0.00000024
vn 0.00000000 0.00000034 1.00000000
vn 0.86367235 -0.50405364 0.00000017
vn 0.00000000 0.00000034 1.00000000
vn 0.96875514 -0.24801911 0.00000008
vn 0.00000000 0.00000034 1.00000000
vn 0.99999480 0.00322401 -0.00000000
vn 0.00000000 0.00000034 1.00000000
vn 0.96795049 0.25114109 -0.00000008
vn 0.00000000 0.00000034 1.00000000
vn 0.86366119 0.50407277 -0.00000017
vn 0.00000000 0.00000034 1.00000000
vn 0.70710500 0.70710856 -0.00000024
vn 0.00000000 0.00000034 1.00000000
vn 0.50407345 0.86366079 -0.00000029
vn 0.24802891 0.96875263 -0.00000033
vn -0.00000000 0.00000034 1.00000000
vn -0.00000000 0.00000034 1.00000000
vn -0.00476341 0.99998865 -0.00000034
vn 0.00000000 -0.00000034 -1.00000000
vn -0.00000000 -0.00000034 -1.00000000
vn -0.25414129 0.96716710 -0.00000033
vn 0.00000000 -0.00000034 -1.00000000
vn -0.48173087 0.87631921 -0.00000030
vn -0.00000000 -0.00000034 -1.00000000
vn -0.71876141 0.69525681 -0.00000023
vn -0.00000000 -0.00000034 -1.00000000
vn -0.86653105 0.49912317 -0.00000017
vn 0.00000000 -0.00000034 -1.00000000
vn -0.96599243 0.25857033 -0.00000009
vn -0.00000000 -0.00000034 -1.00000000
vn -1.00000000 -0.00000389 0.00000000
vn 0.00000000 -0.00000034 -1.00000000
vn -0.96599522 -0.25855994 0.00000009
vn -0.00000000 -0.00000034 -1.00000000
vn -0.85812203 -0.51344579 0.00000017
vn -0.00000000 -0.00000034 -1.00000000
vn -0.70710500 -0.70710856 0.00000024
vn -0.00000000 -0.00000034 -1.00000000
vn -0.50407060 -0.86366245 0.00000029
vn -0.00000000 -0.00000034 -1.00000000
vn -0.25111526 -0.96795719 0.00000033
vn 0.00000000 -0.00000034 -1.00000000
vn -0.00322554 -0.99999480 0.00000034
vn 0.00000000 -0.00000034 -1.00000000
vn 0.24799497 -0.96876132 0.00000033
vn -0.00000000 -0.00000034 -1.00000000
vn 0.50407345 -0.86366079 0.00000029
vn 0.00000000 -0.00000034 -1.00000000
vn 0.70710500 -0.70710856 0.00000024
vn 0.00000000 -0.00000034 -1.00000000
vn 0.85811774 -0.51345297 0.00000017
vn 0.00000000 -0.00000034 -1.00000000
vn 0.96599532 -0.25855957 0.00000009
vn 0.00000000 -0.00000034 -1.00000000
vn 1.00000000 -0.00000389 0.00000000
vn 0.00000000 -0.00000034 -1.00000000
vn 0.96599253 0.25856996 -0.00000009
vn 0.00000000 -0.00000034 -1.00000000
vn 0.86652687 0.49913042 -0.00000017
vn -0.00000000 -0.00000034 -1.00000000
vn 0.71876141 0.69525681 -0.00000023
vn 0.00000000 -0.00000034 -1.00000000
vn 0.48173345 0.87631780 -0.00000030
vn 0.00000000 -0.00000034 -1.00000000
vn -0.00000000 -0.00000034 -1.00000000
vn 0.24953425 0.96836597 -0.00000033
vn 0.00000000 0.00000034 1.00000000
vn -0.00476341 0.99998865 -0.00000034
vn 0.00000000 0.00000034 1.00000000
vn -0.25414129 0.96716710 -0.00000033
vn -0.00000000 0.00000034 1.00000000
vn -0.48173087 0.87631921 -0.00000030
vn -0.00000000 0.00000034 1.00000000
vn -0.71876141 0.69525681 -0.00000023
vn 0.00000000 0.00000034 1.00000000
vn -0.86653105 0.49912317 -0.00000017
vn 0.00000000 0.00000034 1.00000000
vn -0.96599243 0.25857033 -0.00000009
vn 0.00000000 0.00000034 1.00000000
vn -1.00000000 -0.00000389 0.00000000
vn -0.00000000 0.00000034 1.00000000
vn -0.96599522 -0.25855994 0.00000009
vn -0.00000000 0.00000034 1.00000000
vn -0.85812203 -0.51344579 0.00000017
vn 0.00000000 0.00000034 1.00000000
vn -0.70710500 -0.70710856 0.00000024
vn 0.00000000 0.00000034 1.00000000
vn -0.50407060 -0.86366245 0.00000029
vn -0.00000000 0.00000034 1.00000000
vn -0.25111526 -0.96795719 0.00000033
vn -0.00000000 0.00000034 1.00000000
vn -0.00322554 -0.99999480 0.00000034
vn 0.00000000 0.00000034 1.00000000
vn 0.24799497 -0.96876132 0.00000033
vn -0.00000000 0.00000034 1.00000000
vn 0.50407345 -0.86366079 0.00000029
vn -0.00000000 0.00000034 1.00000000
vn 0.70710500 -0.70710856 0.00000024
vn 0.00000000 0.00000034 1.00000000
vn 0.85811774 -0.51345297 0.00000017
vn 0.00000000 0.00000034 1.00000000
vn 0.96599532 -0.25855957 0.00000009
vn 0.00000000 0.00000034 1.00000000
vn 1.00000000 -0.00000389 0.00000000
vn -0.00000000 0.00000034 1.00000000
vn 0.96599253 0.25856996 -0.00000009
vn -0.00000000 0.00000034 1.00000000
vn 0.86652687 0.49913042 -0.00000017
vn -0.00000000 0.00000034 1.00000000
vn 0.71876141 0.69525681 -0.00000023
vn 0.00000000 0.00000034 1.00000000
vn 0.48173345 0.87631780 -0.00000030
vn 0.24953425 0.96836597 -0.00000033
vn -0.00000000 0.00000034 1.00000000
vn 0.00000000 0.00000034 1.00000000
vn -0.00000144 1.00000000 -0.00000034
vn 0.00000000 -0.00000034 -1.00000000
vn -0.00000000 -0.00000034 -1.00000000
vn -0.28478090 0.95859263 -0.00000032
vn 0.00000000 -0.00000034 -1.00000000
vn -0.47960294 0.87748563 -0.00000030
vn 0.00000000 -0.00000034 -1.00000000
vn -0.70710765 0.70710591 -0.00000024
vn 0.00000000 -0.00000034 -1.00000000
vn -0.87748621 0.47960186 -0.00000016
vn 0.00000000 -0.00000034 -1.00000000
vn -0.95859284 0.28478021 -0.00000010
vn 0.00000000 -0.00000034 -1.00000000
vn -1.00000000 -0.00000000 -0.00000000
vn 0.00000000 -0.00000034 -1.00000000
vn -0.95859284 -0.28478021 0.00000010
vn -0.00000000 -0.00000034 -1.00000000
vn -0.86964005 -0.49368633 0.00000017
vn 0.00000000 -0.00000034 -1.00000000
vn -0.71151278 -0.70267315 0.00000024
vn 0.00000000 -0.00000034 -1.00000000
vn -0.49911242 -0.86653724 0.00000029
vn 0.00000000 -0.00000034 -1.00000000
vn -0.25855762 -0.96599584 0.00000033
vn 0.00000000 -0.00000034 -1.00000000
vn -0.00000097 -1.00000000 0.00000034
vn -0.00000000 -0.00000034 -1.00000000
vn 0.25855668 -0.96599609 0.00000033
vn -0.00000000 -0.00000034 -1.00000000
vn 0.51343782 -0.85812680 0.00000029
vn -0.00000000 -0.00000034 -1.00000000
vn 0.70710678 -0.70710678 0.00000024
vn -0.00000000 -0.00000034 -1.00000000
vn 0.85812680 -0.51343782 0.00000017
vn -0.00000000 -0.00000034 -1.00000000
vn 0.96599596 -0.25855715 0.00000009
vn 0.00000000 -0.00000034 -1.00000000
vn 1.00000000 -0.00000000 0.00000000
vn 0.00000000 -0.00000034 -1.00000000
vn 0.96599596 0.25855715 -0.00000009
vn -0.00000000 -0.00000034 -1.00000000
vn 0.86653597 0.49911462 -0.00000017
vn -0.00000000 -0.00000034 -1.00000000
vn 0.70267403 0.71151191 -0.00000024
vn -0.00000000 -0.00000034 -1.00000000
vn 0.49368961 0.86963818 -0.00000029
vn -0.00000000 -0.00000034 -1.00000000
vn -0.00000000 -0.00000034 -1.00000000
vn 0.28477952 0.95859304 -0.00000032
vn 0.00000000 0.00000034 1.00000000
vn -0.00000144 1.00000000 -0.00000034
vn 0.00000000 0.00000034 1.00000000
vn -0.28478090 0.95859263 -0.00000032
vn 0.00000000 0.00000034 1.00000000
vn -0.47960294 0.87748563 -0.00000030
vn 0.00000000 0.00000034 1.00000000
vn -0.70710765 0.70710591 -0.00000024
vn -0.00000000 0.00000034 1.00000000
vn -0.87748621 0.47960186 -0.00000016
vn 0.00000000 0.00000034 1.00000000
vn -0.95859284 0.28478021 -0.00000010
vn 0.00000000 0.00000034 1.00000000
vn -1.00000000 0.00000000 0.00000000
vn 0.00000000 0.00000034 1.00000000
vn -0.95859284 -0.28478021 0.00000010
vn 0.00000000 0.00000034 1.00000000
vn -0.86964005 -0.49368633 0.00000017
vn 0.00000000 0.00000034 1.00000000
vn -0.71151278 -0.70267315 0.00000024
vn 0.00000000 0.00000034 1.00000000
vn -0.49911242 -0.86653724 0.00000029
vn -0.00000000 0.00000034 1.00000000
vn -0.25855762 -0.96599584 0.00000033
vn -0.00000000 0.00000034 1.00000000
vn -0.00000097 -1.00000000 0.00000034
vn 0.00000000 0.00000034 1.00000000
vn 0.25855668 -0.96599609 0.00000033
vn -0.00000000 0.00000034 1.00000000
vn 0.51343782 -0.85812680 0.00000029
vn -0.00000000 0.00000034 1.00000000
vn 0.70710678 -0.70710678 0.00000024
vn -0.00000000 0.00000034 1.00000000
vn 0.85812680 -0.51343782 0.00000017
vn -0.00000000 0.00000034 1.00000000
vn 0.96599596 -0.25855715 0.00000009
vn 0.00000000 0.00000034 1.00000000
vn 1.00000000 0.00000000 -0.00000000
vn -0.00000000 0.00000034 1.00000000
vn 0.96599596 0.25855715 -0.00000009
vn 0.00000000 0.00000034 1.00000000
vn 0.86653597 0.49911462 -0.00000017
vn -0.00000000 0.00000034 1.00000000
vn 0.70267403 0.71151191 -0.00000024
vn -0.00000000 0.00000034 1.00000000
vn 0.49368961 0.86963818 -0.00000029
vn 0.28477952 0.95859304 -0.00000032
vn -0.00000000 0.00000034 1.00000000
vn -0.00000000 0.00000034 1.00000000
vn 0.00000000 1.00000000 -0.00000034
vn 0.00000000 -0.00000034 -1.00000000
vn 0.00000000 -0.00000034 -1.00000000
vn -0.25855445 0.96599669 -0.00000033
vn -0.00000000 -0.00000034 -1.00000000
vn -0.51343224 0.85813014 -0.00000029
vn 0.00000000 -0.00000034 -1.00000000
vn -0.70711461 0.70709895 -0.00000024
vn 0.00000000 -0.00000034 -1.00000000
vn -0.85812535 0.51344025 -0.00000017
vn 0.00000000 -0.00000034 -1.00000000
vn -0.96599367 0.25856570 -0.00000009
vn -0.00000000 -0.00000034 -1.00000000
vn -1.00000000 0.00000000 0.00000000
vn 0.00000000 -0.00000034 -1.00000000
vn -0.96599367 -0.25856570 0.00000009
vn 0.00000000 -0.00000034 -1.00000000
vn -0.86653306 -0.49911968 0.00000017
vn -0.00000000 -0.00000034 -1.00000000
vn -0.71875899 -0.69525932 0.00000023
vn -0.00000000 -0.00000034 -1.00000000
vn -0.49024005 -0.87158745 0.00000029
vn 0.00000000 -0.00000034 -1.00000000
vn -0.25897409 -0.96588427 0.00000033
vn 0.00000000 -0.00000034 -1.00000000
vn -0.00000000 -1.00000000 0.00000034
vn -0.00000000 -0.00000034 -1.00000000
vn 0.25897725 -0.96588342 0.00000033
vn -0.00000000 -0.00000034 -1.00000000
vn 0.47569228 -0.87961177 0.00000030
vn -0.00000000 -0.00000034 -1.00000000
vn 0.70710678 -0.70710678 0.00000024
vn 0.00000000 -0.00000034 -1.00000000
vn 0.87960761 -0.47569997 0.00000016
vn 0.00000000 -0.00000034 -1.00000000
vn 0.96588562 -0.25896904 0.00000009
vn -0.00000000 -0.00000034 -1.00000000
vn 1.00000000 0.00000000 -0.00000000
vn 0.00000000 -0.00000034 -1.00000000
vn 0.96588562 0.25896904 -0.00000009
vn 0.00000000 -0.00000034 -1.00000000
vn 0.87158699 0.49024088 -0.00000017
vn -0.00000000 -0.00000034 -1.00000000
vn 0.69526728 0.71875129 -0.00000024
vn -0.00000000 -0.00000034 -1.00000000
vn 0.49910517 0.86654142 -0.00000029
vn -0.00000000 -0.00000034 -1.00000000
vn 0.00000000 -0.00000034 -1.00000000
vn 0.25855799 0.96599574 -0.00000033
vn -0.00000000 0.00000034 1.00000000
vn 0.00000000 1.00000000 -0.00000034
vn 0.00000000 0.00000034 1.00000000
vn -0.25855445 0.96599669 -0.00000033
vn -0.00000000 0.00000034 1.00000000
vn -0.51343224 0.85813014 -0.00000029
vn 0.00000000 0.00000034 1.00000000
vn -0.70711461 0.70709895 -0.00000024
vn 0.00000000 0.00000034 1.00000000
vn -0.85812535 0.51344025 -0.00000017
vn 0.00000000 0.00000034 1.00000000
vn -0.96599367 0.25856570 -0.00000009
vn 0.00000000 0.00000034 1.00000000
vn -1.00000000 -0.00000000 -0.00000000
vn -0.00000000 0.00000034 1.00000000
vn -0.96599367 -0.25856570 0.00000009
vn -0.00000000 0.00000034 1.00000000
vn -0.86653306 -0.49911968 0.00000017
vn 0.00000000 0.00000034 1.00000000
vn -0.71875899 -0.69525932 0.00000023
vn 0.00000000 0.00000034 1.00000000
vn -0.49024005 -0.87158745 0.00000029
vn 0.00000000 0.00000034 1.00000000
vn -0.25897409 -0.96588427 0.00000033
vn -0.00000000 0.00000034 1.00000000
vn -0.00000000 -1.00000000 0.00000034
vn -0.00000000 0.00000034 1.00000000
vn 0.25897725 -0.96588342 0.00000033
vn -0.00000000 0.00000034 1.00000000
vn 0.47569228 -0.87961177 0.00000030
vn 0.00000000 0.00000034 1.00000000
vn 0.70710678 -0.70710678 0.00000024
vn 0.00000000 0.00000034 1.00000000
vn 0.87960761 -0.47569997 0.00000016
vn 0.00000000 0.00000034 1.00000000
vn 0.96588562 -0.25896904 0.00000009
vn 0.00000000 0.00000034 1.00000000
vn 1.00000000 -0.00000000 0.00000000
vn -0.00000000 0.00000034 1.00000000
vn 0.96588562 0.25896904 -0.00000009
vn -0.00000000 0.00000034 1.00000000
vn 0.87158699 0.49024088 -0.00000017
vn -0.00000000 0.00000034 1.00000000
vn 0.69526728 0.71875129 -0.00000024
vn 0.00000000 0.00000034 1.00000000
vn 0.49910517 0.86654142 -0.00000029
vn 0.25855799 0.96599574 -0.00000033
vn -0.00000000 0.00000034 1.00000000
vn 0.00000000 0.00000034 1.00000000
vn 0.00000000 1.00000000 -0.00000034
vn 0.00000000 -0.00000034 -1.00000000
vn 0.00000000 -0.00000034 -1.00000000
vn -0.28477739 0.95859368 -0.00000032
vn 0.00000000 -0.00000034 -1.00000000
vn -0.49369111 0.86963733 -0.00000029
vn 0.00000000 -0.00000034 -1.00000000
vn -0.70267787 0.71150813 -0.00000024
vn 0.00000000 -0.00000034 -1.00000000
vn -0.86653180 0.49912187 -0.00000017
vn 0.00000000 -0.00000034 -1.00000000
vn -0.96599380 0.25856523 -0.00000009
vn 0.00000000 -0.00000034 -1.00000000
vn -1.00000000 -0.00000000 -0.00000000
vn 0.00000000 -0.00000034 -1.00000000
vn -0.96599380 -0.25856523 0.00000009
vn -0.00000000 -0.00000034 -1.00000000
vn -0.85812250 -0.51344500 0.00000017
vn 0.00000000 -0.00000034 -1.00000000
vn -0.70711070 -0.70710287 0.00000024
vn 0.00000000 -0.00000034 -1.00000000
vn -0.51343942 -0.85812584 0.00000029
vn 0.00000000 -0.00000034 -1.00000000
vn -0.25855408 -0.96599678 0.00000033
vn 0.00000000 -0.00000034 -1.00000000
vn 0.00000000 -1.00000000 0.00000034
vn 0.00000000 -0.00000034 -1.00000000
vn 0.25855762 -0.96599584 0.00000033
vn -0.00000000 -0.00000034 -1.00000000
vn 0.49911242 -0.86653724 0.00000029
vn -0.00000000 -0.00000034 -1.00000000
vn 0.69526330 -0.71875514 0.00000024
vn -0.00000000 -0.00000034 -1.00000000
vn 0.87158428 -0.49024570 0.00000017
vn -0.00000000 -0.00000034 -1.00000000
vn 0.96588581 -0.25896834 0.00000009
vn 0.00000000 -0.00000034 -1.00000000
vn 1.00000000 -0.00000000 0.00000000
vn 0.00000000 -0.00000034 -1.00000000
vn 0.96588581 0.25896834 -0.00000009
vn -0.00000000 -0.00000034 -1.00000000
vn 0.87960640 0.47570220 -0.00000016
vn -0.00000000 -0.00000034 -1.00000000
vn 0.69110990 0.72274968 -0.00000024
vn -0.00000000 -0.00000034 -1.00000000
vn 0.47960294 0.87748563 -0.00000030
vn -0.00000000 -0.00000034 -1.00000000
vn -0.00000000 -0.00000034 -1.00000000
vn 0.28478090 0.95859263 -0.00000032
vn 0.00000000 0.00000034 1.00000000
vn -0.00000000 1.00000000 -0.00000034
vn 0.00000000 0.00000034 1.00000000
vn -0.28477739 0.95859368 -0.00000032
vn 0.00000000 0.00000034 1.00000000
vn -0.49369111 0.86963733 -0.00000029
vn 0.00000000 0.00000034 1.00000000
vn -0.70267787 0.71150813 -0.00000024
vn -0.00000000 0.00000034 1.00000000
vn -0.86653180 0.49912187 -0.00000017
vn 0.00000000 0.00000034 1.00000000
vn -0.96599380 0.25856523 -0.00000009
vn 0.00000000 0.00000034 1.00000000
vn -1.00000000 0.00000000 0.00000000
vn 0.00000000 0.00000034 1.00000000
vn -0.96599380 -0.25856523 0.00000009
vn 0.00000000 0.00000034 1.00000000
vn -0.85812250 -0.51344500 0.00000017
vn 0.00000000 0.00000034 1.00000000
vn -0.70711070 -0.70710287 0.00000024
vn 0.00000000 0.00000034 1.00000000
vn -0.51343942 -0.85812584 0.00000029
vn -0.00000000 0.00000034 1.00000000
vn -0.25855408 -0.96599678 0.00000033
vn -0.00000000 0.00000034 1.00000000
vn -0.00000000 -1.00000000 0.00000034
vn 0.00000000 0.00000034 1.00000000
vn 0.25855762 -0.96599584 0.00000033
vn -0.00000000 0.00000034 1.00000000
vn 0.49911242 -0.86653724 0.00000029
vn -0.00000000 0.00000034 1.00000000
vn 0.69526330 -0.71875514 0.00000024
vn -0.00000000 0.00000034 1.00000000
vn 0.87158428 -0.49024570 0.00000017
vn -0.00000000 0.00000034 1.00000000
vn 0.96588581 -0.25896834 0.00000009
vn 0.00000000 0.00000034 1.00000000
vn 1.00000000 0.00000000 -0.00000000
vn -0.00000000 0.00000034 1.00000000
vn 0.96588581 0.25896834 -0.00000009
vn 0.00000000 0.00000034 1.00000000
vn 0.87960640 0.47570220 -0.00000016
vn -0.00000000 0.00000034 1.00000000
vn 0.69110990 0.72274968 -0.00000024
vn -0.00000000 0.00000034 1.00000000
vn 0.47960294 0.87748563 -0.00000030
vn 0.28478090 0.95859263 -0.00000032
vn -0.00000000 0.00000034 1.00000000
vn 0.00000000 0.00000034 1.00000000
vn -0.00000097 1.00000000 -0.00000034
vn -0.00000000 -0.00000034 -1.00000000
vn -0.00000000 -0.00000034 -1.00000000
vn -0.25855799 0.96599574 -0.00000033
vn -0.00000000 -0.00000034 -1.00000000
vn -0.49910517 0.86654142 -0.00000029
vn 0.00000000 -0.00000034 -1.00000000
vn -0.71151657 0.70266932 -0.00000024
vn 0.00000000 -0.00000034 -1.00000000
vn -0.86964271 0.49368164 -0.00000017
vn 0.00000000 -0.00000034 -1.00000000
vn -0.95859263 0.28478090 -0.00000010
vn -0.00000000 -0.00000034 -1.00000000
vn -1.00000000 0.00000000 0.00000000
vn 0.00000000 -0.00000034 -1.00000000
vn -0.95859263 -0.28478090 0.00000010
vn 0.00000000 -0.00000034 -1.00000000
vn -0.87748739 -0.47959971 0.00000016
vn -0.00000000 -0.00000034 -1.00000000
vn -0.72275048 -0.69110907 0.00000023
vn -0.00000000 -0.00000034 -1.00000000
vn -0.47569228 -0.87961177 0.00000030
vn 0.00000000 -0.00000034 -1.00000000
vn -0.25897725 -0.96588342 0.00000033
vn 0.00000000 -0.00000034 -1.00000000
vn -0.00000144 -1.00000000 0.00000034
vn 0.00000000 -0.00000034 -1.00000000
vn 0.25897586 -0.96588379 0.00000033
vn -0.00000000 -0.00000034 -1.00000000
vn 0.49023808 -0.87158856 0.00000029
vn -0.00000000 -0.00000034 -1.00000000
vn 0.71875514 -0.69526330 0.00000023
vn 0.00000000 -0.00000034 -1.00000000
vn 0.86653724 -0.49911242 0.00000017
vn 0.00000000 -0.00000034 -1.00000000
vn 0.96599584 -0.25855762 0.00000009
vn -0.00000000 -0.00000034 -1.00000000
vn 1.00000000 0.00000000 -0.00000000
vn 0.00000000 -0.00000034 -1.00000000
vn 0.96599584 0.25855762 -0.00000009
vn 0.00000000 -0.00000034 -1.00000000
vn 0.85812965 0.51343306 -0.00000017
vn -0.00000000 -0.00000034 -1.00000000
vn 0.70711070 0.70710287 -0.00000024
vn -0.00000000 -0.00000034 -1.00000000
vn 0.51343063 0.85813110 -0.00000029
vn -0.00000000 -0.00000034 -1.00000000
vn 0.00000000 -0.00000034 -1.00000000
vn 0.25855705 0.96599599 -0.00000033
vn 0.00000000 0.00000034 1.00000000
vn -0.00000097 1.00000000 -0.00000034
vn 0.00000000 0.00000034 1.00000000
vn -0.25855799 0.96599574 -0.00000033
vn -0.00000000 0.00000034 1.00000000
vn -0.49910517 0.86654142 -0.00000029
vn 0.00000000 0.00000034 1.00000000
vn -0.71151657 0.70266932 -0.00000024
vn 0.00000000 0.00000034 1.00000000
vn -0.86964271 0.49368164 -0.00000017
vn 0.00000000 0.00000034 1.00000000
vn -0.95859263 0.28478090 -0.00000010
vn 0.00000000 0.00000034 1.00000000
vn -1.00000000 -0.00000000 -0.00000000
vn -0.00000000 0.00000034 1.00000000
vn -0.95859263 -0.28478090 0.00000010
vn -0.00000000 0.00000034 1.00000000
vn -0.87748739 -0.47959971 0.00000016
vn -0.00000000 0.00000034 1.00000000
vn -0.72275048 -0.69110907 0.00000023
vn 0.00000000 0.00000034 1.00000000
vn -0.47569228 -0.87961177 0.00000030
vn 0.00000000 0.00000034 1.00000000
vn -0.25897725 -0.96588342 0.00000033
vn -0.00000000 0.00000034 1.00000000
vn -0.00000144 -1.00000000 0.00000034
vn -0.00000000 0.00000034 1.00000000
vn 0.25897586 -0.96588379 0.00000033
vn -0.00000000 0.00000034 1.00000000
vn 0.49023808 -0.87158856 0.00000029
vn -0.00000000 0.00000034 1.00000000
vn 0.71875514 -0.69526330 0.00000023
vn 0.00000000 0.00000034 1.00000000
vn 0.86653724 -0.49911242 0.00000017
vn 0.00000000 0.00000034 1.00000000
vn 0.96599584 -0.25855762 0.00000009
vn 0.00000000 0.00000034 1.00000000
vn 1.00000000 -0.00000000 0.00000000
vn -0.00000000 0.00000034 1.00000000
vn 0.96599584 0.25855762 -0.00000009
vn -0.00000000 0.00000034 1.00000000
vn 0.85812965 0.51343306 -0.00000017
vn -0.00000000 0.00000034 1.00000000
vn 0.70711070 0.70710287 -0.00000024
vn 0.00000000 0.00000034 1.00000000
vn 0.51343063 0.85813110 -0.00000029
vn 0.25855705 0.96599599 -0.00000033
vn -0.00000000 0.00000034 1.00000000
vn -0.00000000 0.00000034 1.00000000
vn -0.99972963 0.02325229 -0.00000001
vn -0.00000000 0.00000034 1.00000000
vn -0.02338630 -0.99972650 0.00000034
vn 0.00000000 -0.00000034 -1.00000000
vn -0.99972963 0.02325229 -0.00000001
vn -0.02338630 -0.99972650 0.00000034
vn 0.00000000 0.00000034 1.00000000
vn 0.99971661 -0.02380549 0.00000001
vn -0.02338630 -0.99972650 0.00000034
vn -0.02338630 -0.99972650 0.00000034
vn 0.99971661 -0.02380549 0.00000001
vn 0.99971661 -0.02380549 0.00000001
vn 0.00000000 -0.00000034 -1.00000000
vn 0.99971661 -0.02380549 0.00000001
vn -0.02325229 -0.99972963 0.00000034
vn 0.00000000 -0.00000034 -1.00000000
vn -0.02352189 -0.99972332 0.00000034
vn -0.99972963 0.02325229 -0.00000001
vn 0.00000000 -0.00000034 -1.00000000
vn 0.00000000 0.00000034 1.00000000
vn -0.02324858 -0.99972972 0.00000034
vn -0.99972787 0.02332761 -0.00000001
vn -0.00000000 -0.00000034 -1.00000000
vn 0.02528362 0.99968032 -0.00000034
vn -0.99972787 0.02332761 -0.00000001
vn -0.99972787 0.02332761 -0.00000001
vn -0.02324858 -0.99972972 0.00000034
vn -0.00000000 -0.00000034 -1.00000000
vn -0.02324858 -0.99972972 0.00000034
vn -0.99972332 0.02352189 -0.00000001
vn -0.99972332 0.02352189 -0.00000001
vn -0.00000000 -0.00000034 -1.00000000
vn -0.99972332 0.02352189 -0.00000001
vn -0.02352189 -0.99972332 0.00000034
vn -0.00000000 -0.00000034 -1.00000000
vn -0.00000000 -0.00000034 -1.00000000
vn 0.99972608 -0.02340451 0.00000001
vn 0.02528362 0.99968032 -0.00000034
vn -0.99972787 0.02332761 -0.00000001
vn 0.02528362 0.99968032 -0.00000034
vn 0.00000000 0.00000034 1.00000000
vn -0.02324858 -0.99972972 0.00000034
vn 0.00000000 0.00000034 1.00000000
vn -0.99972332 0.02352189 -0.00000001
vn -0.99972332 0.02352189 -0.00000001
vn -0.99972332 0.02352189 -0.00000001
vn 0.00000000 0.00000034 1.00000000
vn -0.02352189 -0.99972332 0.00000034
vn -0.99972963 0.02325229 -0.00000001
vn -0.02352189 -0.99972332 0.00000034
vn -0.00000000 0.00000034 1.00000000
vn 0.99971661 -0.02380549 0.00000001
vn 0.99971661 -0.02380549 0.00000001
vn 0.00000000 0.00000034 1.00000000
vn -0.02325229 -0.99972963 0.00000034
vn -0.00000000 0.00000034 1.00000000
vn 0.99972972 -0.02324849 0.00000001
vn -0.02325229 -0.99972963 0.00000034
vn -0.02325229 -0.99972963 0.00000034
vn 0.99972972 -0.02324849 0.00000001
vn -0.00000000 -0.00000034 -1.00000000
vn -0.00000000 -0.00000034 -1.00000000
vn 0.99972972 -0.02324849 0.00000001
vn -0.02325220 -0.99972963 0.00000034
vn -0.02325220 -0.99972963 0.00000034
vn 0.99972608 -0.02340451 0.00000001
vn -0.00000000 -0.00000034 -1.00000000
vn -0.02325220 -0.99972963 0.00000034
vn -0.00000000 0.00000034 1.00000000
vn 0.99972608 -0.02340451 0.00000001
vn 0.02528362 0.99968032 -0.00000034
vn 0.99972608 -0.02340451 0.00000001
vn -0.00000000 0.00000034 1.00000000
vn 0.99972972 -0.02324849 0.00000001
vn -0.00000000 0.00000034 1.00000000
vn -0.02325220 -0.99972963 0.00000034
vn -0.00000000 1.00000000 -0.00000034
vn 0.00000000 -0.00000034 -1.00000000
vn 0.00000000 -0.00000034 -1.00000000
vn -0.24521733 0.96946813 -0.00000033
vn 0.00000000 -0.00000034 -1.00000000
vn -0.50783389 0.86145501 -0.00000029
vn 0.00000000 -0.00000034 -1.00000000
vn -0.70710586 0.70710770 -0.00000024
vn 0.00000000 -0.00000034 -1.00000000
vn -0.86641754 0.49932019 -0.00000017
vn 0.00000000 -0.00000034 -1.00000000
vn -0.97115485 0.23844971 -0.00000008
vn 0.00000000 -0.00000034 -1.00000000
vn -0.99999583 0.00288940 -0.00000000
vn 0.00000000 -0.00000034 -1.00000000
vn -0.97183977 -0.23564265 0.00000008
vn -0.00000000 -0.00000034 -1.00000000
vn -0.86641754 -0.49932019 0.00000017
vn 0.00000000 -0.00000034 -1.00000000
vn -0.69210257 -0.72179916 0.00000024
vn 0.00000000 -0.00000034 -1.00000000
vn -0.51095714 -0.85960619 0.00000029
vn -0.00000000 -0.00000034 -1.00000000
vn -0.26900895 -0.96313768 0.00000032
vn -0.00000000 -0.00000034 -1.00000000
vn 0.00000000 -1.00000000 0.00000034
vn 0.00000000 -0.00000034 -1.00000000
vn 0.25858142 -0.96598947 0.00000033
vn 0.00000000 -0.00000034 -1.00000000
vn 0.50163468 -0.86507956 0.00000029
vn 0.00000000 -0.00000034 -1.00000000
vn 0.70710548 -0.70710809 0.00000024
vn -0.00000000 -0.00000034 -1.00000000
vn 0.86508070 -0.50163271 0.00000017
vn -0.00000000 -0.00000034 -1.00000000
vn 0.96599053 -0.25857744 0.00000009
vn 0.00000000 -0.00000034 -1.00000000
vn 0.99999583 0.00288940 -0.00000000
vn 0.00000000 -0.00000034 -1.00000000
vn 0.96523936 0.26136750 -0.00000009
vn -0.00000000 -0.00000034 -1.00000000
vn 0.86508070 0.50163271 -0.00000017
vn -0.00000000 -0.00000034 -1.00000000
vn 0.72179699 0.69210484 -0.00000023
vn -0.00000000 -0.00000034 -1.00000000
vn 0.49931647 0.86641968 -0.00000029
vn -0.00000000 -0.00000034 -1.00000000
vn -0.00000000 -0.00000034 -1.00000000
vn 0.23564781 0.97183852 -0.00000033
vn -0.00152426 0.70836011 -0.70584958
vn 0.00000000 1.00000000 -0.00000034
vn -0.17420004 0.68725721 -0.70521761
vn -0.24521733 0.96946813 -0.00000033
vn -0.35889835 0.61111684 -0.70549854
vn -0.50783389 0.86145501 -0.00000029
vn -0.50262344 0.50071879 -0.70473426
vn -0.70710586 0.70710770 -0.00000024
vn -0.61199189 0.35542526 -0.70649756
vn -0.86641754 0.49932019 -0.00000017
vn -0.68590566 0.16802492 -0.70802617
vn -0.97115485 0.23844971 -0.00000008
vn -0.70809891 0.00093465 -0.70611264
vn -0.99999583 0.00288940 -0.00000000
vn -0.68886133 -0.16811883 -0.70512844
vn -0.97183977 -0.23564265 0.00000008
vn -0.61479149 -0.35181300 -0.70587467
vn -0.86641754 -0.49932019 0.00000017
vn -0.48944919 -0.50851923 -0.70841209
vn -0.69210257 -0.72179916 0.00000024
vn -0.35738925 -0.61344854 -0.70423989
vn -0.51095714 -0.85960619 0.00000029
vn -0.19653648 -0.68335996 -0.70313055
vn -0.26900895 -0.96313768 0.00000032
vn 0.00413359 -0.71046759 -0.70371778
vn 0.00000000 -1.00000000 0.00000034
vn 0.17788555 -0.68646706 -0.70506717
vn 0.25858142 -0.96598947 0.00000033
vn 0.35937253 -0.61018167 -0.70606636
vn 0.50163468 -0.86507956 0.00000029
vn 0.49782193 -0.50446003 -0.70547388
vn 0.70710548 -0.70710809 0.00000024
vn 0.61494451 -0.35137560 -0.70595923
vn 0.86508070 -0.50163271 0.00000017
vn 0.68450537 -0.18685285 -0.70465482
vn 0.96599053 -0.25857744 0.00000009
vn 0.71028388 0.00605701 -0.70388928
vn 0.99999583 0.00288940 -0.00000000
vn 0.68588038 0.18003056 -0.70509368
vn 0.96523936 0.26136750 -0.00000009
vn 0.61018219 0.35937039 -0.70606700
vn 0.86508070 0.50163271 -0.00000017
vn 0.51504056 0.49187956 -0.70198840
vn 0.72179699 0.69210484 -0.00000023
vn 0.35542179 0.61199205 -0.70649917
vn 0.49931647 0.86641968 -0.00000029
vn 0.23564781 0.97183852 -0.00000033
vn 0.16609478 0.68619723 -0.70819905
vn 0.00000000 0.00000034 1.00000000
vn -0.00178675 0.70773550 -0.70647524
vn 0.00000000 0.00000034 1.00000000
vn -0.18019383 0.68433052 -0.70655638
vn 0.00000000 0.00000034 1.00000000
vn -0.35780503 0.61267791 -0.70469947
vn 0.00000000 0.00000034 1.00000000
vn -0.50318704 0.49901922 -0.70553712
vn -0.00000000 0.00000034 1.00000000
vn -0.61238205 0.35700350 -0.70536284
vn -0.00000000 0.00000034 1.00000000
vn -0.68483694 0.18050382 -0.70598635
vn 0.00000000 0.00000034 1.00000000
vn -0.70759607 0.00071341 -0.70661680
vn 0.00000000 0.00000034 1.00000000
vn -0.68303264 -0.17954675 -0.70797555
vn -0.00000000 0.00000034 1.00000000
vn -0.61318791 -0.35487784 -0.70573529
vn 0.00000000 0.00000034 1.00000000
vn -0.50224673 -0.50038058 -0.70524287
vn 0.00000000 0.00000034 1.00000000
vn -0.34672824 -0.61475416 -0.70841855
vn -0.00000000 0.00000034 1.00000000
vn -0.18600285 -0.68629061 -0.70314162
vn -0.00000000 0.00000034 1.00000000
vn 0.00076745 -0.70945459 -0.70475073
vn 0.00000000 0.00000034 1.00000000
vn 0.17975303 -0.68780312 -0.70328921
vn -0.00000000 0.00000034 1.00000000
vn 0.35585598 -0.61087129 -0.70725016
vn -0.00000000 0.00000034 1.00000000
vn 0.50051970 -0.50374525 -0.70407439
vn 0.00000000 0.00000034 1.00000000
vn 0.61296400 -0.35172358 -0.70750665
vn -0.00000000 0.00000034 1.00000000
vn 0.68611267 -0.18403699 -0.70383222
vn 0.00000000 0.00000034 1.00000000
vn 0.70922757 0.00345920 -0.70497113
vn 0.00000000 0.00000034 1.00000000
vn 0.68752585 0.18136966 -0.70314526
vn 0.00000000 0.00000034 1.00000000
vn 0.61087253 0.35585315 -0.70725051
vn -0.00000000 0.00000034 1.00000000
vn 0.50374554 0.50051911 -0.70407461
vn -0.00000000 0.00000034 1.00000000
vn 0.36345352 0.61001825 -0.70411595
vn 0.17937567 0.68514231 -0.70597761
vn -0.00000000 0.00000034 1.00000000
vn -0.00000000 0.00000034 1.00000000
vn 0.00000000 1.00000000 -0.00000034
vn 0.00000000 -0.00000034 -1.00000000
vn 0.00000000 -0.00000034 -1.00000000
vn -0.27020804 0.96280196 -0.00000032
vn -0.00000000 -0.00000034 -1.00000000
vn -0.50783857 0.86145225 -0.00000029
vn 0.00000000 -0.00000034 -1.00000000
vn -0.70710632 0.70710724 -0.00000024
vn 0.00000000 -0.00000034 -1.00000000
vn -0.86145432 0.50783506 -0.00000017
vn 0.00000000 -0.00000034 -1.00000000
vn -0.96280324 0.27020349 -0.00000009
vn 0.00000000 -0.00000034 -1.00000000
vn -1.00000000 -0.00000000 0.00000000
vn 0.00000000 -0.00000034 -1.00000000
vn -0.96542114 -0.26069528 0.00000009
vn 0.00000000 -0.00000034 -1.00000000
vn -0.86641806 -0.49931928 0.00000017
vn -0.00000000 -0.00000034 -1.00000000
vn -0.69210433 -0.72179748 0.00000024
vn -0.00000000 -0.00000034 -1.00000000
vn -0.51095430 -0.85960788 0.00000029
vn -0.00000000 -0.00000034 -1.00000000
vn -0.26900955 -0.96313751 0.00000032
vn 0.00000000 -0.00000034 -1.00000000
vn 0.00000000 -1.00000000 0.00000034
vn -0.00000000 -0.00000034 -1.00000000
vn 0.25858388 -0.96598881 0.00000033
vn -0.00000000 -0.00000034 -1.00000000
vn 0.50163568 -0.86507898 0.00000029
vn 0.00000000 -0.00000034 -1.00000000
vn 0.70710678 -0.70710678 0.00000024
vn 0.00000000 -0.00000034 -1.00000000
vn 0.86507981 -0.50163426 0.00000017
vn 0.00000000 -0.00000034 -1.00000000
vn 0.96599031 -0.25857828 0.00000009
vn -0.00000000 -0.00000034 -1.00000000
vn 1.00000000 -0.00000000 0.00000000
vn 0.00000000 -0.00000034 -1.00000000
vn 0.96313765 0.26900903 -0.00000009
vn -0.00000000 -0.00000034 -1.00000000
vn 0.85960733 0.51095523 -0.00000017
vn -0.00000000 -0.00000034 -1.00000000
vn 0.72179699 0.69210484 -0.00000023
vn -0.00000000 -0.00000034 -1.00000000
vn 0.49932444 0.86641509 -0.00000029
vn -0.00000000 -0.00000034 -1.00000000
vn 0.00000000 -0.00000034 -1.00000000
vn 0.26070416 0.96541874 -0.00000033
vn 0.00363087 0.71056257 -0.70362465
vn 0.00000000 1.00000000 -0.00000034
vn -0.19298993 0.68230670 -0.70513293
vn -0.27020804 0.96280196 -0.00000032
vn -0.35595023 0.61067275 -0.70737417
vn -0.50783857 0.86145225 -0.00000029
vn -0.50215018 0.49700346 -0.70769539
vn -0.70710632 0.70710724 -0.00000024
vn -0.61059575 0.36097158 -0.70489173
vn -0.86145432 0.50783506 -0.00000017
vn -0.68563160 0.18959371 -0.70282539
vn -0.96280324 0.27020349 -0.00000009
vn -0.71056154 0.00362967 -0.70362570
vn -1.00000000 -0.00000000 0.00000000
vn -0.68527016 -0.18811285 -0.70357541
vn -0.96542114 -0.26069528 0.00000009
vn -0.61674330 -0.35170528 -0.70422375
vn -0.86641806 -0.49931928 0.00000017
vn -0.48909352 -0.51160597 -0.70643248
vn -0.69210433 -0.72179748 0.00000024
vn -0.36105812 -0.61512902 -0.70089466
vn -0.51095430 -0.85960788 0.00000029
vn -0.19653509 -0.68335971 -0.70313119
vn -0.26900955 -0.96313751 0.00000032
vn 0.00413201 -0.71046628 -0.70371911
vn 0.00000000 -1.00000000 0.00000034
vn 0.18108962 -0.68785192 -0.70289849
vn 0.25858388 -0.96598881 0.00000033
vn 0.35881927 -0.61456122 -0.70254056
vn 0.50163568 -0.86507898 0.00000029
vn 0.50009011 -0.50421726 -0.70404179
vn 0.70710678 -0.70710678 0.00000024
vn 0.61735646 -0.35342168 -0.70282581
vn 0.86507981 -0.50163426 0.00000017
vn 0.68554825 -0.18846258 -0.70321081
vn 0.96599031 -0.25857828 0.00000009
vn 0.71074975 0.00445657 -0.70343083
vn 1.00000000 0.00000000 -0.00000000
vn 0.68447850 0.18461150 -0.70527142
vn 0.96313765 0.26900903 -0.00000009
vn 0.60581178 0.36400962 -0.70745254
vn 0.85960733 0.51095523 -0.00000017
vn 0.51200243 0.49135746 -0.70457176
vn 0.72179699 0.69210484 -0.00000023
vn 0.35542695 0.61198953 -0.70649876
vn 0.49932444 0.86641509 -0.00000029
vn 0.26070416 0.96541874 -0.00000033
vn 0.18103552 0.68662661 -0.70410939
vn -0.00000000 0.00000034 1.00000000
vn 0.00079533 0.71140433 -0.70278250
vn -0.00000000 0.00000034 1.00000000
vn -0.18334852 0.68627627 -0.70385240
vn 0.00000000 0.00000034 1.00000000
vn -0.35095711 0.61665182 -0.70467698
vn 0.00000000 0.00000034 1.00000000
vn -0.50010096 0.49754872 -0.70876251
vn 0.00000000 0.00000034 1.00000000
vn -0.61418139 0.35202915 -0.70629788
vn 0.00000000 0.00000034 1.00000000
vn -0.68530838 0.18093323 -0.70541873
vn 0.00000000 0.00000034 1.00000000
vn -0.71158483 0.00180600 -0.70259787
vn 0.00000000 0.00000034 1.00000000
vn -0.68627565 -0.18335009 -0.70385260
vn 0.00000000 0.00000034 1.00000000
vn -0.61924811 -0.35062917 -0.70256029
vn 0.00000000 0.00000034 1.00000000
vn -0.50108490 -0.50290853 -0.70427050
vn -0.00000000 0.00000034 1.00000000
vn -0.35130328 -0.61710439 -0.70410807
vn 0.00000000 0.00000034 1.00000000
vn -0.19408594 -0.68556161 -0.70166654
vn 0.00000000 0.00000034 1.00000000
vn 0.00076686 -0.70945373 -0.70475160
vn -0.00000000 0.00000034 1.00000000
vn 0.18884565 -0.68527993 -0.70336956
vn 0.00000000 0.00000034 1.00000000
vn 0.35817747 -0.61412974 -0.70324502
vn -0.00000000 0.00000034 1.00000000
vn 0.50091088 -0.50503137 -0.70287382
vn -0.00000000 0.00000034 1.00000000
vn 0.61776844 -0.34766704 -0.70532956
vn -0.00000000 0.00000034 1.00000000
vn 0.68749176 -0.18534348 -0.70214163
vn 0.00000000 0.00000034 1.00000000
vn 0.70945446 0.00221783 -0.70474779
vn -0.00000000 0.00000034 1.00000000
vn 0.68895281 0.18074608 -0.70190803
vn -0.00000000 0.00000034 1.00000000
vn 0.61429524 0.35187855 -0.70627392
vn -0.00000000 0.00000034 1.00000000
vn 0.49897423 0.50025999 -0.70764727
vn -0.00000000 0.00000034 1.00000000
vn 0.35700281 0.61238009 -0.70536488
vn 0.17937548 0.68514200 -0.70597795
vn 0.00000000 0.00000034 1.00000000
vn 0.00000000 0.00000034 1.00000000
vn -0.95178777 0.30675729 -0.00000010
vn -0.00000000 -0.00000034 -1.00000000
vn 0.93271945 0.36060287 -0.00000012
vn 0.00000000 -0.00000034 -1.00000000
vn -0.00000000 -0.00000034 -1.00000000
vn -0.82806505 0.56063204 -0.00000019
vn -0.00000000 -0.00000034 -1.00000000
vn -0.73185845 0.68145668 -0.00000023
vn 0.00000000 -0.00000034 -1.00000000
vn -0.82839980 0.56013727 -0.00000019
vn -0.00000000 -0.00000034 -1.00000000
vn -0.94649813 0.32270928 -0.00000011
vn -0.00000000 -0.00000034 -1.00000000
vn -0.00000000 -0.00000034 -1.00000000
vn 0.82139188 0.57036425 -0.00000019
vn 0.00000000 -0.00000034 -1.00000000
vn -0.00000000 -0.00000034 -1.00000000
vn -0.99785793 0.06541825 -0.00000002
vn 0.00000000 -0.00000034 -1.00000000
vn 0.68028820 0.73294473 -0.00000025
vn 0.00000000 -0.00000034 -1.00000000
vn -0.98340575 -0.18141974 0.00000006
vn 0.00000000 -0.00000034 -1.00000000
vn -0.90009371 -0.43569636 0.00000015
vn 0.00000000 -0.00000034 -1.00000000
vn 0.47019263 0.88256382 -0.00000030
vn -0.00000000 -0.00000034 -1.00000000
vn -0.00000000 -0.00000034 -1.00000000
vn -0.75578549 -0.65481928 0.00000022
vn 0.00000000 -0.00000034 -1.00000000
vn -0.55763129 -0.83008876 0.00000028
vn -0.00000000 -0.00000034 -1.00000000
vn -0.00000000 -0.00000034 -1.00000000
vn 0.23922965 0.97096301 -0.00000033
vn 0.00000000 -0.00000034 -1.00000000
vn -0.00000000 -0.00000034 -1.00000000
vn -0.32387407 -0.94610020 0.00000032
vn -0.00000000 -0.00000034 -1.00000000
vn -0.07805090 -0.99694938 0.00000034
vn 0.00000000 -0.00000034 -1.00000000
vn -0.04712839 0.99888884 -0.00000034
vn 0.00000000 -0.00000034 -1.00000000
vn 0.17760750 -0.98410141 0.00000033
vn 0.00000000 -0.00000034 -1.00000000
vn 0.43863730 -0.89866419 0.00000030
vn -0.00000000 -0.00000034 -1.00000000
vn -0.36060004 0.93272054 -0.00000031
vn -0.00000000 -0.00000034 -1.00000000
vn 0.66020447 -0.75108592 0.00000025
vn -0.00000000 -0.00000034 -1.00000000
vn -0.53938108 0.84206179 -0.00000028
vn -0.00000000 -0.00000034 -1.00000000
vn 0.00000000 -0.00000034 -1.00000000
vn 0.82366192 -0.56708115 0.00000019
vn 0.00000000 -0.00000034 -1.00000000
vn 0.94319831 -0.33223026 0.00000011
vn 0.00000000 -0.00000034 -1.00000000
vn 0.00000000 -0.00000034 -1.00000000
vn -0.74193564 0.67047111 -0.00000023
vn -0.00000000 -0.00000034 -1.00000000
vn 0.00000000 -0.00000034 -1.00000000
vn 0.99803031 -0.06273364 0.00000002
vn -0.00000000 -0.00000034 -1.00000000
vn 0.98100953 0.19395955 -0.00000007
vn -0.00000000 -0.00000034 -1.00000000
vn 0.89695850 0.44211476 -0.00000015
vn -0.00000000 -0.00000034 -1.00000000
vn -0.90519651 0.42499326 -0.00000014
vn -0.00000000 -0.00000034 -1.00000000
vn 0.75108783 0.66020230 -0.00000022
vn 0.00000000 -0.00000034 -1.00000000
vn 0.65397359 0.75651738 -0.00000026
vn 0.00000000 -0.00000034 -1.00000000
vn 0.76638324 0.64238363 -0.00000022
vn -0.00000000 -0.00000034 -1.00000000
vn 0.89515395 0.44575712 -0.00000015
vn -0.00000000 -0.00000034 -1.00000000
vn 0.96519243 0.26154076 -0.00000009
vn 0.00000000 -0.00000034 -1.00000000
vn -0.97096536 0.23922011 -0.00000008
vn -0.00000000 -0.00000034 -1.00000000
vn 0.99996153 -0.00877178 0.00000000
vn 0.00000000 -0.00000034 -1.00000000
vn 0.96882962 -0.24772800 0.00000008
vn -0.00000000 -0.00000034 -1.00000000
vn 0.89002982 -0.45590231 0.00000015
vn 0.00000000 -0.00000034 -1.00000000
vn 0.74382183 -0.66837795 0.00000023
vn 0.00000000 -0.00000034 -1.00000000
vn 0.00000000 -0.00000034 -1.00000000
vn -0.99786690 -0.06528136 0.00000002
vn -0.99227849 0.12402986 -0.00000004
vn -0.00000000 -0.00000034 -1.00000000
vn -0.99227849 -0.12402986 0.00000004
vn -0.99786690 -0.06528136 0.00000002
vn -0.00000000 -0.00000034 -1.00000000
vn 0.00000000 -0.00000034 -1.00000000
vn 0.00000000 -0.00000034 -1.00000000
vn 0.57036559 -0.82139095 0.00000028
vn 0.00000000 -0.00000034 -1.00000000
vn -0.00000000 -0.00000034 -1.00000000
vn -0.00000000 -0.00000034 -1.00000000
vn 0.00000000 -0.00000034 -1.00000000
vn -0.96519243 -0.26154076 0.00000009
vn -0.96519243 -0.26154076 0.00000009
vn -0.99786690 -0.06528136 0.00000002
vn -0.99227849 -0.12402986 0.00000004
vn -0.99227849 0.12402986 -0.00000004
vn -0.99786690 -0.06528136 0.00000002
vn -0.97096536 0.23922011 -0.00000008
vn -0.90519651 0.42499326 -0.00000014
vn -0.74193564 0.67047111 -0.00000023
vn -0.53938108 0.84206179 -0.00000028
vn -0.36060004 0.93272054 -0.00000031
vn -0.04712839 0.99888884 -0.00000034
vn 0.23922965 0.97096301 -0.00000033
vn 0.47019263 0.88256382 -0.00000030
vn 0.68028820 0.73294473 -0.00000025
vn 0.82139188 0.57036425 -0.00000019
vn 0.93271945 0.36060287 -0.00000012
vn 0.99843147 0.05598753 -0.00000002
vn 0.97618950 0.21691946 -0.00000007
vn 0.97618950 0.21691946 -0.00000007
vn 0.99843147 0.05598753 -0.00000002
vn 0.00000000 -0.00000034 -1.00000000
vn -0.99888835 0.04713871 -0.00000002
vn 0.00000000 -0.00000034 -1.00000000
vn 0.00000000 -0.00000034 -1.00000000
vn -0.00000000 -0.00000034 -1.00000000
vn -0.98299785 -0.18361705 0.00000006
vn -0.29730823 -0.95478155 0.00000032
vn -0.00000000 -0.00000034 -1.00000000
vn -0.29730823 -0.95478155 0.00000032
vn -0.54138759 -0.84077315 0.00000028
vn -0.00000000 -0.00000034 -1.00000000
vn 0.00000000 -0.00000034 -1.00000000
vn -0.54138759 -0.84077315 0.00000028
vn -0.76301859 -0.64637654 0.00000022
vn 0.00000000 -0.00000034 -1.00000000
vn 0.00000000 -0.00000034 -1.00000000
vn -0.76301859 -0.64637654 0.00000022
vn -0.90787594 -0.41923892 0.00000014
vn 0.00000000 -0.00000034 -1.00000000
vn -0.00000000 -0.00000034 -1.00000000
vn -0.90787594 -0.41923892 0.00000014
vn -0.98299785 -0.18361705 0.00000006
vn -0.99888835 0.04713871 -0.00000002
vn -0.95178777 0.30675729 -0.00000010
vn -0.82806505 0.56063204 -0.00000019
vn -0.73185845 0.68145668 -0.00000023
vn -0.82839980 0.56013727 -0.00000019
vn -0.94649813 0.32270928 -0.00000011
vn -0.99785793 0.06541825 -0.00000002
vn -0.98340575 -0.18141974 0.00000006
vn -0.90009371 -0.43569636 0.00000015
vn -0.75578549 -0.65481928 0.00000022
vn -0.55763129 -0.83008876 0.00000028
vn -0.32387407 -0.94610020 0.00000032
vn -0.07805090 -0.99694938 0.00000034
vn 0.17760750 -0.98410141 0.00000033
vn 0.43863730 -0.89866419 0.00000030
vn 0.66020447 -0.75108592 0.00000025
vn 0.82366192 -0.56708115 0.00000019
vn 0.94319831 -0.33223026 0.00000011
vn 0.99803031 -0.06273364 0.00000002
vn 0.98100953 0.19395955 -0.00000007
vn 0.89695850 0.44211476 -0.00000015
vn 0.75108783 0.66020230 -0.00000022
vn 0.65397359 0.75651738 -0.00000026
vn 0.76638324 0.64238363 -0.00000022
vn 0.89515395 0.44575712 -0.00000015
vn 0.96519243 0.26154076 -0.00000009
vn 0.99996153 -0.00877178 0.00000000
vn 0.96882962 -0.24772800 0.00000008
vn 0.89002982 -0.45590231 0.00000015
vn 0.74382183 -0.66837795 0.00000023
vn 0.57036559 -0.82139095 0.00000028
vn 0.38824296 -0.92155705 0.00000031
vn 0.00000000 -0.00000034 -1.00000000
vn -0.00000000 -0.00000034 -1.00000000
vn 0.38824296 -0.92155705 0.00000031
vn 0.13869525 -0.99033511 0.00000033
vn 0.32453703 0.94587299 -0.00000032
vn 0.07187526 0.99741363 -0.00000034
vn -0.00000000 -0.00000034 -1.00000000
vn 0.07187526 0.99741363 -0.00000034
vn 0.00000000 -0.00000034 -1.00000000
vn -0.18931018 0.98191734 -0.00000033
vn -0.18931018 0.98191734 -0.00000033
vn 0.00000000 -0.00000034 -1.00000000
vn -0.43735043 0.89929117 -0.00000030
vn -0.43735043 0.89929117 -0.00000030
vn -0.00000000 -0.00000034 -1.00000000
vn -0.65429824 0.75623661 -0.00000025
vn -0.65429824 0.75623661 -0.00000025
vn -0.00000000 -0.00000034 -1.00000000
vn -0.82931320 0.55878405 -0.00000019
vn -0.82931320 0.55878405 -0.00000019
vn -0.00000000 -0.00000034 -1.00000000
vn -0.94301034 0.33276344 -0.00000011
vn -0.94301034 0.33276344 -0.00000011
vn 0.00000000 -0.00000034 -1.00000000
vn -0.99742682 0.07169200 -0.00000002
vn -0.99742682 0.07169200 -0.00000002
vn 0.00000000 -0.00000034 -1.00000000
vn -0.98184378 -0.18969132 0.00000006
vn -0.98184378 -0.18969132 0.00000006
vn 0.00000000 -0.00000034 -1.00000000
vn -0.89970908 -0.43649006 0.00000015
vn -0.89970908 -0.43649006 0.00000015
vn -0.00000000 -0.00000034 -1.00000000
vn -0.75563098 -0.65499757 0.00000022
vn -0.75563098 -0.65499757 0.00000022
vn -0.00000000 -0.00000034 -1.00000000
vn 0.00000000 -0.00000034 -1.00000000
vn -0.53977281 -0.84181074 0.00000028
vn -0.53977281 -0.84181074 0.00000028
vn -0.00000000 -0.00000034 -1.00000000
vn 0.00000000 -0.00000034 -1.00000000
vn -0.33498666 -0.94222287 0.00000032
vn -0.33498666 -0.94222287 0.00000032
vn -0.00000000 -0.00000034 -1.00000000
vn -0.13869525 -0.99033511 0.00000033
vn -0.13869525 -0.99033511 0.00000033
vn 0.13869525 -0.99033511 0.00000033
vn 0.00000000 -0.00000034 -1.00000000
vn 0.00000000 -0.00000034 -1.00000000
vn -0.00000000 -0.00000034 -1.00000000
vn -0.00000000 -0.00000034 -1.00000000
vn -0.00000000 -0.00000034 -1.00000000
vn -0.85261853 -0.52253387 0.00000018
vn -0.85261853 -0.52253387 0.00000018
vn -0.00000000 -0.00000034 -1.00000000
vn -0.70710863 -0.70710493 0.00000024
vn -0.70710863 -0.70710493 0.00000024
vn -0.00000000 -0.00000034 -1.00000000
vn 0.00000000 -0.00000034 -1.00000000
vn -0.52252320 -0.85262507 0.00000029
vn -0.52252320 -0.85262507 0.00000029
vn 0.00000000 -0.00000034 -1.00000000
vn 0.00000000 -0.00000034 -1.00000000
vn -0.26153564 -0.96519382 0.00000033
vn -0.26153564 -0.96519382 0.00000033
vn 0.00000000 -0.00000034 -1.00000000
vn 0.00000000 -0.00000034 -1.00000000
vn -0.06214479 -0.99806714 0.00000034
vn -0.06214479 -0.99806714 0.00000034
vn -0.00000000 -0.00000034 -1.00000000
vn 0.13869525 -0.99033511 0.00000033
vn 0.13869525 -0.99033511 0.00000033
vn -0.00000000 -0.00000034 -1.00000000
vn 0.38824749 -0.92155515 0.00000031
vn 0.38824749 -0.92155515 0.00000031
vn -0.00000000 -0.00000034 -1.00000000
vn 0.64237919 -0.76638697 0.00000026
vn 0.64237919 -0.76638697 0.00000026
vn 0.00000000 -0.00000034 -1.00000000
vn 0.80126903 -0.59830422 0.00000020
vn 0.80126903 -0.59830422 0.00000020
vn -0.00000000 -0.00000034 -1.00000000
vn 0.91451744 -0.40454649 0.00000014
vn 0.91451744 -0.40454649 0.00000014
vn -0.00000000 -0.00000034 -1.00000000
vn 0.98134884 -0.19223542 0.00000006
vn 0.98134884 -0.19223542 0.00000006
vn 0.99843147 0.05598753 -0.00000002
vn 0.98994769 -0.14143399 0.00000005
vn -0.00000000 -0.00000034 -1.00000000
vn 0.00000000 -0.00000034 -1.00000000
vn -0.00000000 -0.00000034 -1.00000000
vn 0.98994769 -0.14143399 0.00000005
vn 0.99843147 0.05598753 -0.00000002
vn 0.00000000 -0.00000034 -1.00000000
vn -0.06026324 -0.99818252 0.00000034
vn -0.06026324 -0.99818252 0.00000034
vn 0.00000000 -0.00000034 -1.00000000
vn 0.18362166 -0.98299699 0.00000033
vn 0.18362166 -0.98299699 0.00000033
vn -0.00000000 -0.00000034 -1.00000000
vn 0.41923828 -0.90787624 0.00000031
vn 0.41923828 -0.90787624 0.00000031
vn -0.00000000 -0.00000034 -1.00000000
vn 0.67016021 -0.74221647 0.00000025
vn 0.67016021 -0.74221647 0.00000025
vn -0.00000000 -0.00000034 -1.00000000
vn 0.82931249 -0.55878511 0.00000019
vn 0.82931249 -0.55878511 0.00000019
vn -0.00000000 -0.00000034 -1.00000000
vn 0.94236739 -0.33457990 0.00000011
vn 0.94236739 -0.33457990 0.00000011
vn -0.00000000 -0.00000034 -1.00000000
vn 0.99728680 -0.07361414 0.00000002
vn 0.99728680 -0.07361414 0.00000002
vn 0.00000000 -0.00000034 -1.00000000
vn 0.98184366 0.18969193 -0.00000006
vn 0.98184366 0.18969193 -0.00000006
vn -0.00000000 -0.00000034 -1.00000000
vn 0.90186358 0.43202094 -0.00000015
vn 0.90186358 0.43202094 -0.00000015
vn 0.00000000 -0.00000034 -1.00000000
vn 0.75454172 0.65625209 -0.00000022
vn 0.75454172 0.65625209 -0.00000022
vn -0.00000000 -0.00000034 -1.00000000
vn 0.55878447 0.82931292 -0.00000028
vn 0.55878447 0.82931292 -0.00000028
vn 0.32453703 0.94587299 -0.00000032
vn -0.00000000 -0.00000034 -1.00000000
vn 0.05842498 -0.99829180 0.00000034
vn 0.00000000 -0.00000034 -1.00000000
vn 0.31517855 -0.94903239 0.00000032
vn -0.00000000 -0.00000034 -1.00000000
vn 0.55298845 -0.83318892 0.00000028
vn -0.00000000 -0.00000034 -1.00000000
vn 0.74748982 -0.66427327 0.00000022
vn 0.00000000 -0.00000034 -1.00000000
vn 0.89294695 -0.45016191 0.00000015
vn 0.00000000 -0.00000034 -1.00000000
vn 0.97965456 -0.20069118 0.00000007
vn 0.00000000 -0.00000034 -1.00000000
vn 0.99829186 0.05842407 -0.00000002
vn 0.00000000 -0.00000034 -1.00000000
vn 0.94903268 0.31517768 -0.00000011
vn 0.00000000 -0.00000034 -1.00000000
vn 0.83530447 0.54978763 -0.00000019
vn -0.00000000 -0.00000034 -1.00000000
vn 0.66348398 0.74819049 -0.00000025
vn -0.00000000 -0.00000034 -1.00000000
vn 0.44751370 0.89427707 -0.00000030
vn 0.00000000 -0.00000034 -1.00000000
vn 0.00000000 -0.00000034 -1.00000000
vn 0.20217082 0.97935027 -0.00000033
vn -0.00000000 -0.00000034 -1.00000000
vn -0.05884055 0.99826739 -0.00000034
vn -0.00000000 -0.00000034 -1.00000000
vn 0.00000000 -0.00000034 -1.00000000
vn 0.00000000 -0.00000034 -1.00000000
vn -0.31517881 0.94903231 -0.00000032
vn 0.00000000 -0.00000034 -1.00000000
vn -0.55299021 0.83318775 -0.00000028
vn 0.00000000 -0.00000034 -1.00000000
vn -0.74748982 0.66427327 -0.00000022
vn -0.00000000 -0.00000034 -1.00000000
vn -0.89207759 0.45188225 -0.00000015
vn -0.00000000 -0.00000034 -1.00000000
vn -0.97935049 0.20216978 -0.00000007
vn -0.00000000 -0.00000034 -1.00000000
vn -0.99820168 -0.05994504 0.00000002
vn -0.00000000 -0.00000034 -1.00000000
vn -0.94949024 -0.31379657 0.00000011
vn 0.00000000 -0.00000034 -1.00000000
vn -0.83460211 -0.55085326 0.00000019
vn 0.00000000 -0.00000034 -1.00000000
vn -0.66427262 -0.74749039 0.00000025
vn 0.00000000 -0.00000034 -1.00000000
vn -0.45016255 -0.89294663 0.00000030
vn -0.00000000 -0.00000034 -1.00000000
vn -0.00000000 -0.00000034 -1.00000000
vn -0.20069264 -0.97965426 0.00000033
vn -0.20069264 -0.97965426 0.00000033
vn 0.05842498 -0.99829180 0.00000034
vn 0.31517855 -0.94903239 0.00000032
vn 0.55298845 -0.83318892 0.00000028
vn 0.74748982 -0.66427327 0.00000022
vn 0.89294695 -0.45016191 0.00000015
vn 0.97965456 -0.20069118 0.00000007
vn 0.99829186 0.05842407 -0.00000002
vn 0.94903268 0.31517768 -0.00000011
vn 0.83530447 0.54978763 -0.00000019
vn 0.66348398 0.74819049 -0.00000025
vn 0.44751370 0.89427707 -0.00000030
vn 0.20217082 0.97935027 -0.00000033
vn -0.05884055 0.99826739 -0.00000034
vn -0.31517881 0.94903231 -0.00000032
vn -0.55299021 0.83318775 -0.00000028
vn -0.74748982 0.66427327 -0.00000022
vn -0.89207759 0.45188225 -0.00000015
vn -0.97935049 0.20216978 -0.00000007
vn -0.99820168 -0.05994504 0.00000002
vn -0.94949024 -0.31379657 0.00000011
vn -0.83460211 -0.55085326 0.00000019
vn -0.66427262 -0.74749039 0.00000025
vn -0.45016255 -0.89294663 0.00000030
vn -0.19848084 -0.98010477 0.00000033
vn 0.05958636 -0.99822315 0.00000034
vn 0.00000000 -0.00000034 -1.00000000
vn 0.05958636 -0.99822315 0.00000034
vn -0.00000000 -0.00000034 -1.00000000
vn 0.31368205 -0.94952808 0.00000032
vn 0.31368205 -0.94952808 0.00000032
vn 0.00000000 -0.00000034 -1.00000000
vn 0.55071415 -0.83469391 0.00000028
vn 0.55071415 -0.83469391 0.00000028
vn 0.00000000 -0.00000034 -1.00000000
vn 0.74819065 -0.66348380 0.00000022
vn 0.74819065 -0.66348380 0.00000022
vn 0.00000000 -0.00000034 -1.00000000
vn 0.89234122 -0.45136143 0.00000015
vn 0.89234122 -0.45136143 0.00000015
vn 0.00000000 -0.00000034 -1.00000000
vn 0.97917260 -0.20302962 0.00000007
vn 0.97917260 -0.20302962 0.00000007
vn -0.00000000 -0.00000034 -1.00000000
vn 0.99822320 0.05958553 -0.00000002
vn 0.99822320 0.05958553 -0.00000002
vn -0.00000000 -0.00000034 -1.00000000
vn 0.94812779 0.31788945 -0.00000011
vn 0.94812779 0.31788945 -0.00000011
vn 0.00000000 -0.00000034 -1.00000000
vn 0.83429984 0.55131096 -0.00000019
vn 0.83429984 0.55131096 -0.00000019
vn -0.00000000 -0.00000034 -1.00000000
vn 0.66626183 0.74571789 -0.00000025
vn 0.66626183 0.74571789 -0.00000025
vn -0.00000000 -0.00000034 -1.00000000
vn 0.44991263 0.89307258 -0.00000030
vn 0.44991263 0.89307258 -0.00000030
vn 0.00000000 -0.00000034 -1.00000000
vn 0.20177063 0.97943280 -0.00000033
vn 0.20177063 0.97943280 -0.00000033
vn -0.00000000 -0.00000034 -1.00000000
vn -0.05924865 0.99824326 -0.00000034
vn -0.05924865 0.99824326 -0.00000034
vn 0.00000000 -0.00000034 -1.00000000
vn -0.31583584 0.94881385 -0.00000032
vn -0.31583584 0.94881385 -0.00000032
vn 0.00000000 -0.00000034 -1.00000000
vn -0.55220173 0.83371053 -0.00000028
vn -0.55220173 0.83371053 -0.00000028
vn -0.00000000 -0.00000034 -1.00000000
vn -0.74700985 0.66481297 -0.00000022
vn -0.74700985 0.66481297 -0.00000022
vn -0.00000000 -0.00000034 -1.00000000
vn -0.89384843 0.44836924 -0.00000015
vn -0.89384843 0.44836924 -0.00000015
vn -0.00000000 -0.00000034 -1.00000000
vn -0.98003755 0.19881247 -0.00000007
vn -0.98003755 0.19881247 -0.00000007
vn -0.00000000 -0.00000034 -1.00000000
vn -0.99824324 -0.05924885 0.00000002
vn -0.99824324 -0.05924885 0.00000002
vn -0.00000000 -0.00000034 -1.00000000
vn -0.95019559 -0.31165421 0.00000011
vn -0.95019559 -0.31165421 0.00000011
vn 0.00000000 -0.00000034 -1.00000000
vn -0.83586767 -0.54893100 0.00000019
vn -0.83586767 -0.54893100 0.00000019
vn 0.00000000 -0.00000034 -1.00000000
vn -0.66348374 -0.74819070 0.00000025
vn -0.66348374 -0.74819070 0.00000025
vn -0.00000000 -0.00000034 -1.00000000
vn -0.44721391 -0.89442704 0.00000030
vn -0.44721391 -0.89442704 0.00000030
vn -0.19848084 -0.98010477 0.00000033
vn -0.00000000 -0.00000034 -1.00000000
vn 0.00000000 -0.00000034 -1.00000000
vn -0.00000000 -0.00000034 -1.00000000
vn 0.00000000 -0.00000034 -1.00000000
vn 0.00000000 -0.00000034 -1.00000000
vn 0.00000000 -0.00000034 -1.00000000
vn 0.00000000 -0.00000034 -1.00000000
vn -0.00000000 -0.00000034 -1.00000000
vn -0.00000000 -0.00000034 -1.00000000
vn 0.00000000 -0.00000034 -1.00000000
vn 0.00000000 -0.00000034 -1.00000000
vn -0.00000000 -0.00000034 -1.00000000
vn 0.00000000 -0.00000034 -1.00000000
vn 0.00000000 -0.00000034 -1.00000000
vn 0.00000000 -0.00000034 -1.00000000
vn 0.00000000 -0.00000034 -1.00000000
vn -0.00000000 -0.00000034 -1.00000000
vn -0.00000000 -0.00000034 -1.00000000
vn -0.00000000 -0.00000034 -1.00000000
vn -0.00000000 -0.00000034 -1.00000000
vn -0.00000000 -0.00000034 -1.00000000
vn -0.00000000 -0.00000034 -1.00000000
vn 0.00000000 -0.00000034 -1.00000000
vn 0.00000000 -0.00000034 -1.00000000
vn -0.00000000 -0.00000034 -1.00000000
vn 0.61119227 0.79148216 -0.00000027
vn 0.79501281 0.60659264 -0.00000020
vn 0.28597492 0.37051796 -0.88370515
vn 0.61119227 0.79148216 -0.00000027
vn 0.37238126 0.28387039 -0.88360048
vn 0.79501281 0.60659264 -0.00000020
vn 0.92405745 0.38225361 -0.00000013
vn 0.43275605 0.17952671 -0.88345479
vn 0.92405745 0.38225361 -0.00000013
vn 0.99173447 0.12830718 -0.00000004
vn 0.46729075 0.06109716 -0.88199007
vn 0.99173447 0.12830718 -0.00000004
vn 0.99173451 -0.12830692 0.00000004
vn 0.46810588 -0.06048911 -0.88159965
vn 0.99173451 -0.12830692 0.00000004
vn 0.92527911 -0.37928692 0.00000013
vn 0.43396843 -0.17904590 -0.88295751
vn 0.92527911 -0.37928692 0.00000013
vn 0.79422595 -0.60762254 0.00000020
vn 0.36890140 -0.28369171 -0.88511625
vn 0.79422595 -0.60762254 0.00000020
vn 0.60762179 -0.79422652 0.00000027
vn 0.28257477 -0.36873759 -0.88554169
vn 0.60762179 -0.79422652 0.00000027
vn 0.37928739 -0.92527892 0.00000031
vn 0.17854579 -0.43248905 -0.88378426
vn 0.37928739 -0.92527892 0.00000031
vn 0.16627203 -0.98607992 0.00000033
vn 0.06109744 -0.46729094 -0.88198996
vn 0.16078253 -0.98669497 -0.02412509
vn -0.00000004 -0.96224209 -0.27219507
vn -0.06048882 -0.46810618 -0.88159952
vn -0.16078264 -0.98669495 -0.02412519
vn -0.16627218 -0.98607990 0.00000033
vn -0.37928692 -0.92527911 0.00000031
vn -0.17904560 -0.43396873 -0.88295743
vn -0.37928692 -0.92527911 0.00000031
vn -0.61119370 -0.79148105 0.00000027
vn -0.28523830 -0.36769607 -0.88512073
vn -0.61119370 -0.79148105 0.00000027
vn -0.79501305 -0.60659233 0.00000020
vn -0.37083067 -0.28405565 -0.88419285
vn -0.79501305 -0.60659233 0.00000020
vn -0.92405716 -0.38225432 0.00000013
vn -0.43275593 -0.17952721 -0.88345475
vn -0.92405716 -0.38225432 0.00000013
vn -0.99173451 -0.12830692 0.00000004
vn -0.46338622 -0.05903568 -0.88418776
vn -0.99173451 -0.12830692 0.00000004
vn -0.99173447 0.12830718 -0.00000004
vn -0.46249047 0.05970277 -0.88461186
vn -0.99173447 0.12830718 -0.00000004
vn -0.92527901 0.37928716 -0.00000013
vn -0.43312609 0.17710640 -0.88376191
vn -0.92527901 0.37928716 -0.00000013
vn -0.79148150 0.61119313 -0.00000021
vn -0.36769647 0.28523822 -0.88512060
vn -0.79148150 0.61119313 -0.00000021
vn -0.60659219 0.79501315 -0.00000027
vn -0.28405527 0.37083061 -0.88419300
vn -0.60659219 0.79501315 -0.00000027
vn -0.38225441 0.92405712 -0.00000031
vn -0.17952693 0.43275567 -0.88345493
vn -0.38225441 0.92405712 -0.00000031
vn -0.12830789 0.99173438 -0.00000033
vn -0.06109758 0.46728960 -0.88199066
vn -0.12830789 0.99173438 -0.00000033
vn 0.12830789 0.99173438 -0.00000033
vn 0.06048912 0.46810463 -0.88160032
vn 0.12830789 0.99173438 -0.00000033
vn 0.37928748 0.92527888 -0.00000031
vn 0.37928748 0.92527888 -0.00000031
vn 0.17904560 0.43396793 -0.88295782
vn -0.00000000 -0.00000034 -1.00000000
vn 0.17915246 0.43308917 -0.88336752
vn -0.00000000 -0.00000034 -1.00000000
vn 0.28633863 0.36985232 -0.88386619
vn 0.00000000 -0.00000034 -1.00000000
vn 0.37250075 0.28368469 -0.88360975
vn 0.00000000 -0.00000034 -1.00000000
vn 0.43346420 0.18045226 -0.88291889
vn -0.00000000 -0.00000034 -1.00000000
vn 0.46784180 0.06255199 -0.88159588
vn 0.00000000 -0.00000034 -1.00000000
vn 0.46717383 -0.06139898 -0.88203105
vn 0.00000000 -0.00000034 -1.00000000
vn 0.43193173 -0.17967520 -0.88382792
vn -0.00000000 -0.00000034 -1.00000000
vn 0.36792893 -0.28360928 -0.88554734
vn -0.00000000 -0.00000034 -1.00000000
vn 0.28323813 -0.36937427 -0.88506430
vn -0.00000000 -0.00000034 -1.00000000
vn 0.18045135 -0.43346440 -0.88291898
vn 0.00000000 -0.00000034 -1.00000000
vn 0.06255246 -0.46784207 -0.88159570
vn -0.00000000 -0.00000034 -1.00000000
vn -0.06139868 -0.46717413 -0.88203091
vn 0.00000000 -0.00000034 -1.00000000
vn -0.17967476 -0.43193235 -0.88382771
vn 0.00000000 -0.00000034 -1.00000000
vn -0.28516161 -0.36792641 -0.88504972
vn 0.00000000 -0.00000034 -1.00000000
vn -0.37073592 -0.28599203 -0.88360819
vn -0.00000000 -0.00000034 -1.00000000
vn -0.43259685 -0.17811594 -0.88381824
vn -0.00000000 -0.00000034 -1.00000000
vn -0.46271622 -0.05790396 -0.88461338
vn -0.00000000 -0.00000034 -1.00000000
vn -0.46345865 0.05915781 -0.88414164
vn -0.00000000 -0.00000034 -1.00000000
vn -0.43350721 0.17594266 -0.88380749
vn -0.00000000 -0.00000034 -1.00000000
vn -0.36792629 0.28516172 -0.88504974
vn 0.00000000 -0.00000034 -1.00000000
vn -0.28599130 0.37073589 -0.88360844
vn 0.00000000 -0.00000034 -1.00000000
vn -0.18045100 0.43346372 -0.88291939
vn -0.00000000 -0.00000034 -1.00000000
vn -0.06255236 0.46784057 -0.88159651
vn 0.06139888 0.46717280 -0.88203160
vn 0.00000000 -0.00000034 -1.00000000
vn -0.38532303 -0.92278175 0.00000031
vn 0.00000000 -0.00000034 -1.00000000
vn -0.60996273 -0.79243010 0.00000027
vn -0.00000000 -0.00000034 -1.00000000
vn -0.79243010 -0.60996273 0.00000021
vn -0.00000000 -0.00000034 -1.00000000
vn -0.92278175 -0.38532303 0.00000013
vn 0.00000000 -0.00000034 -1.00000000
vn -0.99126858 -0.13185827 0.00000004
vn 0.00000000 -0.00000034 -1.00000000
vn -0.99126858 0.13185827 -0.00000004
vn 0.00000000 -0.00000034 -1.00000000
vn -0.92278175 0.38532303 -0.00000013
vn 0.00000000 -0.00000034 -1.00000000
vn -0.79243010 0.60996273 -0.00000021
vn -0.00000000 -0.00000034 -1.00000000
vn -0.60996273 0.79243010 -0.00000027
vn -0.00000000 -0.00000034 -1.00000000
vn -0.38532303 0.92278175 -0.00000031
vn 0.00000000 -0.00000034 -1.00000000
vn -0.13185827 0.99126858 -0.00000033
vn 0.00000000 -0.00000034 -1.00000000
vn 0.13185827 0.99126858 -0.00000033
vn -0.00000000 -0.00000034 -1.00000000
vn 0.38532303 0.92278175 -0.00000031
vn -0.00000000 -0.00000034 -1.00000000
vn 0.60996273 0.79243010 -0.00000027
vn 0.00000000 -0.00000034 -1.00000000
vn 0.79243010 0.60996273 -0.00000021
vn 0.00000000 -0.00000034 -1.00000000
vn 0.92278175 0.38532303 -0.00000013
vn -0.00000000 -0.00000034 -1.00000000
vn 0.99126858 0.13185827 -0.00000004
vn -0.00000000 -0.00000034 -1.00000000
vn 0.99126858 -0.13185827 0.00000004
vn 0.00000000 -0.00000034 -1.00000000
vn 0.92278175 -0.38532303 0.00000013
vn -0.00000000 -0.00000034 -1.00000000
vn 0.79243010 -0.60996273 0.00000021
vn -0.00000000 -0.00000034 -1.00000000
vn 0.60996273 -0.79243010 0.00000027
vn 0.00000000 -0.00000034 -1.00000000
vn 0.38532303 -0.92278175 0.00000031
vn -0.00000000 -0.00000034 -1.00000000
vn 0.13185827 -0.99126858 0.00000033
vn -0.00000000 -0.00000034 -1.00000000
vn 0.00000000 -0.00000034 -1.00000000
vn -0.13185827 -0.99126858 0.00000033
vn -0.38532303 -0.92278175 0.00000031
vn -0.60996273 -0.79243010 0.00000027
vn -0.79243010 -0.60996273 0.00000021
vn -0.92278175 -0.38532303 0.00000013
vn -0.99126858 -0.13185827 0.00000004
vn -0.99126858 0.13185827 -0.00000004
vn -0.92278175 0.38532303 -0.00000013
vn -0.79243010 0.60996273 -0.00000021
vn -0.60996273 0.79243010 -0.00000027
vn -0.38532303 0.92278175 -0.00000031
vn -0.13185827 0.99126858 -0.00000033
vn 0.13185827 0.99126858 -0.00000033
vn 0.38532303 0.92278175 -0.00000031
vn 0.60996273 0.79243010 -0.00000027
vn 0.79243010 0.60996273 -0.00000021
vn 0.92278175 0.38532303 -0.00000013
vn 0.99126858 0.13185827 -0.00000004
vn 0.99126858 -0.13185827 0.00000004
vn 0.92278175 -0.38532303 0.00000013
vn 0.79243010 -0.60996273 0.00000021
vn 0.60996273 -0.79243010 0.00000027
vn 0.38532303 -0.92278175 0.00000031
vn 0.13185827 -0.99126858 0.00000033
vn -0.13185827 -0.99126858 0.00000033
vn 0.37809120 0.92576835 -0.00000031
vn 0.60893812 0.79321773 -0.00000027
vn 0.00000000 -0.00000034 -1.00000000
vn 0.37809120 0.92576835 -0.00000031
vn -0.00000000 -0.00000034 -1.00000000
vn 0.60893812 0.79321773 -0.00000027
vn 0.79339154 0.60871164 -0.00000021
vn -0.00000000 -0.00000034 -1.00000000
vn 0.79339154 0.60871164 -0.00000021
vn 0.92387956 0.38268337 -0.00000013
vn 0.00000000 -0.00000034 -1.00000000
vn 0.92387956 0.38268337 -0.00000013
vn 0.99250744 0.12218420 -0.00000004
vn -0.00000000 -0.00000034 -1.00000000
vn 0.99250744 0.12218420 -0.00000004
vn 0.99101095 -0.13378076 0.00000005
vn -0.00000000 -0.00000034 -1.00000000
vn 0.99101095 -0.13378076 0.00000005
vn 0.92576819 -0.37809160 0.00000013
vn -0.00000000 -0.00000034 -1.00000000
vn 0.92576819 -0.37809160 0.00000013
vn 0.79834846 -0.60219577 0.00000020
vn 0.00000000 -0.00000034 -1.00000000
vn 0.79834846 -0.60219577 0.00000020
vn 0.60219586 -0.79834839 0.00000027
vn 0.00000000 -0.00000034 -1.00000000
vn 0.60219586 -0.79834839 0.00000027
vn 0.37808963 -0.92576899 0.00000031
vn 0.00000000 -0.00000034 -1.00000000
vn 0.37808963 -0.92576899 0.00000031
vn 0.13378126 -0.99101088 0.00000033
vn 0.00000000 -0.00000034 -1.00000000
vn 0.13378126 -0.99101088 0.00000033
vn -0.13378076 -0.99101095 0.00000033
vn -0.00000000 -0.00000034 -1.00000000
vn -0.13378076 -0.99101095 0.00000033
vn -0.38365956 -0.92347460 0.00000031
vn -0.00000000 -0.00000034 -1.00000000
vn -0.38365956 -0.92347460 0.00000031
vn -0.60699346 -0.79470683 0.00000027
vn -0.00000000 -0.00000034 -1.00000000
vn -0.60699346 -0.79470683 0.00000027
vn -0.79470683 -0.60699346 0.00000020
vn -0.00000000 -0.00000034 -1.00000000
vn -0.79470683 -0.60699346 0.00000020
vn -0.92347460 -0.38365956 0.00000013
vn 0.00000000 -0.00000034 -1.00000000
vn -0.92347460 -0.38365956 0.00000013
vn -0.99101095 -0.13378076 0.00000005
vn 0.00000000 -0.00000034 -1.00000000
vn -0.99101095 -0.13378076 0.00000005
vn -0.99101088 0.13378126 -0.00000005
vn 0.00000000 -0.00000034 -1.00000000
vn -0.99101088 0.13378126 -0.00000005
vn -0.92576899 0.37808963 -0.00000013
vn 0.00000000 -0.00000034 -1.00000000
vn -0.92576899 0.37808963 -0.00000013
vn -0.79321714 0.60893888 -0.00000021
vn 0.00000000 -0.00000034 -1.00000000
vn -0.79321714 0.60893888 -0.00000021
vn -0.60023816 0.79982133 -0.00000027
vn -0.00000000 -0.00000034 -1.00000000
vn -0.60023816 0.79982133 -0.00000027
vn -0.38366115 0.92347394 -0.00000031
vn -0.00000000 -0.00000034 -1.00000000
vn -0.38366115 0.92347394 -0.00000031
vn -0.13378076 0.99101095 -0.00000033
vn 0.00000000 -0.00000034 -1.00000000
vn -0.13378076 0.99101095 -0.00000033
vn 0.13378126 0.99101088 -0.00000033
vn 0.13378126 0.99101088 -0.00000033
vn -0.00000000 -0.00000034 -1.00000000
vn -0.00000000 -0.00000034 -1.00000000
vn 0.07018445 -0.99749647 -0.00865664
vn -0.07043857 -0.99751612 0.00000034
vn -0.00738941 -0.71063283 -0.70352425
vn -0.01212019 -0.99989135 -0.00838986
vn -0.26754489 -0.96354540 0.00000032
vn -0.18913503 -0.68048206 -0.70793510
vn -0.26754489 -0.96354540 0.00000032
vn -0.50531734 -0.86293359 0.00000029
vn -0.35694064 -0.61014959 -0.70732656
vn -0.50531734 -0.86293359 0.00000029
vn -0.71204821 -0.70213058 0.00000024
vn -0.50118107 -0.49247659 -0.71153661
vn -0.71204821 -0.70213058 0.00000024
vn -0.86999303 -0.49306402 0.00000017
vn -0.61412036 -0.34923794 -0.70773515
vn -0.86999303 -0.49306402 0.00000017
vn -0.96796090 -0.25110098 0.00000008
vn -0.68360879 -0.17768620 -0.70788886
vn -0.96796090 -0.25110098 0.00000008
vn -0.99995102 0.00989731 -0.00000000
vn -0.70685897 0.00772136 -0.70731236
vn -0.99995102 0.00989731 -0.00000000
vn -0.96354553 0.26754440 -0.00000009
vn -0.68040144 0.18884723 -0.70808941
vn -0.96354553 0.26754440 -0.00000009
vn -0.86194032 0.50700975 -0.00000017
vn -0.60949141 0.35807133 -0.70732252
vn -0.86194032 0.50700975 -0.00000017
vn -0.70254574 0.71163859 -0.00000024
vn -0.49959355 0.50505883 -0.70379107
vn -0.70254574 0.71163859 -0.00000024
vn -0.49269846 0.87020011 -0.00000029
vn -0.34821282 0.61565777 -0.70690405
vn -0.49269846 0.87020011 -0.00000029
vn -0.25168005 0.96781049 -0.00000033
vn -0.17797898 0.68358451 -0.70783875
vn -0.25168005 0.96781049 -0.00000033
vn 0.00633392 0.99997994 -0.00000034
vn 0.00417287 0.70706626 -0.70713499
vn 0.00633392 0.99997994 -0.00000034
vn 0.26635040 0.96387627 -0.00000032
vn 0.18833555 0.68069984 -0.70793887
vn 0.26635040 0.96387627 -0.00000032
vn 0.50594032 0.86256848 -0.00000029
vn 0.35605745 0.60423415 -0.71282830
vn 0.50594032 0.86256848 -0.00000029
vn 0.71342411 0.70073250 -0.00000024
vn 0.50499318 0.49870993 -0.70446454
vn 0.71342411 0.70073250 -0.00000024
vn 0.86999266 0.49306467 -0.00000017
vn 0.61559843 0.34840146 -0.70686278
vn 0.86999266 0.49306467 -0.00000017
vn 0.96796096 0.25110073 -0.00000008
vn 0.68360590 0.17768399 -0.70789220
vn 0.96796096 0.25110073 -0.00000008
vn 0.99997733 -0.00673366 0.00000000
vn 0.70690628 -0.00558327 -0.70728519
vn 0.99997733 -0.00673366 0.00000000
vn 0.96438760 -0.26449302 0.00000009
vn 0.68094060 -0.18671990 -0.70813528
vn 0.96438760 -0.26449302 0.00000009
vn 0.86066243 -0.50917599 0.00000017
vn 0.60864589 -0.35951781 -0.70731685
vn 0.86066243 -0.50917599 0.00000017
vn 0.70075323 -0.71340375 0.00000024
vn 0.49836513 -0.50633573 -0.70374450
vn 0.70075323 -0.71340375 0.00000024
vn 0.49269813 -0.87020030 0.00000029
vn 0.35071029 -0.62017656 -0.70170031
vn 0.49269813 -0.87020030 0.00000029
vn 0.25372423 -0.96727660 0.00000033
vn 0.25342814 -0.96735330 -0.00133260
vn 0.17871879 -0.68708502 -0.70425405
vn 0.05077665 -0.70981814 -0.70255245
vn -0.05157247 -0.70602999 -0.70630158
vn -0.18931741 -0.68031410 -0.70804777
vn -0.35734199 -0.60956509 -0.70762781
vn -0.50031530 -0.49344537 -0.71147471
vn -0.61458304 -0.34903483 -0.70743365
vn -0.68390712 -0.17635734 -0.70793301
vn -0.70701249 0.00568221 -0.70717823
vn -0.68040691 0.18897496 -0.70805007
vn -0.60944607 0.35872559 -0.70703001
vn -0.49918701 0.50534642 -0.70387309
vn -0.34705238 0.61566505 -0.70746816
vn -0.17667849 0.68375683 -0.70799810
vn 0.00474799 0.70696217 -0.70723542
vn 0.18845730 0.68016040 -0.70842479
vn 0.35470828 0.60563989 -0.71230777
vn 0.50559308 0.49887601 -0.70391645
vn 0.61558002 0.34729019 -0.70742545
vn 0.68390424 0.17635525 -0.70793630
vn 0.70710643 -0.00331571 -0.70709936
vn 0.68107148 -0.18657325 -0.70804806
vn 0.60844031 -0.36036267 -0.70706374
vn 0.49836622 -0.50702261 -0.70324902
vn 0.35246450 -0.61930803 -0.70158844
vn 0.18012245 -0.68589864 -0.70505245
vn 0.00000000 1.00000000 -0.00000034
vn 0.00000000 1.00000000 -0.00000034
vn -0.13511449 0.99082999 -0.00000033
vn 0.00000000 1.00000000 -0.00000034
vn 0.12933977 0.99160033 -0.00000033
vn 0.00000000 1.00000000 -0.00000034
vn -0.13511449 0.99082999 -0.00000033
vn 0.00000000 1.00000000 -0.00000034
vn 0.00000000 1.00000000 -0.00000034
vn 0.12933977 0.99160033 -0.00000033
vn 0.25234810 0.96763652 -0.00000033
vn 0.25234810 0.96763652 -0.00000033
vn 0.49755195 0.86743418 -0.00000029
vn 0.49755195 0.86743418 -0.00000029
vn 0.70710765 0.70710591 -0.00000024
vn 0.70710765 0.70710591 -0.00000024
vn 0.86743616 0.49754850 -0.00000017
vn 0.86743616 0.49754850 -0.00000017
vn 0.96763699 0.25234630 -0.00000009
vn 0.96763699 0.25234630 -0.00000009
vn 0.99160010 0.12934154 -0.00000004
vn 1.00000000 0.00000000 0.00000000
vn 1.00000000 0.00000000 0.00000000
vn 0.99160010 0.12934154 -0.00000004
vn 1.00000000 0.00000000 0.00000000
vn 1.00000000 0.00000000 0.00000000
vn 0.99082999 -0.13511449 0.00000005
vn 1.00000000 0.00000000 0.00000000
vn 1.00000000 0.00000000 0.00000000
vn 0.99082999 -0.13511449 0.00000005
vn 0.96897380 -0.24716344 0.00000008
vn 0.96897380 -0.24716344 0.00000008
vn 0.86459721 -0.50246559 0.00000017
vn 0.86459721 -0.50246559 0.00000017
vn 0.69718448 -0.71689177 0.00000024
vn 0.69718448 -0.71689177 0.00000024
vn 0.51580718 -0.85670470 0.00000029
vn 0.51580718 -0.85670470 0.00000029
vn 0.27277465 -0.96207795 0.00000032
vn 0.27277465 -0.96207795 0.00000032
vn 0.12933977 -0.99160033 0.00000033
vn 0.00000000 -1.00000000 0.00000034
vn 0.00000000 -1.00000000 0.00000034
vn 0.12933977 -0.99160033 0.00000033
vn -0.13511449 -0.99082999 0.00000033
vn 0.00000000 -1.00000000 0.00000034
vn 0.00000000 -1.00000000 0.00000034
vn -0.13511449 -0.99082999 0.00000033
vn -0.26692935 -0.96371610 0.00000032
vn -0.26692935 -0.96371610 0.00000032
vn -0.50809400 -0.86130162 0.00000029
vn -0.50809400 -0.86130162 0.00000029
vn -0.71000081 -0.70420086 0.00000024
vn -0.71000081 -0.70420086 0.00000024
vn -0.86337724 -0.50455895 0.00000017
vn -0.86337724 -0.50455895 0.00000017
vn -0.96371561 -0.26693111 0.00000009
vn -0.96371561 -0.26693111 0.00000009
vn -0.99082999 -0.13511449 0.00000005
vn -1.00000000 0.00000000 0.00000000
vn -1.00000000 0.00000000 0.00000000
vn -0.99082999 -0.13511449 0.00000005
vn -0.99160010 0.12934154 -0.00000004
vn -1.00000000 0.00000000 0.00000000
vn -1.00000000 0.00000000 0.00000000
vn -0.99160010 0.12934154 -0.00000004
vn -0.96207762 0.27277582 -0.00000009
vn -0.96207762 0.27277582 -0.00000009
vn -0.86573945 0.50049496 -0.00000017
vn -0.86573945 0.50049496 -0.00000017
vn -0.71956552 0.69442456 -0.00000023
vn -0.71956552 0.69442456 -0.00000023
vn -0.49036853 0.87151517 -0.00000029
vn -0.49036853 0.87151517 -0.00000029
vn -0.24716466 0.96897349 -0.00000033
vn -0.24716466 0.96897349 -0.00000033
vn 0.16915800 -0.69101840 -0.70276536
vn -0.02165521 -0.71539955 -0.69837993
vn 0.04348520 -0.71431466 -0.69847234
vn -0.05635568 -0.70991429 -0.70202972
vn -0.20198928 -0.67919847 -0.70561304
vn -0.20110485 -0.68004861 -0.70504661
vn -0.37173944 -0.60774837 -0.70174904
vn -0.37027656 -0.61032912 -0.70028111
vn -0.51602424 -0.49381138 -0.69990664
vn -0.51584834 -0.49264198 -0.70085974
vn -0.62297325 -0.33828981 -0.70531151
vn -0.62258868 -0.33675202 -0.70638617
vn -0.68907375 -0.16397722 -0.70589577
vn -0.68965848 -0.16477375 -0.70513885
vn -0.71166941 0.01673566 -0.70231515
vn -0.71271630 0.01646306 -0.70125919
vn -0.68583468 0.19995201 -0.69974995
vn -0.68520343 0.19992975 -0.70037444
vn -0.60501491 0.37145408 -0.70425764
vn -0.60424512 0.37150116 -0.70489341
vn -0.48933562 0.51462270 -0.70406968
vn -0.48980059 0.51409992 -0.70412830
vn -0.33801619 0.62227849 -0.70605562
vn -0.33871626 0.62265468 -0.70538815
vn -0.16912182 0.69227487 -0.70153639
vn -0.17050122 0.69290784 -0.70057694
vn 0.01907661 0.71229424 -0.70162170
vn 0.01848979 0.71256723 -0.70136016
vn 0.20143275 0.68536519 -0.69978526
vn 0.20154590 0.68478106 -0.70032431
vn 0.37036736 0.60562413 -0.70430635
vn 0.37028308 0.60483562 -0.70502788
vn 0.51387225 0.49058328 -0.70374949
vn 0.51452810 0.48933244 -0.70414103
vn 0.62236727 0.33826871 -0.70585640
vn 0.62219842 0.33755587 -0.70634634
vn 0.68889655 0.16455181 -0.70593502
vn 0.68956695 0.16556838 -0.70504223
vn 0.71142401 -0.01773988 -0.70253909
vn 0.71274136 -0.01600910 -0.70124422
vn 0.68566499 -0.20003639 -0.69989211
vn 0.68570486 -0.19971138 -0.69994586
vn 0.60767496 -0.37178495 -0.70178849
vn 0.60694686 -0.37257208 -0.70200110
vn 0.49236821 -0.51721592 -0.70004374
vn 0.49218207 -0.51730871 -0.70010607
vn 0.34231481 -0.62539624 -0.70121332
vn 0.34049872 -0.62508726 -0.70237208
vn 0.17072127 -0.68754356 -0.70578900
vn 0.50087928 -0.86551716 0.00000029
vn 0.00000000 -0.00000034 -1.00000000
vn 0.00000000 -0.00000034 -1.00000000
vn 0.70710658 -0.70710698 0.00000024
vn 0.00000000 -0.00000034 -1.00000000
vn 0.86551731 -0.50087901 0.00000017
vn -0.00000000 -0.00000034 -1.00000000
vn 0.96620306 -0.25778215 0.00000009
vn 0.00000000 -0.00000034 -1.00000000
vn 1.00000000 -0.00000008 0.00000000
vn 0.00000000 -0.00000034 -1.00000000
vn 0.96620309 0.25778207 -0.00000009
vn -0.00000000 -0.00000034 -1.00000000
vn 0.86551731 0.50087901 -0.00000017
vn -0.00000000 -0.00000034 -1.00000000
vn 0.70710622 0.70710734 -0.00000024
vn -0.00000000 -0.00000034 -1.00000000
vn 0.50087935 0.86551711 -0.00000029
vn 0.00000000 -0.00000034 -1.00000000
vn 0.25778207 0.96620309 -0.00000033
vn 0.00000000 -0.00000034 -1.00000000
vn 0.00000000 1.00000000 -0.00000034
vn 0.00000000 -0.00000034 -1.00000000
vn -0.25778207 0.96620309 -0.00000033
vn -0.00000000 -0.00000034 -1.00000000
vn -0.50088004 0.86551671 -0.00000029
vn -0.00000000 -0.00000034 -1.00000000
vn -0.70710678 0.70710678 -0.00000024
vn 0.00000000 -0.00000034 -1.00000000
vn -0.86551671 0.50088004 -0.00000017
vn 0.00000000 -0.00000034 -1.00000000
vn -0.96620311 0.25778199 -0.00000009
vn 0.00000000 -0.00000034 -1.00000000
vn -1.00000000 -0.00000008 0.00000000
vn 0.00000000 -0.00000034 -1.00000000
vn -0.96620309 -0.25778207 0.00000009
vn -0.00000000 -0.00000034 -1.00000000
vn -0.86551671 -0.50088004 0.00000017
vn 0.00000000 -0.00000034 -1.00000000
vn -0.70710715 -0.70710642 0.00000024
vn -0.00000000 -0.00000034 -1.00000000
vn -0.50087997 -0.86551676 0.00000029
vn -0.00000000 -0.00000034 -1.00000000
vn -0.25778149 -0.96620324 0.00000033
vn 0.00000000 -0.00000034 -1.00000000
vn -0.00000000 -1.00000000 0.00000034
vn -0.00000000 -0.00000034 -1.00000000
vn -0.00000000 -0.00000034 -1.00000000
vn 0.25778149 -0.96620324 0.00000033
vn -0.00000000 -0.00000034 -1.00000000
vn 0.25778149 -0.96620324 0.00000033
vn 0.00000000 -0.00000034 -1.00000000
vn 0.50087928 -0.86551716 0.00000029
vn 0.00000000 -0.00000034 -1.00000000
vn 0.70710658 -0.70710698 0.00000024
vn -0.00000000 -0.00000034 -1.00000000
vn 0.86551731 -0.50087901 0.00000017
vn 0.00000000 -0.00000034 -1.00000000
vn 0.96620306 -0.25778215 0.00000009
vn 0.00000000 -0.00000034 -1.00000000
vn 1.00000000 -0.00000008 0.00000000
vn -0.00000000 -0.00000034 -1.00000000
vn 0.96620309 0.25778207 -0.00000009
vn -0.00000000 -0.00000034 -1.00000000
vn 0.86551731 0.50087901 -0.00000017
vn -0.00000000 -0.00000034 -1.00000000
vn 0.70710622 0.70710734 -0.00000024
vn 0.00000000 -0.00000034 -1.00000000
vn 0.50087935 0.86551711 -0.00000029
vn -0.00000000 -0.00000034 -1.00000000
vn 0.25778207 0.96620309 -0.00000033
vn 0.00000000 -0.00000034 -1.00000000
vn 0.00000000 1.00000000 -0.00000034
vn 0.00000000 -0.00000034 -1.00000000
vn -0.25778207 0.96620309 -0.00000033
vn -0.00000000 -0.00000034 -1.00000000
vn -0.50088004 0.86551671 -0.00000029
vn -0.00000000 -0.00000034 -1.00000000
vn -0.70710678 0.70710678 -0.00000024
vn 0.00000000 -0.00000034 -1.00000000
vn -0.86551671 0.50088004 -0.00000017
vn 0.00000000 -0.00000034 -1.00000000
vn -0.96620311 0.25778199 -0.00000009
vn -0.00000000 -0.00000034 -1.00000000
vn -1.00000000 -0.00000008 0.00000000
vn -0.00000000 -0.00000034 -1.00000000
vn -0.96620309 -0.25778207 0.00000009
vn 0.00000000 -0.00000034 -1.00000000
vn -0.86551671 -0.50088004 0.00000017
vn -0.00000000 -0.00000034 -1.00000000
vn -0.70710715 -0.70710642 0.00000024
vn 0.00000000 -0.00000034 -1.00000000
vn -0.50087997 -0.86551676 0.00000029
vn 0.00000000 -0.00000034 -1.00000000
vn -0.25778149 -0.96620324 0.00000033
vn -0.00000000 -1.00000000 0.00000034
vn 0.00000000 -0.00000034 -1.00000000
vn 0.00000000 -1.00000000 0.00000034
vn 0.12933977 -0.99160033 0.00000033
vn 0.00000000 -0.00000034 -1.00000000
vn 0.25234810 -0.96763652 0.00000033
vn 0.00000000 -0.00000034 -1.00000000
vn 0.49755328 -0.86743342 0.00000029
vn 0.00000000 -0.00000034 -1.00000000
vn 0.70710635 -0.70710722 0.00000024
vn -0.00000000 -0.00000034 -1.00000000
vn 0.86743380 -0.49755262 0.00000017
vn -0.00000000 -0.00000034 -1.00000000
vn 0.96763675 -0.25234720 0.00000009
vn 0.00000000 -0.00000034 -1.00000000
vn 0.99160022 -0.12934065 0.00000004
vn 1.00000000 0.00000000 0.00000000
vn -0.00000000 -0.00000034 -1.00000000
vn 1.00000000 0.00000000 0.00000000
vn 0.99160010 0.12934154 -0.00000004
vn 0.00000000 -0.00000034 -1.00000000
vn 0.96763699 0.25234630 -0.00000009
vn -0.00000000 -0.00000034 -1.00000000
vn 0.86743341 0.49755329 -0.00000017
vn -0.00000000 -0.00000034 -1.00000000
vn 0.70710678 0.70710678 -0.00000024
vn 0.00000000 -0.00000034 -1.00000000
vn 0.49754971 0.86743547 -0.00000029
vn -0.00000000 -0.00000034 -1.00000000
vn 0.25234805 0.96763653 -0.00000033
vn -0.00000000 -0.00000034 -1.00000000
vn 0.12935330 0.99159857 -0.00000033
vn 0.00000000 1.00000000 -0.00000034
vn 0.00000000 -0.00000034 -1.00000000
vn 0.00000000 1.00000000 -0.00000034
vn -0.12935330 0.99159857 -0.00000033
vn -0.00000000 -0.00000034 -1.00000000
vn -0.25234805 0.96763653 -0.00000033
vn 0.00000000 -0.00000034 -1.00000000
vn -0.49754598 0.86743760 -0.00000029
vn 0.00000000 -0.00000034 -1.00000000
vn -0.70710374 0.70710982 -0.00000024
vn -0.00000000 -0.00000034 -1.00000000
vn -0.86743341 0.49755329 -0.00000017
vn 0.00000000 -0.00000034 -1.00000000
vn -0.96763699 0.25234630 -0.00000009
vn 0.00000000 -0.00000034 -1.00000000
vn -0.99160010 0.12934154 -0.00000004
vn -1.00000000 0.00000000 0.00000000
vn -0.00000000 -0.00000034 -1.00000000
vn -1.00000000 0.00000000 0.00000000
vn -0.99160022 -0.12934065 0.00000004
vn 0.00000000 -0.00000034 -1.00000000
vn -0.96763675 -0.25234720 0.00000009
vn 0.00000000 -0.00000034 -1.00000000
vn -0.86743380 -0.49755262 0.00000017
vn 0.00000000 -0.00000034 -1.00000000
vn -0.70710331 -0.70711025 0.00000024
vn 0.00000000 -0.00000034 -1.00000000
vn -0.49754955 -0.86743556 0.00000029
vn -0.00000000 -0.00000034 -1.00000000
vn -0.25234810 -0.96763652 0.00000033
vn -0.00000000 -0.00000034 -1.00000000
vn -0.00000000 -0.00000034 -1.00000000
vn -0.12933977 -0.99160033 0.00000033
vn 0.00000000 -1.00000000 0.00000034
vn 0.00000000 -1.00000000 0.00000034
vn 0.12933977 -0.99160033 0.00000033
vn 0.25234810 -0.96763652 0.00000033
vn 0.49755328 -0.86743342 0.00000029
vn 0.70710635 -0.70710722 0.00000024
vn 0.86743380 -0.49755262 0.00000017
vn 0.96763675 -0.25234720 0.00000009
vn 0.99160022 -0.12934065 0.00000004
vn 1.00000000 0.00000000 0.00000000
vn 1.00000000 0.00000000 0.00000000
vn 0.99160010 0.12934154 -0.00000004
vn 0.96763699 0.25234630 -0.00000009
vn 0.86743341 0.49755329 -0.00000017
vn 0.70710678 0.70710678 -0.00000024
vn 0.49754971 0.86743547 -0.00000029
vn 0.25234805 0.96763653 -0.00000033
vn 0.12935330 0.99159857 -0.00000033
vn 0.00000000 1.00000000 -0.00000034
vn 0.00000000 1.00000000 -0.00000034
vn -0.12935330 0.99159857 -0.00000033
vn -0.25234805 0.96763653 -0.00000033
vn -0.49754598 0.86743760 -0.00000029
vn -0.70710374 0.70710982 -0.00000024
vn -0.86743341 0.49755329 -0.00000017
vn -0.96763699 0.25234630 -0.00000009
vn -0.99160010 0.12934154 -0.00000004
vn -1.00000000 0.00000000 0.00000000
vn -1.00000000 0.00000000 0.00000000
vn -0.99160022 -0.12934065 0.00000004
vn -0.96763675 -0.25234720 0.00000009
vn -0.86743380 -0.49755262 0.00000017
vn -0.70710331 -0.70711025 0.00000024
vn -0.49754955 -0.86743556 0.00000029
vn -0.25234810 -0.96763652 0.00000033
vn -0.12933977 -0.99160033 0.00000033
vn 0.00000000 -1.00000000 0.00000034
vn 0.00000000 -1.00000000 0.00000034
vn -0.12933977 -0.99160033 0.00000033
vn 0.12933977 -0.99160033 0.00000033
vn 0.00000000 -1.00000000 0.00000034
vn 0.25234810 -0.96763652 0.00000033
vn 0.49755328 -0.86743342 0.00000029
vn 0.70710635 -0.70710722 0.00000024
vn 0.86743380 -0.49755262 0.00000017
vn 0.96763675 -0.25234720 0.00000009
vn 1.00000000 0.00000000 0.00000000
vn 0.99160022 -0.12934065 0.00000004
vn 0.99160010 0.12934154 -0.00000004
vn 1.00000000 0.00000000 0.00000000
vn 0.96763699 0.25234630 -0.00000009
vn 0.86743341 0.49755329 -0.00000017
vn 0.70710678 0.70710678 -0.00000024
vn 0.49754971 0.86743547 -0.00000029
vn 0.25234805 0.96763653 -0.00000033
vn 0.00000000 1.00000000 -0.00000034
vn 0.12935330 0.99159857 -0.00000033
vn -0.12935330 0.99159857 -0.00000033
vn 0.00000000 1.00000000 -0.00000034
vn -0.25234805 0.96763653 -0.00000033
vn -0.49754598 0.86743760 -0.00000029
vn -0.70710374 0.70710982 -0.00000024
vn -0.86743341 0.49755329 -0.00000017
vn -0.96763699 0.25234630 -0.00000009
vn -1.00000000 0.00000000 0.00000000
vn -0.99160010 0.12934154 -0.00000004
vn -0.99160022 -0.12934065 0.00000004
vn -1.00000000 0.00000000 0.00000000
vn -0.96763675 -0.25234720 0.00000009
vn -0.86743380 -0.49755262 0.00000017
vn -0.70710331 -0.70711025 0.00000024
vn -0.49754955 -0.86743556 0.00000029
vn -0.25234810 -0.96763652 0.00000033
vn -1.00000000 0.00000000 0.00000000
vn -1.00000000 0.00000000 0.00000000
vn -0.99799737 -0.06325536 0.00000002
vn -1.00000000 0.00000000 0.00000000
vn -0.99799737 -0.06325536 0.00000002
vn -0.96550562 -0.26038221 0.00000009
vn -0.96550562 -0.26038221 0.00000009
vn -0.86327909 -0.50472688 0.00000017
vn -0.86327909 -0.50472688 0.00000017
vn -0.70710518 -0.70710839 0.00000024
vn -0.70710518 -0.70710839 0.00000024
vn -0.50472587 -0.86327968 0.00000029
vn -0.50472587 -0.86327968 0.00000029
vn -0.26038052 -0.96550608 0.00000033
vn -0.26038052 -0.96550608 0.00000033
vn -0.06325251 -0.99799755 0.00000034
vn -0.06325251 -0.99799755 0.00000034
vn 0.00000000 -1.00000000 0.00000034
vn 0.00000000 -1.00000000 0.00000034
vn 0.06213604 -0.99806769 0.00000034
vn 0.00000000 -1.00000000 0.00000034
vn 0.00000000 -1.00000000 0.00000034
vn 0.00000000 -1.00000000 0.00000034
vn 0.00000000 -1.00000000 0.00000034
vn 0.06213604 -0.99806769 0.00000034
vn 0.25929974 -0.96579690 0.00000033
vn 0.25929974 -0.96579690 0.00000033
vn 0.50472615 -0.86327951 0.00000029
vn 0.50472615 -0.86327951 0.00000029
vn 0.70710580 -0.70710777 0.00000024
vn 0.70710580 -0.70710777 0.00000024
vn 0.86739499 -0.49762027 0.00000017
vn 0.86739499 -0.49762027 0.00000017
vn 0.96532039 -0.26106807 0.00000009
vn 0.96532039 -0.26106807 0.00000009
vn 1.00000000 0.00000000 0.00000000
vn 0.98958651 -0.14393933 0.00000005
vn 0.98958651 -0.14393933 0.00000005
vn 1.00000000 0.00000000 0.00000000
vn 1.00000000 0.00000000 0.00000000
vn 1.00000000 0.00000000 0.00000000
vn 1.00000000 0.00000000 0.00000000
vn 0.98958651 0.14393933 -0.00000005
vn 1.00000000 0.00000000 0.00000000
vn 1.00000000 0.00000000 0.00000000
vn 1.00000000 0.00000000 0.00000000
vn 0.98958651 0.14393933 -0.00000005
vn 0.96532025 0.26106859 -0.00000009
vn 0.96532025 0.26106859 -0.00000009
vn 0.86739429 0.49762150 -0.00000017
vn 0.86739429 0.49762150 -0.00000017
vn 0.70710678 0.70710678 -0.00000024
vn 0.70710678 0.70710678 -0.00000024
vn 0.49762150 0.86739429 -0.00000029
vn 0.49762150 0.86739429 -0.00000029
vn 0.25984010 0.96565166 -0.00000033
vn 0.25984010 0.96565166 -0.00000033
vn 0.00000000 1.00000000 -0.00000034
vn 0.14142057 0.98994961 -0.00000033
vn 0.14142057 0.98994961 -0.00000033
vn 0.00000000 1.00000000 -0.00000034
vn 0.00000000 1.00000000 -0.00000034
vn 0.00000000 1.00000000 -0.00000034
vn 0.00000000 1.00000000 -0.00000034
vn 0.00000000 1.00000000 -0.00000034
vn -0.07215777 0.99739323 -0.00000034
vn 0.00000000 1.00000000 -0.00000034
vn 0.00000000 1.00000000 -0.00000034
vn 0.00000000 1.00000000 -0.00000034
vn -0.14393933 0.98958651 -0.00000033
vn -0.26106910 0.96532012 -0.00000033
vn -0.26106910 0.96532012 -0.00000033
vn -0.49762120 0.86739446 -0.00000029
vn -0.49762120 0.86739446 -0.00000029
vn -0.70710616 0.70710740 -0.00000024
vn -0.70710616 0.70710740 -0.00000024
vn -0.86327837 0.50472811 -0.00000017
vn -0.86327837 0.50472811 -0.00000017
vn -0.96550548 0.26038274 -0.00000009
vn -0.96550548 0.26038274 -0.00000009
vn -0.99799737 0.06325536 -0.00000002
vn -0.99799737 0.06325536 -0.00000002
vn -1.00000000 0.00000000 0.00000000
vn -1.00000000 0.00000000 0.00000000
vn -1.00000000 0.00000000 0.00000000
vn -1.00000000 0.00000000 0.00000000
vn -1.00000000 0.00000000 0.00000000
vn -1.00000000 0.00000000 0.00000000
vn -1.00000000 0.00000000 0.00000000
vn -1.00000000 0.00000000 0.00000000
vn -1.00000000 0.00000000 0.00000000
vn -1.00000000 0.00000000 0.00000000
vn -1.00000000 0.00000000 0.00000000
vn -1.00000000 0.00000000 0.00000000
vn -1.00000000 0.00000000 0.00000000
vn -1.00000000 0.00000000 0.00000000
vn -1.00000000 0.00000000 0.00000000
vn 1.00000000 0.00000000 0.00000000
vn 1.00000000 0.00000000 0.00000000
vn 1.00000000 0.00000000 0.00000000
vn 1.00000000 0.00000000 0.00000000
vn 1.00000000 0.00000000 0.00000000
vn 1.00000000 0.00000000 0.00000000
vn 1.00000000 0.00000000 0.00000000
vn 1.00000000 0.00000000 0.00000000
vn 1.00000000 0.00000000 0.00000000
vn 1.00000000 0.00000000 0.00000000
vn 1.00000000 0.00000000 0.00000000
vn 1.00000000 0.00000000 0.00000000
vn 1.00000000 0.00000000 0.00000000
vn 1.00000000 0.00000000 0.00000000
vn 0.00000000 1.00000000 -0.00000034
vn 0.00000000 1.00000000 -0.00000034
vn -1.00000000 0.00000000 0.00000000
vn 0.00000000 1.00000000 -0.00000034
vn 0.00000000 1.00000000 -0.00000034
vn -1.00000000 0.00000000 0.00000000
vn 0.00000000 -1.00000000 0.00000034
vn -1.00000000 0.00000000 0.00000000
vn -1.00000000 0.00000000 0.00000000
vn 0.00000000 -1.00000000 0.00000034
vn 0.00000000 -1.00000000 0.00000034
vn 0.00000000 -1.00000000 0.00000034
vn 0.00000000 -1.00000000 0.00000034
vn 0.00000000 -1.00000000 0.00000034
vn -1.00000000 0.00000000 0.00000000
vn 0.00000000 -1.00000000 0.00000034
vn 0.00000000 -1.00000000 0.00000034
vn -1.00000000 0.00000000 0.00000000
vn 0.00000000 1.00000000 -0.00000034
vn -1.00000000 0.00000000 0.00000000
vn -1.00000000 0.00000000 0.00000000
vn 0.00000000 1.00000000 -0.00000034
vn 1.00000000 0.00000000 0.00000000
vn 0.00000000 1.00000000 -0.00000034
vn 0.00000000 1.00000000 -0.00000034
vn 1.00000000 0.00000000 0.00000000
vn 0.00000000 -1.00000000 0.00000034
vn 1.00000000 0.00000000 0.00000000
vn 1.00000000 0.00000000 0.00000000
vn 0.00000000 -1.00000000 0.00000034
vn 0.00000000 -1.00000000 0.00000034
vn 0.00000000 -1.00000000 0.00000034
vn 1.00000000 0.00000000 0.00000000
vn 0.00000000 1.00000000 -0.00000034
vn 0.00000000 1.00000000 -0.00000034
vn 1.00000000 0.00000000 0.00000000
vn 0.00000000 -1.00000000 0.00000034
vn 1.00000000 0.00000000 0.00000000
vn 1.00000000 0.00000000 0.00000000
vn 0.00000000 -1.00000000 0.00000034
vn -1.00000000 0.00000000 0.00000000
vn 0.00000000 -1.00000000 0.00000034
vn 0.00000000 -1.00000000 0.00000034
vn -1.00000000 0.00000000 0.00000000
vn 0.00000000 1.00000000 -0.00000034
vn -1.00000000 0.00000000 0.00000000
vn -1.00000000 0.00000000 0.00000000
vn 0.00000000 1.00000000 -0.00000034
vn 0.00000000 1.00000000 -0.00000034
vn 0.00000000 1.00000000 -0.00000034
vn 0.35439928 -0.61046953 -0.70832768
vn 0.50088876 -0.49734304 -0.70835045
vn 0.50170678 -0.86503775 0.00000029
vn 0.35492000 -0.61119383 -0.70744180
vn 0.71204814 -0.70213064 0.00000024
vn 0.50269366 -0.49662790 -0.70757318
vn 0.61633872 -0.35109888 -0.70488024
vn 0.86792606 -0.49669342 0.00000017
vn 0.61697421 -0.35142337 -0.70416222
vn 0.68114171 -0.18247033 -0.70904904
vn 0.96609364 -0.25819194 0.00000009
vn 0.68013109 -0.18226697 -0.71007073
vn 0.70675590 0.00362989 -0.70744818
vn 0.99999361 0.00357628 -0.00000000
vn 0.70658375 0.00320373 -0.70762217
vn 0.68012546 0.18550848 -0.70923618
vn 0.96438732 0.26449404 -0.00000009
vn 0.67979351 0.18476279 -0.70974890
vn 0.61151207 0.35752670 -0.70585242
vn 0.86420965 0.50313188 -0.00000017
vn 0.61330865 0.35797373 -0.70406484
vn 0.49792960 0.50048610 -0.70822297
vn 0.70573723 0.70847368 -0.00000024
vn 0.49968772 0.49948340 -0.70769239
vn 0.35162126 0.61428278 -0.70641288
vn 0.49527776 0.86873468 -0.00000029
vn 0.35213878 0.61759672 -0.70325854
vn 0.17909199 0.68642233 -0.70480525
vn 0.25454731 0.96706032 -0.00000033
vn 0.18022072 0.68781073 -0.70316207
vn -0.00199405 0.70728980 -0.70692091
vn -0.00317266 0.99999497 -0.00000034
vn -0.00127148 0.70764271 -0.70656930
vn -0.18531715 0.68369776 -0.70584342
vn -0.26046328 0.96548375 -0.00000033
vn -0.18600182 0.68634816 -0.70308572
vn -0.35433666 0.61061175 -0.70823641
vn -0.50340299 0.86405175 -0.00000029
vn -0.35553470 0.61154167 -0.70683227
vn -0.50394198 0.49777484 -0.70587724
vn -0.71027694 0.70392234 -0.00000024
vn -0.50578253 0.49984963 -0.70308917
vn -0.61280997 0.35074188 -0.70812716
vn -0.86630398 0.49951719 -0.00000017
vn -0.61197370 0.35265999 -0.70789767
vn -0.68062700 0.18144235 -0.70980670
vn -0.96630445 0.25740186 -0.00000009
vn -0.68027646 0.18176324 -0.71006061
vn -0.70469190 -0.00232277 -0.70950964
vn -0.99999624 -0.00274342 0.00000000
vn -0.70645078 -0.00285453 -0.70775642
vn -0.68000495 -0.18451166 -0.70961166
vn -0.96450026 -0.26408191 0.00000009
vn -0.67757805 -0.18474840 -0.71186798
vn -0.61110359 -0.35644846 -0.70675095
vn -0.86293285 -0.50531861 0.00000017
vn -0.60977863 -0.35731935 -0.70745523
vn -0.49984230 -0.50010832 -0.70714167
vn -0.70531431 -0.70889472 0.00000024
vn -0.49896991 -0.50053982 -0.70745242
vn -0.49695959 -0.86777368 0.00000029
vn -0.35326890 -0.61695367 -0.70325618
vn -0.35303688 -0.61333268 -0.70653237
vn -0.17955092 -0.68295527 -0.70804913
vn -0.35280571 -0.61058401 -0.70902419
vn -0.49987034 -0.50302352 -0.70505104
vn -0.61262920 -0.35653233 -0.70538653
vn -0.68136797 -0.18532575 -0.70809043
vn -0.70243214 -0.00105790 -0.71174994
vn -0.68222026 0.17925058 -0.70883337
vn -0.61146920 0.34985478 -0.70972322
vn -0.50086623 0.49619248 -0.70917279
vn -0.35473628 0.60883647 -0.70956347
vn -0.18458095 0.68121482 -0.70843224
vn -0.00327634 0.70710306 -0.70710291
vn 0.17919496 0.68330173 -0.70780499
vn 0.35123247 0.61059240 -0.70979763
vn 0.49745903 0.49989258 -0.70897244
vn 0.61053859 0.35459691 -0.70816923
vn 0.68093766 0.18551551 -0.70845458
vn 0.70668939 0.00246503 -0.70751963
vn 0.68268024 -0.18145409 -0.70782915
vn 0.61629453 -0.34974666 -0.70559076
vn 0.50060951 -0.49677481 -0.70894633
vn 0.35519104 -0.60857482 -0.70956044
vn 0.00394650 -0.70641520 -0.70778668
vn 0.18458279 -0.68121352 -0.70843302
vn 0.04667293 -0.70621156 -0.70646080
vn 0.18531917 -0.68369842 -0.70584224
vn 0.18600195 -0.68634853 -0.70308532
vn 0.26046335 -0.96548374 0.00000033
vn 0.00317280 -0.99999497 0.00000034
vn 0.26046335 -0.96548374 0.00000033
vn 0.50170678 -0.86503775 0.00000029
vn 0.71204814 -0.70213064 0.00000024
vn 0.86792606 -0.49669342 0.00000017
vn 0.96609364 -0.25819194 0.00000009
vn 0.99999361 0.00357628 -0.00000000
vn 0.96438732 0.26449404 -0.00000009
vn 0.86420965 0.50313188 -0.00000017
vn 0.70573723 0.70847368 -0.00000024
vn 0.49527776 0.86873468 -0.00000029
vn 0.25454731 0.96706032 -0.00000033
vn -0.00317266 0.99999497 -0.00000034
vn -0.26046328 0.96548375 -0.00000033
vn -0.50340299 0.86405175 -0.00000029
vn -0.71027694 0.70392234 -0.00000024
vn -0.86630398 0.49951719 -0.00000017
vn -0.96630445 0.25740186 -0.00000009
vn -0.99999624 -0.00274342 0.00000000
vn -0.96450026 -0.26408191 0.00000009
vn -0.86293285 -0.50531861 0.00000017
vn -0.70531431 -0.70889472 0.00000024
vn -0.49695959 -0.86777368 0.00000029
vn -0.25454724 -0.96706034 0.00000033
vn -0.25454724 -0.96706034 0.00000033
vn -0.18132011 -0.68815719 -0.70254018
vn -0.17998971 -0.68600310 -0.70498471
vn -0.04532792 -0.70672700 -0.70603281
vn 0.00317280 -0.99999497 0.00000034
vn 0.00268420 -0.70901980 -0.70518346
vn 1.00000000 0.00000000 0.00000000
vn 0.00000000 1.00000000 -0.00000034
vn 0.00000000 1.00000000 -0.00000034
vn 1.00000000 0.00000000 0.00000000
vn 0.00000000 -1.00000000 0.00000034
vn 1.00000000 0.00000000 0.00000000
vn 1.00000000 0.00000000 0.00000000
vn 0.00000000 -1.00000000 0.00000034
vn -1.00000000 0.00000000 0.00000000
vn 0.00000000 -1.00000000 0.00000034
vn 0.00000000 -1.00000000 0.00000034
vn -1.00000000 0.00000000 0.00000000
vn 0.00000000 1.00000000 -0.00000034
vn -1.00000000 0.00000000 0.00000000
vn -1.00000000 0.00000000 0.00000000
vn 0.00000000 1.00000000 -0.00000034
vn 0.00000000 1.00000000 -0.00000034
vn 0.00000000 1.00000000 -0.00000034
vn 0.49592665 -0.86836442 0.00000029
vn 0.00000000 -0.00000034 -1.00000000
vn 0.00000000 -0.00000034 -1.00000000
vn 0.70481644 -0.70938973 0.00000024
vn -0.00000000 -0.00000034 -1.00000000
vn 0.86675604 -0.49873236 0.00000017
vn -0.00000000 -0.00000034 -1.00000000
vn 0.96620339 -0.25778095 0.00000009
vn 0.00000000 -0.00000034 -1.00000000
vn 1.00000000 0.00000067 -0.00000000
vn 0.00000000 -0.00000034 -1.00000000
vn 0.96580031 0.25928701 -0.00000009
vn -0.00000000 -0.00000034 -1.00000000
vn 0.86597777 0.50008249 -0.00000017
vn -0.00000000 -0.00000034 -1.00000000
vn 0.70710823 0.70710533 -0.00000024
vn 0.00000000 -0.00000034 -1.00000000
vn 0.49873396 0.86675512 -0.00000029
vn 0.00000000 -0.00000034 -1.00000000
vn 0.25829796 0.96606530 -0.00000033
vn -0.00000000 -0.00000034 -1.00000000
vn 0.00053261 0.99999986 -0.00000034
vn -0.00000000 -0.00000034 -1.00000000
vn -0.25778340 0.96620273 -0.00000033
vn 0.00000000 -0.00000034 -1.00000000
vn -0.49873430 0.86675493 -0.00000029
vn -0.00000000 -0.00000034 -1.00000000
vn -0.70939109 0.70481507 -0.00000024
vn -0.00000000 -0.00000034 -1.00000000
vn -0.86571417 0.50053869 -0.00000017
vn 0.00000000 -0.00000034 -1.00000000
vn -0.96481853 0.26291674 -0.00000009
vn 0.00000000 -0.00000034 -1.00000000
vn -1.00000000 0.00000067 -0.00000000
vn 0.00000000 -0.00000034 -1.00000000
vn -0.96523332 -0.26138982 0.00000009
vn -0.00000000 -0.00000034 -1.00000000
vn -0.86650473 -0.49916886 0.00000017
vn 0.00000000 -0.00000034 -1.00000000
vn -0.70710669 -0.70710687 0.00000024
vn 0.00000000 -0.00000034 -1.00000000
vn -0.49592699 -0.86836422 0.00000029
vn -0.00000000 -0.00000034 -1.00000000
vn -0.26166797 -0.96515795 0.00000033
vn -0.00000000 -0.00000034 -1.00000000
vn 0.00056463 -0.99999984 0.00000034
vn 0.00000000 -0.00000034 -1.00000000
vn 0.00000000 -0.00000034 -1.00000000
vn 0.26221289 -0.96501005 0.00000033
vn -0.00000000 -0.00000034 -1.00000000
vn 0.26221289 -0.96501005 0.00000033
vn 0.00000000 -0.00000034 -1.00000000
vn 0.49592665 -0.86836442 0.00000029
vn 0.00000000 -0.00000034 -1.00000000
vn 0.70481644 -0.70938973 0.00000024
vn 0.00000000 -0.00000034 -1.00000000
vn 0.86675604 -0.49873236 0.00000017
vn 0.00000000 -0.00000034 -1.00000000
vn 0.96620339 -0.25778095 0.00000009
vn -0.00000000 -0.00000034 -1.00000000
vn 1.00000000 0.00000067 -0.00000000
vn 0.00000000 -0.00000034 -1.00000000
vn 0.96580031 0.25928701 -0.00000009
vn -0.00000000 -0.00000034 -1.00000000
vn 0.86597777 0.50008249 -0.00000017
vn -0.00000000 -0.00000034 -1.00000000
vn 0.70710823 0.70710533 -0.00000024
vn 0.00000000 -0.00000034 -1.00000000
vn 0.49873396 0.86675512 -0.00000029
vn -0.00000000 -0.00000034 -1.00000000
vn 0.25829796 0.96606530 -0.00000033
vn -0.00000000 -0.00000034 -1.00000000
vn 0.00053261 0.99999986 -0.00000034
vn 0.00000000 -0.00000034 -1.00000000
vn -0.25778340 0.96620273 -0.00000033
vn -0.00000000 -0.00000034 -1.00000000
vn -0.49873430 0.86675493 -0.00000029
vn 0.00000000 -0.00000034 -1.00000000
vn -0.70939109 0.70481507 -0.00000024
vn 0.00000000 -0.00000034 -1.00000000
vn -0.86571417 0.50053869 -0.00000017
vn -0.00000000 -0.00000034 -1.00000000
vn -0.96481853 0.26291674 -0.00000009
vn 0.00000000 -0.00000034 -1.00000000
vn -1.00000000 0.00000067 -0.00000000
vn -0.00000000 -0.00000034 -1.00000000
vn -0.96523332 -0.26138982 0.00000009
vn -0.00000000 -0.00000034 -1.00000000
vn -0.86650473 -0.49916886 0.00000017
vn -0.00000000 -0.00000034 -1.00000000
vn -0.70710669 -0.70710687 0.00000024
vn -0.00000000 -0.00000034 -1.00000000
vn -0.49592699 -0.86836422 0.00000029
vn 0.00000000 -0.00000034 -1.00000000
vn -0.26166797 -0.96515795 0.00000033
vn 0.00056463 -0.99999984 0.00000034
vn -0.00000000 -0.00000034 -1.00000000
vn 0.00000000 -1.00000000 0.00000034
vn 0.13515682 -0.99082422 0.00000033
vn 0.00000000 -0.00000034 -1.00000000
vn 0.24718016 -0.96896954 0.00000033
vn -0.00000000 -0.00000034 -1.00000000
vn 0.50246773 -0.86459596 0.00000029
vn -0.00000000 -0.00000034 -1.00000000
vn 0.70711074 -0.70710283 0.00000024
vn 0.00000000 -0.00000034 -1.00000000
vn 0.85413577 -0.52005009 0.00000018
vn 0.00000000 -0.00000034 -1.00000000
vn 0.96371427 -0.26693597 0.00000009
vn 0.00000000 -0.00000034 -1.00000000
vn 1.00000000 0.00000000 0.00000000
vn 0.99082999 -0.13511449 0.00000005
vn -0.00000000 -0.00000034 -1.00000000
vn 1.00000000 0.00000000 0.00000000
vn 0.99082999 0.13511449 -0.00000005
vn -0.00000000 -0.00000034 -1.00000000
vn 0.96371427 0.26693597 -0.00000009
vn -0.00000000 -0.00000034 -1.00000000
vn 0.86130748 0.50808407 -0.00000017
vn 0.00000000 -0.00000034 -1.00000000
vn 0.70420441 0.70999729 -0.00000024
vn 0.00000000 -0.00000034 -1.00000000
vn 0.50455806 0.86337776 -0.00000029
vn -0.00000000 -0.00000034 -1.00000000
vn 0.26693618 0.96371421 -0.00000032
vn -0.00000000 -0.00000034 -1.00000000
vn 0.13510038 0.99083192 -0.00000033
vn 0.00000000 1.00000000 -0.00000034
vn 0.00000000 -0.00000034 -1.00000000
vn 0.00000000 1.00000000 -0.00000034
vn -0.13510038 0.99083192 -0.00000033
vn -0.00000000 -0.00000034 -1.00000000
vn -0.26693618 0.96371421 -0.00000032
vn 0.00000000 -0.00000034 -1.00000000
vn -0.50456002 0.86337662 -0.00000029
vn 0.00000000 -0.00000034 -1.00000000
vn -0.70420602 0.70999570 -0.00000024
vn -0.00000000 -0.00000034 -1.00000000
vn -0.86130585 0.50808683 -0.00000017
vn -0.00000000 -0.00000034 -1.00000000
vn -0.96371341 0.26693907 -0.00000009
vn 0.00000000 -0.00000034 -1.00000000
vn -0.99770486 0.06771265 -0.00000002
vn 0.00000000 -0.00000034 -1.00000000
vn -1.00000000 0.00000000 0.00000000
vn -0.99082999 -0.13511449 0.00000005
vn 0.00000000 -0.00000034 -1.00000000
vn -0.96371341 -0.26693907 0.00000009
vn -0.00000000 -0.00000034 -1.00000000
vn -0.85413410 -0.52005283 0.00000018
vn -0.00000000 -0.00000034 -1.00000000
vn -0.70711236 -0.70710120 0.00000024
vn -0.00000000 -0.00000034 -1.00000000
vn -0.50246972 -0.86459481 0.00000029
vn 0.00000000 -0.00000034 -1.00000000
vn -0.24718016 -0.96896954 0.00000033
vn 0.00000000 -0.00000034 -1.00000000
vn -0.00000000 -0.00000034 -1.00000000
vn -0.13515682 -0.99082422 0.00000033
vn 0.00000000 -1.00000000 0.00000034
vn 0.00000000 -1.00000000 0.00000034
vn 0.13515682 -0.99082422 0.00000033
vn 0.24718016 -0.96896954 0.00000033
vn 0.50246773 -0.86459596 0.00000029
vn 0.70711074 -0.70710283 0.00000024
vn 0.85413577 -0.52005009 0.00000018
vn 0.96371427 -0.26693597 0.00000009
vn 1.00000000 0.00000000 0.00000000
vn 0.99082999 -0.13511449 0.00000005
vn 1.00000000 0.00000000 0.00000000
vn 0.99082999 0.13511449 -0.00000005
vn 0.96371427 0.26693597 -0.00000009
vn 0.86130748 0.50808407 -0.00000017
vn 0.70420441 0.70999729 -0.00000024
vn 0.50455806 0.86337776 -0.00000029
vn 0.26693618 0.96371421 -0.00000032
vn 0.13510038 0.99083192 -0.00000033
vn 0.00000000 1.00000000 -0.00000034
vn 0.00000000 1.00000000 -0.00000034
vn -0.13510038 0.99083192 -0.00000033
vn -0.26693618 0.96371421 -0.00000032
vn -0.50456002 0.86337662 -0.00000029
vn -0.70420602 0.70999570 -0.00000024
vn -0.86130585 0.50808683 -0.00000017
vn -0.96371341 0.26693907 -0.00000009
vn -0.99770486 0.06771265 -0.00000002
vn -0.99770486 -0.06771265 0.00000002
vn -0.96371341 -0.26693907 0.00000009
vn -0.85413410 -0.52005283 0.00000018
vn -0.70711236 -0.70710120 0.00000024
vn -0.50246972 -0.86459481 0.00000029
vn -0.24718016 -0.96896954 0.00000033
vn -0.13515682 -0.99082422 0.00000033
vn 0.00000000 -1.00000000 0.00000034
vn 0.00000000 -1.00000000 0.00000034
vn -0.13515682 -0.99082422 0.00000033
vn 0.13515682 -0.99082422 0.00000033
vn 0.00000000 -1.00000000 0.00000034
vn 0.24718016 -0.96896954 0.00000033
vn 0.50246773 -0.86459596 0.00000029
vn 0.70711074 -0.70710283 0.00000024
vn 0.85413577 -0.52005009 0.00000018
vn 0.96371427 -0.26693597 0.00000009
vn 1.00000000 0.00000000 0.00000000
vn 0.99082999 -0.13511449 0.00000005
vn 1.00000000 0.00000000 0.00000000
vn 1.00000000 0.00000000 0.00000000
vn 0.99082999 0.13511449 -0.00000005
vn 0.96371427 0.26693597 -0.00000009
vn 0.86130748 0.50808407 -0.00000017
vn 0.70420441 0.70999729 -0.00000024
vn 0.50455806 0.86337776 -0.00000029
vn 0.26693618 0.96371421 -0.00000032
vn 0.00000000 1.00000000 -0.00000034
vn 0.13510038 0.99083192 -0.00000033
vn -0.13510038 0.99083192 -0.00000033
vn 0.00000000 1.00000000 -0.00000034
vn -0.26693618 0.96371421 -0.00000032
vn -0.50456002 0.86337662 -0.00000029
vn -0.70420602 0.70999570 -0.00000024
vn -0.86130585 0.50808683 -0.00000017
vn -0.96371341 0.26693907 -0.00000009
vn -1.00000000 0.00000000 0.00000000
vn -0.99082999 0.13511449 -0.00000005
vn -1.00000000 0.00000000 0.00000000
vn -0.99770486 -0.06771265 0.00000002
vn -0.96371341 -0.26693907 0.00000009
vn -0.85413410 -0.52005283 0.00000018
vn -0.70711236 -0.70710120 0.00000024
vn -0.50246972 -0.86459481 0.00000029
vn -0.24718016 -0.96896954 0.00000033
vn -0.99227892 0.12402638 -0.00000004
vn -1.00000000 0.00000000 0.00000000
vn -1.00000000 0.00000000 0.00000000
vn -0.99227892 0.12402638 -0.00000004
vn -0.96579748 0.25929756 -0.00000009
vn -0.96579748 0.25929756 -0.00000009
vn -0.86327853 0.50472783 -0.00000017
vn -0.86327853 0.50472783 -0.00000017
vn -0.70710678 0.70710678 -0.00000024
vn -0.70710678 0.70710678 -0.00000024
vn -0.49762577 0.86739183 -0.00000029
vn -0.49762577 0.86739183 -0.00000029
vn -0.26107145 0.96531948 -0.00000033
vn -0.26107145 0.96531948 -0.00000033
vn 0.00000000 1.00000000 -0.00000034
vn -0.14393371 0.98958733 -0.00000033
vn -0.14393371 0.98958733 -0.00000033
vn 0.00000000 1.00000000 -0.00000034
vn 0.00000000 1.00000000 -0.00000034
vn 0.00000000 1.00000000 -0.00000034
vn 0.00000000 1.00000000 -0.00000034
vn 0.00000000 1.00000000 -0.00000034
vn 0.00000000 1.00000000 -0.00000034
vn 0.14141543 0.98995034 -0.00000033
vn 0.00000000 1.00000000 -0.00000034
vn 0.00000000 1.00000000 -0.00000034
vn 0.14141543 0.98995034 -0.00000033
vn 0.00000000 1.00000000 -0.00000034
vn 0.25984218 0.96565110 -0.00000033
vn 0.25984218 0.96565110 -0.00000033
vn 0.49762561 0.86739192 -0.00000029
vn 0.49762561 0.86739192 -0.00000029
vn 0.70710820 0.70710536 -0.00000024
vn 0.70710820 0.70710536 -0.00000024
vn 0.86739502 0.49762021 -0.00000017
vn 0.86739502 0.49762021 -0.00000017
vn 0.96565152 0.25984061 -0.00000009
vn 0.96565152 0.25984061 -0.00000009
vn 1.00000000 0.00000000 0.00000000
vn 0.98994961 0.14142057 -0.00000005
vn 0.98994961 0.14142057 -0.00000005
vn 1.00000000 0.00000000 0.00000000
vn 1.00000000 0.00000000 0.00000000
vn 1.00000000 0.00000000 0.00000000
vn 1.00000000 0.00000000 0.00000000
vn 0.98958675 -0.14393770 0.00000005
vn 1.00000000 0.00000000 0.00000000
vn 0.98958675 -0.14393770 0.00000005
vn 1.00000000 0.00000000 0.00000000
vn 0.96532033 -0.26106830 0.00000009
vn 0.96532033 -0.26106830 0.00000009
vn 0.86739502 -0.49762021 0.00000017
vn 0.86739502 -0.49762021 0.00000017
vn 0.70710820 -0.70710536 0.00000024
vn 0.70710820 -0.70710536 0.00000024
vn 0.50472763 -0.86327864 0.00000029
vn 0.50472763 -0.86327864 0.00000029
vn 0.25930209 -0.96579627 0.00000033
vn 0.25930209 -0.96579627 0.00000033
vn 0.00000000 -1.00000000 0.00000034
vn 0.12403787 -0.99227749 0.00000033
vn 0.06275251 -0.99802912 0.00000034
vn 0.00000000 -1.00000000 0.00000034
vn 0.00000000 -1.00000000 0.00000034
vn 0.00000000 -1.00000000 0.00000034
vn 0.00000000 -1.00000000 0.00000034
vn 0.00000000 -1.00000000 0.00000034
vn -0.06325536 -0.99799737 0.00000034
vn 0.00000000 -1.00000000 0.00000034
vn -0.06325536 -0.99799737 0.00000034
vn -0.26038328 -0.96550533 0.00000033
vn -0.26038328 -0.96550533 0.00000033
vn -0.50472783 -0.86327853 0.00000029
vn -0.50472783 -0.86327853 0.00000029
vn -0.70710678 -0.70710678 0.00000024
vn -0.70710678 -0.70710678 0.00000024
vn -0.86327853 -0.50472783 0.00000017
vn -0.86327853 -0.50472783 0.00000017
vn -0.96550701 -0.26037706 0.00000009
vn -0.96550701 -0.26037706 0.00000009
vn -1.00000000 0.00000000 0.00000000
vn -0.99199914 -0.12624460 0.00000004
vn -0.99199914 -0.12624460 0.00000004
vn -1.00000000 0.00000000 0.00000000
vn -1.00000000 0.00000000 0.00000000
vn -1.00000000 0.00000000 0.00000000
vn -1.00000000 0.00000000 0.00000000
vn -0.00000000 1.00000000 -0.00000034
vn -0.00000000 1.00000000 -0.00000034
vn 0.00000000 1.00000000 -0.00000034
vn -0.00000000 1.00000000 -0.00000034
vn 0.00000000 1.00000000 -0.00000034
vn 0.00000000 1.00000000 -0.00000034
vn 0.00000000 1.00000000 -0.00000034
vn 0.00000000 1.00000000 -0.00000034
vn 0.00000000 1.00000000 -0.00000034
vn 0.00000000 1.00000000 -0.00000034
vn 0.00000000 1.00000000 -0.00000034
vn 0.00000000 1.00000000 -0.00000034
vn 0.00000000 1.00000000 -0.00000034
vn 0.00000000 1.00000000 -0.00000034
vn 0.00000000 1.00000000 -0.00000034
vn 0.00000000 1.00000000 -0.00000034
vn -0.00000000 -0.00000034 -1.00000000
vn -0.00000000 -0.00000034 -1.00000000
vn 0.00000000 -0.00000034 -1.00000000
vn -0.00000000 -0.00000034 -1.00000000
vn -0.00000000 -0.00000034 -1.00000000
vn -0.00000000 -0.00000034 -1.00000000
vn 0.00000000 -0.00000034 -1.00000000
vn -0.00000000 -0.00000034 -1.00000000
vn -0.00000000 -0.00000034 -1.00000000
vn 0.00000000 -0.00000034 -1.00000000
vn -0.00000000 -0.00000034 -1.00000000
vn 0.00000000 -0.00000034 -1.00000000
vn -0.00000000 -0.00000034 -1.00000000
vn -0.00000000 -0.00000034 -1.00000000
vn 0.00000000 -0.00000034 -1.00000000
vn 0.00000000 -0.00000034 -1.00000000
vn 0.00000000 -0.00000034 -1.00000000
vn -0.00000000 -0.00000034 -1.00000000
vn -0.00000000 -0.00000034 -1.00000000
vn -0.00000000 -0.00000034 -1.00000000
vn 0.00000000 -0.00000034 -1.00000000
vn 0.00000000 -0.00000034 -1.00000000
vn 0.00000000 -0.00000034 -1.00000000
vn 0.00000000 -0.00000034 -1.00000000
vn -0.00000000 -0.00000034 -1.00000000
vn -0.00000000 -0.00000034 -1.00000000
vn 0.00000000 -0.00000034 -1.00000000
vn -0.00000000 -0.00000034 -1.00000000
vn 0.00000000 -0.00000034 -1.00000000
vn 0.00000000 -0.00000034 -1.00000000
vn 0.00000000 -0.00000034 -1.00000000
vn -0.00000000 -0.00000034 -1.00000000
vn -0.00000000 -0.00000034 -1.00000000
vn -0.00000000 -0.00000034 -1.00000000
vn 0.00000000 -0.00000034 -1.00000000
vn 0.00000000 -0.00000034 -1.00000000
vn 0.00000000 -0.00000034 -1.00000000
vn -0.00000000 -0.00000034 -1.00000000
vn -0.00000000 -0.00000034 -1.00000000
vn -0.00000000 -0.00000034 -1.00000000
vn -0.00000000 -0.00000034 -1.00000000
vn 0.00000000 -0.00000034 -1.00000000
vn 0.00000000 -0.00000034 -1.00000000
vn -0.00000000 -0.00000034 -1.00000000
vn -0.00000000 -0.00000034 -1.00000000
vn -0.00000000 -0.00000034 -1.00000000
vn 0.00000000 -0.00000034 -1.00000000
vn 0.00000000 -0.00000034 -1.00000000
vn 0.00000000 -0.00000034 -1.00000000
vn 0.00000000 -0.00000034 -1.00000000
vn -0.00000000 -0.00000034 -1.00000000
vn 0.00000000 -0.00000034 -1.00000000
vn 0.00000000 -0.00000034 -1.00000000
vn -0.00000000 -0.00000034 -1.00000000
vn 0.00000000 -0.00000034 -1.00000000
vn 0.00000000 -0.00000034 -1.00000000
vn -0.00000000 -0.00000034 -1.00000000
vn 0.00000000 -0.00000034 -1.00000000
vn 0.00000000 -0.00000034 -1.00000000
vn -0.00000000 -0.00000034 -1.00000000
vn -0.00000000 -0.00000034 -1.00000000
vn -0.00000000 -0.00000034 -1.00000000
vn 0.00000000 -0.00000034 -1.00000000
vn -0.00000000 -0.00000034 -1.00000000
vn 0.00000000 -0.00000034 -1.00000000
vn -0.00000000 -0.00000034 -1.00000000
vn 0.00000000 -0.00000034 -1.00000000
vn -0.00000000 -0.00000034 -1.00000000
vn 0.00000000 -0.00000034 -1.00000000
vn 0.00000000 -0.00000034 -1.00000000
vn 0.00000000 -0.00000034 -1.00000000
vn 0.00000000 -0.00000034 -1.00000000
vn -0.00000000 -0.00000034 -1.00000000
vn -0.00000000 -0.00000034 -1.00000000
vn -0.00000000 -0.00000034 -1.00000000
vn 0.00000000 -0.00000034 -1.00000000
vn -0.00000000 -0.00000034 -1.00000000
vn -0.00000000 -0.00000034 -1.00000000
vn 0.00000000 -0.00000034 -1.00000000
vn -0.00000000 -0.00000034 -1.00000000
vn 0.00000000 -0.00000034 -1.00000000
vn -0.00000000 -0.00000034 -1.00000000
vn 0.00000000 -0.00000034 -1.00000000
vn 0.00000000 -0.00000034 -1.00000000
vn -0.00000000 -0.00000034 -1.00000000
vn 0.00000000 -0.00000034 -1.00000000
vn 0.00000000 -0.00000034 -1.00000000
vn -0.00000000 -0.00000034 -1.00000000
vn 0.00000000 -0.00000034 -1.00000000
vn -0.00000000 -0.00000034 -1.00000000
vn 0.00000000 -0.00000034 -1.00000000
vn 0.00000000 -0.00000034 -1.00000000
vn -0.00000000 -0.00000034 -1.00000000
vn 0.00000000 -0.00000034 -1.00000000
vn 0.00000000 -0.00000034 -1.00000000
vn 0.00000000 -0.00000034 -1.00000000
vn -0.00000000 -0.00000034 -1.00000000
vn -0.00000000 -0.00000034 -1.00000000
vn -0.00000000 -0.00000034 -1.00000000
vn -0.00000000 -0.00000034 -1.00000000
vn -0.00000000 -0.00000034 -1.00000000
vn -0.00000000 -0.00000034 -1.00000000
vn -0.00000000 -0.00000034 -1.00000000
vn -0.00000000 -0.00000034 -1.00000000
vn -0.00000000 -0.00000034 -1.00000000
vn -0.00000000 -0.00000034 -1.00000000
vn -0.00000000 -0.00000034 -1.00000000
vn -0.00000000 -0.00000034 -1.00000000
vn -0.00000000 -0.00000034 -1.00000000
vn 0.00000000 -0.00000034 -1.00000000
vn -0.00000000 -0.00000034 -1.00000000
vn -0.00000000 -0.00000034 -1.00000000
vn 0.00000000 -0.00000034 -1.00000000
vn -0.00000000 -0.00000034 -1.00000000
vn -0.00000000 -0.00000034 -1.00000000
vn 0.00000000 -0.00000034 -1.00000000
vn 0.00000000 -0.00000034 -1.00000000
vn 0.00000000 -0.00000034 -1.00000000
vn -0.00000000 -0.00000034 -1.00000000
vn -0.00000000 -0.00000034 -1.00000000
vn -0.00000000 -0.00000034 -1.00000000
vn -0.00000000 -0.00000034 -1.00000000
vn -0.00000000 -0.00000034 -1.00000000
vn -0.00000000 -0.00000034 -1.00000000
vn -0.00000000 -0.00000034 -1.00000000
vn -0.00000000 -0.00000034 -1.00000000
vn 0.00000000 -0.00000034 -1.00000000
vn 0.00000000 -0.00000034 -1.00000000
vn 0.00000000 -0.00000034 -1.00000000
vn 0.00000000 -0.00000034 -1.00000000
vn 0.00000000 -0.00000034 -1.00000000
vn 0.00000000 -0.00000034 -1.00000000
vn 0.00000000 -0.00000034 -1.00000000
vn 0.00000000 -0.00000034 -1.00000000
vn -0.00000000 -0.00000034 -1.00000000
vn -0.00000000 -0.00000034 -1.00000000
vn 0.00000000 -0.00000034 -1.00000000
vn 0.00000000 -0.00000034 -1.00000000
vn 0.00000000 -0.00000034 -1.00000000
vn -0.00000000 -0.00000034 -1.00000000
vn -0.00000000 -0.00000034 -1.00000000
vn -0.00000000 -0.00000034 -1.00000000
vn 0.00000000 -0.00000034 -1.00000000
vn 0.00000000 -0.00000034 -1.00000000
vn 0.00000000 -0.00000034 -1.00000000
vn 0.00000000 -0.00000034 -1.00000000
vn 0.00000000 -0.00000034 -1.00000000
vn 0.00000000 -0.00000034 -1.00000000
vn -0.00000000 -0.00000034 -1.00000000
vn -0.00000000 -0.00000034 -1.00000000
vn -0.00000000 -0.00000034 -1.00000000
vn -0.00000000 -0.00000034 -1.00000000
vn -0.00000000 -0.00000034 -1.00000000
vn 0.00000000 -0.00000034 -1.00000000
vn 0.00000000 -0.00000034 -1.00000000
vn 0.00000000 -0.00000034 -1.00000000
vn 0.00000000 -0.00000034 -1.00000000
vn -0.00000000 -0.00000034 -1.00000000
vn 0.00000000 -0.00000034 -1.00000000
vn -0.00000000 -0.00000034 -1.00000000
vn -0.00000000 -0.00000034 -1.00000000
vn 0.00000000 -0.00000034 -1.00000000
vn -0.00000000 -0.00000034 -1.00000000
vn -0.00000000 -0.00000034 -1.00000000
vn 0.00000000 -0.00000034 -1.00000000
vn -0.00000000 -0.00000034 -1.00000000
vn -0.00000000 -0.00000034 -1.00000000
vn -0.00000000 -0.00000034 -1.00000000
vn -0.00000000 -0.00000034 -1.00000000
vn 0.00000000 -0.00000034 -1.00000000
vn -0.00000000 -0.00000034 -1.00000000
vn -0.00000000 -0.00000034 -1.00000000
vn 0.00000000 -0.00000034 -1.00000000
vn -0.00000000 -0.00000034 -1.00000000
vn -0.00000000 -0.00000034 -1.00000000
vn -0.00000000 -0.00000034 -1.00000000
vn 0.00000000 -0.00000034 -1.00000000
vn -0.00000000 -0.00000034 -1.00000000
vn -0.00000000 -0.00000034 -1.00000000
vn 0.00000000 -0.00000034 -1.00000000
vn 0.00000000 -0.00000034 -1.00000000
vn -0.00000000 -0.00000034 -1.00000000
vn 0.00000000 -0.00000034 -1.00000000
vn -0.00000000 -0.00000034 -1.00000000
vn -0.00000000 -0.00000034 -1.00000000
vn -0.00000000 -0.00000034 -1.00000000
vn -0.00000000 -0.00000034 -1.00000000
vn -0.00000000 -0.00000034 -1.00000000
vn 0.00000000 -0.00000034 -1.00000000
vn -0.00000000 -0.00000034 -1.00000000
vn -0.00000000 -0.00000034 -1.00000000
vn 0.00000000 -0.00000034 -1.00000000
vn -0.00000000 -0.00000034 -1.00000000
vn -0.00000000 -0.00000034 -1.00000000
vn -0.00000000 -0.00000034 -1.00000000
vn 0.00000000 -0.00000034 -1.00000000
vn -0.00000000 -0.00000034 -1.00000000
vn 0.00000000 -0.00000034 -1.00000000
vn 0.00000000 -0.00000034 -1.00000000
vn 0.00000000 -0.00000034 -1.00000000
vn -0.00000000 -0.00000034 -1.00000000
vn 0.00000000 -0.00000034 -1.00000000
vn 0.00000000 -0.00000034 -1.00000000
vn 0.00000000 -0.00000034 -1.00000000
vn 0.00000000 -0.00000034 -1.00000000
vn 0.00000000 -0.00000034 -1.00000000
vn 0.00000000 -0.00000034 -1.00000000
vn -0.00000000 -0.00000034 -1.00000000
vn -0.00000000 -0.00000034 -1.00000000
vn 0.00000000 -0.00000034 -1.00000000
vn 0.00000000 -0.00000034 -1.00000000
vn -0.00000000 -0.00000034 -1.00000000
vn -0.00000000 -0.00000034 -1.00000000
vn 0.00000000 -0.00000034 -1.00000000
vn 0.00000000 -0.00000034 -1.00000000
vn -0.00000000 -0.00000034 -1.00000000
vn 0.00000000 -0.00000034 -1.00000000
vn 0.00000000 -0.00000034 -1.00000000
vn -0.00000000 -0.00000034 -1.00000000
vn -0.00000000 -0.00000034 -1.00000000
vn 0.00000000 -0.00000034 -1.00000000
vn -0.00000000 -0.00000034 -1.00000000
vn 0.00000000 -0.00000034 -1.00000000
vn 0.00000000 -0.00000034 -1.00000000
vn 0.00000000 -0.00000034 -1.00000000
vn 0.00000000 -0.00000034 -1.00000000
vn -0.00000000 -0.00000034 -1.00000000
vn -0.00000000 -0.00000034 -1.00000000
vn 0.00000000 -0.00000034 -1.00000000
vn -0.00000000 -0.00000034 -1.00000000
vn -0.00000000 -0.00000034 -1.00000000
vn -0.00000000 -0.00000034 -1.00000000
vn 0.00000000 -0.00000034 -1.00000000
vn 0.00000000 -0.00000034 -1.00000000
vn -0.00000000 -0.00000034 -1.00000000
vn -0.00000000 -0.00000034 -1.00000000
vn 0.00000000 -0.00000034 -1.00000000
vn 0.00000000 -0.00000034 -1.00000000
vn -0.00000000 -0.00000034 -1.00000000
vn -0.00000000 -0.00000034 -1.00000000
vn 0.00000000 -0.00000034 -1.00000000
vn 0.00000000 -0.00000034 -1.00000000
vn 0.00000000 -0.00000034 -1.00000000
vn -0.00000000 -0.00000034 -1.00000000
vn 0.00000000 -0.00000034 -1.00000000
vn 0.00000000 -0.00000034 -1.00000000
vn -0.00000000 -0.00000034 -1.00000000
vn -0.00000000 -0.00000034 -1.00000000
vn 0.00000000 -0.00000034 -1.00000000
vn 0.00000000 -0.00000034 -1.00000000
vn 0.00000000 -0.00000034 -1.00000000
vn 0.00000000 -0.00000034 -1.00000000
vn 0.00000000 -0.00000034 -1.00000000
vn -0.00000000 -0.00000034 -1.00000000
vn -0.00000000 -0.00000034 -1.00000000
vn -0.00000000 -0.00000034 -1.00000000
vn -0.00000000 -0.00000034 -1.00000000
vn -0.00000000 -0.00000034 -1.00000000
vn -0.00000000 -0.00000034 -1.00000000
vn -0.00000000 -0.00000034 -1.00000000
vn 0.00000000 -0.00000034 -1.00000000
vn -0.00000000 -0.00000034 -1.00000000
vn 0.00000000 -0.00000034 -1.00000000
vn 0.00000000 -0.00000034 -1.00000000
vn 0.00000000 -0.00000034 -1.00000000
vn -0.00000000 -0.00000034 -1.00000000
vn 0.00000000 -0.00000034 -1.00000000
vn -0.00000000 -0.00000034 -1.00000000
vn 0.00000000 -0.00000034 -1.00000000
vn -0.00000000 -0.00000034 -1.00000000
vn 0.00000000 -0.00000034 -1.00000000
vn -0.00000000 -0.00000034 -1.00000000
vn 0.00000000 -0.00000034 -1.00000000
vn 0.00000000 -0.00000034 -1.00000000
vn 0.00000000 -0.00000034 -1.00000000
vn 0.00000000 -0.00000034 -1.00000000
vn 0.00000000 -0.00000034 -1.00000000
vn 0.00000000 -0.00000034 -1.00000000
vn -0.00000000 -0.00000034 -1.00000000
vn 0.00000000 -0.00000034 -1.00000000
vn 0.00000000 -0.00000034 -1.00000000
vn -0.00000000 -0.00000034 -1.00000000
vn 0.00000000 -0.00000034 -1.00000000
vn 0.00000000 -0.00000034 -1.00000000
vn 0.00000000 -0.00000034 -1.00000000
vn -0.00000000 -0.00000034 -1.00000000
vn 0.00000000 -0.00000034 -1.00000000
vn 0.00000000 -0.00000034 -1.00000000
vn 0.00000000 -0.00000034 -1.00000000
vn -0.00000000 -0.00000034 -1.00000000
vn -0.00000000 -0.00000034 -1.00000000
vn -0.00000000 -0.00000034 -1.00000000
vn -0.00000000 -0.00000034 -1.00000000
vn -0.00000000 -0.00000034 -1.00000000
vn 0.00000000 -0.00000034 -1.00000000
vn -0.00000000 -0.00000034 -1.00000000
vn -0.00000000 -0.00000034 -1.00000000
vn -0.00000000 -0.00000034 -1.00000000
vn 0.00000000 -0.00000034 -1.00000000
vn 0.00000000 -0.00000034 -1.00000000
vn 0.00000000 -0.00000034 -1.00000000
vn 0.00000000 -0.00000034 -1.00000000
vn -0.00000000 -0.00000034 -1.00000000
vn 0.00000000 -0.00000034 -1.00000000
vn 0.00000000 -0.00000034 -1.00000000
vn -0.00000000 -0.00000034 -1.00000000
vn -0.00000000 -0.00000034 -1.00000000
vn 0.00000000 -0.00000034 -1.00000000
vn 0.00000000 -0.00000034 -1.00000000
vn 0.00000000 -0.00000034 -1.00000000
vn -0.00000000 -0.00000034 -1.00000000
vn -0.00000000 -0.00000034 -1.00000000
vn 0.00000000 -0.00000034 -1.00000000
vn 0.00000000 -0.00000034 -1.00000000
vn -0.00000000 -0.00000034 -1.00000000
vn 0.00000000 -0.00000034 -1.00000000
vn 0.00000000 -0.00000034 -1.00000000
vn 0.00000000 -0.00000034 -1.00000000
vn 0.00000000 -0.00000034 -1.00000000
vn 0.00000000 -0.00000034 -1.00000000
vn -0.00000000 -0.00000034 -1.00000000
vn -0.00000000 -0.00000034 -1.00000000
vn -0.00000000 -0.00000034 -1.00000000
vn 0.00000000 -0.00000034 -1.00000000
vn 0.00000000 -0.00000034 -1.00000000
vn 0.00000000 -0.00000034 -1.00000000
vn -0.00000000 -0.00000034 -1.00000000
vn 0.00000000 -0.00000034 -1.00000000
vn -0.00000000 -0.00000034 -1.00000000
vn 0.00000000 -0.00000034 -1.00000000
vn -0.00000000 -0.00000034 -1.00000000
vn -0.00000000 -0.00000034 -1.00000000
vn -0.00000000 -0.00000034 -1.00000000
vn -0.00000000 -0.00000034 -1.00000000
vn -0.00000000 -0.00000034 -1.00000000
vn -0.00000000 -0.00000034 -1.00000000
vn -0.00000000 -0.00000034 -1.00000000
vn 0.00000000 -0.00000034 -1.00000000
vn 0.00000000 -0.00000034 -1.00000000
vn 0.00000000 -0.00000034 -1.00000000
vn 0.00000000 -0.00000034 -1.00000000
vn 0.00000000 -0.00000034 -1.00000000
vn 0.00000000 -0.00000034 -1.00000000
vn 0.00000000 -0.00000034 -1.00000000
vn -0.00000000 -0.00000034 -1.00000000
vn 0.00000000 -0.00000034 -1.00000000
vn -0.00000000 -0.00000034 -1.00000000
vn 0.00000000 -0.00000034 -1.00000000
vn 0.00000000 -0.00000034 -1.00000000
vn 0.00000000 -0.00000034 -1.00000000
vn -0.00000000 -0.00000034 -1.00000000
vn -0.00000000 -0.00000034 -1.00000000
vn -0.00000000 -0.00000034 -1.00000000
vn -0.00000000 -0.00000034 -1.00000000
vn -0.00000000 -0.00000034 -1.00000000
vn -0.00000000 -0.00000034 -1.00000000
vn -0.00000000 -0.00000034 -1.00000000
vn -0.00000000 -0.00000034 -1.00000000
vn -0.00000000 -0.00000034 -1.00000000
vn -0.00000000 -0.00000034 -1.00000000
vn -0.00000000 -0.00000034 -1.00000000
vn -0.00000000 -0.00000034 -1.00000000
vn 0.00000000 -0.00000034 -1.00000000
vn -0.00000000 -0.00000034 -1.00000000
vn -0.00000000 -0.00000034 -1.00000000
vn 0.00000000 -0.00000034 -1.00000000
vn 0.00000000 -0.00000034 -1.00000000
vn 0.00000000 -0.00000034 -1.00000000
vn 0.00000000 -0.00000034 -1.00000000
vn 0.00000000 -0.00000034 -1.00000000
vn 0.00000000 -0.00000034 -1.00000000
vn 0.00000000 -0.00000034 -1.00000000
vn 0.00000000 -0.00000034 -1.00000000
vn 0.00000000 -0.00000034 -1.00000000
vn -0.00000000 -0.00000034 -1.00000000
vn -0.00000000 -0.00000034 -1.00000000
vn 0.00000000 -0.00000034 -1.00000000
vn 0.00000000 -0.00000034 -1.00000000
vn 0.00000000 -0.00000034 -1.00000000
vn 0.00000000 -0.00000034 -1.00000000
vn 0.00000000 -0.00000034 -1.00000000
vn 0.00000000 -0.00000034 -1.00000000
vn 0.00000000 -0.00000034 -1.00000000
vn 0.00000000 -0.00000034 -1.00000000
vn 0.00000000 -0.00000034 -1.00000000
vn 0.00000000 -0.00000034 -1.00000000
vn 0.00000000 -0.00000034 -1.00000000
vn 0.00000000 -0.00000034 -1.00000000
vn 0.00000000 -0.00000034 -1.00000000
vn 0.00000000 -0.00000034 -1.00000000
vn 0.00000000 -0.00000034 -1.00000000
vn -0.00000000 -0.00000034 -1.00000000
vn -0.00000000 -0.00000034 -1.00000000
vn 0.00000000 -0.00000034 -1.00000000
vn 0.00000000 -0.00000034 -1.00000000
vn 0.00000000 -0.00000034 -1.00000000
vn 0.00000000 -0.00000034 -1.00000000
vn -0.00000000 -0.00000034 -1.00000000
vn -0.00000000 -0.00000034 -1.00000000
vn -0.00000000 -0.00000034 -1.00000000
vn 0.00000000 -0.00000034 -1.00000000
vn 0.00000000 -0.00000034 -1.00000000
vn 0.00000000 -0.00000034 -1.00000000
vn 0.00000000 -0.00000034 -1.00000000
vn -0.00000000 -0.00000034 -1.00000000
vn -0.00000000 -0.00000034 -1.00000000
vn 0.00000000 -0.00000034 -1.00000000
vn 0.00000000 -0.00000034 -1.00000000
vn -0.00000000 -0.00000034 -1.00000000
vn -0.00000000 -0.00000034 -1.00000000
vn -0.00000000 -0.00000034 -1.00000000
vn 0.00000000 -0.00000034 -1.00000000
vn -0.00000000 -0.00000034 -1.00000000
vn 0.00000000 -0.00000034 -1.00000000
vn -0.00000000 -0.00000034 -1.00000000
vn 0.00000000 -0.00000034 -1.00000000
vn 0.00000000 -0.00000034 -1.00000000
vn 0.00000000 -0.00000034 -1.00000000
vn 0.00000000 -0.00000034 -1.00000000
vn 0.00000000 -0.00000034 -1.00000000
vn 0.00000000 -0.00000034 -1.00000000
vn 0.00000000 -0.00000034 -1.00000000
vn -0.00000000 -0.00000034 -1.00000000
vn -0.00000000 -0.00000034 -1.00000000
vn 0.00000000 -0.00000034 -1.00000000
vn 0.00000000 -0.00000034 -1.00000000
vn 0.00000000 -0.00000034 -1.00000000
vn -0.00000000 -0.00000034 -1.00000000
vn -0.00000000 -0.00000034 -1.00000000
vn 0.00000000 -0.00000034 -1.00000000
vn -0.00000000 -0.00000034 -1.00000000
vn -0.00000000 -0.00000034 -1.00000000
vn 0.00000000 -0.00000034 -1.00000000
vn -0.00000000 -0.00000034 -1.00000000
vn -0.00000000 -0.00000034 -1.00000000
vn -0.00000000 -0.00000034 -1.00000000
vn -0.00000000 -0.00000034 -1.00000000
vn 0.00000000 -0.00000034 -1.00000000
vn -0.00000000 -0.00000034 -1.00000000
vn -0.00000000 -0.00000034 -1.00000000
vn -0.00000000 -0.00000034 -1.00000000
vn -0.00000000 -0.00000034 -1.00000000
vn 0.00000000 -0.00000034 -1.00000000
vn -0.00000000 -0.00000034 -1.00000000
vn -0.00000000 -0.00000034 -1.00000000
vn -0.00000000 -0.00000034 -1.00000000
vn 0.00000000 -0.00000034 -1.00000000
vn 0.00000000 -0.00000034 -1.00000000
vn -0.00000000 -0.00000034 -1.00000000
vn 0.00000000 -0.00000034 -1.00000000
vn 0.00000000 -0.00000034 -1.00000000
vn -0.00000000 -0.00000034 -1.00000000
vn 0.00000000 -0.00000034 -1.00000000
vn -0.00000000 -0.00000034 -1.00000000
vn 0.00000000 -0.00000034 -1.00000000
vn 0.00000000 -0.00000034 -1.00000000
vn -0.00000000 -0.00000034 -1.00000000
vn 0.00000000 -0.00000034 -1.00000000
vn 0.00000000 -0.00000034 -1.00000000
vn -0.00000000 -0.00000034 -1.00000000
vn -0.00000000 -0.00000034 -1.00000000
vn 0.00000000 -0.00000034 -1.00000000
vn 0.00000000 -0.00000034 -1.00000000
vn -0.00000000 -0.00000034 -1.00000000
vn -0.00000000 -0.00000034 -1.00000000
vn 0.00000000 -0.00000034 -1.00000000
vn 0.00000000 -0.00000034 -1.00000000
vn -0.00000000 -0.00000034 -1.00000000
vn -0.00000000 -0.00000034 -1.00000000
vn -0.00000000 -0.00000034 -1.00000000
vn -0.00000000 -0.00000034 -1.00000000
vn 0.00000000 -0.00000034 -1.00000000
vn 0.00000000 -0.00000034 -1.00000000
vn 0.00000000 -0.00000034 -1.00000000
vn -0.00000000 -0.00000034 -1.00000000
vn 0.00000000 -0.00000034 -1.00000000
vn -0.00000000 -0.00000034 -1.00000000
vn -0.00000000 -0.00000034 -1.00000000
vn 0.00000000 -0.00000034 -1.00000000
vn 0.00000000 -0.00000034 -1.00000000
vn 0.00000000 -0.00000034 -1.00000000
vn -0.00000000 -0.00000034 -1.00000000
vn 0.00000000 -0.00000034 -1.00000000
vn 0.00000000 -0.00000034 -1.00000000
vn -0.00000000 -0.00000034 -1.00000000
vn -0.00000000 -0.00000034 -1.00000000
vn -0.00000000 -0.00000034 -1.00000000
vn 0.00000000 -0.00000034 -1.00000000
vn 0.00000000 -0.00000034 -1.00000000
vn -0.00000000 -0.00000034 -1.00000000
vn -0.00000000 -0.00000034 -1.00000000
vn 0.00000000 -0.00000034 -1.00000000
vn -0.00000000 -0.00000034 -1.00000000
vn 0.00000000 -0.00000034 -1.00000000
vn -0.00000000 -0.00000034 -1.00000000
vn 0.00000000 -0.00000034 -1.00000000
vn 0.00000000 -0.00000034 -1.00000000
vn 0.00000000 -0.00000034 -1.00000000
vn -0.00000000 -0.00000034 -1.00000000
vn 0.00000000 -0.00000034 -1.00000000
vn 0.00000000 -0.00000034 -1.00000000
vn -0.00000000 -0.00000034 -1.00000000
vn -0.00000000 -0.00000034 -1.00000000
vn 0.00000000 -0.00000034 -1.00000000
vn -0.00000000 -0.00000034 -1.00000000
vn 0.00000000 -0.00000034 -1.00000000
vn -0.00000000 -0.00000034 -1.00000000
vn -0.00000000 -0.00000034 -1.00000000
vn -0.00000000 -0.00000034 -1.00000000
vn 0.00000000 -0.00000034 -1.00000000
vn 0.00000000 -0.00000034 -1.00000000
vn -0.00000000 -0.00000034 -1.00000000
vn 0.00000000 -0.00000034 -1.00000000
vn 0.00000000 -0.00000034 -1.00000000
vn 0.00000000 -0.00000034 -1.00000000
vn 0.00000000 -0.00000034 -1.00000000
vn 0.00000000 0.00000034 1.00000000
vn -1.00000000 0.00000000 0.00000000
vn -1.00000000 0.00000000 0.00000000
vn 0.00000000 0.00000034 1.00000000
vn -0.00000000 -1.00000000 0.00000034
vn -1.00000000 0.00000000 0.00000000
vn -1.00000000 0.00000000 0.00000000
vn 0.00000000 -1.00000000 0.00000034
vn 0.00000000 -0.00000034 -1.00000000
vn -1.00000000 0.00000000 0.00000000
vn -1.00000000 0.00000000 0.00000000
vn 0.00000000 -0.00000034 -1.00000000
vn 0.00000000 -0.00000034 -1.00000000
vn 0.00000000 -0.00000034 -1.00000000
vn -0.00000000 -1.00000000 0.00000034
vn 1.00000000 0.00000000 0.00000000
vn 0.00000000 -0.00000034 -1.00000000
vn 0.00000000 -0.00000034 -1.00000000
vn 1.00000000 0.00000000 0.00000000
vn 1.00000000 0.00000000 0.00000000
vn 0.00000000 0.00000034 1.00000000
vn 1.00000000 0.00000000 0.00000000
vn 0.00000000 -1.00000000 0.00000034
vn 1.00000000 0.00000000 0.00000000
vn 1.00000000 0.00000000 0.00000000
vn 0.00000000 0.00000034 1.00000000
vn 0.00000000 0.00000034 1.00000000
vn -1.00000000 0.00000000 0.00000000
vn -0.00000000 -1.00000000 0.00000034
vn -1.00000000 0.00000000 0.00000000
vn 0.00000000 -0.00000034 -1.00000000
vn 0.00000000 -1.00000000 0.00000034
vn 0.00000000 -0.00000034 -1.00000000
vn 1.00000000 0.00000000 0.00000000
vn -0.00000000 -1.00000000 0.00000034
vn 0.00000000 -1.00000000 0.00000034
vn 1.00000000 0.00000000 0.00000000
vn 0.00000000 0.00000034 1.00000000
vn 0.00000000 -1.00000000 0.00000034
vn 0.00000000 0.00000034 1.00000000
vn 1.00000000 0.00000000 0.00000000
vn 0.00000000 -1.00000000 0.00000034
vn -1.00000000 0.00000000 0.00000000
vn 0.00000000 0.00000034 1.00000000
vn 0.00000000 -0.00000034 -1.00000000
vn -1.00000000 0.00000000 0.00000000
vn 0.00000000 -1.00000000 0.00000034
vn 1.00000000 0.00000000 0.00000000
vn 0.00000000 -0.00000034 -1.00000000
vn 0.00000000 -1.00000000 0.00000034
vn 0.00000000 -0.00000034 -1.00000000
vn 1.00000000 0.00000000 0.00000000
vn -1.00000000 0.00000000 0.00000000
vn 0.00000000 -0.00000034 -1.00000000
vn -1.00000000 0.00000000 0.00000000
vn -1.00000000 0.00000000 0.00000000
vn 0.00000000 -0.00000034 -1.00000000
vn -1.00000000 0.00000000 0.00000000
vn 1.00000000 0.00000000 0.00000000
vn 0.00000000 -0.00000034 -1.00000000
vn 1.00000000 0.00000000 0.00000000
vn 1.00000000 0.00000000 0.00000000
vn 0.00000000 0.00000034 1.00000000
vn 0.00000000 0.00000034 1.00000000
vn 0.00000000 0.00000034 1.00000000
vn 0.00000000 0.00000034 1.00000000
vn 0.00000000 0.00000034 1.00000000
vn -0.00000000 0.00000034 1.00000000
vn 0.00000000 0.00000034 1.00000000
vn 0.00000000 0.00000034 1.00000000
vn -0.00000000 0.00000034 1.00000000
vn 0.00000000 0.00000034 1.00000000
vn 0.00000000 0.00000034 1.00000000
vn -0.99776800 0.06677586 -0.00000002
vn 0.00000000 0.00000034 1.00000000
vn -0.96554617 0.26023180 -0.00000009
vn 0.00000000 0.00000034 1.00000000
vn -0.86707226 0.49818239 -0.00000017
vn -0.00000000 0.00000034 1.00000000
vn -0.70710842 0.70710514 -0.00000024
vn -0.00000000 0.00000034 1.00000000
vn -0.49818392 0.86707138 -0.00000029
vn -0.00000000 0.00000034 1.00000000
vn -0.26022972 0.96554673 -0.00000033
vn -0.00000000 0.00000034 1.00000000
vn -0.06677426 0.99776811 -0.00000034
vn 0.00000000 0.00000034 1.00000000
vn 0.00000000 0.00000034 1.00000000
vn 0.00000000 0.00000034 1.00000000
vn 0.00000000 0.00000034 1.00000000
vn -0.49818384 -0.86707143 0.00000029
vn 0.00000000 0.00000034 1.00000000
vn -0.70710669 -0.70710688 0.00000024
vn -0.00000000 0.00000034 1.00000000
vn -0.86707117 -0.49818429 0.00000017
vn -0.00000000 0.00000034 1.00000000
vn -0.96554638 -0.26023101 0.00000009
vn 0.00000000 0.00000034 1.00000000
vn 0.00000000 0.00000034 1.00000000
vn -1.00000000 0.00000000 0.00000000
vn -0.99108197 -0.13325364 0.00000004
vn -0.99729955 0.06787467 -0.02804719
vn -0.96487116 0.26072032 -0.03238147
vn -0.86611567 0.49866352 -0.03432701
vn -0.70696964 0.70631656 -0.03620566
vn -0.49817687 0.86640981 -0.03396836
vn -0.26138057 0.96470594 -0.03197896
vn -0.06723418 0.99735975 -0.02744271
vn 0.00000000 0.00000034 1.00000000
vn 0.00000000 1.00000000 -0.00000034
vn 0.00000000 0.00000034 1.00000000
vn 0.00000000 0.00000034 1.00000000
vn 0.00000000 -1.00000000 0.00000034
vn 0.00000000 0.00000034 1.00000000
vn 0.00000000 -1.00000000 0.00000034
vn -0.13325466 -0.99108183 0.00000033
vn -0.00000000 0.00000034 1.00000000
vn 0.00000000 0.00000034 1.00000000
vn -0.26023114 -0.96554635 0.00000033
vn -0.26071984 -0.96487132 -0.03238061
vn -0.49866464 -0.86611506 -0.03432613
vn -0.70631802 -0.70696834 -0.03620255
vn -0.86640956 -0.49817755 -0.03396487
vn -0.96470599 -0.26138076 -0.03197584
vn -0.99735958 -0.06723584 -0.02744472
vn -0.99042918 0.06572658 -0.12136748
vn -0.95328730 0.26072756 -0.15252692
vn -0.85494177 0.48921684 -0.17245711
vn -0.69636062 0.69529311 -0.17790270
vn -0.49122244 0.85436351 -0.16959807
vn -0.25393277 0.95488433 -0.15399373
vn -0.06953282 0.98937327 -0.12769387
vn 0.06572915 0.99042904 -0.12136718
vn 0.06787480 0.99729955 -0.02804680
vn 0.00000000 1.00000000 -0.00000034
vn 0.06677445 0.99776810 -0.00000034
vn 0.26023043 0.96554654 -0.00000033
vn 0.26071877 0.96487142 -0.03238616
vn 0.49818290 0.86707197 -0.00000029
vn 0.49866369 0.86611544 -0.03433012
vn 0.70710800 0.70710556 -0.00000024
vn 0.70631834 0.70696784 -0.03620599
vn 0.86707283 0.49818140 -0.00000017
vn 0.86641135 0.49817449 -0.03396407
vn 0.96554654 0.26023043 -0.00000009
vn 0.96470610 0.26138044 -0.03197512
vn 0.99108235 0.13325082 -0.00000004
vn 0.99530059 0.08965323 -0.03659288
vn 0.99604137 -0.06892223 -0.05613659
vn 0.96317249 -0.26093393 -0.06490180
vn 0.86412318 -0.49855447 -0.06880825
vn 0.70589364 -0.70458927 -0.07258190
vn 0.49758885 -0.86473754 -0.06807593
vn 0.26226709 -0.96286507 -0.06408455
vn 0.04804553 -0.99808284 -0.03901619
vn 0.00000000 -1.00000000 0.00000034
vn -0.13325466 -0.99108183 0.00000033
vn -0.04591745 -0.99824481 -0.03740166
vn -0.07068857 -0.97134392 -0.22692316
vn -0.06572615 -0.99042925 -0.12136713
vn -0.26072654 -0.95328769 -0.15252625
vn -0.48921618 -0.85494215 -0.17245708
vn -0.69529487 -0.69635963 -0.17789973
vn -0.85436387 -0.49122311 -0.16959430
vn -0.95488581 -0.25393047 -0.15398834
vn -0.98937344 -0.06953169 -0.12769315
vn -0.94312110 -0.05872740 -0.32722115
vn -0.97200470 -0.08217453 -0.22012318
vn -0.97132141 0.07033010 -0.22713079
vn -0.94105484 0.06179228 -0.33256204
vn -0.90062580 0.24091330 -0.36170976
vn -0.80031735 0.45388375 -0.39176739
vn -0.64815536 0.64581921 -0.40349991
vn -0.45787784 0.79866764 -0.39048417
vn -0.24049198 0.90427443 -0.35277664
vn -0.08217459 0.97200202 -0.22013498
vn -0.05864769 0.94310723 -0.32727542
vn -0.06040572 0.89921487 -0.43331716
vn 0.06991948 0.97129105 -0.22738727
vn 0.26072727 0.95328662 -0.15253164
vn 0.48921595 0.85494139 -0.17246150
vn 0.69529318 0.69636012 -0.17790443
vn 0.85436440 0.49122209 -0.16959461
vn 0.95488546 0.25393111 -0.15398943
vn 0.98966746 0.07086558 -0.12464506
vn 0.99094405 -0.06597940 -0.11694702
vn 0.96974568 0.08445212 -0.22904401
vn 0.96888845 -0.07052077 -0.23723828
vn 0.95312173 -0.26191852 -0.15151781
vn 0.85494200 -0.48921601 -0.17245834
vn 0.69636059 -0.69529342 -0.17790161
vn 0.49122252 -0.85436439 -0.16959344
vn 0.25392918 -0.95488630 -0.15398742
vn 0.06953159 -0.98937346 -0.12769308
vn 0.08140520 -0.97196543 -0.22058196
vn -0.06206475 -0.94091302 -0.33291238
vn -0.24091328 -0.90062595 -0.36170940
vn -0.45388295 -0.80031785 -0.39176729
vn -0.64581955 -0.64815527 -0.40349952
vn -0.79866789 -0.45787762 -0.39048391
vn -0.90427420 -0.24049255 -0.35277686
vn -0.89918043 -0.06049571 -0.43337609
vn -0.90141143 0.07142420 -0.42703163
vn -0.85322858 0.05702901 -0.51840976
vn -0.80093534 0.20564511 -0.56232790
vn -0.69351670 0.38100918 -0.61144631
vn -0.55384170 0.54907355 -0.62592141
vn -0.38522771 0.69251731 -0.60993392
vn -0.19128218 0.79731752 -0.57244730
vn -0.06025495 0.84897652 -0.52498401
vn -0.06724237 0.75152365 -0.65627027
vn 0.05702576 0.85322828 -0.51841062
vn 0.07142155 0.90141207 -0.42703073
vn 0.06129509 0.94119427 -0.33225933
vn 0.24091538 0.90062535 -0.36170950
vn 0.45388255 0.80031763 -0.39176819
vn 0.64581790 0.64815607 -0.40350087
vn 0.79866715 0.45787798 -0.39048500
vn 0.90391422 0.24236939 -0.35241476
vn 0.93809826 0.05616712 -0.34178488
vn 0.86468761 0.04858509 -0.49995483
vn 0.86792195 -0.06122512 -0.49291274
vn 0.93535742 -0.06036577 -0.34851467
vn 0.89980695 -0.24209020 -0.36295976
vn 0.80031762 -0.45388289 -0.39176782
vn 0.64815545 -0.64581902 -0.40350007
vn 0.45787772 -0.79866754 -0.39048452
vn 0.24049186 -0.90427447 -0.35277663
vn 0.05788023 -0.94338814 -0.32660174
vn 0.06056923 -0.89914241 -0.43344468
vn -0.07125554 -0.90146627 -0.42694403
vn -0.05702229 -0.85321432 -0.51843398
vn -0.20564468 -0.80093556 -0.56232775
vn -0.38101030 -0.69351642 -0.61144593
vn -0.54907269 -0.55384239 -0.62592155
vn -0.69251905 -0.38522674 -0.60993256
vn -0.79731784 -0.19128270 -0.57244667
vn -0.84897701 -0.06025846 -0.52498281
vn -0.75151388 -0.06723833 -0.65628187
vn -0.74626428 0.04996928 -0.66377157
vn -0.68192126 0.03433223 -0.73061939
vn -0.65458202 0.17579998 -0.73526644
vn -0.55864288 0.30315378 -0.77202067
vn -0.43982179 0.43621282 -0.78503196
vn -0.30788946 0.55365630 -0.77373690
vn -0.15552705 0.66226470 -0.73295075
vn -0.03668796 0.67762061 -0.73449595
vn 0.03434205 0.68193857 -0.73060277
vn 0.04997266 0.74627436 -0.66375998
vn 0.20564718 0.80093524 -0.56232728
vn 0.38101162 0.69351557 -0.61144607
vn 0.54907305 0.55384286 -0.62592082
vn 0.69251847 0.38522654 -0.60993334
vn 0.79609316 0.19255490 -0.57372319
vn 0.79303195 0.03629381 -0.60809792
vn 0.79835839 -0.03281719 -0.60128771
vn 0.73814072 0.06626320 -0.67138473
vn 0.73222836 -0.04710240 -0.67942843
vn 0.80050356 -0.20755950 -0.56223937
vn 0.69351577 -0.38101130 -0.61144605
vn 0.55384245 -0.54907290 -0.62592132
vn 0.38522683 -0.69251904 -0.60993251
vn 0.19128243 -0.79731786 -0.57244674
vn 0.06025091 -0.84896253 -0.52500710
vn 0.06723776 -0.75151026 -0.65628607
vn -0.04996720 -0.74626221 -0.66377405
vn -0.17580066 -0.65458208 -0.73526623
vn -0.30315351 -0.55864279 -0.77202084
vn -0.43621083 -0.43982334 -0.78503219
vn -0.55365415 -0.30789171 -0.77373754
vn -0.66226562 -0.15552566 -0.73295022
vn -0.67760390 -0.03667907 -0.73451181
vn -0.61250410 0.02706930 -0.79000378
vn -0.52787900 0.03003153 -0.84878847
vn -0.53807656 0.13049688 -0.83273296
vn -0.44953595 0.23066005 -0.86296777
vn -0.34662928 0.34320281 -0.87296047
vn -0.23692419 0.44654990 -0.86282102
vn -0.10575734 0.54172998 -0.83387290
vn -0.04157554 0.61136706 -0.79025426
vn -0.04963965 0.53305880 -0.84462075
vn 0.02707336 0.61250381 -0.79000387
vn 0.17580239 0.65458095 -0.73526683
vn 0.30315278 0.55864326 -0.77202079
vn 0.43620928 0.43982426 -0.78503254
vn 0.55365561 0.30789017 -0.77373711
vn 0.66134035 0.15649135 -0.73357985
vn 0.65422042 0.02964864 -0.75572257
vn 0.65865080 -0.02731630 -0.75195276
vn 0.61250476 -0.02707061 -0.79000323
vn 0.65299689 -0.17694988 -0.73639922
vn 0.55864252 -0.30315327 -0.77202113
vn 0.43982370 -0.43621030 -0.78503229
vn 0.30789145 -0.55365476 -0.77373721
vn 0.15552525 -0.66226604 -0.73294993
vn 0.03667580 -0.67759768 -0.73451771
vn -0.03433308 -0.68191657 -0.73062372
vn -0.02706863 -0.61250502 -0.79000309
vn -0.03002958 -0.52787278 -0.84879241
vn -0.13049776 -0.53807717 -0.83273242
vn -0.23066041 -0.44953656 -0.86296736
vn -0.34320355 -0.34663005 -0.87295987
vn -0.44654712 -0.23692532 -0.86282215
vn -0.54172896 -0.10575362 -0.83387404
vn -0.61136672 -0.04157088 -0.79025476
vn -0.53308520 -0.04965208 -0.84460336
vn -0.36705854 0.02845701 -0.92976246
vn -0.47533278 -0.02533650 -0.87944119
vn -0.47132543 0.02618532 -0.88157057
vn -0.41970229 0.08684764 -0.90349736
vn -0.34740435 0.17925991 -0.92042170
vn -0.26585569 0.26173622 -0.92780111
vn -0.18178738 0.34350111 -0.92139044
vn -0.08626567 0.43108561 -0.89817784
vn -0.02531012 0.47528987 -0.87946514
vn 0.03002190 0.52785241 -0.84880535
vn 0.13049999 0.53807614 -0.83273274
vn 0.23066096 0.44953733 -0.86296681
vn 0.34320196 0.34662950 -0.87296071
vn 0.44654736 0.23692473 -0.86282219
vn 0.54172965 0.10575399 -0.83387354
vn 0.61136793 0.04157350 -0.79025369
vn 0.53307662 0.04964609 -0.84460913
vn 0.47531861 0.02532724 -0.87944912
vn 0.52786981 -0.03002914 -0.84879427
vn 0.53807623 -0.13049973 -0.83273272
vn 0.44953643 -0.23066135 -0.86296717
vn 0.34663004 -0.34320289 -0.87296013
vn 0.23692524 -0.44654695 -0.86282226
vn 0.10575263 -0.54172947 -0.83387383
vn 0.04157033 -0.61136743 -0.79025425
vn 0.04964965 -0.53307961 -0.84460703
vn 0.02533118 -0.47532246 -0.87944692
vn -0.02845772 -0.36705943 -0.92976209
vn -0.02618012 -0.47131471 -0.88157646
vn -0.08684660 -0.41970203 -0.90349758
vn -0.17925929 -0.34740548 -0.92042139
vn -0.26173876 -0.26585566 -0.92780040
vn -0.34350333 -0.18178577 -0.92138993
vn -0.43108456 -0.08626806 -0.89817812
vn -0.36166970 -0.01373903 -0.93220506
vn -0.24882463 0.02583452 -0.96820395
vn -0.29919663 0.07694484 -0.95108405
vn -0.23738021 0.12080784 -0.96387556
vn -0.17904426 0.17633236 -0.96791015
vn -0.12325281 0.23348627 -0.96451693
vn -0.06708954 0.29161709 -0.95417947
vn -0.02490606 0.24969727 -0.96800359
vn -0.01373720 0.36167135 -0.93220444
vn 0.02845833 0.36704547 -0.92976758
vn 0.02615913 0.47128173 -0.88159471
vn 0.08684502 0.41970304 -0.90349726
vn 0.17926208 0.34740362 -0.92042155
vn 0.26173972 0.26585403 -0.92780060
vn 0.34350224 0.18178697 -0.92139010
vn 0.43108488 0.08626715 -0.89817805
vn 0.36167068 0.01373657 -0.93220471
vn 0.36705954 -0.02845699 -0.92976206
vn 0.47131035 -0.02617633 -0.88157890
vn 0.41970278 -0.08684651 -0.90349724
vn 0.34740540 -0.17926116 -0.92042106
vn 0.26585519 -0.26173957 -0.92780031
vn 0.18178608 -0.34350309 -0.92138996
vn 0.08626745 -0.43108472 -0.89817810
vn 0.01373937 -0.36165551 -0.93221056
vn -0.02583381 -0.24882633 -0.96820353
vn -0.07694434 -0.29919732 -0.95108387
vn -0.12080729 -0.23738114 -0.96387540
vn -0.17633108 -0.17904514 -0.96791022
vn -0.23348872 -0.12325124 -0.96451654
vn -0.29161855 -0.06708847 -0.95417910
vn -0.24969753 -0.02490646 -0.96800352
vn -0.17386558 0.01096722 -0.98470832
vn -0.14587194 0.03451735 -0.98870113
vn -0.11426162 0.07492032 -0.99062164
vn -0.09378325 0.09003025 -0.99151362
vn -0.06986682 0.10917277 -0.99156439
vn -0.02833975 0.14349816 -0.98924473
vn -0.01008909 0.17348665 -0.98478454
vn 0.02734342 0.24775888 -0.96843579
vn 0.07696215 0.29922592 -0.95107343
vn 0.12080799 0.23737884 -0.96387588
vn 0.17632966 0.17904594 -0.96791033
vn 0.23348831 0.12325143 -0.96451661
vn 0.29161980 0.06708653 -0.95417886
vn 0.25045034 0.02553708 -0.96779258
vn 0.25157945 -0.02433841 -0.96753058
vn 0.29929704 -0.07702534 -0.95104594
vn 0.23738106 -0.12080771 -0.96387537
vn 0.17904399 -0.17633285 -0.96791011
vn 0.12325079 -0.23348899 -0.96451653
vn 0.06711798 -0.29166871 -0.95416170
vn 0.02592063 -0.24909701 -0.96813160
vn -0.01096807 -0.17386599 -0.98470824
vn -0.03451806 -0.14587240 -0.98870104
vn -0.07492390 -0.11426133 -0.99062140
vn -0.09003141 -0.09378157 -0.99151367
vn -0.10917158 -0.06986772 -0.99156445
vn -0.14349791 -0.02834036 -0.98924475
vn -0.17348761 -0.01008984 -0.98478436
vn -0.03262273 0.03262266 -0.99893519
vn -0.00000000 -0.00000034 -1.00000000
vn 0.01094553 0.17381591 -0.98471733
vn 0.03451666 0.14587215 -0.98870113
vn 0.07492165 0.11426201 -0.99062149
vn 0.09003405 0.09378129 -0.99151346
vn 0.10917344 0.06986372 -0.99156453
vn 0.14201008 0.03114736 -0.98937504
vn 0.17449586 0.01616817 -0.98452516
vn 0.17402961 -0.01502219 -0.98462583
vn 0.14349032 -0.03741474 -0.98894422
vn 0.11426194 -0.07492252 -0.99062143
vn 0.09378106 -0.09003286 -0.99151359
vn 0.06986627 -0.10917228 -0.99156448
vn 0.02835741 -0.14332466 -0.98926938
vn 0.00971467 -0.17329355 -0.98482230
vn -0.03260871 -0.03260905 -0.99893609
vn -0.00000000 -0.00000034 -1.00000000
vn 0.00000000 -0.00000034 -1.00000000
vn -0.00000000 -0.00000034 -1.00000000
vn -0.00000000 -0.00000034 -1.00000000
vn -0.00000000 -0.00000034 -1.00000000
vn -0.00000000 -0.00000034 -1.00000000
vn 0.00000000 -0.00000034 -1.00000000
vn -0.00000000 -0.00000034 -1.00000000
vn 0.00000000 -0.00000034 -1.00000000
vn 0.00000000 -0.00000034 -1.00000000
vn -0.00000000 -0.00000034 -1.00000000
vn 0.00000000 -0.00000034 -1.00000000
vn 0.00000000 -0.00000034 -1.00000000
vn -0.00000000 -0.00000034 -1.00000000
vn 0.00000000 -0.00000034 -1.00000000
vn -0.00000000 -0.00000034 -1.00000000
vn -0.00000000 -0.00000034 -1.00000000
vn -0.00000000 -0.00000034 -1.00000000
vn 0.03233936 0.03269524 -0.99894203
vn -0.00000000 -0.00000034 -1.00000000
vn -0.00000000 -0.00000034 -1.00000000
vn 0.00000000 -0.00000034 -1.00000000
vn -0.00000000 -0.00000034 -1.00000000
vn -0.00000000 -0.00000034 -1.00000000
vn 0.00000000 -0.00000034 -1.00000000
vn 0.03746684 -0.03787958 -0.99857968
vn -0.00000000 -0.00000034 -1.00000000
vn -0.00000000 -0.00000034 -1.00000000
vn 0.00000000 -0.00000034 -1.00000000
vn 0.00000000 -0.00000034 -1.00000000
vn 0.00000000 -0.00000034 -1.00000000
vn -0.00000000 -0.00000034 -1.00000000
vn -0.00000000 -0.00000034 -1.00000000
vn -0.00000000 -0.00000034 -1.00000000
vn -0.00000000 -0.00000034 -1.00000000
vn -0.00000000 -0.00000034 -1.00000000
vn -0.00000000 -0.00000034 -1.00000000
vn -0.00000000 -0.00000034 -1.00000000
vn -0.00000000 -0.00000034 -1.00000000
vn -0.00000000 -0.00000034 -1.00000000
vn 0.00000000 -0.00000034 -1.00000000
vn -0.00000000 -0.00000034 -1.00000000
vn 0.00000000 -0.00000034 -1.00000000
vn 0.00000000 -0.00000034 -1.00000000
vn -0.00000000 -0.00000034 -1.00000000
vn -0.00000000 -0.00000034 -1.00000000
vn 0.00000000 -0.00000034 -1.00000000
vn 0.00000000 -0.00000034 -1.00000000
vn -0.00000000 -0.00000034 -1.00000000
vn 0.00000000 -0.00000034 -1.00000000
vn 0.00000000 -0.00000034 -1.00000000
vn 0.00000000 -0.00000034 -1.00000000
vn -0.00000000 -0.00000034 -1.00000000
vn -0.00000000 -0.00000034 -1.00000000
vn 0.00000000 -0.00000034 -1.00000000
vn -0.00000000 -0.00000034 -1.00000000
vn 0.00000000 -0.00000034 -1.00000000
vn 0.00000000 -0.00000034 -1.00000000
vn -0.00000000 -0.00000034 -1.00000000
vn 0.00000000 -0.00000034 -1.00000000
vn -0.00000000 -0.00000034 -1.00000000
vn 0.00000000 -0.00000034 -1.00000000
vn 0.00000000 -0.00000034 -1.00000000
vn 0.00000000 -0.00000034 -1.00000000
vn 0.00000000 -0.00000034 -1.00000000
vn -0.00000000 -0.00000034 -1.00000000
vn -0.00000000 0.00000034 1.00000000
vn 0.00000000 0.00000034 1.00000000
vn -0.00000000 0.00000034 1.00000000
vn -0.00000000 0.00000034 1.00000000
vn -0.00000000 0.00000034 1.00000000
vn -0.00000000 0.00000034 1.00000000
vn 0.00000000 0.00000034 1.00000000
vn 0.00000000 0.00000034 1.00000000
vn 0.00000000 0.00000034 1.00000000
vn 0.00000000 0.00000034 1.00000000
vn -0.00000000 0.00000034 1.00000000
vn -0.00000000 0.00000034 1.00000000
vn -0.00000000 0.00000034 1.00000000
vn -0.00000000 0.00000034 1.00000000
vn 0.00000000 0.00000034 1.00000000
vn 0.00000000 0.00000034 1.00000000
vn -0.00000000 0.00000034 1.00000000
vn 0.00000000 0.00000034 1.00000000
vn 0.00000000 0.00000034 1.00000000
vn 0.00000000 0.00000034 1.00000000
vn 0.00000000 0.00000034 1.00000000
vn -0.00000000 0.00000034 1.00000000
vn -0.00000000 0.00000034 1.00000000
vn 0.00000000 0.00000034 1.00000000
vn 0.00000000 0.00000034 1.00000000
vn -0.00000000 0.00000034 1.00000000
vn -0.00000000 0.00000034 1.00000000
vn -0.00000000 0.00000034 1.00000000
vn -0.00000000 0.00000034 1.00000000
vn -0.00000000 0.00000034 1.00000000
vn 0.00000000 0.00000034 1.00000000
vn -0.00000000 0.00000034 1.00000000
vn 1.00000000 0.00000000 0.00000000
vn 1.00000000 0.00000000 0.00000000
vn 0.99776810 -0.06677445 0.00000002
vn 0.99776810 -0.06677445 0.00000002
vn 0.96554675 -0.26022964 0.00000009
vn 0.96554675 -0.26022964 0.00000009
vn 0.86707173 -0.49818331 0.00000017
vn 0.86707173 -0.49818331 0.00000017
vn 0.70710627 -0.70710730 0.00000024
vn 0.70710627 -0.70710730 0.00000024
vn 0.49818282 -0.86707202 0.00000029
vn 0.49818282 -0.86707202 0.00000029
vn 0.26023185 -0.96554616 0.00000033
vn 0.26023185 -0.96554616 0.00000033
vn 0.06677657 -0.99776795 0.00000034
vn 0.11253077 -0.99364824 0.00000034
vn 0.00000000 -1.00000000 0.00000034
vn 0.00000000 -0.00000034 -1.00000000
vn 0.00000000 -0.00000034 -1.00000000
vn 0.00000000 -0.00000034 -1.00000000
vn 0.00000000 -0.00000034 -1.00000000
vn -0.00000000 -0.00000034 -1.00000000
vn -0.00000000 -0.00000034 -1.00000000
vn -0.00000000 -0.00000034 -1.00000000
vn 0.00000000 -0.00000034 -1.00000000
vn 0.00000000 -0.00000034 -1.00000000
vn 0.00000000 -0.00000034 -1.00000000
vn 0.00000000 -0.00000034 -1.00000000
vn 0.00000000 -0.00000034 -1.00000000
vn -0.00000000 -0.00000034 -1.00000000
vn -0.00000000 -0.00000034 -1.00000000
vn -0.00000000 -0.00000034 -1.00000000
vn 0.00000000 -0.00000034 -1.00000000
vn -0.00000000 -0.00000034 -1.00000000
vn -0.00000000 -0.00000034 -1.00000000
vn -0.00000000 -0.00000034 -1.00000000
vn 0.00000000 -0.00000034 -1.00000000
vn -0.00000000 -0.00000034 -1.00000000
vn -0.00000000 -0.00000034 -1.00000000
vn -0.00000000 -0.00000034 -1.00000000
vn -0.00000000 -0.00000034 -1.00000000
vn 0.00000000 -0.00000034 -1.00000000
vn 0.00000000 -0.00000034 -1.00000000
vn 0.00000000 -0.00000034 -1.00000000
vn -0.00000000 -0.00000034 -1.00000000
vn -0.00000000 -0.00000034 -1.00000000
vn 0.00000000 -0.00000034 -1.00000000
vn 0.00000000 -0.00000034 -1.00000000
vn 0.00000000 -0.00000034 -1.00000000
vn 0.00000000 -0.00000034 -1.00000000
vn -0.00000000 -0.00000034 -1.00000000
vn 0.00000000 -0.00000034 -1.00000000
vn 0.00000000 -0.00000034 -1.00000000
vn -0.00000000 -0.00000034 -1.00000000
vn -0.00000000 -0.00000034 -1.00000000
vn 0.00000000 -0.00000034 -1.00000000
vn 0.00000000 -0.00000034 -1.00000000
vn 0.00000000 -0.00000034 -1.00000000
vn 0.00000000 -0.00000034 -1.00000000
vn -0.00000000 -0.00000034 -1.00000000
vn 0.00000000 -0.00000034 -1.00000000
vn 0.00000000 -0.00000034 -1.00000000
vn 0.00000000 -0.00000034 -1.00000000
vn 0.00000000 -0.00000034 -1.00000000
vn -0.00000000 -0.00000034 -1.00000000
vn -0.00000000 -0.00000034 -1.00000000
vn -0.00000000 -0.00000034 -1.00000000
vn 0.00000000 -0.00000034 -1.00000000
vn 0.13169418 0.99129039 -0.00000033
vn 0.25808763 0.96612151 -0.00000033
vn 0.13169418 0.99129039 -0.00000033
vn 0.25808763 0.96612151 -0.00000033
vn 0.50041645 0.86578483 -0.00000029
vn 0.50041645 0.86578483 -0.00000029
vn 0.70789863 0.70631404 -0.00000024
vn 0.70789863 0.70631404 -0.00000024
vn 0.86599388 0.50005460 -0.00000017
vn 0.86599388 0.50005460 -0.00000017
vn 0.96594150 0.25876053 -0.00000009
vn 0.96594150 0.25876053 -0.00000009
vn 0.99129198 0.13168227 -0.00000004
vn 0.99129198 0.13168227 -0.00000004
vn 0.00000000 -1.00000000 0.00000034
vn 0.00000000 -1.00000000 0.00000034
vn 0.00000000 -1.00000000 0.00000034
vn 0.00000000 -1.00000000 0.00000034
vn -1.00000000 0.00000000 0.00000000
vn -1.00000000 0.00000000 0.00000000
vn -0.99129198 0.13168227 -0.00000004
vn -1.00000000 0.00000000 0.00000000
vn -1.00000000 0.00000000 0.00000000
vn -0.99129198 0.13168227 -0.00000004
vn -0.96594150 0.25876053 -0.00000009
vn -0.96594150 0.25876053 -0.00000009
vn -0.86599388 0.50005460 -0.00000017
vn -0.86599388 0.50005460 -0.00000017
vn -0.70789786 0.70631482 -0.00000024
vn -0.70789786 0.70631482 -0.00000024
vn -0.50041609 0.86578504 -0.00000029
vn -0.50041609 0.86578504 -0.00000029
vn -0.25808828 0.96612134 -0.00000033
vn -0.25808828 0.96612134 -0.00000033
vn -0.13169418 0.99129039 -0.00000033
vn -0.13169418 0.99129039 -0.00000033
vt 0.70622520 0.34821429
vt 0.70622520 0.34821429
vt 0.70622520 0.34821429
vt 0.70622520 0.34821429
vt 0.70622520 0.34821429
vt 0.70622520 0.34821429
vt 0.70622520 0.34821429
vt 0.70622520 0.34821429
vt 0.70622520 0.34821429
vt 0.70622520 0.34821429
vt 0.70622520 0.34821429
vt 0.70622520 0.34821429
vt 0.70622520 0.34821429
vt 0.70622520 0.34821429
vt 0.70622520 0.34821429
vt 0.70622520 0.34821429
vt 0.70622520 0.34821429
vt 0.70622520 0.34821429
vt 0.70622520 0.34821429
vt 0.70622520 0.34821429
vt 0.70622520 0.34821429
vt 0.70622520 0.34821429
vt 0.70622520 0.34821429
vt 0.70622520 0.34821429
vt 0.70622520 0.34821429
vt 0.70622520 0.34821429
vt 0.70622520 0.34821429
vt 0.70622520 0.34821429
vt 0.70622520 0.34821429
vt 0.70622520 0.34821429
vt 0.70622520 0.34821429
vt 0.70622520 0.34821429
vt 0.70622520 0.34821429
vt 0.70622520 0.34821429
vt 0.70622520 0.34821429
vt 0.70622520 0.34821429
vt 0.70622520 0.34821429
vt 0.70622520 0.34821429
vt 0.70622520 0.34821429
vt 0.70622520 0.34821429
vt 0.70622520 0.34821429
vt 0.70622520 0.34821429
vt 0.70622520 0.34821429
vt 0.70622520 0.34821429
vt 0.70622520 0.34821429
vt 0.70622520 0.34821429
vt 0.70622520 0.34821429
vt 0.70622520 0.34821429
vt 0.70622520 0.34821429
vt 0.70622520 0.34821429
vt 0.70622520 0.34821429
vt 0.70622520 0.34821429
vt 0.70622520 0.34821429
vt 0.70622520 0.34821429
vt 0.70622520 0.34821429
vt 0.70622520 0.34821429
vt 0.70622520 0.34821429
vt 0.70622520 0.34821429
vt 0.70622520 0.34821429
vt 0.70622520 0.34821429
vt 0.70622520 0.34821429
vt 0.70622520 0.34821429
vt 0.70622520 0.34821429
vt 0.70622520 0.34821429
vt 0.70622520 0.34821429
vt 0.70622520 0.34821429
vt 0.70622520 0.34821429
vt 0.70622520 0.34821429
vt 0.70622520 0.34821429
vt 0.70622520 0.34821429
vt 0.70622520 0.34821429
vt 0.70622520 0.34821429
vt 0.70622520 0.34821429
vt 0.70622520 0.34821429
vt 0.70622520 0.34821429
vt 0.70622520 0.34821429
vt 0.70622520 0.34821429
vt 0.70622520 0.34821429
vt 0.70622520 0.34821429
vt 0.70622520 0.34821429
vt 0.70622520 0.34821429
vt 0.70622520 0.34821429
vt 0.70622520 0.34821429
vt 0.70622520 0.34821429
vt 0.70622520 0.34821429
vt 0.70622520 0.34821429
vt 0.70622520 0.34821429
vt 0.70622520 0.34821429
vt 0.70622520 0.34821429
vt 0.70622520 0.34821429
vt 0.70622520 0.34821429
vt 0.70622520 0.34821429
vt 0.70622520 0.34821429
vt 0.70622520 0.34821429
vt 0.70622520 0.34821429
vt 0.70622520 0.34821429
vt 0.70622520 0.34821429
vt 0.70622520 0.34821429
vt 0.70622520 0.34821429
vt 0.70622520 0.34821429
vt 0.70622520 0.34821429
vt 0.70622520 0.34821429
vt 0.70622520 0.34821429
vt 0.70622520 0.34821429
vt 0.70622520 0.34821429
vt 0.70622520 0.34821429
vt 0.70622520 0.34821429
vt 0.70622520 0.34821429
vt 0.70622520 0.34821429
vt 0.70622520 0.34821429
vt 0.70622520 0.34821429
vt 0.70622520 0.34821429
vt 0.70622520 0.34821429
vt 0.70622520 0.34821429
vt 0.70622520 0.34821429
vt 0.70622520 0.34821429
vt 0.70622520 0.34821429
vt 0.70622520 0.34821429
vt 0.70622520 0.34821429
vt 0.70622520 0.34821429
vt 0.70622520 0.34821429
vt 0.70622520 0.34821429
vt 0.70622520 0.34821429
vt 0.70622520 0.34821429
vt 0.70622520 0.34821429
vt 0.70622520 0.34821429
vt 0.70622520 0.34821429
vt 0.70622520 0.34821429
vt 0.70622520 0.34821429
vt 0.70622520 0.34821429
vt 0.70622520 0.34821429
vt 0.70622520 0.34821429
vt 0.70622520 0.34821429
vt 0.70622520 0.34821429
vt 0.70622520 0.34821429
vt 0.70622520 0.34821429
vt 0.70622520 0.34821429
vt 0.70622520 0.34821429
vt 0.70622520 0.34821429
vt 0.70622520 0.34821429
vt 0.70622520 0.34821429
vt 0.70622520 0.34821429
vt 0.70622520 0.34821429
vt 0.70622520 0.34821429
vt 0.70622520 0.34821429
vt 0.70622520 0.34821429
vt 0.70622520 0.34821429
vt 0.70622520 0.34821429
vt 0.70622520 0.34821429
vt 0.70622520 0.34821429
vt 0.70622520 0.34821429
vt 0.70622520 0.34821429
vt 0.70622520 0.34821429
vt 0.70622520 0.34821429
vt 0.70622520 0.34821429
vt 0.70622520 0.34821429
vt 0.70622520 0.34821429
vt 0.70622520 0.34821429
vt 0.70622520 0.34821429
vt 0.70622520 0.34821429
vt 0.70622520 0.34821429
vt 0.70622520 0.34821429
vt 0.70622520 0.34821429
vt 0.70622520 0.34821429
vt 0.70622520 0.34821429
vt 0.70622520 0.34821429
vt 0.70622520 0.34821429
vt 0.70622520 0.34821429
vt 0.70622520 0.34821429
vt 0.70622520 0.34821429
vt 0.70622520 0.34821429
vt 0.70622520 0.34821429
vt 0.70622520 0.34821429
vt 0.70622520 0.34821429
vt 0.70622520 0.34821429
vt 0.70622520 0.34821429
vt 0.70622520 0.34821429
vt 0.70622520 0.34821429
vt 0.70622520 0.34821429
vt 0.70622520 0.34821429
vt 0.70622520 0.34821429
vt 0.70622520 0.34821429
vt 0.70622520 0.34821429
vt 0.70622520 0.34821429
vt 0.70622520 0.34821429
vt 0.70622520 0.34821429
vt 0.70622520 0.34821429
vt 0.70622520 0.34821429
vt 0.70622520 0.34821429
vt 0.70622520 0.34821429
vt 0.70622520 0.34821429
vt 0.70622520 0.34821429
vt 0.70622520 0.34821429
vt 0.70622520 0.34821429
vt 0.70622520 0.34821429
vt 0.70622520 0.34821429
vt 0.70622520 0.34821429
vt 0.70622520 0.34821429
vt 0.70622520 0.34821429
vt 0.70622520 0.34821429
vt 0.70622520 0.34821429
vt 0.70622520 0.34821429
vt 0.70622520 0.34821429
vt 0.70622520 0.34821429
vt 0.70622520 0.34821429
vt 0.70622520 0.34821429
vt 0.70622520 0.34821429
vt 0.70622520 0.34821429
vt 0.70622520 0.34821429
vt 0.70622520 0.34821429
vt 0.70622520 0.34821429
vt 0.70622520 0.34821429
vt 0.70622520 0.34821429
vt 0.70622520 0.34821429
vt 0.70622520 0.34821429
vt 0.70622520 0.34821429
vt 0.70622520 0.34821429
vt 0.70622520 0.34821429
vt 0.70622520 0.34821429
vt 0.70622520 0.34821429
vt 0.70622520 0.34821429
vt 0.70622520 0.34821429
vt 0.70622520 0.34821429
vt 0.70622520 0.34821429
vt 0.70622520 0.34821429
vt 0.70622520 0.34821429
vt 0.70622520 0.34821429
vt 0.70622520 0.34821429
vt 0.70622520 0.34821429
vt 0.70622520 0.34821429
vt 0.70622520 0.34821429
vt 0.70622520 0.34821429
vt 0.70622520 0.34821429
vt 0.70622520 0.34821429
vt 0.70622520 0.34821429
vt 0.70622520 0.34821429
vt 0.70622520 0.34821429
vt 0.70622520 0.34821429
vt 0.70622520 0.34821429
vt 0.70622520 0.34821429
vt 0.70622520 0.34821429
vt 0.70622520 0.34821429
vt 0.70622520 0.34821429
vt 0.70622520 0.34821429
vt 0.70622520 0.34821429
vt 0.70622520 0.34821429
vt 0.70622520 0.34821429
vt 0.70622520 0.34821429
vt 0.70622520 0.34821429
vt 0.70622520 0.34821429
vt 0.70622520 0.34821429
vt 0.70622520 0.34821429
vt 0.70622520 0.34821429
vt 0.70622520 0.34821429
vt 0.70622520 0.34821429
vt 0.70622520 0.34821429
vt 0.70622520 0.34821429
vt 0.70622520 0.34821429
vt 0.70622520 0.34821429
vt 0.70622520 0.34821429
vt 0.70622520 0.34821429
vt 0.70622520 0.34821429
vt 0.70622520 0.34821429
vt 0.70622520 0.34821429
vt 0.70622520 0.34821429
vt 0.70622520 0.34821429
vt 0.70622520 0.34821429
vt 0.70622520 0.34821429
vt 0.70622520 0.34821429
vt 0.70622520 0.34821429
vt 0.70622520 0.34821429
vt 0.70622520 0.34821429
vt 0.70622520 0.34821429
vt 0.70622520 0.34821429
vt 0.70622520 0.34821429
vt 0.70622520 0.34821429
vt 0.70622520 0.34821429
vt 0.70622520 0.34821429
vt 0.70622520 0.34821429
vt 0.70622520 0.34821429
vt 0.70622520 0.34821429
vt 0.70622520 0.34821429
vt 0.70622520 0.34821429
vt 0.70622520 0.34821429
vt 0.70622520 0.34821429
vt 0.70622520 0.34821429
vt 0.70622520 0.34821429
vt 0.70622520 0.34821429
vt 0.70622520 0.34821429
vt 0.70622520 0.34821429
vt 0.70622520 0.34821429
vt 0.70622520 0.34821429
vt 0.70622520 0.34821429
vt 0.70622520 0.34821429
vt 0.70622520 0.34821429
vt 0.70622520 0.34821429
vt 0.70622520 0.34821429
vt 0.70622520 0.34821429
vt 0.70622520 0.34821429
vt 0.70622520 0.34821429
vt 0.70622520 0.34821429
vt 0.70622520 0.34821429
vt 0.70622520 0.34821429
vt 0.70622520 0.34821429
vt 0.70622520 0.34821429
vt 0.70622520 0.34821429
vt 0.70622520 0.34821429
vt 0.70622520 0.34821429
vt 0.70622520 0.34821429
vt 0.70622520 0.34821429
vt 0.70622520 0.34821429
vt 0.70622520 0.34821429
vt 0.70622520 0.34821429
vt 0.70622520 0.34821429
vt 0.70622520 0.34821429
vt 0.70622520 0.34821429
vt 0.70622520 0.34821429
vt 0.70622520 0.34821429
vt 0.70622520 0.34821429
vt 0.70622520 0.34821429
vt 0.70622520 0.34821429
vt 0.70622520 0.34821429
vt 0.70622520 0.34821429
vt 0.70622520 0.34821429
vt 0.70622520 0.34821429
vt 0.70622520 0.34821429
vt 0.70622520 0.34821429
vt 0.70622520 0.34821429
vt 0.70622520 0.34821429
vt 0.70622520 0.34821429
vt 0.70622520 0.34821429
vt 0.70622520 0.34821429
vt 0.70622520 0.34821429
vt 0.70622520 0.34821429
vt 0.70622520 0.34821429
vt 0.70622520 0.34821429
vt 0.70622520 0.34821429
vt 0.70622520 0.34821429
vt 0.70622520 0.34821429
vt 0.70622520 0.34821429
vt 0.70622520 0.34821429
vt 0.70622520 0.34821429
vt 0.70622520 0.34821429
vt 0.70622520 0.34821429
vt 0.70622520 0.34821429
vt 0.70622520 0.34821429
vt 0.70622520 0.34821429
vt 0.70622520 0.34821429
vt 0.70622520 0.34821429
vt 0.70622520 0.34821429
vt 0.70622520 0.34821429
vt 0.70622520 0.34821429
vt 0.70622520 0.34821429
vt 0.70622520 0.34821429
vt 0.70622520 0.34821429
vt 0.70622520 0.34821429
vt 0.70622520 0.34821429
vt 0.70622520 0.34821429
vt 0.70622520 0.34821429
vt 0.70622520 0.34821429
vt 0.70622520 0.34821429
vt 0.70622520 0.34821429
vt 0.70622520 0.34821429
vt 0.70622520 0.34821429
vt 0.70622520 0.34821429
vt 0.70622520 0.34821429
vt 0.70622520 0.34821429
vt 0.70622520 0.34821429
vt 0.70622520 0.34821429
vt 0.70622520 0.34821429
vt 0.70622520 0.34821429
vt 0.70622520 0.34821429
vt 0.70622520 0.34821429
vt 0.70622520 0.34821429
vt 0.70622520 0.34821429
vt 0.70622520 0.34821429
vt 0.70622520 0.34821429
vt 0.70622520 0.34821429
vt 0.70622520 0.34821429
vt 0.70622520 0.34821429
vt 0.70622520 0.34821429
vt 0.70622520 0.34821429
vt 0.70622520 0.34821429
vt 0.70622520 0.34821429
vt 0.70622520 0.34821429
vt 0.70622520 0.34821429
vt 0.70622520 0.34821429
vt 0.70622520 0.34821429
vt 0.70622520 0.34821429
vt 0.70622520 0.34821429
vt 0.70622520 0.34821429
vt 0.70622520 0.34821429
vt 0.70622520 0.34821429
vt 0.70622520 0.34821429
vt 0.70622520 0.34821429
vt 0.70622520 0.34821429
vt 0.70622520 0.34821429
vt 0.70622520 0.34821429
vt 0.70622520 0.34821429
vt 0.70622520 0.34821429
vt 0.70622520 0.34821429
vt 0.70622520 0.34821429
vt 0.70622520 0.34821429
vt 0.70622520 0.34821429
vt 0.70622520 0.34821429
vt 0.70622520 0.34821429
vt 0.70622520 0.34821429
vt 0.70622520 0.34821429
vt 0.70622520 0.34821429
vt 0.70622520 0.34821429
vt 0.70622520 0.34821429
vt 0.70622520 0.34821429
vt 0.70622520 0.34821429
vt 0.70622520 0.34821429
vt 0.70622520 0.34821429
vt 0.70622520 0.34821429
vt 0.70622520 0.34821429
vt 0.70622520 0.34821429
vt 0.70622520 0.34821429
vt 0.70622520 0.34821429
vt 0.70622520 0.34821429
vt 0.70622520 0.34821429
vt 0.70622520 0.34821429
vt 0.70622520 0.34821429
vt 0.70622520 0.34821429
vt 0.70622520 0.34821429
vt 0.70622520 0.34821429
vt 0.70622520 0.34821429
vt 0.70622520 0.34821429
vt 0.70622520 0.34821429
vt 0.70622520 0.34821429
vt 0.70622520 0.34821429
vt 0.70622520 0.34821429
vt 0.70622520 0.34821429
vt 0.70622520 0.34821429
vt 0.70622520 0.34821429
vt 0.70622520 0.34821429
vt 0.70622520 0.34821429
vt 0.70622520 0.34821429
vt 0.70622520 0.34821429
vt 0.70622520 0.34821429
vt 0.70622520 0.34821429
vt 0.70622520 0.34821429
vt 0.70622520 0.34821429
vt 0.70622520 0.34821429
vt 0.70622520 0.34821429
vt 0.70622520 0.34821429
vt 0.70622520 0.34821429
vt 0.70622520 0.34821429
vt 0.70622520 0.34821429
vt 0.70622520 0.34821429
vt 0.70622520 0.34821429
vt 0.70622520 0.34821429
vt 0.70622520 0.34821429
vt 0.70622520 0.34821429
vt 0.70622520 0.34821429
vt 0.70622520 0.34821429
vt 0.70622520 0.34821429
vt 0.70622520 0.34821429
vt 0.70622520 0.34821429
vt 0.70622520 0.34821429
vt 0.70622520 0.34821429
vt 0.70622520 0.34821429
vt 0.70622520 0.34821429
vt 0.70622520 0.34821429
vt 0.70622520 0.34821429
vt 0.70622520 0.34821429
vt 0.70622520 0.34821429
vt 0.70622520 0.34821429
vt 0.70622520 0.34821429
vt 0.70622520 0.34821429
vt 0.70622520 0.34821429
vt 0.70622520 0.34821429
vt 0.70622520 0.34821429
vt 0.70622520 0.34821429
vt 0.70622520 0.34821429
vt 0.70622520 0.34821429
vt 0.70622520 0.34821429
vt 0.70622520 0.34821429
vt 0.70622520 0.34821429
vt 0.70622520 0.34821429
vt 0.70622520 0.34821429
vt 0.70622520 0.34821429
vt 0.70622520 0.34821429
vt 0.70622520 0.34821429
vt 0.70622520 0.34821429
vt 0.70622520 0.34821429
vt 0.70622520 0.34821429
vt 0.70622520 0.34821429
vt 0.70622520 0.34821429
vt 0.70622520 0.34821429
vt 0.70622520 0.34821429
vt 0.70622520 0.34821429
vt 0.70622520 0.34821429
vt 0.70622520 0.34821429
vt 0.70622520 0.34821429
vt 0.70622520 0.34821429
vt 0.70622520 0.34821429
vt 0.70622520 0.34821429
vt 0.70622520 0.34821429
vt 0.70622520 0.34821429
vt 0.70622520 0.34821429
vt 0.70622520 0.34821429
vt 0.70622520 0.34821429
vt 0.70622520 0.34821429
vt 0.70622520 0.34821429
vt 0.70622520 0.34821429
vt 0.70622520 0.34821429
vt 0.70622520 0.34821429
vt 0.70622520 0.34821429
vt 0.70622520 0.34821429
vt 0.70622520 0.34821429
vt 0.70622520 0.34821429
vt 0.70622520 0.34821429
vt 0.70622520 0.34821429
vt 0.70622520 0.34821429
vt 0.70622520 0.34821429
vt 0.70622520 0.34821429
vt 0.70622520 0.34821429
vt 0.70622520 0.34821429
vt 0.70622520 0.34821429
vt 0.70622520 0.34821429
vt 0.70622520 0.34821429
vt 0.70622520 0.34821429
vt 0.70622520 0.34821429
vt 0.70622520 0.34821429
vt 0.70622520 0.34821429
vt 0.70622520 0.34821429
vt 0.70622520 0.34821429
vt 0.70622520 0.34821429
vt 0.70622520 0.34821429
vt 0.70622520 0.34821429
vt 0.70622520 0.34821429
vt 0.70622520 0.34821429
vt 0.70622520 0.34821429
vt 0.70622520 0.34821429
vt 0.70622520 0.34821429
vt 0.70622520 0.34821429
vt 0.70622520 0.34821429
vt 0.70622520 0.34821429
vt 0.70622520 0.34821429
vt 0.70622520 0.34821429
vt 0.70622520 0.34821429
vt 0.70622520 0.34821429
vt 0.70622520 0.34821429
vt 0.70622520 0.34821429
vt 0.70622520 0.34821429
vt 0.70622520 0.34821429
vt 0.70622520 0.34821429
vt 0.70622520 0.34821429
vt 0.70622520 0.34821429
vt 0.70622520 0.34821429
vt 0.70622520 0.34821429
vt 0.70622520 0.34821429
vt 0.70622520 0.34821429
vt 0.70622520 0.34821429
vt 0.70622520 0.34821429
vt 0.70622520 0.34821429
vt 0.70622520 0.34821429
vt 0.70622520 0.34821429
vt 0.70622520 0.34821429
vt 0.70622520 0.34821429
vt 0.70622520 0.34821429
vt 0.70622520 0.34821429
vt 0.70622520 0.34821429
vt 0.70622520 0.34821429
vt 0.70622520 0.34821429
vt 0.70622520 0.34821429
vt 0.70622520 0.34821429
vt 0.70622520 0.34821429
vt 0.70622520 0.34821429
vt 0.70622520 0.34821429
vt 0.70622520 0.34821429
vt 0.70622520 0.34821429
vt 0.70622520 0.34821429
vt 0.70622520 0.34821429
vt 0.70622520 0.34821429
vt 0.70622520 0.34821429
vt 0.70622520 0.34821429
vt 0.70622520 0.34821429
vt 0.70622520 0.34821429
vt 0.70622520 0.34821429
vt 0.70622520 0.34821429
vt 0.70622520 0.34821429
vt 0.70622520 0.34821429
vt 0.70622520 0.34821429
vt 0.70622520 0.34821429
vt 0.70622520 0.34821429
vt 0.70622520 0.34821429
vt 0.70622520 0.34821429
vt 0.70622520 0.34821429
vt 0.70622520 0.34821429
vt 0.70622520 0.34821429
vt 0.70622520 0.34821429
vt 0.70622520 0.34821429
vt 0.70622520 0.34821429
vt 0.70622520 0.34821429
vt 0.70622520 0.34821429
vt 0.70622520 0.34821429
vt 0.70622520 0.34821429
vt 0.70622520 0.34821429
vt 0.70622520 0.34821429
vt 0.70622520 0.34821429
vt 0.70622520 0.34821429
vt 0.70622520 0.34821429
vt 0.70622520 0.34821429
vt 0.70622520 0.34821429
vt 0.70622520 0.34821429
vt 0.70622520 0.34821429
vt 0.70622520 0.34821429
vt 0.70622520 0.34821429
vt 0.70622520 0.34821429
vt 0.70622520 0.34821429
vt 0.70622520 0.34821429
vt 0.70622520 0.34821429
vt 0.70622520 0.34821429
vt 0.70622520 0.34821429
vt 0.70622520 0.34821429
vt 0.70622520 0.34821429
vt 0.70622520 0.34821429
vt 0.70622520 0.34821429
vt 0.70622520 0.34821429
vt 0.70622520 0.34821429
vt 0.70622520 0.34821429
vt 0.70622520 0.34821429
vt 0.70622520 0.34821429
vt 0.70622520 0.34821429
vt 0.70622520 0.34821429
vt 0.70622520 0.34821429
vt 0.70622520 0.34821429
vt 0.70622520 0.34821429
vt 0.70622520 0.34821429
vt 0.70622520 0.34821429
vt 0.70622520 0.34821429
vt 0.70622520 0.34821429
vt 0.70622520 0.34821429
vt 0.70622520 0.34821429
vt 0.70622520 0.34821429
vt 0.70622520 0.34821429
vt 0.70622520 0.34821429
vt 0.70622520 0.34821429
vt 0.70622520 0.34821429
vt 0.70622520 0.34821429
vt 0.70622520 0.34821429
vt 0.70622520 0.34821429
vt 0.70622520 0.34821429
vt 0.70622520 0.34821429
vt 0.70622520 0.34821429
vt 0.70622520 0.34821429
vt 0.70622520 0.34821429
vt 0.70622520 0.34821429
vt 0.70622520 0.34821429
vt 0.70622520 0.34821429
vt 0.70622520 0.34821429
vt 0.70622520 0.34821429
vt 0.70622520 0.34821429
vt 0.70622520 0.34821429
vt 0.70622520 0.34821429
vt 0.70622520 0.34821429
vt 0.70622520 0.34821429
vt 0.70622520 0.34821429
vt 0.70622520 0.34821429
vt 0.70622520 0.34821429
vt 0.70622520 0.34821429
vt 0.70622520 0.34821429
vt 0.70622520 0.34821429
vt 0.70622520 0.34821429
vt 0.70622520 0.34821429
vt 0.70622520 0.34821429
vt 0.70622520 0.34821429
vt 0.70622520 0.34821429
vt 0.70622520 0.34821429
vt 0.70622520 0.34821429
vt 0.70622520 0.34821429
vt 0.70622520 0.34821429
vt 0.70622520 0.34821429
vt 0.70622520 0.34821429
vt 0.70622520 0.34821429
vt 0.70622520 0.34821429
vt 0.70622520 0.34821429
vt 0.70622520 0.34821429
vt 0.70622520 0.34821429
vt 0.70622520 0.34821429
vt 0.70622520 0.34821429
vt 0.70622520 0.34821429
vt 0.70622520 0.34821429
vt 0.70622520 0.34821429
vt 0.70622520 0.34821429
vt 0.70622520 0.34821429
vt 0.70622520 0.34821429
vt 0.70622520 0.34821429
vt 0.70622520 0.34821429
vt 0.70622520 0.34821429
vt 0.70622520 0.34821429
vt 0.70622520 0.34821429
vt 0.70622520 0.34821429
vt 0.70622520 0.34821429
vt 0.70622520 0.34821429
vt 0.70622520 0.34821429
vt 0.70622520 0.34821429
vt 0.70622520 0.34821429
vt 0.70622520 0.34821429
vt 0.70622520 0.34821429
vt 0.70622520 0.34821429
vt 0.70622520 0.34821429
vt 0.70622520 0.34821429
vt 0.70622520 0.34821429
vt 0.70622520 0.34821429
vt 0.70622520 0.34821429
vt 0.70622520 0.34821429
vt 0.70622520 0.34821429
vt 0.70622520 0.34821429
vt 0.70622520 0.34821429
vt 0.70622520 0.34821429
vt 0.70622520 0.34821429
vt 0.70622520 0.34821429
vt 0.61098710 0.34821429
vt 0.61098710 0.34821429
vt 0.61098710 0.34821429
vt 0.61098710 0.34821429
vt 0.61098710 0.34821429
vt 0.61098710 0.34821429
vt 0.61098710 0.34821429
vt 0.61098710 0.34821429
vt 0.61098710 0.34821429
vt 0.61098710 0.34821429
vt 0.61098710 0.34821429
vt 0.61098710 0.34821429
vt 0.61098710 0.34821429
vt 0.61098710 0.34821429
vt 0.61098710 0.34821429
vt 0.61098710 0.34821429
vt 0.61098710 0.34821429
vt 0.61098710 0.34821429
vt 0.61098710 0.34821429
vt 0.61098710 0.34821429
vt 0.61098710 0.34821429
vt 0.61098710 0.34821429
vt 0.61098710 0.34821429
vt 0.61098710 0.34821429
vt 0.61098710 0.34821429
vt 0.61098710 0.34821429
vt 0.61098710 0.34821429
vt 0.61098710 0.34821429
vt 0.61098710 0.34821429
vt 0.61098710 0.34821429
vt 0.61098710 0.34821429
vt 0.61098710 0.34821429
vt 0.61098710 0.34821429
vt 0.61098710 0.34821429
vt 0.61098710 0.34821429
vt 0.61098710 0.34821429
vt 0.61098710 0.34821429
vt 0.61098710 0.34821429
vt 0.61098710 0.34821429
vt 0.61098710 0.34821429
vt 0.61098710 0.34821429
vt 0.61098710 0.34821429
vt 0.61098710 0.34821429
vt 0.61098710 0.34821429
vt 0.61098710 0.34821429
vt 0.61098710 0.34821429
vt 0.61098710 0.34821429
vt 0.61098710 0.34821429
vt 0.61098710 0.34821429
vt 0.61098710 0.34821429
vt 0.61098710 0.34821429
vt 0.61098710 0.34821429
vt 0.61098710 0.34821429
vt 0.61098710 0.34821429
vt 0.61098710 0.34821429
vt 0.61098710 0.34821429
vt 0.61098710 0.34821429
vt 0.61098710 0.34821429
vt 0.61098710 0.34821429
vt 0.61098710 0.34821429
vt 0.61098710 0.34821429
vt 0.61098710 0.34821429
vt 0.61098710 0.34821429
vt 0.61098710 0.34821429
vt 0.61098710 0.34821429
vt 0.61098710 0.34821429
vt 0.61098710 0.34821429
vt 0.61098710 0.34821429
vt 0.61098710 0.34821429
vt 0.61098710 0.34821429
vt 0.61098710 0.34821429
vt 0.61098710 0.34821429
vt 0.61098710 0.34821429
vt 0.61098710 0.34821429
vt 0.61098710 0.34821429
vt 0.61098710 0.34821429
vt 0.61098710 0.34821429
vt 0.61098710 0.34821429
vt 0.61098710 0.34821429
vt 0.61098710 0.34821429
vt 0.61098710 0.34821429
vt 0.61098710 0.34821429
vt 0.61098710 0.34821429
vt 0.61098710 0.34821429
vt 0.61098710 0.34821429
vt 0.61098710 0.34821429
vt 0.61098710 0.34821429
vt 0.61098710 0.34821429
vt 0.61098710 0.34821429
vt 0.61098710 0.34821429
vt 0.61098710 0.34821429
vt 0.61098710 0.34821429
vt 0.61098710 0.34821429
vt 0.61098710 0.34821429
vt 0.61098710 0.34821429
vt 0.61098710 0.34821429
vt 0.61098710 0.34821429
vt 0.61098710 0.34821429
vt 0.61098710 0.34821429
vt 0.61098710 0.34821429
vt 0.61098710 0.34821429
vt 0.61098710 0.34821429
vt 0.61098710 0.34821429
vt 0.61098710 0.34821429
vt 0.61098710 0.34821429
vt 0.61098710 0.34821429
vt 0.61098710 0.34821429
vt 0.61098710 0.34821429
vt 0.61098710 0.34821429
vt 0.61098710 0.34821429
vt 0.61098710 0.34821429
vt 0.61098710 0.34821429
vt 0.61098710 0.34821429
vt 0.61098710 0.34821429
vt 0.61098710 0.34821429
vt 0.61098710 0.34821429
vt 0.61098710 0.34821429
vt 0.61098710 0.34821429
vt 0.61098710 0.34821429
vt 0.61098710 0.34821429
vt 0.61098710 0.34821429
vt 0.61098710 0.34821429
vt 0.61098710 0.34821429
vt 0.61098710 0.34821429
vt 0.61098710 0.34821429
vt 0.61098710 0.34821429
vt 0.61098710 0.34821429
vt 0.61098710 0.34821429
vt 0.61098710 0.34821429
vt 0.61098710 0.34821429
vt 0.61098710 0.34821429
vt 0.61098710 0.34821429
vt 0.61098710 0.34821429
vt 0.61098710 0.34821429
vt 0.61098710 0.34821429
vt 0.61098710 0.34821429
vt 0.61098710 0.34821429
vt 0.61098710 0.34821429
vt 0.61098710 0.34821429
vt 0.61098710 0.34821429
vt 0.61098710 0.34821429
vt 0.61098710 0.34821429
vt 0.61098710 0.34821429
vt 0.61098710 0.34821429
vt 0.61098710 0.34821429
vt 0.61098710 0.34821429
vt 0.61098710 0.34821429
vt 0.61098710 0.34821429
vt 0.61098710 0.34821429
vt 0.61098710 0.34821429
vt 0.61098710 0.34821429
vt 0.61098710 0.34821429
vt 0.61098710 0.34821429
vt 0.61098710 0.34821429
vt 0.61098710 0.34821429
vt 0.61098710 0.34821429
vt 0.61098710 0.34821429
vt 0.61098710 0.34821429
vt 0.61098710 0.34821429
vt 0.61098710 0.34821429
vt 0.61098710 0.34821429
vt 0.61098710 0.34821429
vt 0.61098710 0.34821429
vt 0.61098710 0.34821429
vt 0.61098710 0.34821429
vt 0.61098710 0.34821429
vt 0.61098710 0.34821429
vt 0.61098710 0.34821429
vt 0.61098710 0.34821429
vt 0.61098710 0.34821429
vt 0.61098710 0.34821429
vt 0.61098710 0.34821429
vt 0.61098710 0.34821429
vt 0.61098710 0.34821429
vt 0.61098710 0.34821429
vt 0.61098710 0.34821429
vt 0.61098710 0.34821429
vt 0.61098710 0.34821429
vt 0.61098710 0.34821429
vt 0.61098710 0.34821429
vt 0.61098710 0.34821429
vt 0.61098710 0.34821429
vt 0.61098710 0.34821429
vt 0.61098710 0.34821429
vt 0.61098710 0.34821429
vt 0.61098710 0.34821429
vt 0.61098710 0.34821429
vt 0.61098710 0.34821429
vt 0.61098710 0.34821429
vt 0.61098710 0.34821429
vt 0.61098710 0.34821429
vt 0.61098710 0.34821429
vt 0.61098710 0.34821429
vt 0.61098710 0.34821429
vt 0.61098710 0.34821429
vt 0.61098710 0.34821429
vt 0.61098710 0.34821429
vt 0.61098710 0.34821429
vt 0.61098710 0.34821429
vt 0.61098710 0.34821429
vt 0.61098710 0.34821429
vt 0.61098710 0.34821429
vt 0.61098710 0.34821429
vt 0.61098710 0.34821429
vt 0.61098710 0.34821429
vt 0.61098710 0.34821429
vt 0.61098710 0.34821429
vt 0.61098710 0.34821429
vt 0.61098710 0.34821429
vt 0.61098710 0.34821429
vt 0.61098710 0.34821429
vt 0.61098710 0.34821429
vt 0.61098710 0.34821429
vt 0.61098710 0.34821429
vt 0.61098710 0.34821429
vt 0.61098710 0.34821429
vt 0.61098710 0.34821429
vt 0.61098710 0.34821429
vt 0.61098710 0.34821429
vt 0.61098710 0.34821429
vt 0.61098710 0.34821429
vt 0.61098710 0.34821429
vt 0.61098710 0.34821429
vt 0.61098710 0.34821429
vt 0.61098710 0.34821429
vt 0.61098710 0.34821429
vt 0.61098710 0.34821429
vt 0.61098710 0.34821429
vt 0.61098710 0.34821429
vt 0.61098710 0.34821429
vt 0.61098710 0.34821429
vt 0.61098710 0.34821429
vt 0.61098710 0.34821429
vt 0.61098710 0.34821429
vt 0.61098710 0.34821429
vt 0.61098710 0.34821429
vt 0.61098710 0.34821429
vt 0.61098710 0.34821429
vt 0.61098710 0.34821429
vt 0.61098710 0.34821429
vt 0.61098710 0.34821429
vt 0.61098710 0.34821429
vt 0.61098710 0.34821429
vt 0.61098710 0.34821429
vt 0.61098710 0.34821429
vt 0.61098710 0.34821429
vt 0.61098710 0.34821429
vt 0.61098710 0.34821429
vt 0.61098710 0.34821429
vt 0.61098710 0.34821429
vt 0.61098710 0.34821429
vt 0.61098710 0.34821429
vt 0.61098710 0.34821429
vt 0.61098710 0.34821429
vt 0.61098710 0.34821429
vt 0.61098710 0.34821429
vt 0.61098710 0.34821429
vt 0.61098710 0.34821429
vt 0.61098710 0.34821429
vt 0.61098710 0.34821429
vt 0.61098710 0.34821429
vt 0.61098710 0.34821429
vt 0.61098710 0.34821429
vt 0.61098710 0.34821429
vt 0.61098710 0.34821429
vt 0.61098710 0.34821429
vt 0.61098710 0.34821429
vt 0.61098710 0.34821429
vt 0.61098710 0.34821429
vt 0.61098710 0.34821429
vt 0.61098710 0.34821429
vt 0.61098710 0.34821429
vt 0.61098710 0.34821429
vt 0.61098710 0.34821429
vt 0.61098710 0.34821429
vt 0.61098710 0.34821429
vt 0.61098710 0.34821429
vt 0.61098710 0.34821429
vt 0.61098710 0.34821429
vt 0.61098710 0.34821429
vt 0.61098710 0.34821429
vt 0.61098710 0.34821429
vt 0.61098710 0.34821429
vt 0.61098710 0.34821429
vt 0.61098710 0.34821429
vt 0.61098710 0.34821429
vt 0.61098710 0.34821429
vt 0.61098710 0.34821429
vt 0.61098710 0.34821429
vt 0.61098710 0.34821429
vt 0.61098710 0.34821429
vt 0.61098710 0.34821429
vt 0.61098710 0.34821429
vt 0.61098710 0.34821429
vt 0.61098710 0.34821429
vt 0.61098710 0.34821429
vt 0.61098710 0.34821429
vt 0.61098710 0.34821429
vt 0.61098710 0.34821429
vt 0.61098710 0.34821429
vt 0.61098710 0.34821429
vt 0.61098710 0.34821429
vt 0.61098710 0.34821429
vt 0.61098710 0.34821429
vt 0.61098710 0.34821429
vt 0.61098710 0.34821429
vt 0.61098710 0.34821429
vt 0.61098710 0.34821429
vt 0.61098710 0.34821429
vt 0.61098710 0.34821429
vt 0.61098710 0.34821429
vt 0.61098710 0.34821429
vt 0.61098710 0.34821429
vt 0.61098710 0.34821429
vt 0.61098710 0.34821429
vt 0.61098710 0.34821429
vt 0.61098710 0.34821429
vt 0.61098710 0.34821429
vt 0.61098710 0.34821429
vt 0.61098710 0.34821429
vt 0.61098710 0.34821429
vt 0.61098710 0.34821429
vt 0.61098710 0.34821429
vt 0.61098710 0.34821429
vt 0.61098710 0.34821429
vt 0.61098710 0.34821429
vt 0.61098710 0.34821429
vt 0.61098710 0.34821429
vt 0.61098710 0.34821429
vt 0.61098710 0.34821429
vt 0.61098710 0.34821429
vt 0.61098710 0.34821429
vt 0.61098710 0.34821429
vt 0.61098710 0.34821429
vt 0.61098710 0.34821429
vt 0.61098710 0.34821429
vt 0.61098710 0.34821429
vt 0.61098710 0.34821429
vt 0.61098710 0.34821429
vt 0.61098710 0.34821429
vt 0.61098710 0.34821429
vt 0.61098710 0.34821429
vt 0.61098710 0.34821429
vt 0.61098710 0.34821429
vt 0.61098710 0.34821429
vt 0.61098710 0.34821429
vt 0.61098710 0.34821429
vt 0.61098710 0.34821429
vt 0.61098710 0.34821429
vt 0.61098710 0.34821429
vt 0.61098710 0.34821429
vt 0.61098710 0.34821429
vt 0.61098710 0.34821429
vt 0.61098710 0.34821429
vt 0.61098710 0.34821429
vt 0.61098710 0.34821429
vt 0.61098710 0.34821429
vt 0.61098710 0.34821429
vt 0.61098710 0.34821429
vt 0.61098710 0.34821429
vt 0.61098710 0.34821429
vt 0.61098710 0.34821429
vt 0.61098710 0.34821429
vt 0.61098710 0.34821429
vt 0.61098710 0.34821429
vt 0.61098710 0.34821429
vt 0.61098710 0.34821429
vt 0.61098710 0.34821429
vt 0.61098710 0.34821429
vt 0.61098710 0.34821429
vt 0.61098710 0.34821429
vt 0.61098710 0.34821429
vt 0.61098710 0.34821429
vt 0.61098710 0.34821429
vt 0.61098710 0.34821429
vt 0.61098710 0.34821429
vt 0.61098710 0.34821429
vt 0.61098710 0.34821429
vt 0.61098710 0.34821429
vt 0.61098710 0.34821429
vt 0.61098710 0.34821429
vt 0.61098710 0.34821429
vt 0.61098710 0.34821429
vt 0.61098710 0.34821429
vt 0.61098710 0.34821429
vt 0.61098710 0.34821429
vt 0.61098710 0.34821429
vt 0.61098710 0.34821429
vt 0.61098710 0.34821429
vt 0.61098710 0.34821429
vt 0.61098710 0.34821429
vt 0.61098710 0.34821429
vt 0.61098710 0.34821429
vt 0.61098710 0.34821429
vt 0.61098710 0.34821429
vt 0.61098710 0.34821429
vt 0.61098710 0.34821429
vt 0.61098710 0.34821429
vt 0.61098710 0.34821429
vt 0.61098710 0.34821429
vt 0.61098710 0.34821429
vt 0.61098710 0.34821429
vt 0.61098710 0.34821429
vt 0.61098710 0.34821429
vt 0.61098710 0.34821429
vt 0.61098710 0.34821429
vt 0.61098710 0.34821429
vt 0.61098710 0.34821429
vt 0.61098710 0.34821429
vt 0.61098710 0.34821429
vt 0.61098710 0.34821429
vt 0.61098710 0.34821429
vt 0.61098710 0.34821429
vt 0.61098710 0.34821429
vt 0.61098710 0.34821429
vt 0.61098710 0.34821429
vt 0.61098710 0.34821429
vt 0.61098710 0.34821429
vt 0.61098710 0.34821429
vt 0.61098710 0.34821429
vt 0.61098710 0.34821429
vt 0.61098710 0.34821429
vt 0.61098710 0.34821429
vt 0.61098710 0.34821429
vt 0.61098710 0.34821429
vt 0.61098710 0.34821429
vt 0.61098710 0.34821429
vt 0.61098710 0.34821429
vt 0.61098710 0.34821429
vt 0.61098710 0.34821429
vt 0.61098710 0.34821429
vt 0.61098710 0.34821429
vt 0.61098710 0.34821429
vt 0.61098710 0.34821429
vt 0.61098710 0.34821429
vt 0.61098710 0.34821429
vt 0.61098710 0.34821429
vt 0.61098710 0.34821429
vt 0.61098710 0.34821429
vt 0.61098710 0.34821429
vt 0.61098710 0.34821429
vt 0.61098710 0.34821429
vt 0.61098710 0.34821429
vt 0.61098710 0.34821429
vt 0.61098710 0.34821429
vt 0.61098710 0.34821429
vt 0.61098710 0.34821429
vt 0.61098710 0.34821429
vt 0.61098710 0.34821429
vt 0.61098710 0.34821429
vt 0.61098710 0.34821429
vt 0.61098710 0.34821429
vt 0.61098710 0.34821429
vt 0.61098710 0.34821429
vt 0.61098710 0.34821429
vt 0.61098710 0.34821429
vt 0.61098710 0.34821429
vt 0.61098710 0.34821429
vt 0.61098710 0.34821429
vt 0.61098710 0.34821429
vt 0.61098710 0.34821429
vt 0.61098710 0.34821429
vt 0.61098710 0.34821429
vt 0.61098710 0.34821429
vt 0.61098710 0.34821429
vt 0.61098710 0.34821429
vt 0.61098710 0.34821429
vt 0.61098710 0.34821429
vt 0.61098710 0.34821429
vt 0.61098710 0.34821429
vt 0.61098710 0.34821429
vt 0.61098710 0.34821429
vt 0.61098710 0.34821429
vt 0.61098710 0.34821429
vt 0.61098710 0.34821429
vt 0.61098710 0.34821429
vt 0.61098710 0.34821429
vt 0.61098710 0.34821429
vt 0.61098710 0.34821429
vt 0.61098710 0.34821429
vt 0.61098710 0.34821429
vt 0.61098710 0.34821429
vt 0.61098710 0.34821429
vt 0.61098710 0.34821429
vt 0.61098710 0.34821429
vt 0.61098710 0.34821429
vt 0.61098710 0.34821429
vt 0.61098710 0.34821429
vt 0.61098710 0.34821429
vt 0.61098710 0.34821429
vt 0.61098710 0.34821429
vt 0.61098710 0.34821429
vt 0.61098710 0.34821429
vt 0.61098710 0.34821429
vt 0.61098710 0.34821429
vt 0.61098710 0.34821429
vt 0.61098710 0.34821429
vt 0.61098710 0.34821429
vt 0.61098710 0.34821429
vt 0.61098710 0.34821429
vt 0.61098710 0.34821429
vt 0.61098710 0.34821429
vt 0.61098710 0.34821429
vt 0.61098710 0.34821429
vt 0.61098710 0.34821429
vt 0.61098710 0.34821429
vt 0.61098710 0.34821429
vt 0.61098710 0.34821429
vt 0.61098710 0.34821429
vt 0.61098710 0.34821429
vt 0.61098710 0.34821429
vt 0.61098710 0.34821429
vt 0.61098710 0.34821429
vt 0.61098710 0.34821429
vt 0.61098710 0.34821429
vt 0.61098710 0.34821429
vt 0.61098710 0.34821429
vt 0.61098710 0.34821429
vt 0.61098710 0.34821429
vt 0.61098710 0.34821429
vt 0.61098710 0.34821429
vt 0.61098710 0.34821429
vt 0.61098710 0.34821429
vt 0.61098710 0.34821429
vt 0.61098710 0.34821429
vt 0.61098710 0.34821429
vt 0.61098710 0.34821429
vt 0.61098710 0.34821429
vt 0.61098710 0.34821429
vt 0.61098710 0.34821429
vt 0.61098710 0.34821429
vt 0.61098710 0.34821429
vt 0.61098710 0.34821429
vt 0.61098710 0.34821429
vt 0.61098710 0.34821429
vt 0.61098710 0.34821429
vt 0.61098710 0.34821429
vt 0.61098710 0.34821429
vt 0.61098710 0.34821429
vt 0.61098710 0.34821429
vt 0.61098710 0.34821429
vt 0.61098710 0.34821429
vt 0.61098710 0.34821429
vt 0.61098710 0.34821429
vt 0.61098710 0.34821429
vt 0.61098710 0.34821429
vt 0.61098710 0.34821429
vt 0.61098710 0.34821429
vt 0.61098710 0.34821429
vt 0.61098710 0.34821429
vt 0.61098710 0.34821429
vt 0.61098710 0.34821429
vt 0.61098710 0.34821429
vt 0.61098710 0.34821429
vt 0.61098710 0.34821429
vt 0.61098710 0.34821429
vt 0.61098710 0.34821429
vt 0.61098710 0.34821429
vt 0.61098710 0.34821429
vt 0.61098710 0.34821429
vt 0.61098710 0.34821429
vt 0.61098710 0.34821429
vt 0.61098710 0.34821429
vt 0.61098710 0.34821429
vt 0.61098710 0.34821429
vt 0.61098710 0.34821429
vt 0.61098710 0.34821429
vt 0.61098710 0.34821429
vt 0.61098710 0.34821429
vt 0.61098710 0.34821429
vt 0.61098710 0.34821429
vt 0.61098710 0.34821429
vt 0.61098710 0.34821429
vt 0.61098710 0.34821429
vt 0.61098710 0.34821429
vt 0.61098710 0.34821429
vt 0.61098710 0.34821429
vt 0.61098710 0.34821429
vt 0.61098710 0.34821429
vt 0.61098710 0.34821429
vt 0.61098710 0.34821429
vt 0.61098710 0.34821429
vt 0.61098710 0.34821429
vt 0.61098710 0.34821429
vt 0.61098710 0.34821429
vt 0.61098710 0.34821429
vt 0.61098710 0.34821429
vt 0.61098710 0.34821429
vt 0.61098710 0.34821429
vt 0.61098710 0.34821429
vt 0.61098710 0.34821429
vt 0.61098710 0.34821429
vt 0.61098710 0.34821429
vt 0.61098710 0.34821429
vt 0.61098710 0.34821429
vt 0.61098710 0.34821429
vt 0.61098710 0.34821429
vt 0.61098710 0.34821429
vt 0.61098710 0.34821429
vt 0.61098710 0.34821429
vt 0.61098710 0.34821429
vt 0.61098710 0.34821429
vt 0.61098710 0.34821429
vt 0.61098710 0.34821429
vt 0.61098710 0.34821429
vt 0.61098710 0.34821429
vt 0.61098710 0.34821429
vt 0.61098710 0.34821429
vt 0.61098710 0.34821429
vt 0.61098710 0.34821429
vt 0.61098710 0.34821429
vt 0.61098710 0.34821429
vt 0.61098710 0.34821429
vt 0.61098710 0.34821429
vt 0.61098710 0.34821429
vt 0.61098710 0.34821429
vt 0.61098710 0.34821429
vt 0.61098710 0.34821429
vt 0.61098710 0.34821429
vt 0.61098710 0.34821429
vt 0.61098710 0.34821429
vt 0.61098710 0.34821429
vt 0.61098710 0.34821429
vt 0.61098710 0.34821429
vt 0.61098710 0.34821429
vt 0.61098710 0.34821429
vt 0.61098710 0.34821429
vt 0.61098710 0.34821429
vt 0.61098710 0.34821429
vt 0.61098710 0.34821429
vt 0.61098710 0.34821429
vt 0.61098710 0.34821429
vt 0.61098710 0.34821429
vt 0.61098710 0.34821429
vt 0.61098710 0.34821429
vt 0.61098710 0.34821429
vt 0.61098710 0.34821429
vt 0.61098710 0.34821429
vt 0.61098710 0.34821429
vt 0.61098710 0.34821429
vt 0.61098710 0.34821429
vt 0.51574901 0.34821429
vt 0.51574901 0.34821429
vt 0.51574901 0.34821429
vt 0.51574901 0.34821429
vt 0.51574901 0.34821429
vt 0.51574901 0.34821429
vt 0.51574901 0.34821429
vt 0.51574901 0.34821429
vt 0.51574901 0.34821429
vt 0.51574901 0.34821429
vt 0.51574901 0.34821429
vt 0.51574901 0.34821429
vt 0.51574901 0.34821429
vt 0.51574901 0.34821429
vt 0.51574901 0.34821429
vt 0.51574901 0.34821429
vt 0.51574901 0.34821429
vt 0.51574901 0.34821429
vt 0.51574901 0.34821429
vt 0.51574901 0.34821429
vt 0.51574901 0.34821429
vt 0.51574901 0.34821429
vt 0.51574901 0.34821429
vt 0.51574901 0.34821429
vt 0.51574901 0.34821429
vt 0.51574901 0.34821429
vt 0.51574901 0.34821429
vt 0.51574901 0.34821429
vt 0.51574901 0.34821429
vt 0.51574901 0.34821429
vt 0.51574901 0.34821429
vt 0.51574901 0.34821429
vt 0.51574901 0.34821429
vt 0.51574901 0.34821429
vt 0.51574901 0.34821429
vt 0.51574901 0.34821429
vt 0.51574901 0.34821429
vt 0.51574901 0.34821429
vt 0.51574901 0.34821429
vt 0.51574901 0.34821429
vt 0.51574901 0.34821429
vt 0.51574901 0.34821429
vt 0.51574901 0.34821429
vt 0.51574901 0.34821429
vt 0.51574901 0.34821429
vt 0.51574901 0.34821429
vt 0.51574901 0.34821429
vt 0.51574901 0.34821429
vt 0.51574901 0.34821429
vt 0.51574901 0.34821429
vt 0.51574901 0.34821429
vt 0.51574901 0.34821429
vt 0.51574901 0.34821429
vt 0.51574901 0.34821429
vt 0.51574901 0.34821429
vt 0.51574901 0.34821429
vt 0.51574901 0.34821429
vt 0.51574901 0.34821429
vt 0.51574901 0.34821429
vt 0.51574901 0.34821429
vt 0.51574901 0.34821429
vt 0.51574901 0.34821429
vt 0.51574901 0.34821429
vt 0.51574901 0.34821429
vt 0.51574901 0.34821429
vt 0.51574901 0.34821429
vt 0.51574901 0.34821429
vt 0.51574901 0.34821429
vt 0.51574901 0.34821429
vt 0.51574901 0.34821429
vt 0.51574901 0.34821429
vt 0.51574901 0.34821429
vt 0.51574901 0.34821429
vt 0.51574901 0.34821429
vt 0.51574901 0.34821429
vt 0.51574901 0.34821429
vt 0.51574901 0.34821429
vt 0.51574901 0.34821429
vt 0.51574901 0.34821429
vt 0.51574901 0.34821429
vt 0.51574901 0.34821429
vt 0.51574901 0.34821429
vt 0.51574901 0.34821429
vt 0.51574901 0.34821429
vt 0.51574901 0.34821429
vt 0.51574901 0.34821429
vt 0.51574901 0.34821429
vt 0.51574901 0.34821429
vt 0.51574901 0.34821429
vt 0.51574901 0.34821429
vt 0.51574901 0.34821429
vt 0.51574901 0.34821429
vt 0.51574901 0.34821429
vt 0.51574901 0.34821429
vt 0.51574901 0.34821429
vt 0.51574901 0.34821429
vt 0.51574901 0.34821429
vt 0.51574901 0.34821429
vt 0.51574901 0.34821429
vt 0.51574901 0.34821429
vt 0.51574901 0.34821429
vt 0.51574901 0.34821429
vt 0.51574901 0.34821429
vt 0.51574901 0.34821429
vt 0.51574901 0.34821429
vt 0.51574901 0.34821429
vt 0.51574901 0.34821429
vt 0.51574901 0.34821429
vt 0.51574901 0.34821429
vt 0.51574901 0.34821429
vt 0.51574901 0.34821429
vt 0.51574901 0.34821429
vt 0.51574901 0.34821429
vt 0.51574901 0.34821429
vt 0.51574901 0.34821429
vt 0.51574901 0.34821429
vt 0.51574901 0.34821429
vt 0.51574901 0.34821429
vt 0.51574901 0.34821429
vt 0.51574901 0.34821429
vt 0.51574901 0.34821429
vt 0.51574901 0.34821429
vt 0.51574901 0.34821429
vt 0.51574901 0.34821429
vt 0.51574901 0.34821429
vt 0.51574901 0.34821429
vt 0.51574901 0.34821429
vt 0.51574901 0.34821429
vt 0.51574901 0.34821429
vt 0.51574901 0.34821429
vt 0.51574901 0.34821429
vt 0.51574901 0.34821429
vt 0.51574901 0.34821429
vt 0.51574901 0.34821429
vt 0.51574901 0.34821429
vt 0.51574901 0.34821429
vt 0.51574901 0.34821429
vt 0.51574901 0.34821429
vt 0.51574901 0.34821429
vt 0.51574901 0.34821429
vt 0.51574901 0.34821429
vt 0.51574901 0.34821429
vt 0.51574901 0.34821429
vt 0.51574901 0.34821429
vt 0.51574901 0.34821429
vt 0.51574901 0.34821429
vt 0.51574901 0.34821429
vt 0.51574901 0.34821429
vt 0.51574901 0.34821429
vt 0.51574901 0.34821429
vt 0.51574901 0.34821429
vt 0.51574901 0.34821429
vt 0.51574901 0.34821429
vt 0.51574901 0.34821429
vt 0.51574901 0.34821429
vt 0.51574901 0.34821429
vt 0.51574901 0.34821429
vt 0.51574901 0.34821429
vt 0.51574901 0.34821429
vt 0.51574901 0.34821429
vt 0.51574901 0.34821429
vt 0.51574901 0.34821429
vt 0.51574901 0.34821429
vt 0.51574901 0.34821429
vt 0.51574901 0.34821429
vt 0.51574901 0.34821429
vt 0.51574901 0.34821429
vt 0.51574901 0.34821429
vt 0.51574901 0.34821429
vt 0.51574901 0.34821429
vt 0.51574901 0.34821429
vt 0.51574901 0.34821429
vt 0.51574901 0.34821429
vt 0.51574901 0.34821429
vt 0.51574901 0.34821429
vt 0.51574901 0.34821429
vt 0.51574901 0.34821429
vt 0.51574901 0.34821429
vt 0.51574901 0.34821429
vt 0.51574901 0.34821429
vt 0.51574901 0.34821429
vt 0.51574901 0.34821429
vt 0.51574901 0.34821429
vt 0.51574901 0.34821429
vt 0.51574901 0.34821429
vt 0.51574901 0.34821429
vt 0.51574901 0.34821429
vt 0.51574901 0.34821429
vt 0.51574901 0.34821429
vt 0.51574901 0.34821429
vt 0.51574901 0.34821429
vt 0.51574901 0.34821429
vt 0.51574901 0.34821429
vt 0.51574901 0.34821429
vt 0.51574901 0.34821429
vt 0.51574901 0.34821429
vt 0.51574901 0.34821429
vt 0.51574901 0.34821429
vt 0.51574901 0.34821429
vt 0.51574901 0.34821429
vt 0.51574901 0.34821429
vt 0.51574901 0.34821429
vt 0.51574901 0.34821429
vt 0.51574901 0.34821429
vt 0.51574901 0.34821429
vt 0.51574901 0.34821429
vt 0.51574901 0.34821429
vt 0.51574901 0.34821429
vt 0.51574901 0.34821429
vt 0.51574901 0.34821429
vt 0.51574901 0.34821429
vt 0.51574901 0.34821429
vt 0.51574901 0.34821429
vt 0.51574901 0.34821429
vt 0.51574901 0.34821429
vt 0.51574901 0.34821429
vt 0.51574901 0.34821429
vt 0.51574901 0.34821429
vt 0.51574901 0.34821429
vt 0.51574901 0.34821429
vt 0.51574901 0.34821429
vt 0.51574901 0.34821429
vt 0.51574901 0.34821429
vt 0.51574901 0.34821429
vt 0.51574901 0.34821429
vt 0.51574901 0.34821429
vt 0.51574901 0.34821429
vt 0.51574901 0.34821429
vt 0.51574901 0.34821429
vt 0.51574901 0.34821429
vt 0.51574901 0.34821429
vt 0.51574901 0.34821429
vt 0.51574901 0.34821429
vt 0.51574901 0.34821429
vt 0.51574901 0.34821429
vt 0.51574901 0.34821429
vt 0.51574901 0.34821429
vt 0.51574901 0.34821429
vt 0.51574901 0.34821429
vt 0.51574901 0.34821429
vt 0.51574901 0.34821429
vt 0.51574901 0.34821429
vt 0.51574901 0.34821429
vt 0.51574901 0.34821429
vt 0.51574901 0.34821429
vt 0.51574901 0.34821429
vt 0.51574901 0.34821429
vt 0.51574901 0.34821429
vt 0.51574901 0.34821429
vt 0.51574901 0.34821429
vt 0.51574901 0.34821429
vt 0.51574901 0.34821429
vt 0.51574901 0.34821429
vt 0.51574901 0.34821429
vt 0.51574901 0.34821429
vt 0.51574901 0.34821429
vt 0.51574901 0.34821429
vt 0.51574901 0.34821429
vt 0.51574901 0.34821429
vt 0.51574901 0.34821429
vt 0.51574901 0.34821429
vt 0.51574901 0.34821429
vt 0.51574901 0.34821429
vt 0.51574901 0.34821429
vt 0.51574901 0.34821429
vt 0.51574901 0.34821429
vt 0.51574901 0.34821429
vt 0.51574901 0.34821429
vt 0.51574901 0.34821429
vt 0.51574901 0.34821429
vt 0.51574901 0.34821429
vt 0.51574901 0.34821429
vt 0.51574901 0.34821429
vt 0.51574901 0.34821429
vt 0.51574901 0.34821429
vt 0.51574901 0.34821429
vt 0.51574901 0.34821429
vt 0.51574901 0.34821429
vt 0.51574901 0.34821429
vt 0.51574901 0.34821429
vt 0.51574901 0.34821429
vt 0.51574901 0.34821429
vt 0.51574901 0.34821429
vt 0.51574901 0.34821429
vt 0.51574901 0.34821429
vt 0.51574901 0.34821429
vt 0.51574901 0.34821429
vt 0.51574901 0.34821429
vt 0.51574901 0.34821429
vt 0.51574901 0.34821429
vt 0.51574901 0.34821429
vt 0.51574901 0.34821429
vt 0.51574901 0.34821429
vt 0.51574901 0.34821429
vt 0.51574901 0.34821429
vt 0.51574901 0.34821429
vt 0.51574901 0.34821429
vt 0.51574901 0.34821429
vt 0.51574901 0.34821429
vt 0.51574901 0.34821429
vt 0.51574901 0.34821429
vt 0.51574901 0.34821429
vt 0.51574901 0.34821429
vt 0.51574901 0.34821429
vt 0.51574901 0.34821429
vt 0.51574901 0.34821429
vt 0.51574901 0.34821429
vt 0.51574901 0.34821429
vt 0.51574901 0.34821429
vt 0.51574901 0.34821429
vt 0.51574901 0.34821429
vt 0.51574901 0.34821429
vt 0.51574901 0.34821429
vt 0.51574901 0.34821429
vt 0.51574901 0.34821429
vt 0.51574901 0.34821429
vt 0.51574901 0.34821429
vt 0.51574901 0.34821429
vt 0.51574901 0.34821429
vt 0.51574901 0.34821429
vt 0.51574901 0.34821429
vt 0.51574901 0.34821429
vt 0.51574901 0.34821429
vt 0.51574901 0.34821429
vt 0.51574901 0.34821429
vt 0.51574901 0.34821429
vt 0.51574901 0.34821429
vt 0.51574901 0.34821429
vt 0.51574901 0.34821429
vt 0.51574901 0.34821429
vt 0.51574901 0.34821429
vt 0.51574901 0.34821429
vt 0.51574901 0.34821429
vt 0.51574901 0.34821429
vt 0.51574901 0.34821429
vt 0.51574901 0.34821429
vt 0.51574901 0.34821429
vt 0.51574901 0.34821429
vt 0.51574901 0.34821429
vt 0.51574901 0.34821429
vt 0.51574901 0.34821429
vt 0.51574901 0.34821429
vt 0.51574901 0.34821429
vt 0.51574901 0.34821429
vt 0.51574901 0.34821429
vt 0.51574901 0.34821429
vt 0.51574901 0.34821429
vt 0.51574901 0.34821429
vt 0.51574901 0.34821429
vt 0.51574901 0.34821429
vt 0.51574901 0.34821429
vt 0.51574901 0.34821429
vt 0.51574901 0.34821429
vt 0.51574901 0.34821429
vt 0.51574901 0.34821429
vt 0.51574901 0.34821429
vt 0.51574901 0.34821429
vt 0.51574901 0.34821429
vt 0.51574901 0.34821429
vt 0.51574901 0.34821429
vt 0.51574901 0.34821429
vt 0.51574901 0.34821429
vt 0.51574901 0.34821429
vt 0.51574901 0.34821429
vt 0.51574901 0.34821429
vt 0.51574901 0.34821429
vt 0.51574901 0.34821429
vt 0.51574901 0.34821429
vt 0.51574901 0.34821429
vt 0.51574901 0.34821429
vt 0.51574901 0.34821429
vt 0.51574901 0.34821429
vt 0.51574901 0.34821429
vt 0.51574901 0.34821429
vt 0.51574901 0.34821429
vt 0.51574901 0.34821429
vt 0.51574901 0.34821429
vt 0.51574901 0.34821429
vt 0.51574901 0.34821429
vt 0.51574901 0.34821429
vt 0.51574901 0.34821429
vt 0.51574901 0.34821429
vt 0.51574901 0.34821429
vt 0.51574901 0.34821429
vt 0.51574901 0.34821429
vt 0.51574901 0.34821429
vt 0.51574901 0.34821429
vt 0.51574901 0.34821429
vt 0.51574901 0.34821429
vt 0.51574901 0.34821429
vt 0.51574901 0.34821429
vt 0.51574901 0.34821429
vt 0.51574901 0.34821429
vt 0.51574901 0.34821429
vt 0.51574901 0.34821429
vt 0.51574901 0.34821429
vt 0.51574901 0.34821429
vt 0.51574901 0.34821429
vt 0.51574901 0.34821429
vt 0.51574901 0.34821429
vt 0.51574901 0.34821429
vt 0.51574901 0.34821429
vt 0.51574901 0.34821429
vt 0.51574901 0.34821429
vt 0.51574901 0.34821429
vt 0.51574901 0.34821429
vt 0.51574901 0.34821429
vt 0.51574901 0.34821429
vt 0.51574901 0.34821429
vt 0.51574901 0.34821429
vt 0.51574901 0.34821429
vt 0.51574901 0.34821429
vt 0.51574901 0.34821429
vt 0.51574901 0.34821429
vt 0.51574901 0.34821429
vt 0.51574901 0.34821429
vt 0.51574901 0.34821429
vt 0.51574901 0.34821429
vt 0.51574901 0.34821429
vt 0.51574901 0.34821429
vt 0.51574901 0.34821429
vt 0.51574901 0.34821429
vt 0.51574901 0.34821429
vt 0.51574901 0.34821429
vt 0.51574901 0.34821429
vt 0.51574901 0.34821429
vt 0.51574901 0.34821429
vt 0.51574901 0.34821429
vt 0.51574901 0.34821429
vt 0.51574901 0.34821429
vt 0.51574901 0.34821429
vt 0.51574901 0.34821429
vt 0.51574901 0.34821429
vt 0.51574901 0.34821429
vt 0.51574901 0.34821429
vt 0.51574901 0.34821429
vt 0.51574901 0.34821429
vt 0.51574901 0.34821429
vt 0.51574901 0.34821429
vt 0.51574901 0.34821429
vt 0.51574901 0.34821429
vt 0.51574901 0.34821429
vt 0.51574901 0.34821429
vt 0.51574901 0.34821429
vt 0.51574901 0.34821429
vt 0.51574901 0.34821429
vt 0.51574901 0.34821429
vt 0.51574901 0.34821429
vt 0.51574901 0.34821429
vt 0.51574901 0.34821429
vt 0.51574901 0.34821429
vt 0.51574901 0.34821429
vt 0.51574901 0.34821429
vt 0.51574901 0.34821429
vt 0.51574901 0.34821429
vt 0.51574901 0.34821429
vt 0.51574901 0.34821429
vt 0.51574901 0.34821429
vt 0.51574901 0.34821429
vt 0.51574901 0.34821429
vt 0.51574901 0.34821429
vt 0.51574901 0.34821429
vt 0.51574901 0.34821429
vt 0.51574901 0.34821429
vt 0.51574901 0.34821429
vt 0.51574901 0.34821429
vt 0.51574901 0.34821429
vt 0.51574901 0.34821429
vt 0.51574901 0.34821429
vt 0.51574901 0.34821429
vt 0.51574901 0.34821429
vt 0.51574901 0.34821429
vt 0.51574901 0.34821429
vt 0.51574901 0.34821429
vt 0.51574901 0.34821429
vt 0.51574901 0.34821429
vt 0.51574901 0.34821429
vt 0.51574901 0.34821429
vt 0.51574901 0.34821429
vt 0.51574901 0.34821429
vt 0.51574901 0.34821429
vt 0.51574901 0.34821429
vt 0.51574901 0.34821429
vt 0.51574901 0.34821429
vt 0.51574901 0.34821429
vt 0.51574901 0.34821429
vt 0.51574901 0.34821429
vt 0.51574901 0.34821429
vt 0.51574901 0.34821429
vt 0.51574901 0.34821429
vt 0.51574901 0.34821429
vt 0.51574901 0.34821429
vt 0.51574901 0.34821429
vt 0.51574901 0.34821429
vt 0.51574901 0.34821429
vt 0.51574901 0.34821429
vt 0.51574901 0.34821429
vt 0.51574901 0.34821429
vt 0.51574901 0.34821429
vt 0.51574901 0.34821429
vt 0.51574901 0.34821429
vt 0.51574901 0.34821429
vt 0.51574901 0.34821429
vt 0.51574901 0.34821429
vt 0.51574901 0.34821429
vt 0.51574901 0.34821429
vt 0.51574901 0.34821429
vt 0.51574901 0.34821429
vt 0.51574901 0.34821429
vt 0.51574901 0.34821429
vt 0.51574901 0.34821429
vt 0.51574901 0.34821429
vt 0.51574901 0.34821429
vt 0.51574901 0.34821429
vt 0.51574901 0.34821429
vt 0.51574901 0.34821429
vt 0.51574901 0.34821429
vt 0.51574901 0.34821429
vt 0.51574901 0.34821429
vt 0.51574901 0.34821429
vt 0.51574901 0.34821429
vt 0.51574901 0.34821429
vt 0.51574901 0.34821429
vt 0.51574901 0.34821429
vt 0.51574901 0.34821429
vt 0.51574901 0.34821429
vt 0.51574901 0.34821429
vt 0.51574901 0.34821429
vt 0.51574901 0.34821429
vt 0.51574901 0.34821429
vt 0.51574901 0.34821429
vt 0.51574901 0.34821429
vt 0.51574901 0.34821429
vt 0.51574901 0.34821429
vt 0.51574901 0.34821429
vt 0.51574901 0.34821429
vt 0.51574901 0.34821429
vt 0.51574901 0.34821429
vt 0.51574901 0.34821429
vt 0.51574901 0.34821429
vt 0.51574901 0.34821429
vt 0.51574901 0.34821429
vt 0.51574901 0.34821429
vt 0.51574901 0.34821429
vt 0.51574901 0.34821429
vt 0.51574901 0.34821429
vt 0.51574901 0.34821429
vt 0.51574901 0.34821429
vt 0.51574901 0.34821429
vt 0.51574901 0.34821429
vt 0.51574901 0.34821429
vt 0.51574901 0.34821429
vt 0.51574901 0.34821429
vt 0.51574901 0.34821429
vt 0.51574901 0.34821429
vt 0.51574901 0.34821429
vt 0.51574901 0.34821429
vt 0.51574901 0.34821429
vt 0.51574901 0.34821429
vt 0.51574901 0.34821429
vt 0.51574901 0.34821429
vt 0.51574901 0.34821429
vt 0.51574901 0.34821429
vt 0.51574901 0.34821429
vt 0.51574901 0.34821429
vt 0.51574901 0.34821429
vt 0.51574901 0.34821429
vt 0.51574901 0.34821429
vt 0.51574901 0.34821429
vt 0.51574901 0.34821429
vt 0.51574901 0.34821429
vt 0.51574901 0.34821429
vt 0.51574901 0.34821429
vt 0.51574901 0.34821429
vt 0.51574901 0.34821429
vt 0.51574901 0.34821429
vt 0.51574901 0.34821429
vt 0.51574901 0.34821429
vt 0.51574901 0.34821429
vt 0.51574901 0.34821429
vt 0.51574901 0.34821429
vt 0.51574901 0.34821429
vt 0.51574901 0.34821429
vt 0.51574901 0.34821429
vt 0.51574901 0.34821429
vt 0.51574901 0.34821429
vt 0.51574901 0.34821429
vt 0.51574901 0.34821429
vt 0.51574901 0.34821429
vt 0.51574901 0.34821429
vt 0.51574901 0.34821429
vt 0.51574901 0.34821429
vt 0.51574901 0.34821429
vt 0.51574901 0.34821429
vt 0.51574901 0.34821429
vt 0.51574901 0.34821429
vt 0.51574901 0.34821429
vt 0.51574901 0.34821429
vt 0.51574901 0.34821429
vt 0.51574901 0.34821429
vt 0.51574901 0.34821429
vt 0.51574901 0.34821429
vt 0.51574901 0.34821429
vt 0.51574901 0.34821429
vt 0.51574901 0.34821429
vt 0.51574901 0.34821429
vt 0.51574901 0.34821429
vt 0.51574901 0.34821429
vt 0.51574901 0.34821429
vt 0.51574901 0.34821429
vt 0.51574901 0.34821429
vt 0.51574901 0.34821429
vt 0.51574901 0.34821429
vt 0.51574901 0.34821429
vt 0.51574901 0.34821429
vt 0.51574901 0.34821429
vt 0.51574901 0.34821429
vt 0.51574901 0.34821429
vt 0.51574901 0.34821429
vt 0.51574901 0.34821429
vt 0.51574901 0.34821429
vt 0.51574901 0.34821429
vt 0.51574901 0.34821429
vt 0.51574901 0.34821429
vt 0.51574901 0.34821429
vt 0.51574901 0.34821429
vt 0.51574901 0.34821429
vt 0.51574901 0.34821429
vt 0.51574901 0.34821429
vt 0.51574901 0.34821429
vt 0.51574901 0.34821429
vt 0.51574901 0.34821429
vt 0.51574901 0.34821429
vt 0.51574901 0.34821429
vt 0.51574901 0.34821429
vt 0.51574901 0.34821429
vt 0.51574901 0.34821429
vt 0.51574901 0.34821429
vt 0.51574901 0.34821429
vt 0.51574901 0.34821429
vt 0.51574901 0.34821429
vt 0.51574901 0.34821429
vt 0.51574901 0.34821429
vt 0.51574901 0.34821429
vt 0.51574901 0.34821429
vt 0.51574901 0.34821429
vt 0.51574901 0.34821429
vt 0.51574901 0.34821429
vt 0.51574901 0.34821429
vt 0.51574901 0.34821429
vt 0.51574901 0.34821429
vt 0.51574901 0.34821429
vt 0.51574901 0.34821429
vt 0.51574901 0.34821429
vt 0.51574901 0.34821429
vt 0.51574901 0.34821429
vt 0.51574901 0.34821429
vt 0.51574901 0.34821429
vt 0.51574901 0.34821429
vt 0.51574901 0.34821429
vt 0.51574901 0.34821429
vt 0.51574901 0.34821429
vt 0.51574901 0.34821429
vt 0.51574901 0.34821429
vt 0.51574901 0.34821429
vt 0.51574901 0.34821429
vt 0.51574901 0.34821429
vt 0.51574901 0.34821429
vt 0.51574901 0.34821429
vt 0.51574901 0.34821429
vt 0.51574901 0.34821429
vt 0.51574901 0.34821429
vt 0.51574901 0.34821429
vt 0.51574901 0.34821429
vt 0.51574901 0.34821429
vt 0.51574901 0.34821429
vt 0.51574901 0.34821429
vt 0.51574901 0.34821429
vt 0.51574901 0.34821429
vt 0.51574901 0.34821429
vt 0.51574901 0.34821429
vt 0.51574901 0.34821429
vt 0.51574901 0.34821429
vt 0.51574901 0.34821429
vt 0.51574901 0.34821429
vt 0.51574901 0.34821429
vt 0.51574901 0.34821429
vt 0.51574901 0.34821429
vt 0.51574901 0.34821429
vt 0.51574901 0.34821429
vt 0.51574901 0.34821429
vt 0.51574901 0.34821429
vt 0.51574901 0.34821429
vt 0.51574901 0.34821429
vt 0.51574901 0.34821429
vt 0.51574901 0.34821429
vt 0.51574901 0.34821429
vt 0.51574901 0.34821429
vt 0.51574901 0.34821429
vt 0.51574901 0.34821429
vt 0.51574901 0.34821429
vt 0.51574901 0.34821429
vt 0.51574901 0.34821429
vt 0.51574901 0.34821429
vt 0.51574901 0.34821429
vt 0.51574901 0.34821429
vt 0.51574901 0.34821429
vt 0.51574901 0.34821429
vt 0.51574901 0.34821429
vt 0.51574901 0.34821429
vt 0.51574901 0.34821429
vt 0.51574901 0.34821429
vt 0.51574901 0.34821429
vt 0.51574901 0.34821429
vt 0.51574901 0.34821429
vt 0.51574901 0.34821429
vt 0.51574901 0.34821429
vt 0.51574901 0.34821429
vt 0.51574901 0.34821429
vt 0.51574901 0.34821429
vt 0.51574901 0.34821429
vt 0.51574901 0.34821429
vt 0.51574901 0.34821429
vt 0.51574901 0.34821429
vt 0.51574901 0.34821429
vt 0.51574901 0.34821429
vt 0.51574901 0.34821429
vt 0.51574901 0.34821429
vt 0.51574901 0.34821429
vt 0.51574901 0.34821429
vt 0.51574901 0.34821429
vt 0.51574901 0.34821429
vt 0.51574901 0.34821429
vt 0.51574901 0.34821429
vt 0.51574901 0.34821429
vt 0.51574901 0.34821429
vt 0.51574901 0.34821429
vt 0.51574901 0.34821429
vt 0.51574901 0.34821429
vt 0.51574901 0.34821429
vt 0.51574901 0.34821429
vt 0.51574901 0.34821429
vt 0.51574901 0.34821429
vt 0.51574901 0.34821429
vt 0.51574901 0.34821429
vt 0.51574901 0.34821429
vt 0.51574901 0.34821429
vt 0.51574901 0.34821429
vt 0.51574901 0.34821429
vt 0.51574901 0.34821429
vt 0.51574901 0.34821429
vt 0.51574901 0.34821429
vt 0.51574901 0.34821429
vt 0.51574901 0.34821429
vt 0.51574901 0.34821429
vt 0.51574901 0.34821429
vt 0.51574901 0.34821429
vt 0.51574901 0.34821429
vt 0.51574901 0.34821429
vt 0.51574901 0.34821429
vt 0.51574901 0.34821429
vt 0.51574901 0.34821429
vt 0.51574901 0.34821429
vt 0.51574901 0.34821429
vt 0.51574901 0.34821429
vt 0.51574901 0.34821429
vt 0.51574901 0.34821429
vt 0.51574901 0.34821429
vt 0.51574901 0.34821429
vt 0.51574901 0.34821429
vt 0.51574901 0.34821429
vt 0.51574901 0.34821429
vt 0.51574901 0.34821429
vt 0.51574901 0.34821429
vt 0.51574901 0.34821429
vt 0.51574901 0.34821429
vt 0.51574901 0.34821429
vt 0.51574901 0.34821429
vt 0.51574901 0.34821429
vt 0.51574901 0.34821429
vt 0.51574901 0.34821429
vt 0.51574901 0.34821429
vt 0.51574901 0.34821429
vt 0.51574901 0.34821429
vt 0.51574901 0.34821429
vt 0.51574901 0.34821429
vt 0.51574901 0.34821429
vt 0.51574901 0.34821429
vt 0.51574901 0.34821429
vt 0.51574901 0.34821429
vt 0.51574901 0.34821429
vt 0.51574901 0.34821429
vt 0.51574901 0.34821429
vt 0.51574901 0.34821429
vt 0.51574901 0.34821429
vt 0.51574901 0.34821429
vt 0.51574901 0.34821429
vt 0.51574901 0.34821429
vt 0.51574901 0.34821429
vt 0.51574901 0.34821429
vt 0.51574901 0.34821429
vt 0.51574901 0.34821429
vt 0.51574901 0.34821429
vt 0.51574901 0.34821429
vt 0.51574901 0.34821429
vt 0.51574901 0.34821429
vt 0.51574901 0.34821429
vt 0.51574901 0.34821429
vt 0.51574901 0.34821429
vt 0.51574901 0.34821429
vt 0.51574901 0.34821429
vt 0.51574901 0.34821429
vt 0.51574901 0.34821429
vt 0.51574901 0.34821429
vt 0.51574901 0.34821429
vt 0.51574901 0.34821429
vt 0.51574901 0.34821429
vt 0.51574901 0.34821429
vt 0.51574901 0.34821429
vt 0.51574901 0.34821429
vt 0.51574901 0.34821429
vt 0.51574901 0.34821429
vt 0.51574901 0.34821429
vt 0.51574901 0.34821429
vt 0.51574901 0.34821429
vt 0.51574901 0.34821429
vt 0.51574901 0.34821429
vt 0.51574901 0.34821429
vt 0.51574901 0.34821429
vt 0.51574901 0.34821429
vt 0.51574901 0.34821429
vt 0.51574901 0.34821429
vt 0.51574901 0.34821429
vt 0.51574901 0.34821429
vt 0.51574901 0.34821429
vt 0.51574901 0.34821429
vt 0.51574901 0.34821429
vt 0.51574901 0.34821429
vt 0.51574901 0.34821429
vt 0.51574901 0.34821429
vt 0.51574901 0.34821429
vt 0.51574901 0.34821429
vt 0.51574901 0.34821429
vt 0.51574901 0.34821429
vt 0.51574901 0.34821429
vt 0.51574901 0.34821429
vt 0.51574901 0.34821429
vt 0.51574901 0.34821429
vt 0.51574901 0.34821429
vt 0.51574901 0.34821429
vt 0.51574901 0.34821429
vt 0.51574901 0.34821429
vt 0.51574901 0.34821429
vt 0.51574901 0.34821429
vt 0.51574901 0.34821429
vt 0.51574901 0.34821429
vt 0.51574901 0.34821429
vt 0.51574901 0.34821429
vt 0.51574901 0.34821429
vt 0.51574901 0.34821429
vt 0.51574901 0.34821429
vt 0.51574901 0.34821429
vt 0.51574901 0.34821429
vt 0.51574901 0.34821429
vt 0.51574901 0.34821429
vt 0.51574901 0.34821429
vt 0.51574901 0.34821429
vt 0.51574901 0.34821429
vt 0.51574901 0.34821429
vt 0.51574901 0.34821429
vt 0.51574901 0.34821429
vt 0.51574901 0.34821429
vt 0.51574901 0.34821429
vt 0.51574901 0.34821429
vt 0.51574901 0.34821429
vt 0.51574901 0.34821429
vt 0.51574901 0.34821429
vt 0.51574901 0.34821429
vt 0.51574901 0.34821429
vt 0.51574901 0.34821429
vt 0.51574901 0.34821429
vt 0.51574901 0.34821429
vt 0.51574901 0.34821429
vt 0.51574901 0.34821429
vt 0.51574901 0.34821429
vt 0.51574901 0.34821429
vt 0.51574901 0.34821429
vt 0.51574901 0.34821429
vt 0.51574901 0.34821429
vt 0.51574901 0.34821429
vt 0.51574901 0.34821429
vt 0.51574901 0.34821429
vt 0.51574901 0.34821429
vt 0.51574901 0.34821429
vt 0.51574901 0.34821429
vt 0.51574901 0.34821429
vt 0.51574901 0.34821429
vt 0.51574901 0.34821429
vt 0.51574901 0.34821429
vt 0.51574901 0.34821429
vt 0.51574901 0.34821429
vt 0.51574901 0.34821429
vt 0.51574901 0.34821429
vt 0.51574901 0.34821429
vt 0.51574901 0.34821429
vt 0.51574901 0.34821429
vt 0.51574901 0.34821429
vt 0.51574901 0.34821429
vt 0.51574901 0.34821429
vt 0.51574901 0.34821429
vt 0.51574901 0.34821429
vt 0.51574901 0.34821429
vt 0.51574901 0.34821429
vt 0.51574901 0.34821429
vt 0.51574901 0.34821429
vt 0.51574901 0.34821429
vt 0.51574901 0.34821429
vt 0.51574901 0.34821429
vt 0.51574901 0.34821429
vt 0.51574901 0.34821429
vt 0.51574901 0.34821429
vt 0.51574901 0.34821429
vt 0.51574901 0.34821429
vt 0.51574901 0.34821429
vt 0.51574901 0.34821429
vt 0.51574901 0.34821429
vt 0.51574901 0.34821429
vt 0.51574901 0.34821429
vt 0.51574901 0.34821429
vt 0.51574901 0.34821429
vt 0.51574901 0.34821429
vt 0.51574901 0.34821429
vt 0.51574901 0.34821429
vt 0.51574901 0.34821429
vt 0.51574901 0.34821429
vt 0.51574901 0.34821429
vt 0.51574901 0.34821429
vt 0.51574901 0.34821429
vt 0.51574901 0.34821429
vt 0.51574901 0.34821429
vt 0.51574901 0.34821429
vt 0.51574901 0.34821429
vt 0.51574901 0.34821429
vt 0.51574901 0.34821429
vt 0.51574901 0.34821429
vt 0.51574901 0.34821429
vt 0.51574901 0.34821429
vt 0.51574901 0.34821429
vt 0.51574901 0.34821429
vt 0.51574901 0.34821429
vt 0.51574901 0.34821429
vt 0.51574901 0.34821429
vt 0.51574901 0.34821429
vt 0.51574901 0.34821429
vt 0.51574901 0.34821429
vt 0.51574901 0.34821429
vt 0.51574901 0.34821429
vt 0.51574901 0.34821429
vt 0.51574901 0.34821429
vt 0.51574901 0.34821429
vt 0.51574901 0.34821429
vt 0.51574901 0.34821429
vt 0.51574901 0.34821429
vt 0.51574901 0.34821429
vt 0.51574901 0.34821429
vt 0.51574901 0.34821429
vt 0.51574901 0.34821429
vt 0.51574901 0.34821429
vt 0.51574901 0.34821429
vt 0.51574901 0.34821429
vt 0.51574901 0.34821429
vt 0.51574901 0.34821429
vt 0.51574901 0.34821429
vt 0.51574901 0.34821429
vt 0.51574901 0.34821429
vt 0.51574901 0.34821429
vt 0.51574901 0.34821429
vt 0.51574901 0.34821429
vt 0.51574901 0.34821429
vt 0.51574901 0.34821429
vt 0.51574901 0.34821429
vt 0.51574901 0.34821429
vt 0.51574901 0.34821429
vt 0.51574901 0.34821429
vt 0.51574901 0.34821429
vt 0.51574901 0.34821429
vt 0.51574901 0.34821429
vt 0.51574901 0.34821429
vt 0.51574901 0.34821429
vt 0.51574901 0.34821429
vt 0.51574901 0.34821429
vt 0.51574901 0.34821429
vt 0.51574901 0.34821429
vt 0.51574901 0.34821429
vt 0.51574901 0.34821429
vt 0.51574901 0.34821429
vt 0.51574901 0.34821429
vt 0.51574901 0.34821429
vt 0.51574901 0.34821429
vt 0.51574901 0.34821429
vt 0.51574901 0.34821429
vt 0.51574901 0.34821429
vt 0.51574901 0.34821429
vt 0.51574901 0.34821429
vt 0.51574901 0.34821429
vt 0.51574901 0.34821429
vt 0.51574901 0.34821429
vt 0.51574901 0.34821429
vt 0.51574901 0.34821429
vt 0.51574901 0.34821429
vt 0.51574901 0.34821429
vt 0.51574901 0.34821429
vt 0.51574901 0.34821429
vt 0.51574901 0.34821429
vt 0.51574901 0.34821429
vt 0.51574901 0.34821429
vt 0.51574901 0.34821429
vt 0.51574901 0.34821429
vt 0.51574901 0.34821429
vt 0.51574901 0.34821429
vt 0.51574901 0.34821429
vt 0.51574901 0.34821429
vt 0.51574901 0.34821429
vt 0.51574901 0.34821429
vt 0.51574901 0.34821429
vt 0.51574901 0.34821429
vt 0.51574901 0.34821429
vt 0.51574901 0.34821429
vt 0.51574901 0.34821429
vt 0.51574901 0.34821429
vt 0.51574901 0.34821429
vt 0.51574901 0.34821429
vt 0.51574901 0.34821429
vt 0.51574901 0.34821429
vt 0.51574901 0.34821429
vt 0.51574901 0.34821429
vt 0.51574901 0.34821429
vt 0.51574901 0.34821429
vt 0.51574901 0.34821429
vt 0.51574901 0.34821429
vt 0.51574901 0.34821429
vt 0.51574901 0.34821429
vt 0.51574901 0.34821429
vt 0.51574901 0.34821429
vt 0.51574901 0.34821429
vt 0.51574901 0.34821429
vt 0.51574901 0.34821429
vt 0.51574901 0.34821429
vt 0.51574901 0.34821429
vt 0.51574901 0.34821429
vt 0.51574901 0.34821429
vt 0.51574901 0.34821429
vt 0.51574901 0.34821429
vt 0.51574901 0.34821429
vt 0.51574901 0.34821429
vt 0.51574901 0.34821429
vt 0.51574901 0.34821429
vt 0.51574901 0.34821429
vt 0.51574901 0.34821429
vt 0.51574901 0.34821429
vt 0.51574901 0.34821429
vt 0.51574901 0.34821429
vt 0.51574901 0.34821429
vt 0.51574901 0.34821429
vt 0.51574901 0.34821429
vt 0.51574901 0.34821429
vt 0.51574901 0.34821429
vt 0.51574901 0.34821429
vt 0.51574901 0.34821429
vt 0.51574901 0.34821429
vt 0.51574901 0.34821429
vt 0.51574901 0.34821429
vt 0.51574901 0.34821429
vt 0.51574901 0.34821429
vt 0.51574901 0.34821429
vt 0.51574901 0.34821429
vt 0.51574901 0.34821429
vt 0.51574901 0.34821429
vt 0.51574901 0.34821429
vt 0.51574901 0.34821429
vt 0.51574901 0.34821429
vt 0.51574901 0.34821429
vt 0.51574901 0.34821429
vt 0.51574901 0.34821429
vt 0.51574901 0.34821429
vt 0.51574901 0.34821429
vt 0.51574901 0.34821429
vt 0.51574901 0.34821429
vt 0.51574901 0.34821429
vt 0.51574901 0.34821429
vt 0.51574901 0.34821429
vt 0.51574901 0.34821429
vt 0.51574901 0.34821429
vt 0.51574901 0.34821429
vt 0.51574901 0.34821429
vt 0.51574901 0.34821429
vt 0.51574901 0.34821429
vt 0.51574901 0.34821429
vt 0.51574901 0.34821429
vt 0.51574901 0.34821429
vt 0.51574901 0.34821429
vt 0.51574901 0.34821429
vt 0.51574901 0.34821429
vt 0.51574901 0.34821429
vt 0.51574901 0.34821429
vt 0.51574901 0.34821429
vt 0.51574901 0.34821429
vt 0.51574901 0.34821429
vt 0.51574901 0.34821429
vt 0.51574901 0.34821429
vt 0.51574901 0.34821429
vt 0.51574901 0.34821429
vt 0.51574901 0.34821429
vt 0.51574901 0.34821429
vt 0.51574901 0.34821429
vt 0.51574901 0.34821429
vt 0.51574901 0.34821429
vt 0.51574901 0.34821429
vt 0.51574901 0.34821429
vt 0.51574901 0.34821429
vt 0.51574901 0.34821429
vt 0.51574901 0.34821429
vt 0.51574901 0.34821429
vt 0.51574901 0.34821429
vt 0.51574901 0.34821429
vt 0.51574901 0.34821429
vt 0.51574901 0.34821429
vt 0.51574901 0.34821429
vt 0.51574901 0.34821429
vt 0.51574901 0.34821429
vt 0.51574901 0.34821429
vt 0.51574901 0.34821429
vt 0.51574901 0.34821429
vt 0.51574901 0.34821429
vt 0.51574901 0.34821429
vt 0.51574901 0.34821429
vt 0.51574901 0.34821429
vt 0.51574901 0.34821429
vt 0.51574901 0.34821429
vt 0.51574901 0.34821429
vt 0.51574901 0.34821429
vt 0.51574901 0.34821429
vt 0.51574901 0.34821429
vt 0.51574901 0.34821429
vt 0.51574901 0.34821429
vt 0.51574901 0.34821429
vt 0.51574901 0.34821429
vt 0.51574901 0.34821429
vt 0.51574901 0.34821429
vt 0.51574901 0.34821429
vt 0.51574901 0.34821429
vt 0.51574901 0.34821429
vt 0.51574901 0.34821429
vt 0.51574901 0.34821429
vt 0.51574901 0.34821429
vt 0.51574901 0.34821429
vt 0.51574901 0.34821429
vt 0.51574901 0.34821429
vt 0.51574901 0.34821429
vt 0.51574901 0.34821429
vt 0.51574901 0.34821429
vt 0.51574901 0.34821429
vt 0.51574901 0.34821429
vt 0.51574901 0.34821429
vt 0.51574901 0.34821429
vt 0.51574901 0.34821429
vt 0.51574901 0.34821429
vt 0.51574901 0.34821429
vt 0.51574901 0.34821429
vt 0.51574901 0.34821429
vt 0.51574901 0.34821429
vt 0.51574901 0.34821429
vt 0.51574901 0.34821429
vt 0.51574901 0.34821429
vt 0.51574901 0.34821429
vt 0.51574901 0.34821429
vt 0.51574901 0.34821429
vt 0.51574901 0.34821429
vt 0.51574901 0.34821429
vt 0.51574901 0.34821429
vt 0.51574901 0.34821429
vt 0.51574901 0.34821429
vt 0.51574901 0.34821429
vt 0.51574901 0.34821429
vt 0.51574901 0.34821429
vt 0.51574901 0.34821429
vt 0.51574901 0.34821429
vt 0.51574901 0.34821429
vt 0.51574901 0.34821429
vt 0.51574901 0.34821429
vt 0.51574901 0.34821429
vt 0.51574901 0.34821429
vt 0.51574901 0.34821429
vt 0.51574901 0.34821429
vt 0.51574901 0.34821429
vt 0.51574901 0.34821429
vt 0.51574901 0.34821429
vt 0.51574901 0.34821429
vt 0.51574901 0.34821429
vt 0.51574901 0.34821429
vt 0.51574901 0.34821429
vt 0.51574901 0.34821429
vt 0.51574901 0.34821429
vt 0.51574901 0.34821429
vt 0.51574901 0.34821429
vt 0.51574901 0.34821429
vt 0.51574901 0.34821429
vt 0.51574901 0.34821429
vt 0.51574901 0.34821429
vt 0.51574901 0.34821429
vt 0.51574901 0.34821429
vt 0.51574901 0.34821429
vt 0.51574901 0.34821429
vt 0.51574901 0.34821429
vt 0.51574901 0.34821429
vt 0.51574901 0.34821429
vt 0.51574901 0.34821429
vt 0.51574901 0.34821429
vt 0.51574901 0.34821429
vt 0.51574901 0.34821429
vt 0.51574901 0.34821429
vt 0.51574901 0.34821429
vt 0.51574901 0.34821429
vt 0.51574901 0.34821429
vt 0.51574901 0.34821429
vt 0.51574901 0.34821429
vt 0.51574901 0.34821429
vt 0.51574901 0.34821429
vt 0.51574901 0.34821429
vt 0.51574901 0.34821429
vt 0.51574901 0.34821429
vt 0.51574901 0.34821429
vt 0.51574901 0.34821429
vt 0.51574901 0.34821429
vt 0.51574901 0.34821429
vt 0.51574901 0.34821429
vt 0.51574901 0.34821429
vt 0.51574901 0.34821429
vt 0.51574901 0.34821429
vt 0.51574901 0.34821429
vt 0.51574901 0.34821429
vt 0.51574901 0.34821429
vt 0.51574901 0.34821429
vt 0.51574901 0.34821429
vt 0.51574901 0.34821429
vt 0.51574901 0.34821429
vt 0.51574901 0.34821429
vt 0.51574901 0.34821429
vt 0.51574901 0.34821429
vt 0.51574901 0.34821429
vt 0.51574901 0.34821429
vt 0.51574901 0.34821429
vt 0.51574901 0.34821429
vt 0.51574901 0.34821429
vt 0.51574901 0.34821429
vt 0.51574901 0.34821429
vt 0.51574901 0.34821429
vt 0.51574901 0.34821429
vt 0.51574901 0.34821429
vt 0.51574901 0.34821429
vt 0.51574901 0.34821429
vt 0.51574901 0.34821429
vt 0.51574901 0.34821429
vt 0.51574901 0.34821429
vt 0.51574901 0.34821429
vt 0.51574901 0.34821429
vt 0.51574901 0.34821429
vt 0.51574901 0.34821429
vt 0.51574901 0.34821429
vt 0.51574901 0.34821429
vt 0.51574901 0.34821429
vt 0.51574901 0.34821429
vt 0.51574901 0.34821429
vt 0.51574901 0.34821429
vt 0.51574901 0.34821429
vt 0.51574901 0.34821429
vt 0.51574901 0.34821429
vt 0.51574901 0.34821429
vt 0.51574901 0.34821429
vt 0.51574901 0.34821429
vt 0.51574901 0.34821429
vt 0.51574901 0.34821429
vt 0.51574901 0.34821429
vt 0.51574901 0.34821429
vt 0.51574901 0.34821429
vt 0.51574901 0.34821429
vt 0.51574901 0.34821429
vt 0.51574901 0.34821429
vt 0.51574901 0.34821429
vt 0.51574901 0.34821429
vt 0.51574901 0.34821429
vt 0.51574901 0.34821429
vt 0.51574901 0.34821429
vt 0.51574901 0.34821429
vt 0.51574901 0.34821429
vt 0.51574901 0.34821429
vt 0.51574901 0.34821429
vt 0.51574901 0.34821429
vt 0.51574901 0.34821429
vt 0.51574901 0.34821429
vt 0.51574901 0.34821429
vt 0.51574901 0.34821429
vt 0.51574901 0.34821429
vt 0.51574901 0.34821429
vt 0.51574901 0.34821429
vt 0.51574901 0.34821429
vt 0.51574901 0.34821429
vt 0.51574901 0.34821429
vt 0.51574901 0.34821429
vt 0.51574901 0.34821429
vt 0.51574901 0.34821429
vt 0.51574901 0.34821429
vt 0.51574901 0.34821429
vt 0.51574901 0.34821429
vt 0.51574901 0.34821429
vt 0.51574901 0.34821429
vt 0.51574901 0.34821429
vt 0.51574901 0.34821429
vt 0.51574901 0.34821429
vt 0.51574901 0.34821429
vt 0.51574901 0.34821429
vt 0.51574901 0.34821429
vt 0.51574901 0.34821429
vt 0.51574901 0.34821429
vt 0.51574901 0.34821429
vt 0.51574901 0.34821429
vt 0.51574901 0.34821429
vt 0.51574901 0.34821429
vt 0.51574901 0.34821429
vt 0.51574901 0.34821429
vt 0.51574901 0.34821429
vt 0.51574901 0.34821429
vt 0.51574901 0.34821429
vt 0.51574901 0.34821429
vt 0.51574901 0.34821429
vt 0.51574901 0.34821429
vt 0.51574901 0.34821429
vt 0.51574901 0.34821429
vt 0.51574901 0.34821429
vt 0.51574901 0.34821429
vt 0.51574901 0.34821429
vt 0.51574901 0.34821429
vt 0.51574901 0.34821429
vt 0.51574901 0.34821429
vt 0.51574901 0.34821429
vt 0.51574901 0.34821429
vt 0.51574901 0.34821429
vt 0.51574901 0.34821429
vt 0.51574901 0.34821429
vt 0.51574901 0.34821429
vt 0.51574901 0.34821429
vt 0.51574901 0.34821429
vt 0.51574901 0.34821429
vt 0.51574901 0.34821429
vt 0.51574901 0.34821429
vt 0.51574901 0.34821429
vt 0.51574901 0.34821429
vt 0.51574901 0.34821429
vt 0.51574901 0.34821429
vt 0.51574901 0.34821429
vt 0.51574901 0.34821429
vt 0.51574901 0.34821429
vt 0.51574901 0.34821429
vt 0.51574901 0.34821429
vt 0.51574901 0.34821429
vt 0.51574901 0.34821429
vt 0.51574901 0.34821429
vt 0.51574901 0.34821429
vt 0.51574901 0.34821429
vt 0.51574901 0.34821429
vt 0.51574901 0.34821429
vt 0.51574901 0.34821429
vt 0.51574901 0.34821429
vt 0.51574901 0.34821429
vt 0.51574901 0.34821429
vt 0.51574901 0.34821429
vt 0.51574901 0.34821429
vt 0.51574901 0.34821429
vt 0.51574901 0.34821429
vt 0.51574901 0.34821429
vt 0.51574901 0.34821429
vt 0.51574901 0.34821429
vt 0.51574901 0.34821429
vt 0.51574901 0.34821429
vt 0.51574901 0.34821429
vt 0.51574901 0.34821429
vt 0.51574901 0.34821429
vt 0.51574901 0.34821429
vt 0.51574901 0.34821429
vt 0.51574901 0.34821429
vt 0.51574901 0.34821429
vt 0.51574901 0.34821429
vt 0.51574901 0.34821429
vt 0.51574901 0.34821429
vt 0.51574901 0.34821429
vt 0.51574901 0.34821429
vt 0.51574901 0.34821429
vt 0.51574901 0.34821429
vt 0.51574901 0.34821429
vt 0.51574901 0.34821429
vt 0.51574901 0.34821429
vt 0.51574901 0.34821429
vt 0.51574901 0.34821429
vt 0.51574901 0.34821429
vt 0.51574901 0.34821429
vt 0.51574901 0.34821429
vt 0.51574901 0.34821429
vt 0.51574901 0.34821429
vt 0.51574901 0.34821429
vt 0.51574901 0.34821429
vt 0.51574901 0.34821429
vt 0.51574901 0.34821429
vt 0.51574901 0.34821429
vt 0.51574901 0.34821429
vt 0.51574901 0.34821429
vt 0.51574901 0.34821429
vt 0.51574901 0.34821429
vt 0.51574901 0.34821429
vt 0.51574901 0.34821429
vt 0.51574901 0.34821429
vt 0.51574901 0.34821429
vt 0.51574901 0.34821429
vt 0.51574901 0.34821429
vt 0.51574901 0.34821429
vt 0.51574901 0.34821429
vt 0.51574901 0.34821429
vt 0.51574901 0.34821429
vt 0.51574901 0.34821429
vt 0.51574901 0.34821429
vt 0.51574901 0.34821429
vt 0.51574901 0.34821429
vt 0.51574901 0.34821429
vt 0.51574901 0.34821429
vt 0.51574901 0.34821429
vt 0.51574901 0.34821429
vt 0.51574901 0.34821429
vt 0.51574901 0.34821429
vt 0.51574901 0.34821429
vt 0.51574901 0.34821429
vt 0.51574901 0.34821429
vt 0.51574901 0.34821429
vt 0.51574901 0.34821429
vt 0.51574901 0.34821429
vt 0.51574901 0.34821429
vt 0.51574901 0.34821429
vt 0.51574901 0.34821429
vt 0.51574901 0.34821429
vt 0.51574901 0.34821429
vt 0.51574901 0.34821429
vt 0.51574901 0.34821429
vt 0.51574901 0.34821429
vt 0.51574901 0.34821429
vt 0.51574901 0.34821429
vt 0.51574901 0.34821429
vt 0.51574901 0.34821429
vt 0.51574901 0.34821429
vt 0.51574901 0.34821429
vt 0.51574901 0.34821429
vt 0.51574901 0.34821429
vt 0.51574901 0.34821429
vt 0.51574901 0.34821429
vt 0.51574901 0.34821429
vt 0.51574901 0.34821429
vt 0.51574901 0.34821429
vt 0.51574901 0.34821429
vt 0.51574901 0.34821429
vt 0.51574901 0.34821429
vt 0.51574901 0.34821429
vt 0.51574901 0.34821429
vt 0.51574901 0.34821429
vt 0.51574901 0.34821429
vt 0.51574901 0.34821429
vt 0.51574901 0.34821429
vt 0.51574901 0.34821429
vt 0.51574901 0.34821429
vt 0.51574901 0.34821429
vt 0.51574901 0.34821429
vt 0.51574901 0.34821429
vt 0.51574901 0.34821429
vt 0.51574901 0.34821429
vt 0.51574901 0.34821429
vt 0.51574901 0.34821429
vt 0.51574901 0.34821429
vt 0.51574901 0.34821429
vt 0.51574901 0.34821429
vt 0.51574901 0.34821429
vt 0.51574901 0.34821429
vt 0.51574901 0.34821429
vt 0.51574901 0.34821429
vt 0.51574901 0.34821429
vt 0.51574901 0.34821429
vt 0.51574901 0.34821429
vt 0.51574901 0.34821429
vt 0.51574901 0.34821429
vt 0.51574901 0.34821429
vt 0.51574901 0.34821429
vt 0.51574901 0.34821429
vt 0.51574901 0.34821429
vt 0.51574901 0.34821429
vt 0.51574901 0.34821429
vt 0.51574901 0.34821429
vt 0.51574901 0.34821429
vt 0.51574901 0.34821429
vt 0.51574901 0.34821429
vt 0.51574901 0.34821429
vt 0.51574901 0.34821429
vt 0.51574901 0.34821429
vt 0.51574901 0.34821429
vt 0.51574901 0.34821429
vt 0.51574901 0.34821429
vt 0.51574901 0.34821429
vt 0.51574901 0.34821429
vt 0.51574901 0.34821429
vt 0.51574901 0.34821429
vt 0.51574901 0.34821429
vt 0.51574901 0.34821429
vt 0.51574901 0.34821429
vt 0.51574901 0.34821429
vt 0.51574901 0.34821429
vt 0.51574901 0.34821429
vt 0.51574901 0.34821429
vt 0.51574901 0.34821429
vt 0.51574901 0.34821429
vt 0.51574901 0.34821429
vt 0.51574901 0.34821429
vt 0.51574901 0.34821429
vt 0.51574901 0.34821429
vt 0.51574901 0.34821429
vt 0.51574901 0.34821429
vt 0.51574901 0.34821429
vt 0.51574901 0.34821429
vt 0.51574901 0.34821429
vt 0.51574901 0.34821429
vt 0.51574901 0.34821429
vt 0.51574901 0.34821429
vt 0.51574901 0.34821429
vt 0.51574901 0.34821429
vt 0.51574901 0.34821429
vt 0.51574901 0.34821429
vt 0.51574901 0.34821429
vt 0.51574901 0.34821429
vt 0.51574901 0.34821429
vt 0.51574901 0.34821429
vt 0.51574901 0.34821429
vt 0.51574901 0.34821429
vt 0.51574901 0.34821429
vt 0.51574901 0.34821429
vt 0.51574901 0.34821429
vt 0.51574901 0.34821429
vt 0.51574901 0.34821429
vt 0.51574901 0.34821429
vt 0.51574901 0.34821429
vt 0.51574901 0.34821429
vt 0.51574901 0.34821429
vt 0.51574901 0.34821429
vt 0.51574901 0.34821429
vt 0.51574901 0.34821429
vt 0.51574901 0.34821429
vt 0.51574901 0.34821429
vt 0.51574901 0.34821429
vt 0.51574901 0.34821429
vt 0.51574901 0.34821429
vt 0.51574901 0.34821429
vt 0.51574901 0.34821429
vt 0.51574901 0.34821429
vt 0.51574901 0.34821429
vt 0.51574901 0.34821429
vt 0.51574901 0.34821429
vt 0.51574901 0.34821429
vt 0.51574901 0.34821429
vt 0.51574901 0.34821429
vt 0.51574901 0.34821429
vt 0.51574901 0.34821429
vt 0.51574901 0.34821429
vt 0.51574901 0.34821429
vt 0.51574901 0.34821429
vt 0.51574901 0.34821429
vt 0.51574901 0.34821429
vt 0.51574901 0.34821429
vt 0.51574901 0.34821429
vt 0.51574901 0.34821429
vt 0.51574901 0.34821429
vt 0.51574901 0.34821429
vt 0.51574901 0.34821429
vt 0.51574901 0.34821429
vt 0.51574901 0.34821429
vt 0.51574901 0.34821429
vt 0.51574901 0.34821429
vt 0.51574901 0.34821429
vt 0.51574901 0.34821429
vt 0.51574901 0.34821429
vt 0.51574901 0.34821429
vt 0.51574901 0.34821429
vt 0.51574901 0.34821429
vt 0.51574901 0.34821429
vt 0.51574901 0.34821429
vt 0.51574901 0.34821429
vt 0.51574901 0.34821429
vt 0.51574901 0.34821429
vt 0.51574901 0.34821429
vt 0.51574901 0.34821429
vt 0.51574901 0.34821429
vt 0.51574901 0.34821429
vt 0.51574901 0.34821429
vt 0.51574901 0.34821429
vt 0.51574901 0.34821429
vt 0.51574901 0.34821429
vt 0.51574901 0.34821429
vt 0.51574901 0.34821429
vt 0.51574901 0.34821429
vt 0.51574901 0.34821429
vt 0.51574901 0.34821429
vt 0.51574901 0.34821429
vt 0.51574901 0.34821429
vt 0.51574901 0.34821429
vt 0.51574901 0.34821429
vt 0.51574901 0.34821429
vt 0.51574901 0.34821429
vt 0.51574901 0.34821429
vt 0.51574901 0.34821429
vt 0.51574901 0.34821429
vt 0.51574901 0.34821429
vt 0.51574901 0.34821429
vt 0.51574901 0.34821429
vt 0.51574901 0.34821429
vt 0.51574901 0.34821429
vt 0.51574901 0.34821429
vt 0.51574901 0.34821429
vt 0.51574901 0.34821429
vt 0.51574901 0.34821429
vt 0.51574901 0.34821429
vt 0.51574901 0.34821429
vt 0.51574901 0.34821429
vt 0.51574901 0.34821429
vt 0.51574901 0.34821429
vt 0.51574901 0.34821429
vt 0.51574901 0.34821429
vt 0.51574901 0.34821429
vt 0.51574901 0.34821429
vt 0.51574901 0.34821429
vt 0.51574901 0.34821429
vt 0.51574901 0.34821429
vt 0.51574901 0.34821429
vt 0.51574901 0.34821429
vt 0.51574901 0.34821429
vt 0.51574901 0.34821429
vt 0.51574901 0.34821429
vt 0.51574901 0.34821429
vt 0.51574901 0.34821429
vt 0.51574901 0.34821429
vt 0.51574901 0.34821429
vt 0.51574901 0.34821429
vt 0.51574901 0.34821429
vt 0.51574901 0.34821429
vt 0.51574901 0.34821429
vt 0.51574901 0.34821429
vt 0.51574901 0.34821429
vt 0.51574901 0.34821429
vt 0.51574901 0.34821429
vt 0.51574901 0.34821429
vt 0.51574901 0.34821429
vt 0.51574901 0.34821429
vt 0.51574901 0.34821429
vt 0.51574901 0.34821429
vt 0.51574901 0.34821429
vt 0.51574901 0.34821429
vt 0.51574901 0.34821429
vt 0.51574901 0.34821429
vt 0.51574901 0.34821429
vt 0.51574901 0.34821429
vt 0.51574901 0.34821429
vt 0.51574901 0.34821429
vt 0.51574901 0.34821429
vt 0.51574901 0.34821429
vt 0.51574901 0.34821429
vt 0.51574901 0.34821429
vt 0.51574901 0.34821429
vt 0.51574901 0.34821429
vt 0.51574901 0.34821429
vt 0.51574901 0.34821429
vt 0.51574901 0.34821429
vt 0.51574901 0.34821429
vt 0.51574901 0.34821429
vt 0.51574901 0.34821429
vt 0.51574901 0.34821429
vt 0.51574901 0.34821429
vt 0.51574901 0.34821429
vt 0.51574901 0.34821429
vt 0.51574901 0.34821429
vt 0.51574901 0.34821429
vt 0.51574901 0.34821429
vt 0.51574901 0.34821429
vt 0.51574901 0.34821429
vt 0.51574901 0.34821429
vt 0.51574901 0.34821429
vt 0.51574901 0.34821429
vt 0.51574901 0.34821429
vt 0.51574901 0.34821429
vt 0.51574901 0.34821429
vt 0.51574901 0.34821429
vt 0.51574901 0.34821429
vt 0.51574901 0.34821429
vt 0.51574901 0.34821429
vt 0.51574901 0.34821429
vt 0.51574901 0.34821429
vt 0.51574901 0.34821429
vt 0.51574901 0.34821429
vt 0.51574901 0.34821429
vt 0.51574901 0.34821429
vt 0.51574901 0.34821429
vt 0.51574901 0.34821429
vt 0.51574901 0.34821429
vt 0.51574901 0.34821429
vt 0.51574901 0.34821429
vt 0.51574901 0.34821429
vt 0.51574901 0.34821429
vt 0.51574901 0.34821429
vt 0.51574901 0.34821429
vt 0.51574901 0.34821429
vt 0.51574901 0.34821429
vt 0.51574901 0.34821429
vt 0.51574901 0.34821429
vt 0.51574901 0.34821429
vt 0.51574901 0.34821429
vt 0.51574901 0.34821429
vt 0.51574901 0.34821429
vt 0.51574901 0.34821429
vt 0.51574901 0.34821429
vt 0.51574901 0.34821429
vt 0.51574901 0.34821429
vt 0.51574901 0.34821429
vt 0.51574901 0.34821429
vt 0.51574901 0.34821429
vt 0.51574901 0.34821429
vt 0.51574901 0.34821429
vt 0.51574901 0.34821429
vt 0.51574901 0.34821429
vt 0.51574901 0.34821429
vt 0.51574901 0.34821429
vt 0.51574901 0.34821429
vt 0.51574901 0.34821429
vt 0.51574901 0.34821429
vt 0.51574901 0.34821429
vt 0.51574901 0.34821429
vt 0.51574901 0.34821429
vt 0.51574901 0.34821429
vt 0.51574901 0.34821429
vt 0.51574901 0.34821429
vt 0.51574901 0.34821429
vt 0.51574901 0.34821429
vt 0.51574901 0.34821429
vt 0.51574901 0.34821429
vt 0.51574901 0.34821429
vt 0.51574901 0.34821429
vt 0.51574901 0.34821429
vt 0.51574901 0.34821429
vt 0.51574901 0.34821429
vt 0.51574901 0.34821429
vt 0.51574901 0.34821429
vt 0.51574901 0.34821429
vt 0.51574901 0.34821429
vt 0.51574901 0.34821429
vt 0.51574901 0.34821429
vt 0.51574901 0.34821429
vt 0.51574901 0.34821429
vt 0.51574901 0.34821429
vt 0.51574901 0.34821429
vt 0.51574901 0.34821429
vt 0.51574901 0.34821429
vt 0.51574901 0.34821429
vt 0.51574901 0.34821429
vt 0.51574901 0.34821429
vt 0.51574901 0.34821429
vt 0.51574901 0.34821429
vt 0.51574901 0.34821429
vt 0.51574901 0.34821429
vt 0.51574901 0.34821429
vt 0.51574901 0.34821429
vt 0.51574901 0.34821429
vt 0.51574901 0.34821429
vt 0.51574901 0.34821429
vt 0.51574901 0.34821429
vt 0.51574901 0.34821429
vt 0.51574901 0.34821429
vt 0.51574901 0.34821429
vt 0.51574901 0.34821429
vt 0.51574901 0.34821429
vt 0.51574901 0.34821429
vt 0.51574901 0.34821429
vt 0.51574901 0.34821429
vt 0.51574901 0.34821429
vt 0.51574901 0.34821429
vt 0.51574901 0.34821429
vt 0.51574901 0.34821429
vt 0.51574901 0.34821429
vt 0.51574901 0.34821429
vt 0.51574901 0.34821429
vt 0.51574901 0.34821429
vt 0.51574901 0.34821429
vt 0.51574901 0.34821429
vt 0.51574901 0.34821429
vt 0.51574901 0.34821429
vt 0.51574901 0.34821429
vt 0.51574901 0.34821429
vt 0.51574901 0.34821429
vt 0.51574901 0.34821429
vt 0.51574901 0.34821429
vt 0.51574901 0.34821429
vt 0.51574901 0.34821429
vt 0.51574901 0.34821429
vt 0.51574901 0.34821429
vt 0.51574901 0.34821429
vt 0.51574901 0.34821429
vt 0.51574901 0.34821429
vt 0.51574901 0.34821429
vt 0.51574901 0.34821429
vt 0.51574901 0.34821429
vt 0.51574901 0.34821429
vt 0.51574901 0.34821429
vt 0.51574901 0.34821429
vt 0.51574901 0.34821429
vt 0.51574901 0.34821429
vt 0.51574901 0.34821429
vt 0.51574901 0.34821429
vt 0.51574901 0.34821429
vt 0.51574901 0.34821429
vt 0.51574901 0.34821429
vt 0.51574901 0.34821429
vt 0.51574901 0.34821429
vt 0.51574901 0.34821429
vt 0.51574901 0.34821429
vt 0.51574901 0.34821429
vt 0.51574901 0.34821429
vt 0.51574901 0.34821429
vt 0.51574901 0.34821429
vt 0.51574901 0.34821429
vt 0.51574901 0.34821429
vt 0.51574901 0.34821429
vt 0.51574901 0.34821429
vt 0.51574901 0.34821429
vt 0.51574901 0.34821429
vt 0.51574901 0.34821429
vt 0.51574901 0.34821429
vt 0.51574901 0.34821429
vt 0.51574901 0.34821429
vt 0.51574901 0.34821429
vt 0.51574901 0.34821429
vt 0.51574901 0.34821429
vt 0.51574901 0.34821429
vt 0.51574901 0.34821429
vt 0.51574901 0.34821429
vt 0.51574901 0.34821429
vt 0.51574901 0.34821429
vt 0.51574901 0.34821429
vt 0.51574901 0.34821429
vt 0.51574901 0.34821429
vt 0.51574901 0.34821429
vt 0.51574901 0.34821429
vt 0.51574901 0.34821429
vt 0.51574901 0.34821429
vt 0.51574901 0.34821429
vt 0.51574901 0.34821429
vt 0.51574901 0.34821429
vt 0.51574901 0.34821429
vt 0.51574901 0.34821429
vt 0.51574901 0.34821429
vt 0.51574901 0.34821429
vt 0.51574901 0.34821429
vt 0.51574901 0.34821429
vt 0.51574901 0.34821429
vt 0.51574901 0.34821429
vt 0.51574901 0.34821429
vt 0.51574901 0.34821429
vt 0.51574901 0.34821429
vt 0.51574901 0.34821429
vt 0.51574901 0.34821429
vt 0.51574901 0.34821429
vt 0.51574901 0.34821429
vt 0.51574901 0.34821429
vt 0.51574901 0.34821429
vt 0.51574901 0.34821429
vt 0.51574901 0.34821429
vt 0.51574901 0.34821429
vt 0.51574901 0.34821429
vt 0.51574901 0.34821429
vt 0.51574901 0.34821429
vt 0.51574901 0.34821429
vt 0.51574901 0.34821429
vt 0.51574901 0.34821429
vt 0.51574901 0.34821429
vt 0.51574901 0.34821429
vt 0.51574901 0.34821429
vt 0.51574901 0.34821429
vt 0.51574901 0.34821429
vt 0.51574901 0.34821429
vt 0.51574901 0.34821429
vt 0.51574901 0.34821429
vt 0.51574901 0.34821429
vt 0.51574901 0.34821429
vt 0.51574901 0.34821429
vt 0.51574901 0.34821429
vt 0.51574901 0.34821429
vt 0.51574901 0.34821429
vt 0.51574901 0.34821429
vt 0.51574901 0.34821429
vt 0.51574901 0.34821429
vt 0.51574901 0.34821429
vt 0.51574901 0.34821429
vt 0.51574901 0.34821429
vt 0.51574901 0.34821429
vt 0.51574901 0.34821429
vt 0.51574901 0.34821429
vt 0.51574901 0.34821429
vt 0.51574901 0.34821429
vt 0.51574901 0.34821429
vt 0.51574901 0.34821429
vt 0.51574901 0.34821429
vt 0.51574901 0.34821429
vt 0.51574901 0.34821429
vt 0.51574901 0.34821429
vt 0.51574901 0.34821429
vt 0.51574901 0.34821429
vt 0.51574901 0.34821429
vt 0.51574901 0.34821429
vt 0.51574901 0.34821429
vt 0.51574901 0.34821429
vt 0.51574901 0.34821429
vt 0.51574901 0.34821429
vt 0.51574901 0.34821429
vt 0.51574901 0.34821429
vt 0.51574901 0.34821429
vt 0.51574901 0.34821429
vt 0.51574901 0.34821429
vt 0.51574901 0.34821429
vt 0.51574901 0.34821429
vt 0.51574901 0.34821429
vt 0.51574901 0.34821429
vt 0.51574901 0.34821429
vt 0.51574901 0.34821429
vt 0.51574901 0.34821429
vt 0.51574901 0.34821429
vt 0.51574901 0.34821429
vt 0.51574901 0.34821429
vt 0.51574901 0.34821429
vt 0.51574901 0.34821429
vt 0.51574901 0.34821429
vt 0.51574901 0.34821429
vt 0.51574901 0.34821429
vt 0.51574901 0.34821429
vt 0.51574901 0.34821429
vt 0.51574901 0.34821429
vt 0.51574901 0.34821429
vt 0.51574901 0.34821429
vt 0.51574901 0.34821429
vt 0.51574901 0.34821429
vt 0.51574901 0.34821429
vt 0.51574901 0.34821429
vt 0.51574901 0.34821429
vt 0.51574901 0.34821429
vt 0.51574901 0.34821429
vt 0.51574901 0.34821429
vt 0.51574901 0.34821429
vt 0.51574901 0.34821429
vt 0.51574901 0.34821429
vt 0.51574901 0.34821429
vt 0.51574901 0.34821429
vt 0.51574901 0.34821429
vt 0.51574901 0.34821429
vt 0.51574901 0.34821429
vt 0.51574901 0.34821429
vt 0.51574901 0.34821429
vt 0.51574901 0.34821429
vt 0.51574901 0.34821429
vt 0.51574901 0.34821429
vt 0.51574901 0.34821429
vt 0.51574901 0.34821429
vt 0.51574901 0.34821429
vt 0.51574901 0.34821429
vt 0.51574901 0.34821429
vt 0.51574901 0.34821429
vt 0.51574901 0.34821429
vt 0.51574901 0.34821429
vt 0.51574901 0.34821429
vt 0.51574901 0.34821429
vt 0.51574901 0.34821429
vt 0.51574901 0.34821429
vt 0.51574901 0.34821429
vt 0.51574901 0.34821429
vt 0.51574901 0.34821429
vt 0.51574901 0.34821429
vt 0.51574901 0.34821429
vt 0.51574901 0.34821429
vt 0.51574901 0.34821429
vt 0.51574901 0.34821429
vt 0.51574901 0.34821429
vt 0.51574901 0.34821429
vt 0.51574901 0.34821429
vt 0.51574901 0.34821429
vt 0.51574901 0.34821429
vt 0.51574901 0.34821429
vt 0.51574901 0.34821429
vt 0.51574901 0.34821429
vt 0.51574901 0.34821429
vt 0.51574901 0.34821429
vt 0.51574901 0.34821429
vt 0.51574901 0.34821429
vt 0.51574901 0.34821429
vt 0.51574901 0.34821429
vt 0.51574901 0.34821429
vt 0.51574901 0.34821429
vt 0.51574901 0.34821429
vt 0.51574901 0.34821429
vt 0.51574901 0.34821429
vt 0.51574901 0.34821429
vt 0.51574901 0.34821429
vt 0.51574901 0.34821429
vt 0.51574901 0.34821429
vt 0.51574901 0.34821429
vt 0.51574901 0.34821429
vt 0.51574901 0.34821429
vt 0.51574901 0.34821429
vt 0.51574901 0.34821429
vt 0.51574901 0.34821429
vt 0.51574901 0.34821429
vt 0.51574901 0.34821429
vt 0.51574901 0.34821429
vt 0.51574901 0.34821429
vt 0.51574901 0.34821429
vt 0.51574901 0.34821429
vt 0.51574901 0.34821429
vt 0.51574901 0.34821429
vt 0.51574901 0.34821429
vt 0.51574901 0.34821429
vt 0.51574901 0.34821429
vt 0.51574901 0.34821429
vt 0.51574901 0.34821429
vt 0.51574901 0.34821429
vt 0.51574901 0.34821429
vt 0.51574901 0.34821429
vt 0.51574901 0.34821429
vt 0.51574901 0.34821429
vt 0.51574901 0.34821429
vt 0.51574901 0.34821429
vt 0.51574901 0.34821429
vt 0.51574901 0.34821429
vt 0.51574901 0.34821429
vt 0.51574901 0.34821429
vt 0.51574901 0.34821429
vt 0.51574901 0.34821429
vt 0.51574901 0.34821429
vt 0.51574901 0.34821429
vt 0.51574901 0.34821429
vt 0.51574901 0.34821429
vt 0.51574901 0.34821429
vt 0.51574901 0.34821429
vt 0.51574901 0.34821429
vt 0.51574901 0.34821429
vt 0.51574901 0.34821429
vt 0.51574901 0.34821429
vt 0.51574901 0.34821429
vt 0.51574901 0.34821429
vt 0.51574901 0.34821429
vt 0.51574901 0.34821429
vt 0.51574901 0.34821429
vt 0.51574901 0.34821429
vt 0.51574901 0.34821429
vt 0.51574901 0.34821429
vt 0.51574901 0.34821429
vt 0.51574901 0.34821429
vt 0.51574901 0.34821429
vt 0.51574901 0.34821429
vt 0.51574901 0.34821429
vt 0.51574901 0.34821429
vt 0.51574901 0.34821429
vt 0.51574901 0.34821429
vt 0.51574901 0.34821429
vt 0.51574901 0.34821429
vt 0.51574901 0.34821429
vt 0.51574901 0.34821429
vt 0.51574901 0.34821429
vt 0.51574901 0.34821429
vt 0.51574901 0.34821429
vt 0.51574901 0.34821429
vt 0.51574901 0.34821429
vt 0.51574901 0.34821429
vt 0.51574901 0.34821429
vt 0.51574901 0.34821429
vt 0.51574901 0.34821429
vt 0.51574901 0.34821429
vt 0.51574901 0.34821429
vt 0.51574901 0.34821429
vt 0.51574901 0.34821429
vt 0.51574901 0.34821429
vt 0.51574901 0.34821429
vt 0.51574901 0.34821429
vt 0.51574901 0.34821429
vt 0.51574901 0.34821429
vt 0.51574901 0.34821429
vt 0.51574901 0.34821429
vt 0.51574901 0.34821429
vt 0.51574901 0.34821429
vt 0.51574901 0.34821429
vt 0.51574901 0.34821429
vt 0.51574901 0.34821429
vt 0.51574901 0.34821429
vt 0.51574901 0.34821429
vt 0.51574901 0.34821429
vt 0.51574901 0.34821429
vt 0.51574901 0.34821429
vt 0.51574901 0.34821429
vt 0.51574901 0.34821429
vt 0.51574901 0.34821429
vt 0.51574901 0.34821429
vt 0.51574901 0.34821429
vt 0.51574901 0.34821429
vt 0.51574901 0.34821429
vt 0.51574901 0.34821429
vt 0.51574901 0.34821429
vt 0.51574901 0.34821429
vt 0.51574901 0.34821429
vt 0.51574901 0.34821429
vt 0.51574901 0.34821429
vt 0.51574901 0.34821429
vt 0.51574901 0.34821429
vt 0.51574901 0.34821429
vt 0.51574901 0.34821429
vt 0.51574901 0.34821429
vt 0.51574901 0.34821429
vt 0.51574901 0.34821429
vt 0.51574901 0.34821429
vt 0.51574901 0.34821429
vt 0.51574901 0.34821429
vt 0.51574901 0.34821429
vt 0.51574901 0.34821429
vt 0.51574901 0.34821429
vt 0.51574901 0.34821429
vt 0.51574901 0.34821429
vt 0.51574901 0.34821429
vt 0.51574901 0.34821429
vt 0.51574901 0.34821429
vt 0.51574901 0.34821429
vt 0.51574901 0.34821429
vt 0.51574901 0.34821429
vt 0.51574901 0.34821429
vt 0.51574901 0.34821429
vt 0.51574901 0.34821429
vt 0.51574901 0.34821429
vt 0.51574901 0.34821429
vt 0.51574901 0.34821429
vt 0.51574901 0.34821429
vt 0.51574901 0.34821429
vt 0.51574901 0.34821429
vt 0.51574901 0.34821429
vt 0.51574901 0.34821429
vt 0.51574901 0.34821429
vt 0.51574901 0.34821429
vt 0.51574901 0.34821429
vt 0.51574901 0.34821429
vt 0.51574901 0.34821429
vt 0.51574901 0.34821429
vt 0.51574901 0.34821429
vt 0.51574901 0.34821429
vt 0.51574901 0.34821429
vt 0.51574901 0.34821429
vt 0.51574901 0.34821429
vt 0.51574901 0.34821429
vt 0.51574901 0.34821429
vt 0.51574901 0.34821429
vt 0.51574901 0.34821429
vt 0.51574901 0.34821429
vt 0.51574901 0.34821429
vt 0.51574901 0.34821429
vt 0.51574901 0.34821429
vt 0.51574901 0.34821429
vt 0.51574901 0.34821429
vt 0.51574901 0.34821429
vt 0.51574901 0.34821429
vt 0.51574901 0.34821429
vt 0.51574901 0.34821429
vt 0.51574901 0.34821429
vt 0.51574901 0.34821429
vt 0.51574901 0.34821429
vt 0.51574901 0.34821429
vt 0.51574901 0.34821429
vt 0.51574901 0.34821429
vt 0.51574901 0.34821429
vt 0.51574901 0.34821429
vt 0.51574901 0.34821429
vt 0.51574901 0.34821429
vt 0.51574901 0.34821429
vt 0.51574901 0.34821429
vt 0.51574901 0.34821429
vt 0.51574901 0.34821429
vt 0.51574901 0.34821429
vt 0.51574901 0.34821429
vt 0.51574901 0.34821429
vt 0.51574901 0.34821429
vt 0.51574901 0.34821429
vt 0.51574901 0.34821429
vt 0.51574901 0.34821429
vt 0.51574901 0.34821429
vt 0.51574901 0.34821429
vt 0.51574901 0.34821429
vt 0.51574901 0.34821429
vt 0.51574901 0.34821429
vt 0.51574901 0.34821429
vt 0.51574901 0.34821429
vt 0.51574901 0.34821429
vt 0.51574901 0.34821429
vt 0.51574901 0.34821429
vt 0.51574901 0.34821429
vt 0.51574901 0.34821429
vt 0.51574901 0.34821429
vt 0.51574901 0.34821429
vt 0.51574901 0.34821429
vt 0.51574901 0.34821429
vt 0.51574901 0.34821429
vt 0.51574901 0.34821429
vt 0.51574901 0.34821429
vt 0.51574901 0.34821429
vt 0.51574901 0.34821429
vt 0.51574901 0.34821429
vt 0.51574901 0.34821429
vt 0.51574901 0.34821429
vt 0.51574901 0.34821429
vt 0.51574901 0.34821429
vt 0.51574901 0.34821429
vt 0.51574901 0.34821429
vt 0.51574901 0.34821429
vt 0.51574901 0.34821429
vt 0.51574901 0.34821429
vt 0.51574901 0.34821429
vt 0.51574901 0.34821429
vt 0.51574901 0.34821429
vt 0.51574901 0.34821429
vt 0.51574901 0.34821429
vt 0.51574901 0.34821429
vt 0.51574901 0.34821429
vt 0.51574901 0.34821429
vt 0.51574901 0.34821429
vt 0.51574901 0.34821429
vt 0.51574901 0.34821429
vt 0.51574901 0.34821429
vt 0.51574901 0.34821429
vt 0.51574901 0.34821429
vt 0.51574901 0.34821429
vt 0.51574901 0.34821429
vt 0.51574901 0.34821429
vt 0.51574901 0.34821429
vt 0.51574901 0.34821429
vt 0.51574901 0.34821429
vt 0.51574901 0.34821429
vt 0.51574901 0.34821429
vt 0.51574901 0.34821429
vt 0.51574901 0.34821429
vt 0.51574901 0.34821429
vt 0.51574901 0.34821429
vt 0.51574901 0.34821429
vt 0.51574901 0.34821429
vt 0.51574901 0.34821429
vt 0.51574901 0.34821429
vt 0.51574901 0.34821429
vt 0.51574901 0.34821429
vt 0.51574901 0.34821429
vt 0.51574901 0.34821429
vt 0.51574901 0.34821429
vt 0.51574901 0.34821429
vt 0.51574901 0.34821429
vt 0.51574901 0.34821429
vt 0.51574901 0.34821429
vt 0.51574901 0.34821429
vt 0.51574901 0.34821429
vt 0.51574901 0.34821429
vt 0.51574901 0.34821429
vt 0.51574901 0.34821429
vt 0.51574901 0.34821429
vt 0.51574901 0.34821429
vt 0.51574901 0.34821429
vt 0.51574901 0.34821429
vt 0.51574901 0.34821429
vt 0.51574901 0.34821429
vt 0.51574901 0.34821429
vt 0.51574901 0.34821429
vt 0.51574901 0.34821429
vt 0.51574901 0.34821429
vt 0.51574901 0.34821429
vt 0.51574901 0.34821429
vt 0.51574901 0.34821429
vt 0.51574901 0.34821429
vt 0.51574901 0.34821429
vt 0.51574901 0.34821429
vt 0.51574901 0.34821429
vt 0.51574901 0.34821429
vt 0.51574901 0.34821429
vt 0.51574901 0.34821429
vt 0.51574901 0.34821429
vt 0.51574901 0.34821429
vt 0.51574901 0.34821429
vt 0.51574901 0.34821429
vt 0.51574901 0.34821429
vt 0.51574901 0.34821429
vt 0.51574901 0.34821429
vt 0.51574901 0.34821429
vt 0.51574901 0.34821429
vt 0.51574901 0.34821429
vt 0.51574901 0.34821429
vt 0.51574901 0.34821429
vt 0.51574901 0.34821429
vt 0.51574901 0.34821429
vt 0.51574901 0.34821429
vt 0.51574901 0.34821429
vt 0.51574901 0.34821429
vt 0.51574901 0.34821429
vt 0.51574901 0.34821429
vt 0.51574901 0.34821429
vt 0.51574901 0.34821429
vt 0.51574901 0.34821429
vt 0.51574901 0.34821429
vt 0.51574901 0.34821429
vt 0.51574901 0.34821429
vt 0.51574901 0.34821429
vt 0.51574901 0.34821429
vt 0.51574901 0.34821429
vt 0.51574901 0.34821429
vt 0.51574901 0.34821429
vt 0.51574901 0.34821429
vt 0.51574901 0.34821429
vt 0.51574901 0.34821429
vt 0.51574901 0.34821429
vt 0.51574901 0.34821429
vt 0.51574901 0.34821429
vt 0.51574901 0.34821429
vt 0.51574901 0.34821429
vt 0.51574901 0.34821429
vt 0.51574901 0.34821429
vt 0.51574901 0.34821429
vt 0.51574901 0.34821429
vt 0.51574901 0.34821429
vt 0.51574901 0.34821429
vt 0.51574901 0.34821429
vt 0.51574901 0.34821429
vt 0.51574901 0.34821429
vt 0.51574901 0.34821429
vt 0.51574901 0.34821429
vt 0.51574901 0.34821429
vt 0.51574901 0.34821429
vt 0.51574901 0.34821429
vt 0.51574901 0.34821429
vt 0.51574901 0.34821429
vt 0.51574901 0.34821429
vt 0.51574901 0.34821429
vt 0.51574901 0.34821429
vt 0.51574901 0.34821429
vt 0.51574901 0.34821429
vt 0.51574901 0.34821429
vt 0.51574901 0.34821429
vt 0.51574901 0.34821429
vt 0.51574901 0.34821429
vt 0.51574901 0.34821429
vt 0.51574901 0.34821429
vt 0.51574901 0.34821429
vt 0.51574901 0.34821429
vt 0.51574901 0.34821429
vt 0.51574901 0.34821429
vt 0.51574901 0.34821429
vt 0.51574901 0.34821429
vt 0.51574901 0.34821429
vt 0.51574901 0.34821429
vt 0.51574901 0.34821429
vt 0.51574901 0.34821429
vt 0.51574901 0.34821429
vt 0.51574901 0.34821429
vt 0.51574901 0.34821429
vt 0.51574901 0.34821429
vt 0.51574901 0.34821429
vt 0.51574901 0.34821429
vt 0.51574901 0.34821429
vt 0.51574901 0.34821429
vt 0.51574901 0.34821429
vt 0.51574901 0.34821429
vt 0.51574901 0.34821429
vt 0.51574901 0.34821429
vt 0.51574901 0.34821429
vt 0.51574901 0.34821429
vt 0.51574901 0.34821429
vt 0.51574901 0.34821429
vt 0.51574901 0.34821429
vt 0.51574901 0.34821429
vt 0.51574901 0.34821429
vt 0.51574901 0.34821429
vt 0.51574901 0.34821429
vt 0.51574901 0.34821429
vt 0.51574901 0.34821429
vt 0.51574901 0.34821429
vt 0.51574901 0.34821429
vt 0.51574901 0.34821429
vt 0.51574901 0.34821429
vt 0.51574901 0.34821429
vt 0.51574901 0.34821429
vt 0.51574901 0.34821429
vt 0.51574901 0.34821429
vt 0.51574901 0.34821429
vt 0.51574901 0.34821429
vt 0.51574901 0.34821429
vt 0.51574901 0.34821429
vt 0.51574901 0.34821429
vt 0.51574901 0.34821429
vt 0.51574901 0.34821429
vt 0.51574901 0.34821429
vt 0.51574901 0.34821429
vt 0.51574901 0.34821429
vt 0.51574901 0.34821429
vt 0.51574901 0.34821429
vt 0.51574901 0.34821429
vt 0.51574901 0.34821429
vt 0.51574901 0.34821429
vt 0.51574901 0.34821429
vt 0.51574901 0.34821429
vt 0.51574901 0.34821429
vt 0.51574901 0.34821429
vt 0.51574901 0.34821429
vt 0.51574901 0.34821429
vt 0.51574901 0.34821429
vt 0.51574901 0.34821429
vt 0.51574901 0.34821429
vt 0.51574901 0.34821429
vt 0.51574901 0.34821429
vt 0.51574901 0.34821429
vt 0.51574901 0.34821429
vt 0.51574901 0.34821429
vt 0.51574901 0.34821429
vt 0.51574901 0.34821429
vt 0.51574901 0.34821429
vt 0.51574901 0.34821429
vt 0.51574901 0.34821429
vt 0.51574901 0.34821429
vt 0.51574901 0.34821429
vt 0.51574901 0.34821429
vt 0.51574901 0.34821429
vt 0.51574901 0.34821429
vt 0.51574901 0.34821429
vt 0.51574901 0.34821429
vt 0.51574901 0.34821429
vt 0.51574901 0.34821429
vt 0.51574901 0.34821429
vt 0.51574901 0.34821429
vt 0.51574901 0.34821429
vt 0.51574901 0.34821429
vt 0.51574901 0.34821429
vt 0.51574901 0.34821429
vt 0.51574901 0.34821429
vt 0.51574901 0.34821429
vt 0.51574901 0.34821429
vt 0.51574901 0.34821429
vt 0.51574901 0.34821429
vt 0.51574901 0.34821429
vt 0.51574901 0.34821429
vt 0.51574901 0.34821429
vt 0.51574901 0.34821429
vt 0.51574901 0.34821429
vt 0.51574901 0.34821429
vt 0.51574901 0.34821429
vt 0.51574901 0.34821429
vt 0.51574901 0.34821429
vt 0.51574901 0.34821429
vt 0.51574901 0.34821429
vt 0.51574901 0.34821429
vt 0.51574901 0.34821429
vt 0.51574901 0.34821429
vt 0.51574901 0.34821429
vt 0.51574901 0.34821429
vt 0.51574901 0.34821429
vt 0.51574901 0.34821429
vt 0.51574901 0.34821429
vt 0.51574901 0.34821429
vt 0.51574901 0.34821429
vt 0.51574901 0.34821429
vt 0.51574901 0.34821429
vt 0.51574901 0.34821429
vt 0.51574901 0.34821429
vt 0.51574901 0.34821429
vt 0.51574901 0.34821429
vt 0.51574901 0.34821429
vt 0.51574901 0.34821429
vt 0.51574901 0.34821429
vt 0.51574901 0.34821429
vt 0.51574901 0.34821429
vt 0.51574901 0.34821429
vt 0.51574901 0.34821429
vt 0.51574901 0.34821429
vt 0.51574901 0.34821429
vt 0.51574901 0.34821429
vt 0.51574901 0.34821429
vt 0.51574901 0.34821429
vt 0.51574901 0.34821429
vt 0.51574901 0.34821429
vt 0.51574901 0.34821429
vt 0.51574901 0.34821429
vt 0.51574901 0.34821429
vt 0.51574901 0.34821429
vt 0.51574901 0.34821429
vt 0.51574901 0.34821429
vt 0.51574901 0.34821429
vt 0.51574901 0.34821429
vt 0.51574901 0.34821429
vt 0.51574901 0.34821429
vt 0.51574901 0.34821429
vt 0.51574901 0.34821429
vt 0.51574901 0.34821429
vt 0.51574901 0.34821429
vt 0.51574901 0.34821429
vt 0.51574901 0.34821429
vt 0.51574901 0.34821429
vt 0.51574901 0.34821429
vt 0.51574901 0.34821429
vt 0.51574901 0.34821429
vt 0.51574901 0.34821429
vt 0.51574901 0.34821429
vt 0.51574901 0.34821429
vt 0.51574901 0.34821429
vt 0.51574901 0.34821429
vt 0.51574901 0.34821429
vt 0.51574901 0.34821429
vt 0.51574901 0.34821429
vt 0.51574901 0.34821429
vt 0.51574901 0.34821429
vt 0.51574901 0.34821429
vt 0.51574901 0.34821429
vt 0.51574901 0.34821429
vt 0.51574901 0.34821429
vt 0.51574901 0.34821429
vt 0.51574901 0.34821429
vt 0.51574901 0.34821429
vt 0.51574901 0.34821429
vt 0.51574901 0.34821429
vt 0.51574901 0.34821429
vt 0.51574901 0.34821429
vt 0.51574901 0.34821429
vt 0.51574901 0.34821429
vt 0.51574901 0.34821429
vt 0.51574901 0.34821429
vt 0.51574901 0.34821429
vt 0.51574901 0.34821429
vt 0.51574901 0.34821429
vt 0.51574901 0.34821429
vt 0.51574901 0.34821429
vt 0.51574901 0.34821429
vt 0.51574901 0.34821429
vt 0.51574901 0.34821429
vt 0.51574901 0.34821429
vt 0.51574901 0.34821429
vt 0.51574901 0.34821429
vt 0.51574901 0.34821429
vt 0.51574901 0.34821429
vt 0.51574901 0.34821429
vt 0.51574901 0.34821429
vt 0.51574901 0.34821429
vt 0.51574901 0.34821429
vt 0.51574901 0.34821429
vt 0.51574901 0.34821429
vt 0.51574901 0.34821429
vt 0.51574901 0.34821429
vt 0.51574901 0.34821429
vt 0.51574901 0.34821429
vt 0.51574901 0.34821429
vt 0.51574901 0.34821429
vt 0.51574901 0.34821429
vt 0.51574901 0.34821429
vt 0.51574901 0.34821429
vt 0.51574901 0.34821429
vt 0.51574901 0.34821429
vt 0.51574901 0.34821429
vt 0.51574901 0.34821429
vt 0.51574901 0.34821429
vt 0.51574901 0.34821429
vt 0.51574901 0.34821429
vt 0.51574901 0.34821429
vt 0.51574901 0.34821429
vt 0.51574901 0.34821429
vt 0.51574901 0.34821429
vt 0.51574901 0.34821429
vt 0.51574901 0.34821429
vt 0.51574901 0.34821429
vt 0.51574901 0.34821429
vt 0.51574901 0.34821429
vt 0.51574901 0.34821429
vt 0.51574901 0.34821429
vt 0.51574901 0.34821429
vt 0.51574901 0.34821429
vt 0.51574901 0.34821429
vt 0.51574901 0.34821429
vt 0.51574901 0.34821429
vt 0.51574901 0.34821429
vt 0.51574901 0.34821429
vt 0.51574901 0.34821429
vt 0.51574901 0.34821429
vt 0.51574901 0.34821429
vt 0.51574901 0.34821429
vt 0.51574901 0.34821429
vt 0.51574901 0.34821429
vt 0.51574901 0.34821429
vt 0.51574901 0.34821429
vt 0.51574901 0.34821429
vt 0.51574901 0.34821429
vt 0.51574901 0.34821429
vt 0.51574901 0.34821429
vt 0.51574901 0.34821429
vt 0.51574901 0.34821429
vt 0.51574901 0.34821429
vt 0.51574901 0.34821429
vt 0.51574901 0.34821429
vt 0.51574901 0.34821429
vt 0.51574901 0.34821429
vt 0.51574901 0.34821429
vt 0.51574901 0.34821429
vt 0.51574901 0.34821429
vt 0.51574901 0.34821429
vt 0.51574901 0.34821429
vt 0.51574901 0.34821429
vt 0.51574901 0.34821429
vt 0.51574901 0.34821429
vt 0.51574901 0.34821429
vt 0.51574901 0.34821429
vt 0.51574901 0.34821429
vt 0.51574901 0.34821429
vt 0.51574901 0.34821429
vt 0.51574901 0.34821429
vt 0.51574901 0.34821429
vt 0.51574901 0.34821429
vt 0.51574901 0.34821429
vt 0.51574901 0.34821429
vt 0.51574901 0.34821429
vt 0.51574901 0.34821429
vt 0.51574901 0.34821429
vt 0.51574901 0.34821429
vt 0.51574901 0.34821429
vt 0.51574901 0.34821429
vt 0.51574901 0.34821429
vt 0.51574901 0.34821429
vt 0.51574901 0.34821429
vt 0.51574901 0.34821429
vt 0.51574901 0.34821429
vt 0.51574901 0.34821429
vt 0.51574901 0.34821429
vt 0.51574901 0.34821429
vt 0.51574901 0.34821429
vt 0.51574901 0.34821429
vt 0.51574901 0.34821429
vt 0.51574901 0.34821429
vt 0.51574901 0.34821429
vt 0.51574901 0.34821429
vt 0.51574901 0.34821429
vt 0.51574901 0.34821429
vt 0.51574901 0.34821429
vt 0.51574901 0.34821429
vt 0.51574901 0.34821429
vt 0.51574901 0.34821429
vt 0.51574901 0.34821429
vt 0.51574901 0.34821429
vt 0.51574901 0.34821429
vt 0.51574901 0.34821429
vt 0.51574901 0.34821429
vt 0.51574901 0.34821429
vt 0.51574901 0.34821429
vt 0.51574901 0.34821429
vt 0.51574901 0.34821429
vt 0.51574901 0.34821429
vt 0.51574901 0.34821429
vt 0.51574901 0.34821429
vt 0.51574901 0.34821429
vt 0.51574901 0.34821429
vt 0.51574901 0.34821429
vt 0.51574901 0.34821429
vt 0.51574901 0.34821429
vt 0.51574901 0.34821429
vt 0.51574901 0.34821429
vt 0.51574901 0.34821429
vt 0.51574901 0.34821429
vt 0.51574901 0.34821429
vt 0.51574901 0.34821429
vt 0.51574901 0.34821429
vt 0.51574901 0.34821429
vt 0.51574901 0.34821429
vt 0.51574901 0.34821429
vt 0.51574901 0.34821429
vt 0.51574901 0.34821429
vt 0.51574901 0.34821429
vt 0.51574901 0.34821429
vt 0.51574901 0.34821429
vt 0.51574901 0.34821429
vt 0.51574901 0.34821429
vt 0.51574901 0.34821429
vt 0.51574901 0.34821429
vt 0.51574901 0.34821429
vt 0.51574901 0.34821429
vt 0.51574901 0.34821429
vt 0.51574901 0.34821429
vt 0.51574901 0.34821429
vt 0.51574901 0.34821429
vt 0.51574901 0.34821429
vt 0.51574901 0.34821429
vt 0.51574901 0.34821429
vt 0.51574901 0.34821429
vt 0.51574901 0.34821429
vt 0.51574901 0.34821429
vt 0.51574901 0.34821429
vt 0.51574901 0.34821429
vt 0.51574901 0.34821429
vt 0.51574901 0.34821429
vt 0.51574901 0.34821429
vt 0.51574901 0.34821429
vt 0.51574901 0.34821429
vt 0.51574901 0.34821429
vt 0.51574901 0.34821429
vt 0.51574901 0.34821429
vt 0.51574901 0.34821429
vt 0.51574901 0.34821429
vt 0.51574901 0.34821429
vt 0.51574901 0.34821429
vt 0.51574901 0.34821429
vt 0.51574901 0.34821429
vt 0.51574901 0.34821429
vt 0.51574901 0.34821429
vt 0.51574901 0.34821429
vt 0.51574901 0.34821429
vt 0.51574901 0.34821429
vt 0.51574901 0.34821429
vt 0.51574901 0.34821429
vt 0.51574901 0.34821429
vt 0.51574901 0.34821429
vt 0.51574901 0.34821429
vt 0.51574901 0.34821429
vt 0.51574901 0.34821429
vt 0.51574901 0.34821429
vt 0.51574901 0.34821429
vt 0.51574901 0.34821429
vt 0.51574901 0.34821429
vt 0.51574901 0.34821429
vt 0.51574901 0.34821429
vt 0.51574901 0.34821429
vt 0.51574901 0.34821429
vt 0.51574901 0.34821429
vt 0.51574901 0.34821429
vt 0.51574901 0.34821429
vt 0.51574901 0.34821429
vt 0.51574901 0.34821429
vt 0.51574901 0.34821429
vt 0.51574901 0.34821429
vt 0.51574901 0.34821429
vt 0.51574901 0.34821429
vt 0.51574901 0.34821429
vt 0.51574901 0.34821429
vt 0.51574901 0.34821429
vt 0.51574901 0.34821429
vt 0.51574901 0.34821429
vt 0.51574901 0.34821429
vt 0.51574901 0.34821429
vt 0.51574901 0.34821429
vt 0.51574901 0.34821429
vt 0.51574901 0.34821429
vt 0.51574901 0.34821429
vt 0.51574901 0.34821429
vt 0.51574901 0.34821429
vt 0.51574901 0.34821429
vt 0.51574901 0.34821429
vt 0.51574901 0.34821429
vt 0.51574901 0.34821429
vt 0.51574901 0.34821429
vt 0.51574901 0.34821429
vt 0.51574901 0.34821429
vt 0.51574901 0.34821429
vt 0.51574901 0.34821429
vt 0.51574901 0.34821429
vt 0.51574901 0.34821429
vt 0.51574901 0.34821429
vt 0.51574901 0.34821429
vt 0.51574901 0.34821429
vt 0.51574901 0.34821429
vt 0.51574901 0.34821429
vt 0.51574901 0.34821429
vt 0.51574901 0.34821429
vt 0.51574901 0.34821429
vt 0.51574901 0.34821429
vt 0.51574901 0.34821429
vt 0.51574901 0.34821429
vt 0.51574901 0.34821429
vt 0.51574901 0.34821429
vt 0.51574901 0.34821429
vt 0.51574901 0.34821429
vt 0.51574901 0.34821429
vt 0.51574901 0.34821429
vt 0.51574901 0.34821429
vt 0.51574901 0.34821429
vt 0.51574901 0.34821429
vt 0.51574901 0.34821429
vt 0.51574901 0.34821429
vt 0.51574901 0.34821429
vt 0.51574901 0.34821429
vt 0.51574901 0.34821429
vt 0.51574901 0.34821429
vt 0.51574901 0.34821429
vt 0.51574901 0.34821429
vt 0.51574901 0.34821429
vt 0.51574901 0.34821429
vt 0.51574901 0.34821429
vt 0.51574901 0.34821429
vt 0.51574901 0.34821429
vt 0.51574901 0.34821429
vt 0.51574901 0.34821429
vt 0.51574901 0.34821429
vt 0.51574901 0.34821429
vt 0.51574901 0.34821429
vt 0.51574901 0.34821429
vt 0.51574901 0.34821429
vt 0.51574901 0.34821429
vt 0.51574901 0.34821429
vt 0.51574901 0.34821429
vt 0.51574901 0.34821429
vt 0.51574901 0.34821429
vt 0.51574901 0.34821429
vt 0.51574901 0.34821429
vt 0.51574901 0.34821429
vt 0.51574901 0.34821429
vt 0.51574901 0.34821429
vt 0.51574901 0.34821429
vt 0.51574901 0.34821429
vt 0.51574901 0.34821429
vt 0.51574901 0.34821429
vt 0.51574901 0.34821429
vt 0.51574901 0.34821429
vt 0.51574901 0.34821429
vt 0.51574901 0.34821429
vt 0.51574901 0.34821429
vt 0.51574901 0.34821429
vt 0.51574901 0.34821429
vt 0.51574901 0.34821429
vt 0.51574901 0.34821429
vt 0.51574901 0.34821429
vt 0.51574901 0.34821429
vt 0.51574901 0.34821429
vt 0.51574901 0.34821429
vt 0.51574901 0.34821429
vt 0.51574901 0.34821429
vt 0.51574901 0.34821429
vt 0.51574901 0.34821429
vt 0.51574901 0.34821429
vt 0.51574901 0.34821429
vt 0.51574901 0.34821429
vt 0.51574901 0.34821429
vt 0.51574901 0.34821429
vt 0.51574901 0.34821429
vt 0.51574901 0.34821429
vt 0.51574901 0.34821429
vt 0.51574901 0.34821429
vt 0.51574901 0.34821429
vt 0.51574901 0.34821429
vt 0.51574901 0.34821429
vt 0.51574901 0.34821429
vt 0.51574901 0.34821429
vt 0.51574901 0.34821429
vt 0.51574901 0.34821429
vt 0.51574901 0.34821429
vt 0.51574901 0.34821429
vt 0.51574901 0.34821429
vt 0.51574901 0.34821429
vt 0.51574901 0.34821429
vt 0.51574901 0.34821429
vt 0.51574901 0.34821429
vt 0.51574901 0.34821429
vt 0.51574901 0.34821429
vt 0.51574901 0.34821429
vt 0.51574901 0.34821429
vt 0.51574901 0.34821429
vt 0.51574901 0.34821429
vt 0.51574901 0.34821429
vt 0.51574901 0.34821429
vt 0.51574901 0.34821429
vt 0.51574901 0.34821429
vt 0.51574901 0.34821429
vt 0.51574901 0.34821429
vt 0.51574901 0.34821429
vt 0.51574901 0.34821429
vt 0.51574901 0.34821429
vt 0.51574901 0.34821429
vt 0.51574901 0.34821429
vt 0.51574901 0.34821429
vt 0.51574901 0.34821429
vt 0.51574901 0.34821429
vt 0.51574901 0.34821429
vt 0.51574901 0.34821429
vt 0.51574901 0.34821429
vt 0.51574901 0.34821429
vt 0.51574901 0.34821429
vt 0.51574901 0.34821429
vt 0.51574901 0.34821429
vt 0.51574901 0.34821429
vt 0.51574901 0.34821429
vt 0.51574901 0.34821429
vt 0.51574901 0.34821429
vt 0.51574901 0.34821429
vt 0.51574901 0.34821429
vt 0.51574901 0.34821429
vt 0.51574901 0.34821429
vt 0.51574901 0.34821429
vt 0.51574901 0.34821429
vt 0.51574901 0.34821429
vt 0.51574901 0.34821429
vt 0.51574901 0.34821429
vt 0.51574901 0.34821429
vt 0.51574901 0.34821429
vt 0.51574901 0.34821429
vt 0.51574901 0.34821429
vt 0.51574901 0.34821429
vt 0.51574901 0.34821429
vt 0.51574901 0.34821429
vt 0.51574901 0.34821429
vt 0.51574901 0.34821429
vt 0.51574901 0.34821429
vt 0.51574901 0.34821429
vt 0.51574901 0.34821429
vt 0.51574901 0.34821429
vt 0.51574901 0.34821429
vt 0.51574901 0.34821429
vt 0.51574901 0.34821429
vt 0.51574901 0.34821429
vt 0.51574901 0.34821429
vt 0.51574901 0.34821429
vt 0.51574901 0.34821429
vt 0.51574901 0.34821429
vt 0.51574901 0.34821429
vt 0.51574901 0.34821429
vt 0.51574901 0.34821429
vt 0.51574901 0.34821429
vt 0.51574901 0.34821429
vt 0.51574901 0.34821429
vt 0.51574901 0.34821429
vt 0.51574901 0.34821429
vt 0.51574901 0.34821429
vt 0.51574901 0.34821429
vt 0.51574901 0.34821429
vt 0.51574901 0.34821429
vt 0.51574901 0.34821429
vt 0.51574901 0.34821429
vt 0.51574901 0.34821429
vt 0.51574901 0.34821429
vt 0.51574901 0.34821429
vt 0.51574901 0.34821429
vt 0.51574901 0.34821429
vt 0.51574901 0.34821429
vt 0.51574901 0.34821429
vt 0.51574901 0.34821429
vt 0.51574901 0.34821429
vt 0.51574901 0.34821429
vt 0.51574901 0.34821429
vt 0.51574901 0.34821429
vt 0.51574901 0.34821429
vt 0.51574901 0.34821429
vt 0.51574901 0.34821429
vt 0.51574901 0.34821429
vt 0.51574901 0.34821429
vt 0.51574901 0.34821429
vt 0.51574901 0.34821429
vt 0.51574901 0.34821429
vt 0.51574901 0.34821429
vt 0.51574901 0.34821429
vt 0.51574901 0.34821429
vt 0.51574901 0.34821429
vt 0.51574901 0.34821429
vt 0.51574901 0.34821429
vt 0.51574901 0.34821429
vt 0.51574901 0.34821429
vt 0.51574901 0.34821429
vt 0.51574901 0.34821429
vt 0.51574901 0.34821429
vt 0.51574901 0.34821429
vt 0.51574901 0.34821429
vt 0.51574901 0.34821429
vt 0.51574901 0.34821429
vt 0.51574901 0.34821429
vt 0.51574901 0.34821429
vt 0.51574901 0.34821429
vt 0.51574901 0.34821429
vt 0.51574901 0.34821429
vt 0.51574901 0.34821429
vt 0.51574901 0.34821429
vt 0.51574901 0.34821429
vt 0.51574901 0.34821429
vt 0.51574901 0.34821429
vt 0.51574901 0.34821429
vt 0.51574901 0.34821429
vt 0.51574901 0.34821429
vt 0.51574901 0.34821429
vt 0.51574901 0.34821429
vt 0.51574901 0.34821429
vt 0.51574901 0.34821429
vt 0.51574901 0.34821429
vt 0.51574901 0.34821429
vt 0.51574901 0.34821429
vt 0.51574901 0.34821429
vt 0.51574901 0.34821429
vt 0.51574901 0.34821429
vt 0.51574901 0.34821429
vt 0.51574901 0.34821429
vt 0.51574901 0.34821429
vt 0.51574901 0.34821429
vt 0.51574901 0.34821429
vt 0.51574901 0.34821429
vt 0.51574901 0.34821429
vt 0.51574901 0.34821429
vt 0.51574901 0.34821429
vt 0.51574901 0.34821429
vt 0.51574901 0.34821429
vt 0.51574901 0.34821429
vt 0.51574901 0.34821429
vt 0.51574901 0.34821429
vt 0.51574901 0.34821429
vt 0.51574901 0.34821429
vt 0.51574901 0.34821429
vt 0.51574901 0.34821429
vt 0.51574901 0.34821429
vt 0.51574901 0.34821429
vt 0.51574901 0.34821429
vt 0.51574901 0.34821429
vt 0.51574901 0.34821429
vt 0.51574901 0.34821429
vt 0.51574901 0.34821429
vt 0.51574901 0.34821429
vt 0.51574901 0.34821429
vt 0.51574901 0.34821429
vt 0.51574901 0.34821429
vt 0.51574901 0.34821429
vt 0.51574901 0.34821429
vt 0.51574901 0.34821429
vt 0.51574901 0.34821429
vt 0.51574901 0.34821429
vt 0.51574901 0.34821429
vt 0.51574901 0.34821429
vt 0.51574901 0.34821429
vt 0.51574901 0.34821429
vt 0.51574901 0.34821429
vt 0.51574901 0.34821429
vt 0.51574901 0.34821429
vt 0.51574901 0.34821429
vt 0.51574901 0.34821429
vt 0.51574901 0.34821429
vt 0.51574901 0.34821429
vt 0.51574901 0.34821429
vt 0.51574901 0.34821429
vt 0.51574901 0.34821429
vt 0.51574901 0.34821429
vt 0.51574901 0.34821429
vt 0.51574901 0.34821429
vt 0.51574901 0.34821429
vt 0.51574901 0.34821429
vt 0.51574901 0.34821429
vt 0.51574901 0.34821429
vt 0.51574901 0.34821429
vt 0.51574901 0.34821429
vt 0.51574901 0.34821429
vt 0.51574901 0.34821429
vt 0.51574901 0.34821429
vt 0.51574901 0.34821429
vt 0.51574901 0.34821429
vt 0.51574901 0.34821429
vt 0.51574901 0.34821429
vt 0.51574901 0.34821429
vt 0.51574901 0.34821429
vt 0.51574901 0.34821429
vt 0.51574901 0.34821429
vt 0.51574901 0.34821429
vt 0.51574901 0.34821429
vt 0.51574901 0.34821429
vt 0.51574901 0.34821429
vt 0.51574901 0.34821429
vt 0.51574901 0.34821429
vt 0.51574901 0.34821429
vt 0.51574901 0.34821429
vt 0.51574901 0.34821429
vt 0.51574901 0.34821429
vt 0.51574901 0.34821429
vt 0.51574901 0.34821429
vt 0.51574901 0.34821429
vt 0.51574901 0.34821429
vt 0.51574901 0.34821429
vt 0.51574901 0.34821429
vt 0.51574901 0.34821429
vt 0.51574901 0.34821429
vt 0.51574901 0.34821429
vt 0.51574901 0.34821429
vt 0.51574901 0.34821429
vt 0.51574901 0.34821429
vt 0.51574901 0.34821429
vt 0.51574901 0.34821429
vt 0.51574901 0.34821429
vt 0.51574901 0.34821429
vt 0.51574901 0.34821429
vt 0.51574901 0.34821429
vt 0.51574901 0.34821429
vt 0.51574901 0.34821429
vt 0.51574901 0.34821429
vt 0.51574901 0.34821429
vt 0.51574901 0.34821429
vt 0.51574901 0.34821429
vt 0.51574901 0.34821429
vt 0.51574901 0.34821429
vt 0.51574901 0.34821429
vt 0.51574901 0.34821429
vt 0.51574901 0.34821429
vt 0.51574901 0.34821429
vt 0.51574901 0.34821429
vt 0.51574901 0.34821429
vt 0.51574901 0.34821429
vt 0.51574901 0.34821429
vt 0.51574901 0.34821429
vt 0.51574901 0.34821429
vt 0.51574901 0.34821429
vt 0.51574901 0.34821429
vt 0.51574901 0.34821429
vt 0.51574901 0.34821429
vt 0.51574901 0.34821429
vt 0.51574901 0.34821429
vt 0.51574901 0.34821429
vt 0.51574901 0.34821429
vt 0.51574901 0.34821429
vt 0.51574901 0.34821429
vt 0.51574901 0.34821429
vt 0.51574901 0.34821429
vt 0.51574901 0.34821429
vt 0.51574901 0.34821429
vt 0.51574901 0.34821429
vt 0.51574901 0.34821429
vt 0.51574901 0.34821429
vt 0.51574901 0.34821429
vt 0.51574901 0.34821429
vt 0.51574901 0.34821429
vt 0.51574901 0.34821429
vt 0.51574901 0.34821429
vt 0.51574901 0.34821429
vt 0.51574901 0.34821429
vt 0.51574901 0.34821429
vt 0.51574901 0.34821429
vt 0.51574901 0.34821429
vt 0.51574901 0.34821429
vt 0.51574901 0.34821429
vt 0.51574901 0.34821429
vt 0.51574901 0.34821429
vt 0.51574901 0.34821429
vt 0.51574901 0.34821429
vt 0.51574901 0.34821429
vt 0.51574901 0.34821429
vt 0.51574901 0.34821429
vt 0.51574901 0.34821429
vt 0.51574901 0.34821429
vt 0.51574901 0.34821429
vt 0.51574901 0.34821429
vt 0.51574901 0.34821429
vt 0.51574901 0.34821429
vt 0.51574901 0.34821429
vt 0.51574901 0.34821429
vt 0.51574901 0.34821429
vt 0.51574901 0.34821429
vt 0.51574901 0.34821429
vt 0.51574901 0.34821429
vt 0.51574901 0.34821429
vt 0.51574901 0.34821429
vt 0.51574901 0.34821429
vt 0.51574901 0.34821429
vt 0.51574901 0.34821429
vt 0.51574901 0.34821429
vt 0.51574901 0.34821429
vt 0.51574901 0.34821429
vt 0.51574901 0.34821429
vt 0.51574901 0.34821429
vt 0.51574901 0.34821429
vt 0.51574901 0.34821429
vt 0.51574901 0.34821429
vt 0.51574901 0.34821429
vt 0.51574901 0.34821429
vt 0.51574901 0.34821429
vt 0.51574901 0.34821429
vt 0.51574901 0.34821429
vt 0.51574901 0.34821429
vt 0.51574901 0.34821429
vt 0.51574901 0.34821429
vt 0.51574901 0.34821429
vt 0.51574901 0.34821429
vt 0.51574901 0.34821429
vt 0.51574901 0.34821429
vt 0.51574901 0.34821429
vt 0.51574901 0.34821429
vt 0.51574901 0.34821429
vt 0.51574901 0.34821429
vt 0.51574901 0.34821429
vt 0.51574901 0.34821429
vt 0.51574901 0.34821429
vt 0.51574901 0.34821429
vt 0.51574901 0.34821429
vt 0.51574901 0.34821429
vt 0.51574901 0.34821429
vt 0.51574901 0.34821429
vt 0.51574901 0.34821429
vt 0.51574901 0.34821429
vt 0.51574901 0.34821429
vt 0.51574901 0.34821429
vt 0.51574901 0.34821429
vt 0.51574901 0.34821429
vt 0.51574901 0.34821429
vt 0.51574901 0.34821429
vt 0.51574901 0.34821429
vt 0.51574901 0.34821429
vt 0.51574901 0.34821429
vt 0.51574901 0.34821429
vt 0.51574901 0.34821429
vt 0.51574901 0.34821429
vt 0.51574901 0.34821429
vt 0.51574901 0.34821429
vt 0.51574901 0.34821429
vt 0.51574901 0.34821429
vt 0.51574901 0.34821429
vt 0.51574901 0.34821429
vt 0.51574901 0.34821429
vt 0.51574901 0.34821429
vt 0.51574901 0.34821429
vt 0.51574901 0.34821429
vt 0.51574901 0.34821429
vt 0.51574901 0.34821429
vt 0.51574901 0.34821429
vt 0.51574901 0.34821429
vt 0.51574901 0.34821429
vt 0.51574901 0.34821429
vt 0.51574901 0.34821429
vt 0.51574901 0.34821429
vt 0.51574901 0.34821429
vt 0.51574901 0.34821429
vt 0.51574901 0.34821429
vt 0.51574901 0.34821429
vt 0.51574901 0.34821429
vt 0.51574901 0.34821429
vt 0.51574901 0.34821429
vt 0.51574901 0.34821429
vt 0.51574901 0.34821429
vt 0.51574901 0.34821429
vt 0.51574901 0.34821429
vt 0.51574901 0.34821429
vt 0.51574901 0.34821429
vt 0.51574901 0.34821429
vt 0.51574901 0.34821429
vt 0.51574901 0.34821429
vt 0.51574901 0.34821429
vt 0.51574901 0.34821429
vt 0.51574901 0.34821429
vt 0.51574901 0.34821429
vt 0.51574901 0.34821429
vt 0.51574901 0.34821429
vt 0.51574901 0.34821429
vt 0.51574901 0.34821429
vt 0.51574901 0.34821429
vt 0.51574901 0.34821429
vt 0.51574901 0.34821429
vt 0.51574901 0.34821429
vt 0.51574901 0.34821429
vt 0.51574901 0.34821429
vt 0.51574901 0.34821429
vt 0.51574901 0.34821429
vt 0.51574901 0.34821429
vt 0.51574901 0.34821429
vt 0.51574901 0.34821429
vt 0.51574901 0.34821429
vt 0.51574901 0.34821429
vt 0.51574901 0.34821429
vt 0.51574901 0.34821429
vt 0.51574901 0.34821429
vt 0.51574901 0.34821429
vt 0.51574901 0.34821429
vt 0.51574901 0.34821429
vt 0.51574901 0.34821429
vt 0.51574901 0.34821429
vt 0.51574901 0.34821429
vt 0.51574901 0.34821429
vt 0.51574901 0.34821429
vt 0.51574901 0.34821429
vt 0.51574901 0.34821429
vt 0.51574901 0.34821429
vt 0.51574901 0.34821429
vt 0.51574901 0.34821429
vt 0.51574901 0.34821429
vt 0.51574901 0.34821429
vt 0.51574901 0.34821429
vt 0.51574901 0.34821429
vt 0.51574901 0.34821429
vt 0.51574901 0.34821429
vt 0.51574901 0.34821429
vt 0.51574901 0.34821429
vt 0.51574901 0.34821429
vt 0.51574901 0.34821429
vt 0.51574901 0.34821429
vt 0.51574901 0.34821429
vt 0.51574901 0.34821429
vt 0.51574901 0.34821429
vt 0.51574901 0.34821429
vt 0.51574901 0.34821429
vt 0.51574901 0.34821429
vt 0.51574901 0.34821429
vt 0.51574901 0.34821429
vt 0.51574901 0.34821429
vt 0.51574901 0.34821429
vt 0.51574901 0.34821429
vt 0.51574901 0.34821429
vt 0.51574901 0.34821429
vt 0.51574901 0.34821429
vt 0.51574901 0.34821429
vt 0.51574901 0.34821429
vt 0.51574901 0.34821429
vt 0.51574901 0.34821429
vt 0.51574901 0.34821429
vt 0.51574901 0.34821429
vt 0.51574901 0.34821429
vt 0.51574901 0.34821429
vt 0.51574901 0.34821429
vt 0.51574901 0.34821429
vt 0.51574901 0.34821429
vt 0.51574901 0.34821429
vt 0.51574901 0.34821429
vt 0.51574901 0.34821429
vt 0.51574901 0.34821429
vt 0.51574901 0.34821429
vt 0.51574901 0.34821429
vt 0.51574901 0.34821429
vt 0.51574901 0.34821429
vt 0.51574901 0.34821429
vt 0.51574901 0.34821429
vt 0.51574901 0.34821429
vt 0.51574901 0.34821429
vt 0.51574901 0.34821429
vt 0.51574901 0.34821429
vt 0.51574901 0.34821429
vt 0.51574901 0.34821429
vt 0.51574901 0.34821429
vt 0.51574901 0.34821429
vt 0.51574901 0.34821429
vt 0.51574901 0.34821429
vt 0.51574901 0.34821429
vt 0.51574901 0.34821429
vt 0.51574901 0.34821429
vt 0.51574901 0.34821429
vt 0.51574901 0.34821429
vt 0.51574901 0.34821429
vt 0.51574901 0.34821429
vt 0.51574901 0.34821429
vt 0.51574901 0.34821429
vt 0.51574901 0.34821429
vt 0.51574901 0.34821429
vt 0.51574901 0.34821429
vt 0.51574901 0.34821429
vt 0.51574901 0.34821429
vt 0.51574901 0.34821429
vt 0.51574901 0.34821429
vt 0.51574901 0.34821429
vt 0.51574901 0.34821429
vt 0.51574901 0.34821429
vt 0.51574901 0.34821429
vt 0.51574901 0.34821429
vt 0.51574901 0.34821429
vt 0.51574901 0.34821429
vt 0.51574901 0.34821429
vt 0.51574901 0.34821429
vt 0.51574901 0.34821429
vt 0.51574901 0.34821429
vt 0.51574901 0.34821429
vt 0.51574901 0.34821429
vt 0.51574901 0.34821429
vt 0.51574901 0.34821429
vt 0.51574901 0.34821429
vt 0.51574901 0.34821429
vt 0.51574901 0.34821429
vt 0.51574901 0.34821429
vt 0.51574901 0.34821429
vt 0.51574901 0.34821429
vt 0.51574901 0.34821429
vt 0.51574901 0.34821429
vt 0.51574901 0.34821429
vt 0.51574901 0.34821429
vt 0.51574901 0.34821429
vt 0.51574901 0.34821429
vt 0.51574901 0.34821429
vt 0.51574901 0.34821429
vt 0.51574901 0.34821429
vt 0.51574901 0.34821429
vt 0.51574901 0.34821429
vt 0.51574901 0.34821429
vt 0.51574901 0.34821429
vt 0.51574901 0.34821429
vt 0.51574901 0.34821429
vt 0.51574901 0.34821429
vt 0.51574901 0.34821429
vt 0.51574901 0.34821429
vt 0.51574901 0.34821429
vt 0.51574901 0.34821429
vt 0.51574901 0.34821429
vt 0.51574901 0.34821429
vt 0.51574901 0.34821429
vt 0.51574901 0.34821429
vt 0.51574901 0.34821429
vt 0.51574901 0.34821429
vt 0.51574901 0.34821429
vt 0.51574901 0.34821429
vt 0.51574901 0.34821429
vt 0.51574901 0.34821429
vt 0.51574901 0.34821429
vt 0.51574901 0.34821429
vt 0.51574901 0.34821429
vt 0.51574901 0.34821429
vt 0.51574901 0.34821429
vt 0.51574901 0.34821429
vt 0.51574901 0.34821429
vt 0.51574901 0.34821429
vt 0.51574901 0.34821429
vt 0.51574901 0.34821429
vt 0.51574901 0.34821429
vt 0.51574901 0.34821429
vt 0.51574901 0.34821429
vt 0.51574901 0.34821429
vt 0.51574901 0.34821429
vt 0.51574901 0.34821429
vt 0.51574901 0.34821429
vt 0.51574901 0.34821429
vt 0.51574901 0.34821429
vt 0.51574901 0.34821429
vt 0.51574901 0.34821429
vt 0.51574901 0.34821429
vt 0.51574901 0.34821429
vt 0.51574901 0.34821429
vt 0.51574901 0.34821429
vt 0.51574901 0.34821429
vt 0.51574901 0.34821429
vt 0.51574901 0.34821429
vt 0.51574901 0.34821429
vt 0.51574901 0.34821429
vt 0.51574901 0.34821429
vt 0.51574901 0.34821429
vt 0.51574901 0.34821429
vt 0.51574901 0.34821429
vt 0.51574901 0.34821429
vt 0.51574901 0.34821429
vt 0.51574901 0.34821429
vt 0.51574901 0.34821429
vt 0.51574901 0.34821429
vt 0.51574901 0.34821429
vt 0.51574901 0.34821429
vt 0.51574901 0.34821429
vt 0.51574901 0.34821429
vt 0.51574901 0.34821429
vt 0.51574901 0.34821429
vt 0.51574901 0.34821429
vt 0.51574901 0.34821429
vt 0.51574901 0.34821429
vt 0.51574901 0.34821429
vt 0.51574901 0.34821429
vt 0.51574901 0.34821429
vt 0.51574901 0.34821429
vt 0.51574901 0.34821429
vt 0.51574901 0.34821429
vt 0.51574901 0.34821429
vt 0.51574901 0.34821429
vt 0.51574901 0.34821429
vt 0.51574901 0.34821429
vt 0.51574901 0.34821429
vt 0.51574901 0.34821429
vt 0.51574901 0.34821429
vt 0.51574901 0.34821429
vt 0.51574901 0.34821429
vt 0.51574901 0.34821429
vt 0.51574901 0.34821429
vt 0.51574901 0.34821429
vt 0.51574901 0.34821429
vt 0.51574901 0.34821429
vt 0.51574901 0.34821429
vt 0.51574901 0.34821429
vt 0.51574901 0.34821429
vt 0.51574901 0.34821429
vt 0.51574901 0.34821429
vt 0.51574901 0.34821429
vt 0.51574901 0.34821429
vt 0.51574901 0.34821429
vt 0.51574901 0.34821429
vt 0.51574901 0.34821429
vt 0.51574901 0.34821429
vt 0.51574901 0.34821429
vt 0.51574901 0.34821429
vt 0.51574901 0.34821429
vt 0.51574901 0.34821429
vt 0.51574901 0.34821429
vt 0.51574901 0.34821429
vt 0.51574901 0.34821429
vt 0.51574901 0.34821429
vt 0.51574901 0.34821429
vt 0.51574901 0.34821429
vt 0.51574901 0.34821429
vt 0.51574901 0.34821429
vt 0.51574901 0.34821429
vt 0.51574901 0.34821429
vt 0.51574901 0.34821429
vt 0.51574901 0.34821429
vt 0.51574901 0.34821429
vt 0.51574901 0.34821429
vt 0.51574901 0.34821429
vt 0.51574901 0.34821429
vt 0.51574901 0.34821429
vt 0.51574901 0.34821429
vt 0.51574901 0.34821429
vt 0.51574901 0.34821429
vt 0.51574901 0.34821429
vt 0.51574901 0.34821429
vt 0.51574901 0.34821429
vt 0.51574901 0.34821429
vt 0.51574901 0.34821429
vt 0.51574901 0.34821429
vt 0.51574901 0.34821429
vt 0.51574901 0.34821429
vt 0.51574901 0.34821429
vt 0.51574901 0.34821429
vt 0.51574901 0.34821429
vt 0.51574901 0.34821429
vt 0.51574901 0.34821429
vt 0.51574901 0.34821429
vt 0.51574901 0.34821429
vt 0.51574901 0.34821429
vt 0.51574901 0.34821429
vt 0.51574901 0.34821429
vt 0.51574901 0.34821429
vt 0.51574901 0.34821429
vt 0.51574901 0.34821429
vt 0.51574901 0.34821429
vt 0.51574901 0.34821429
vt 0.51574901 0.34821429
vt 0.51574901 0.34821429
vt 0.51574901 0.34821429
vt 0.51574901 0.34821429
vt 0.51574901 0.34821429
vt 0.51574901 0.34821429
vt 0.51574901 0.34821429
vt 0.51574901 0.34821429
vt 0.51574901 0.34821429
vt 0.51574901 0.34821429
vt 0.51574901 0.34821429
vt 0.51574901 0.34821429
vt 0.51574901 0.34821429
vt 0.51574901 0.34821429
vt 0.51574901 0.34821429
vt 0.51574901 0.34821429
vt 0.51574901 0.34821429
vt 0.51574901 0.34821429
vt 0.51574901 0.34821429
vt 0.51574901 0.34821429
vt 0.51574901 0.34821429
vt 0.51574901 0.34821429
vt 0.51574901 0.34821429
vt 0.51574901 0.34821429
vt 0.51574901 0.34821429
vt 0.51574901 0.34821429
vt 0.51574901 0.34821429
vt 0.51574901 0.34821429
vt 0.51574901 0.34821429
vt 0.51574901 0.34821429
vt 0.51574901 0.34821429
vt 0.51574901 0.34821429
vt 0.51574901 0.34821429
vt 0.51574901 0.34821429
vt 0.51574901 0.34821429
vt 0.51574901 0.34821429
vt 0.51574901 0.34821429
vt 0.51574901 0.34821429
vt 0.51574901 0.34821429
vt 0.51574901 0.34821429
vt 0.51574901 0.34821429
vt 0.51574901 0.34821429
vt 0.51574901 0.34821429
vt 0.51574901 0.34821429
vt 0.51574901 0.34821429
vt 0.51574901 0.34821429
vt 0.51574901 0.34821429
vt 0.51574901 0.34821429
vt 0.51574901 0.34821429
vt 0.51574901 0.34821429
vt 0.51574901 0.34821429
vt 0.51574901 0.34821429
vt 0.51574901 0.34821429
vt 0.51574901 0.34821429
vt 0.51574901 0.34821429
vt 0.51574901 0.34821429
vt 0.51574901 0.34821429
vt 0.51574901 0.34821429
vt 0.51574901 0.34821429
vt 0.51574901 0.34821429
vt 0.51574901 0.34821429
vt 0.51574901 0.34821429
vt 0.51574901 0.34821429
vt 0.51574901 0.34821429
vt 0.51574901 0.34821429
vt 0.51574901 0.34821429
vt 0.51574901 0.34821429
vt 0.51574901 0.34821429
vt 0.51574901 0.34821429
vt 0.51574901 0.34821429
vt 0.51574901 0.34821429
vt 0.51574901 0.34821429
vt 0.51574901 0.34821429
vt 0.51574901 0.34821429
vt 0.51574901 0.34821429
vt 0.51574901 0.34821429
vt 0.51574901 0.34821429
vt 0.51574901 0.34821429
vt 0.51574901 0.34821429
vt 0.51574901 0.34821429
vt 0.51574901 0.34821429
vt 0.51574901 0.34821429
vt 0.51574901 0.34821429
vt 0.51574901 0.34821429
vt 0.51574901 0.34821429
vt 0.51574901 0.34821429
vt 0.51574901 0.34821429
vt 0.51574901 0.34821429
vt 0.51574901 0.34821429
vt 0.51574901 0.34821429
vt 0.51574901 0.34821429
vt 0.51574901 0.34821429
vt 0.51574901 0.34821429
vt 0.51574901 0.34821429
vt 0.51574901 0.34821429
vt 0.51574901 0.34821429
vt 0.51574901 0.34821429
vt 0.51574901 0.34821429
vt 0.51574901 0.34821429
vt 0.51574901 0.34821429
vt 0.51574901 0.34821429
vt 0.51574901 0.34821429
vt 0.51574901 0.34821429
vt 0.51574901 0.34821429
vt 0.51574901 0.34821429
vt 0.51574901 0.34821429
vt 0.51574901 0.34821429
vt 0.51574901 0.34821429
vt 0.51574901 0.34821429
vt 0.51574901 0.34821429
vt 0.51574901 0.34821429
vt 0.51574901 0.34821429
vt 0.51574901 0.34821429
vt 0.51574901 0.34821429
vt 0.42051091 0.34821429
vt 0.42051091 0.34821429
vt 0.42051091 0.34821429
vt 0.42051091 0.34821429
vt 0.42051091 0.34821429
vt 0.42051091 0.34821429
vt 0.42051091 0.34821429
vt 0.42051091 0.34821429
vt 0.42051091 0.34821429
vt 0.42051091 0.34821429
vt 0.42051091 0.34821429
vt 0.42051091 0.34821429
vt 0.42051091 0.34821429
vt 0.42051091 0.34821429
vt 0.42051091 0.34821429
vt 0.42051091 0.34821429
vt 0.42051091 0.34821429
vt 0.42051091 0.34821429
vt 0.42051091 0.34821429
vt 0.42051091 0.34821429
vt 0.42051091 0.34821429
vt 0.42051091 0.34821429
vt 0.42051091 0.34821429
vt 0.42051091 0.34821429
vt 0.42051091 0.34821429
vt 0.42051091 0.34821429
vt 0.42051091 0.34821429
vt 0.42051091 0.34821429
vt 0.42051091 0.34821429
vt 0.42051091 0.34821429
vt 0.42051091 0.34821429
vt 0.42051091 0.34821429
vt 0.42051091 0.34821429
vt 0.42051091 0.34821429
vt 0.42051091 0.34821429
vt 0.42051091 0.34821429
vt 0.42051091 0.34821429
vt 0.42051091 0.34821429
vt 0.42051091 0.34821429
vt 0.42051091 0.34821429
vt 0.42051091 0.34821429
vt 0.42051091 0.34821429
vt 0.42051091 0.34821429
vt 0.42051091 0.34821429
vt 0.42051091 0.34821429
vt 0.42051091 0.34821429
vt 0.42051091 0.34821429
vt 0.42051091 0.34821429
vt 0.42051091 0.34821429
vt 0.42051091 0.34821429
vt 0.42051091 0.34821429
vt 0.42051091 0.34821429
vt 0.42051091 0.34821429
vt 0.42051091 0.34821429
vt 0.42051091 0.34821429
vt 0.42051091 0.34821429
vt 0.42051091 0.34821429
vt 0.42051091 0.34821429
vt 0.42051091 0.34821429
vt 0.42051091 0.34821429
vt 0.42051091 0.34821429
vt 0.42051091 0.34821429
vt 0.42051091 0.34821429
vt 0.42051091 0.34821429
vt 0.42051091 0.34821429
vt 0.42051091 0.34821429
vt 0.42051091 0.34821429
vt 0.42051091 0.34821429
vt 0.42051091 0.34821429
vt 0.42051091 0.34821429
vt 0.42051091 0.34821429
vt 0.42051091 0.34821429
vt 0.42051091 0.34821429
vt 0.42051091 0.34821429
vt 0.42051091 0.34821429
vt 0.42051091 0.34821429
vt 0.42051091 0.34821429
vt 0.42051091 0.34821429
vt 0.42051091 0.34821429
vt 0.42051091 0.34821429
vt 0.42051091 0.34821429
vt 0.42051091 0.34821429
vt 0.42051091 0.34821429
vt 0.42051091 0.34821429
vt 0.42051091 0.34821429
vt 0.42051091 0.34821429
vt 0.42051091 0.34821429
vt 0.42051091 0.34821429
vt 0.42051091 0.34821429
vt 0.42051091 0.34821429
vt 0.42051091 0.34821429
vt 0.42051091 0.34821429
vt 0.42051091 0.34821429
vt 0.42051091 0.34821429
vt 0.42051091 0.34821429
vt 0.42051091 0.34821429
vt 0.42051091 0.34821429
vt 0.42051091 0.34821429
vt 0.42051091 0.34821429
vt 0.42051091 0.34821429
vt 0.42051091 0.34821429
vt 0.42051091 0.34821429
vt 0.42051091 0.34821429
vt 0.42051091 0.34821429
vt 0.42051091 0.34821429
vt 0.42051091 0.34821429
vt 0.42051091 0.34821429
vt 0.42051091 0.34821429
vt 0.42051091 0.34821429
vt 0.42051091 0.34821429
vt 0.42051091 0.34821429
vt 0.42051091 0.34821429
vt 0.42051091 0.34821429
vt 0.42051091 0.34821429
vt 0.42051091 0.34821429
vt 0.42051091 0.34821429
vt 0.42051091 0.34821429
vt 0.42051091 0.34821429
vt 0.42051091 0.34821429
vt 0.42051091 0.34821429
vt 0.42051091 0.34821429
vt 0.42051091 0.34821429
vt 0.42051091 0.34821429
vt 0.42051091 0.34821429
vt 0.42051091 0.34821429
vt 0.42051091 0.34821429
vt 0.42051091 0.34821429
vt 0.42051091 0.34821429
vt 0.42051091 0.34821429
vt 0.42051091 0.34821429
vt 0.42051091 0.34821429
vt 0.42051091 0.34821429
vt 0.42051091 0.34821429
vt 0.42051091 0.34821429
vt 0.42051091 0.34821429
vt 0.42051091 0.34821429
vt 0.42051091 0.34821429
vt 0.42051091 0.34821429
vt 0.42051091 0.34821429
vt 0.42051091 0.34821429
vt 0.42051091 0.34821429
vt 0.42051091 0.34821429
vt 0.42051091 0.34821429
vt 0.42051091 0.34821429
vt 0.42051091 0.34821429
vt 0.42051091 0.34821429
vt 0.42051091 0.34821429
vt 0.42051091 0.34821429
vt 0.42051091 0.34821429
vt 0.42051091 0.34821429
vt 0.42051091 0.34821429
vt 0.42051091 0.34821429
vt 0.42051091 0.34821429
vt 0.32527282 0.34821429
vt 0.32527282 0.34821429
vt 0.32527282 0.34821429
vt 0.32527282 0.34821429
vt 0.32527282 0.34821429
vt 0.32527282 0.34821429
vt 0.32527282 0.34821429
vt 0.32527282 0.34821429
vt 0.32527282 0.34821429
vt 0.32527282 0.34821429
vt 0.32527282 0.34821429
vt 0.32527282 0.34821429
vt 0.32527282 0.34821429
vt 0.32527282 0.34821429
vt 0.32527282 0.34821429
vt 0.32527282 0.34821429
vt 0.32527282 0.34821429
vt 0.32527282 0.34821429
vt 0.32527282 0.34821429
vt 0.32527282 0.34821429
vt 0.32527282 0.34821429
vt 0.32527282 0.34821429
vt 0.32527282 0.34821429
vt 0.32527282 0.34821429
vt 0.32527282 0.34821429
vt 0.32527282 0.34821429
vt 0.32527282 0.34821429
vt 0.32527282 0.34821429
vt 0.32527282 0.34821429
vt 0.32527282 0.34821429
vt 0.32527282 0.34821429
vt 0.32527282 0.34821429
vt 0.32527282 0.34821429
vt 0.32527282 0.34821429
vt 0.32527282 0.34821429
vt 0.32527282 0.34821429
vt 0.32527282 0.34821429
vt 0.32527282 0.34821429
vt 0.32527282 0.34821429
vt 0.32527282 0.34821429
vt 0.32527282 0.34821429
vt 0.32527282 0.34821429
vt 0.32527282 0.34821429
vt 0.32527282 0.34821429
vt 0.32527282 0.34821429
vt 0.32527282 0.34821429
vt 0.32527282 0.34821429
vt 0.32527282 0.34821429
vt 0.32527282 0.34821429
vt 0.32527282 0.34821429
vt 0.32527282 0.34821429
vt 0.32527282 0.34821429
vt 0.32527282 0.34821429
vt 0.32527282 0.34821429
vt 0.32527282 0.34821429
vt 0.32527282 0.34821429
vt 0.32527282 0.34821429
vt 0.32527282 0.34821429
vt 0.32527282 0.34821429
vt 0.32527282 0.34821429
vt 0.32527282 0.34821429
vt 0.32527282 0.34821429
vt 0.32527282 0.34821429
vt 0.32527282 0.34821429
vt 0.32527282 0.34821429
vt 0.32527282 0.34821429
vt 0.32527282 0.34821429
vt 0.32527282 0.34821429
vt 0.32527282 0.34821429
vt 0.32527282 0.34821429
vt 0.32527282 0.34821429
vt 0.32527282 0.34821429
vt 0.32527282 0.34821429
vt 0.32527282 0.34821429
vt 0.32527282 0.34821429
vt 0.32527282 0.34821429
vt 0.32527282 0.34821429
vt 0.32527282 0.34821429
vt 0.32527282 0.34821429
vt 0.32527282 0.34821429
vt 0.32527282 0.34821429
vt 0.32527282 0.34821429
vt 0.32527282 0.34821429
vt 0.32527282 0.34821429
vt 0.32527282 0.34821429
vt 0.32527282 0.34821429
vt 0.32527282 0.34821429
vt 0.32527282 0.34821429
vt 0.32527282 0.34821429
vt 0.32527282 0.34821429
vt 0.32527282 0.34821429
vt 0.32527282 0.34821429
vt 0.32527282 0.34821429
vt 0.32527282 0.34821429
vt 0.32527282 0.34821429
vt 0.32527282 0.34821429
vt 0.32527282 0.34821429
vt 0.32527282 0.34821429
vt 0.32527282 0.34821429
vt 0.32527282 0.34821429
vt 0.32527282 0.34821429
vt 0.32527282 0.34821429
vt 0.32527282 0.34821429
vt 0.32527282 0.34821429
vt 0.32527282 0.34821429
vt 0.32527282 0.34821429
vt 0.32527282 0.34821429
vt 0.32527282 0.34821429
vt 0.32527282 0.34821429
vt 0.32527282 0.34821429
vt 0.32527282 0.34821429
vt 0.32527282 0.34821429
vt 0.32527282 0.34821429
vt 0.32527282 0.34821429
vt 0.32527282 0.34821429
vt 0.32527282 0.34821429
vt 0.32527282 0.34821429
vt 0.32527282 0.34821429
vt 0.32527282 0.34821429
vt 0.32527282 0.34821429
vt 0.32527282 0.34821429
vt 0.32527282 0.34821429
vt 0.32527282 0.34821429
vt 0.32527282 0.34821429
vt 0.32527282 0.34821429
vt 0.32527282 0.34821429
vt 0.32527282 0.34821429
vt 0.32527282 0.34821429
vt 0.32527282 0.34821429
vt 0.32527282 0.34821429
vt 0.32527282 0.34821429
vt 0.32527282 0.34821429
vt 0.32527282 0.34821429
vt 0.32527282 0.34821429
vt 0.32527282 0.34821429
vt 0.32527282 0.34821429
vt 0.32527282 0.34821429
vt 0.32527282 0.34821429
vt 0.32527282 0.34821429
vt 0.32527282 0.34821429
vt 0.32527282 0.34821429
vt 0.32527282 0.34821429
vt 0.32527282 0.34821429
vt 0.32527282 0.34821429
vt 0.32527282 0.34821429
vt 0.32527282 0.34821429
vt 0.32527282 0.34821429
vt 0.32527282 0.34821429
vt 0.32527282 0.34821429
vt 0.32527282 0.34821429
vt 0.32527282 0.34821429
vt 0.32527282 0.34821429
vt 0.32527282 0.34821429
vt 0.32527282 0.34821429
vt 0.32527282 0.34821429
vt 0.32527282 0.34821429
vt 0.32527282 0.34821429
vt 0.32527282 0.34821429
vt 0.32527282 0.34821429
vt 0.32527282 0.34821429
vt 0.32527282 0.34821429
vt 0.32527282 0.34821429
vt 0.32527282 0.34821429
vt 0.32527282 0.34821429
vt 0.32527282 0.34821429
vt 0.32527282 0.34821429
vt 0.32527282 0.34821429
vt 0.32527282 0.34821429
vt 0.32527282 0.34821429
vt 0.32527282 0.34821429
vt 0.32527282 0.34821429
vt 0.32527282 0.34821429
vt 0.32527282 0.34821429
vt 0.32527282 0.34821429
vt 0.32527282 0.34821429
vt 0.32527282 0.34821429
vt 0.32527282 0.34821429
vt 0.32527282 0.34821429
vt 0.32527282 0.34821429
vt 0.32527282 0.34821429
vt 0.32527282 0.34821429
vt 0.32527282 0.34821429
vt 0.32527282 0.34821429
vt 0.32527282 0.34821429
vt 0.32527282 0.34821429
vt 0.32527282 0.34821429
vt 0.32527282 0.34821429
vt 0.32527282 0.34821429
vt 0.32527282 0.34821429
vt 0.32527282 0.34821429
vt 0.32527282 0.34821429
vt 0.32527282 0.34821429
vt 0.32527282 0.34821429
vt 0.32527282 0.34821429
vt 0.32527282 0.34821429
vt 0.32527282 0.34821429
vt 0.32527282 0.34821429
vt 0.32527282 0.34821429
vt 0.32527282 0.34821429
vt 0.32527282 0.34821429
vt 0.32527282 0.34821429
vt 0.32527282 0.34821429
vt 0.32527282 0.34821429
vt 0.32527282 0.34821429
vt 0.32527282 0.34821429
vt 0.32527282 0.34821429
vt 0.32527282 0.34821429
vt 0.32527282 0.34821429
vt 0.32527282 0.34821429
vt 0.32527282 0.34821429
vt 0.32527282 0.34821429
vt 0.32527282 0.34821429
vt 0.32527282 0.34821429
vt 0.32527282 0.34821429
vt 0.32527282 0.34821429
vt 0.32527282 0.34821429
vt 0.32527282 0.34821429
vt 0.32527282 0.34821429
vt 0.32527282 0.34821429
vt 0.32527282 0.34821429
vt 0.32527282 0.34821429
vt 0.32527282 0.34821429
vt 0.32527282 0.34821429
vt 0.32527282 0.34821429
vt 0.32527282 0.34821429
vt 0.32527282 0.34821429
vt 0.32527282 0.34821429
vt 0.32527282 0.34821429
vt 0.32527282 0.34821429
vt 0.32527282 0.34821429
vt 0.32527282 0.34821429
vt 0.32527282 0.34821429
vt 0.32527282 0.34821429
vt 0.32527282 0.34821429
vt 0.32527282 0.34821429
vt 0.32527282 0.34821429
vt 0.32527282 0.34821429
vt 0.32527282 0.34821429
vt 0.32527282 0.34821429
vt 0.32527282 0.34821429
vt 0.32527282 0.34821429
vt 0.32527282 0.34821429
vt 0.32527282 0.34821429
vt 0.32527282 0.34821429
vt 0.32527282 0.34821429
vt 0.32527282 0.34821429
vt 0.32527282 0.34821429
vt 0.32527282 0.34821429
vt 0.32527282 0.34821429
vt 0.32527282 0.34821429
vt 0.32527282 0.34821429
vt 0.32527282 0.34821429
vt 0.32527282 0.34821429
vt 0.32527282 0.34821429
vt 0.32527282 0.34821429
vt 0.32527282 0.34821429
vt 0.32527282 0.34821429
vt 0.32527282 0.34821429
vt 0.32527282 0.34821429
vt 0.32527282 0.34821429
vt 0.32527282 0.34821429
vt 0.32527282 0.34821429
vt 0.32527282 0.34821429
vt 0.32527282 0.34821429
vt 0.32527282 0.34821429
vt 0.32527282 0.34821429
vt 0.32527282 0.34821429
vt 0.32527282 0.34821429
vt 0.32527282 0.34821429
vt 0.32527282 0.34821429
vt 0.32527282 0.34821429
vt 0.32527282 0.34821429
vt 0.32527282 0.34821429
vt 0.32527282 0.34821429
vt 0.32527282 0.34821429
vt 0.32527282 0.34821429
vt 0.32527282 0.34821429
vt 0.32527282 0.34821429
vt 0.32527282 0.34821429
vt 0.32527282 0.34821429
vt 0.32527282 0.34821429
vt 0.32527282 0.34821429
vt 0.32527282 0.34821429
vt 0.32527282 0.34821429
vt 0.32527282 0.34821429
vt 0.32527282 0.34821429
vt 0.32527282 0.34821429
vt 0.32527282 0.34821429
vt 0.32527282 0.34821429
vt 0.32527282 0.34821429
vt 0.32527282 0.34821429
vt 0.32527282 0.34821429
vt 0.32527282 0.34821429
vt 0.32527282 0.34821429
vt 0.32527282 0.34821429
vt 0.32527282 0.34821429
vt 0.32527282 0.34821429
vt 0.32527282 0.34821429
vt 0.32527282 0.34821429
vt 0.32527282 0.34821429
vt 0.32527282 0.34821429
vt 0.32527282 0.34821429
vt 0.32527282 0.34821429
vt 0.32527282 0.34821429
vt 0.32527282 0.34821429
vt 0.32527282 0.34821429
vt 0.32527282 0.34821429
vt 0.32527282 0.34821429
vt 0.32527282 0.34821429
vt 0.32527282 0.34821429
vt 0.32527282 0.34821429
vt 0.32527282 0.34821429
vt 0.32527282 0.34821429
vt 0.32527282 0.34821429
vt 0.32527282 0.34821429
vt 0.32527282 0.34821429
vt 0.32527282 0.34821429
vt 0.32527282 0.34821429
vt 0.32527282 0.34821429
vt 0.32527282 0.34821429
vt 0.32527282 0.34821429
vt 0.32527282 0.34821429
vt 0.32527282 0.34821429
vt 0.32527282 0.34821429
vt 0.32527282 0.34821429
vt 0.32527282 0.34821429
vt 0.32527282 0.34821429
vt 0.32527282 0.34821429
vt 0.32527282 0.34821429
vt 0.32527282 0.34821429
vt 0.32527282 0.34821429
vt 0.32527282 0.34821429
vt 0.32527282 0.34821429
vt 0.32527282 0.34821429
vt 0.32527282 0.34821429
vt 0.32527282 0.34821429
vt 0.32527282 0.34821429
vt 0.32527282 0.34821429
vt 0.32527282 0.34821429
vt 0.32527282 0.34821429
vt 0.32527282 0.34821429
vt 0.32527282 0.34821429
vt 0.32527282 0.34821429
vt 0.32527282 0.34821429
vt 0.32527282 0.34821429
vt 0.32527282 0.34821429
vt 0.32527282 0.34821429
vt 0.32527282 0.34821429
vt 0.32527282 0.34821429
vt 0.32527282 0.34821429
vt 0.32527282 0.34821429
vt 0.32527282 0.34821429
vt 0.32527282 0.34821429
vt 0.32527282 0.34821429
vt 0.32527282 0.34821429
vt 0.32527282 0.34821429
vt 0.32527282 0.34821429
vt 0.32527282 0.34821429
vt 0.32527282 0.34821429
vt 0.32527282 0.34821429
vt 0.32527282 0.34821429
vt 0.32527282 0.34821429
vt 0.32527282 0.34821429
vt 0.23003472 0.34821429
vt 0.23003472 0.34821429
vt 0.23003472 0.34821429
vt 0.23003472 0.34821429
vt 0.23003472 0.34821429
vt 0.23003472 0.34821429
vt 0.23003472 0.34821429
vt 0.23003472 0.34821429
vt 0.23003472 0.34821429
vt 0.23003472 0.34821429
vt 0.23003472 0.34821429
vt 0.23003472 0.34821429
vt 0.23003472 0.34821429
vt 0.23003472 0.34821429
vt 0.23003472 0.34821429
vt 0.23003472 0.34821429
vt 0.23003472 0.34821429
vt 0.23003472 0.34821429
vt 0.23003472 0.34821429
vt 0.23003472 0.34821429
vt 0.23003472 0.34821429
vt 0.23003472 0.34821429
vt 0.23003472 0.34821429
vt 0.23003472 0.34821429
vt 0.23003472 0.34821429
vt 0.23003472 0.34821429
vt 0.23003472 0.34821429
vt 0.23003472 0.34821429
vt 0.23003472 0.34821429
vt 0.23003472 0.34821429
vt 0.23003472 0.34821429
vt 0.23003472 0.34821429
vt 0.23003472 0.34821429
vt 0.23003472 0.34821429
vt 0.23003472 0.34821429
vt 0.23003472 0.34821429
vt 0.23003472 0.34821429
vt 0.23003472 0.34821429
vt 0.23003472 0.34821429
vt 0.23003472 0.34821429
vt 0.23003472 0.34821429
vt 0.23003472 0.34821429
vt 0.23003472 0.34821429
vt 0.23003472 0.34821429
vt 0.23003472 0.34821429
vt 0.23003472 0.34821429
vt 0.23003472 0.34821429
vt 0.23003472 0.34821429
vt 0.23003472 0.34821429
vt 0.23003472 0.34821429
vt 0.23003472 0.34821429
vt 0.23003472 0.34821429
vt 0.23003472 0.34821429
vt 0.23003472 0.34821429
vt 0.23003472 0.34821429
vt 0.23003472 0.34821429
vt 0.23003472 0.34821429
vt 0.23003472 0.34821429
vt 0.23003472 0.34821429
vt 0.23003472 0.34821429
vt 0.23003472 0.34821429
vt 0.23003472 0.34821429
vt 0.23003472 0.34821429
vt 0.23003472 0.34821429
vt 0.23003472 0.34821429
vt 0.23003472 0.34821429
vt 0.23003472 0.34821429
vt 0.23003472 0.34821429
vt 0.23003472 0.34821429
vt 0.23003472 0.34821429
vt 0.23003472 0.34821429
vt 0.23003472 0.34821429
vt 0.23003472 0.34821429
vt 0.23003472 0.34821429
vt 0.23003472 0.34821429
vt 0.23003472 0.34821429
vt 0.23003472 0.34821429
vt 0.23003472 0.34821429
vt 0.23003472 0.34821429
vt 0.23003472 0.34821429
vt 0.23003472 0.34821429
vt 0.23003472 0.34821429
vt 0.23003472 0.34821429
vt 0.23003472 0.34821429
vt 0.23003472 0.34821429
vt 0.23003472 0.34821429
vt 0.23003472 0.34821429
vt 0.23003472 0.34821429
vt 0.23003472 0.34821429
vt 0.23003472 0.34821429
vt 0.23003472 0.34821429
vt 0.23003472 0.34821429
vt 0.23003472 0.34821429
vt 0.23003472 0.34821429
vt 0.23003472 0.34821429
vt 0.23003472 0.34821429
vt 0.23003472 0.34821429
vt 0.23003472 0.34821429
vt 0.23003472 0.34821429
vt 0.23003472 0.34821429
vt 0.23003472 0.34821429
vt 0.23003472 0.34821429
vt 0.23003472 0.34821429
vt 0.23003472 0.34821429
vt 0.23003472 0.34821429
vt 0.23003472 0.34821429
vt 0.23003472 0.34821429
vt 0.23003472 0.34821429
vt 0.23003472 0.34821429
vt 0.23003472 0.34821429
vt 0.23003472 0.34821429
vt 0.23003472 0.34821429
vt 0.23003472 0.34821429
vt 0.23003472 0.34821429
vt 0.23003472 0.34821429
vt 0.23003472 0.34821429
vt 0.23003472 0.34821429
vt 0.23003472 0.34821429
vt 0.23003472 0.34821429
vt 0.23003472 0.34821429
vt 0.23003472 0.34821429
vt 0.23003472 0.34821429
vt 0.23003472 0.34821429
vt 0.23003472 0.34821429
vt 0.23003472 0.34821429
vt 0.23003472 0.34821429
vt 0.23003472 0.34821429
vt 0.23003472 0.34821429
vt 0.23003472 0.34821429
vt 0.23003472 0.34821429
vt 0.23003472 0.34821429
vt 0.23003472 0.34821429
vt 0.23003472 0.34821429
vt 0.23003472 0.34821429
vt 0.23003472 0.34821429
vt 0.23003472 0.34821429
vt 0.23003472 0.34821429
vt 0.23003472 0.34821429
vt 0.23003472 0.34821429
vt 0.23003472 0.34821429
vt 0.23003472 0.34821429
vt 0.23003472 0.34821429
vt 0.23003472 0.34821429
vt 0.23003472 0.34821429
vt 0.23003472 0.34821429
vt 0.23003472 0.34821429
vt 0.23003472 0.34821429
vt 0.23003472 0.34821429
vt 0.23003472 0.34821429
vt 0.23003472 0.34821429
vt 0.23003472 0.34821429
vt 0.23003472 0.34821429
vt 0.23003472 0.34821429
vt 0.23003472 0.34821429
vt 0.23003472 0.34821429
vt 0.23003472 0.34821429
vt 0.23003472 0.34821429
vt 0.23003472 0.34821429
vt 0.23003472 0.34821429
vt 0.23003472 0.34821429
vt 0.23003472 0.34821429
vt 0.23003472 0.34821429
vt 0.23003472 0.34821429
vt 0.23003472 0.34821429
vt 0.23003472 0.34821429
vt 0.23003472 0.34821429
vt 0.23003472 0.34821429
vt 0.23003472 0.34821429
vt 0.23003472 0.34821429
vt 0.23003472 0.34821429
vt 0.23003472 0.34821429
vt 0.23003472 0.34821429
vt 0.23003472 0.34821429
vt 0.23003472 0.34821429
vt 0.23003472 0.34821429
vt 0.23003472 0.34821429
vt 0.23003472 0.34821429
vt 0.23003472 0.34821429
vt 0.23003472 0.34821429
vt 0.23003472 0.34821429
vt 0.23003472 0.34821429
vt 0.23003472 0.34821429
vt 0.23003472 0.34821429
vt 0.23003472 0.34821429
vt 0.23003472 0.34821429
vt 0.23003472 0.34821429
vt 0.23003472 0.34821429
vt 0.23003472 0.34821429
vt 0.23003472 0.34821429
vt 0.23003472 0.34821429
vt 0.23003472 0.34821429
vt 0.23003472 0.34821429
vt 0.23003472 0.34821429
vt 0.23003472 0.34821429
vt 0.23003472 0.34821429
vt 0.23003472 0.34821429
vt 0.23003472 0.34821429
vt 0.23003472 0.34821429
vt 0.23003472 0.34821429
vt 0.23003472 0.34821429
vt 0.23003472 0.34821429
vt 0.23003472 0.34821429
vt 0.23003472 0.34821429
vt 0.23003472 0.34821429
vt 0.23003472 0.34821429
vt 0.23003472 0.34821429
vt 0.23003472 0.34821429
vt 0.23003472 0.34821429
vt 0.23003472 0.34821429
vt 0.23003472 0.34821429
vt 0.23003472 0.34821429
vt 0.23003472 0.34821429
vt 0.23003472 0.34821429
vt 0.23003472 0.34821429
vt 0.23003472 0.34821429
vt 0.23003472 0.34821429
vt 0.23003472 0.34821429
vt 0.23003472 0.34821429
vt 0.23003472 0.34821429
vt 0.23003472 0.34821429
vt 0.23003472 0.34821429
vt 0.23003472 0.34821429
vt 0.23003472 0.34821429
vt 0.23003472 0.34821429
vt 0.23003472 0.34821429
vt 0.23003472 0.34821429
vt 0.23003472 0.34821429
vt 0.23003472 0.34821429
vt 0.23003472 0.34821429
vt 0.23003472 0.34821429
vt 0.23003472 0.34821429
vt 0.23003472 0.34821429
vt 0.23003472 0.34821429
vt 0.23003472 0.34821429
vt 0.23003472 0.34821429
vt 0.23003472 0.34821429
vt 0.23003472 0.34821429
vt 0.23003472 0.34821429
vt 0.23003472 0.34821429
vt 0.23003472 0.34821429
vt 0.23003472 0.34821429
vt 0.23003472 0.34821429
vt 0.23003472 0.34821429
vt 0.23003472 0.34821429
vt 0.23003472 0.34821429
vt 0.23003472 0.34821429
vt 0.23003472 0.34821429
vt 0.23003472 0.34821429
vt 0.23003472 0.34821429
vt 0.23003472 0.34821429
vt 0.23003472 0.34821429
vt 0.23003472 0.34821429
vt 0.23003472 0.34821429
vt 0.23003472 0.34821429
vt 0.23003472 0.34821429
vt 0.23003472 0.34821429
vt 0.23003472 0.34821429
vt 0.23003472 0.34821429
vt 0.23003472 0.34821429
vt 0.23003472 0.34821429
vt 0.23003472 0.34821429
vt 0.23003472 0.34821429
vt 0.23003472 0.34821429
vt 0.23003472 0.34821429
vt 0.23003472 0.34821429
vt 0.23003472 0.34821429
vt 0.23003472 0.34821429
vt 0.23003472 0.34821429
vt 0.23003472 0.34821429
vt 0.23003472 0.34821429
vt 0.23003472 0.34821429
vt 0.23003472 0.34821429
vt 0.23003472 0.34821429
vt 0.23003472 0.34821429
vt 0.23003472 0.34821429
vt 0.23003472 0.34821429
vt 0.23003472 0.34821429
vt 0.23003472 0.34821429
vt 0.23003472 0.34821429
vt 0.23003472 0.34821429
vt 0.23003472 0.34821429
vt 0.23003472 0.34821429
vt 0.23003472 0.34821429
vt 0.23003472 0.34821429
vt 0.23003472 0.34821429
vt 0.23003472 0.34821429
vt 0.23003472 0.34821429
vt 0.23003472 0.34821429
vt 0.23003472 0.34821429
vt 0.23003472 0.34821429
vt 0.23003472 0.34821429
vt 0.23003472 0.34821429
vt 0.23003472 0.34821429
vt 0.23003472 0.34821429
vt 0.23003472 0.34821429
vt 0.23003472 0.34821429
vt 0.23003472 0.34821429
vt 0.23003472 0.34821429
vt 0.23003472 0.34821429
vt 0.23003472 0.34821429
vt 0.23003472 0.34821429
vt 0.23003472 0.34821429
vt 0.23003472 0.34821429
vt 0.23003472 0.34821429
vt 0.23003472 0.34821429
vt 0.23003472 0.34821429
vt 0.23003472 0.34821429
vt 0.23003472 0.34821429
vt 0.23003472 0.34821429
vt 0.23003472 0.34821429
vt 0.23003472 0.34821429
vt 0.23003472 0.34821429
vt 0.23003472 0.34821429
vt 0.23003472 0.34821429
vt 0.23003472 0.34821429
vt 0.23003472 0.34821429
vt 0.23003472 0.34821429
vt 0.23003472 0.34821429
vt 0.23003472 0.34821429
vt 0.23003472 0.34821429
vt 0.23003472 0.34821429
vt 0.23003472 0.34821429
vt 0.23003472 0.34821429
vt 0.23003472 0.34821429
vt 0.23003472 0.34821429
vt 0.23003472 0.34821429
vt 0.23003472 0.34821429
vt 0.23003472 0.34821429
vt 0.23003472 0.34821429
vt 0.23003472 0.34821429
vt 0.23003472 0.34821429
vt 0.23003472 0.34821429
vt 0.23003472 0.34821429
vt 0.23003472 0.34821429
vt 0.23003472 0.34821429
vt 0.23003472 0.34821429
vt 0.23003472 0.34821429
vt 0.23003472 0.34821429
vt 0.23003472 0.34821429
vt 0.23003472 0.34821429
vt 0.23003472 0.34821429
vt 0.23003472 0.34821429
vt 0.23003472 0.34821429
vt 0.23003472 0.34821429
vt 0.23003472 0.34821429
vt 0.23003472 0.34821429
vt 0.23003472 0.34821429
vt 0.23003472 0.34821429
vt 0.23003472 0.34821429
vt 0.23003472 0.34821429
vt 0.23003472 0.34821429
vt 0.23003472 0.34821429
vt 0.23003472 0.34821429
vt 0.23003472 0.34821429
vt 0.23003472 0.34821429
vt 0.23003472 0.34821429
vt 0.23003472 0.34821429
vt 0.23003472 0.34821429
vt 0.23003472 0.34821429
vt 0.23003472 0.34821429
vt 0.23003472 0.34821429
vt 0.23003472 0.34821429
vt 0.23003472 0.34821429
vt 0.23003472 0.34821429
vt 0.23003472 0.34821429
vt 0.23003472 0.34821429
vt 0.23003472 0.34821429
vt 0.23003472 0.34821429
vt 0.23003472 0.34821429
vt 0.23003472 0.34821429
vt 0.23003472 0.34821429
vt 0.23003472 0.34821429
vt 0.23003472 0.34821429
vt 0.23003472 0.34821429
vt 0.23003472 0.34821429
vt 0.23003472 0.34821429
vt 0.23003472 0.34821429
vt 0.23003472 0.34821429
vt 0.23003472 0.34821429
vt 0.23003472 0.34821429
vt 0.23003472 0.34821429
vt 0.23003472 0.34821429
vt 0.23003472 0.34821429
vt 0.23003472 0.34821429
vt 0.23003472 0.34821429
vt 0.23003472 0.34821429
vt 0.23003472 0.34821429
vt 0.23003472 0.34821429
vt 0.23003472 0.34821429
vt 0.23003472 0.34821429
vt 0.23003472 0.34821429
vt 0.23003472 0.34821429
vt 0.23003472 0.34821429
vt 0.23003472 0.34821429
vt 0.23003472 0.34821429
vt 0.23003472 0.34821429
vt 0.23003472 0.34821429
vt 0.23003472 0.34821429
vt 0.23003472 0.34821429
vt 0.23003472 0.34821429
vt 0.23003472 0.34821429
vt 0.23003472 0.34821429
vt 0.23003472 0.34821429
vt 0.23003472 0.34821429
vt 0.23003472 0.34821429
vt 0.23003472 0.34821429
vt 0.23003472 0.34821429
vt 0.23003472 0.34821429
vt 0.23003472 0.34821429
vt 0.23003472 0.34821429
vt 0.23003472 0.34821429
vt 0.23003472 0.34821429
vt 0.23003472 0.34821429
vt 0.23003472 0.34821429
vt 0.23003472 0.34821429
vt 0.23003472 0.34821429
vt 0.23003472 0.34821429
vt 0.23003472 0.34821429
vt 0.23003472 0.34821429
vt 0.23003472 0.34821429
vt 0.23003472 0.34821429
vt 0.23003472 0.34821429
vt 0.23003472 0.34821429
vt 0.23003472 0.34821429
vt 0.23003472 0.34821429
vt 0.23003472 0.34821429
vt 0.23003472 0.34821429
vt 0.23003472 0.34821429
vt 0.23003472 0.34821429
vt 0.23003472 0.34821429
vt 0.23003472 0.34821429
vt 0.23003472 0.34821429
vt 0.23003472 0.34821429
vt 0.23003472 0.34821429
vt 0.23003472 0.34821429
vt 0.23003472 0.34821429
vt 0.23003472 0.34821429
vt 0.23003472 0.34821429
vt 0.23003472 0.34821429
vt 0.23003472 0.34821429
vt 0.23003472 0.34821429
vt 0.23003472 0.34821429
vt 0.23003472 0.34821429
vt 0.23003472 0.34821429
vt 0.23003472 0.34821429
vt 0.23003472 0.34821429
vt 0.23003472 0.34821429
vt 0.23003472 0.34821429
vt 0.23003472 0.34821429
vt 0.23003472 0.34821429
vt 0.23003472 0.34821429
vt 0.23003472 0.34821429
vt 0.23003472 0.34821429
vt 0.23003472 0.34821429
vt 0.23003472 0.34821429
vt 0.23003472 0.34821429
vt 0.23003472 0.34821429
vt 0.23003472 0.34821429
vt 0.23003472 0.34821429
vt 0.23003472 0.34821429
vt 0.23003472 0.34821429
vt 0.23003472 0.34821429
vt 0.23003472 0.34821429
vt 0.23003472 0.34821429
vt 0.23003472 0.34821429
vt 0.23003472 0.34821429
vt 0.23003472 0.34821429
vt 0.23003472 0.34821429
vt 0.23003472 0.34821429
vt 0.23003472 0.34821429
vt 0.23003472 0.34821429
vt 0.23003472 0.34821429
vt 0.23003472 0.34821429
vt 0.23003472 0.34821429
vt 0.23003472 0.34821429
vt 0.23003472 0.34821429
vt 0.23003472 0.34821429
vt 0.23003472 0.34821429
vt 0.23003472 0.34821429
vt 0.23003472 0.34821429
vt 0.23003472 0.34821429
vt 0.23003472 0.34821429
vt 0.23003472 0.34821429
vt 0.23003472 0.34821429
vt 0.23003472 0.34821429
vt 0.23003472 0.34821429
vt 0.23003472 0.34821429
vt 0.23003472 0.34821429
vt 0.23003472 0.34821429
vt 0.23003472 0.34821429
vt 0.23003472 0.34821429
vt 0.23003472 0.34821429
vt 0.23003472 0.34821429
vt 0.23003472 0.34821429
vt 0.23003472 0.34821429
vt 0.23003472 0.34821429
vt 0.23003472 0.34821429
vt 0.23003472 0.34821429
vt 0.23003472 0.34821429
vt 0.23003472 0.34821429
vt 0.23003472 0.34821429
vt 0.23003472 0.34821429
vt 0.23003472 0.34821429
vt 0.23003472 0.34821429
vt 0.23003472 0.34821429
vt 0.23003472 0.34821429
vt 0.23003472 0.34821429
vt 0.23003472 0.34821429
vt 0.23003472 0.34821429
vt 0.23003472 0.34821429
vt 0.23003472 0.34821429
vt 0.23003472 0.34821429
vt 0.23003472 0.34821429
vt 0.23003472 0.34821429
vt 0.23003472 0.34821429
vt 0.23003472 0.34821429
vt 0.23003472 0.34821429
vt 0.23003472 0.34821429
vt 0.23003472 0.34821429
vt 0.23003472 0.34821429
vt 0.23003472 0.34821429
vt 0.23003472 0.34821429
vt 0.23003472 0.34821429
vt 0.23003472 0.34821429
vt 0.23003472 0.34821429
vt 0.23003472 0.34821429
vt 0.23003472 0.34821429
vt 0.23003472 0.34821429
vt 0.23003472 0.34821429
vt 0.23003472 0.34821429
vt 0.23003472 0.34821429
vt 0.23003472 0.34821429
vt 0.23003472 0.34821429
vt 0.23003472 0.34821429
vt 0.23003472 0.34821429
vt 0.13479663 0.34821429
vt 0.13479663 0.34821429
vt 0.13479663 0.34821429
vt 0.13479663 0.34821429
vt 0.13479663 0.34821429
vt 0.13479663 0.34821429
vt 0.13479663 0.34821429
vt 0.13479663 0.34821429
vt 0.13479663 0.34821429
vt 0.13479663 0.34821429
vt 0.13479663 0.34821429
vt 0.13479663 0.34821429
vt 0.13479663 0.34821429
vt 0.13479663 0.34821429
vt 0.13479663 0.34821429
vt 0.13479663 0.34821429
vt 0.13479663 0.34821429
vt 0.13479663 0.34821429
vt 0.13479663 0.34821429
vt 0.13479663 0.34821429
vt 0.13479663 0.34821429
vt 0.13479663 0.34821429
vt 0.13479663 0.34821429
vt 0.13479663 0.34821429
vt 0.13479663 0.34821429
vt 0.13479663 0.34821429
vt 0.13479663 0.34821429
vt 0.13479663 0.34821429
vt 0.13479663 0.34821429
vt 0.13479663 0.34821429
vt 0.13479663 0.34821429
vt 0.13479663 0.34821429
vt 0.13479663 0.34821429
vt 0.13479663 0.34821429
vt 0.13479663 0.34821429
vt 0.13479663 0.34821429
vt 0.13479663 0.34821429
vt 0.13479663 0.34821429
vt 0.13479663 0.34821429
vt 0.13479663 0.34821429
vt 0.13479663 0.34821429
vt 0.13479663 0.34821429
vt 0.13479663 0.34821429
vt 0.13479663 0.34821429
vt 0.13479663 0.34821429
vt 0.13479663 0.34821429
vt 0.13479663 0.34821429
vt 0.13479663 0.34821429
vt 0.03955853 0.34821429
vt 0.03955853 0.34821429
vt 0.03955853 0.34821429
vt 0.03955853 0.34821429
vt 0.03955853 0.34821429
vt 0.03955853 0.34821429
vt 0.03955853 0.34821429
vt 0.03955853 0.34821429
vt 0.03955853 0.34821429
vt 0.03955853 0.34821429
vt 0.03955853 0.34821429
vt 0.03955853 0.34821429
vt 0.03955853 0.34821429
vt 0.03955853 0.34821429
vt 0.03955853 0.34821429
vt 0.03955853 0.34821429
vt 0.03955853 0.34821429
vt 0.03955853 0.34821429
vt 0.03955853 0.34821429
vt 0.03955853 0.34821429
vt 0.03955853 0.34821429
vt 0.03955853 0.34821429
vt 0.03955853 0.34821429
vt 0.03955853 0.34821429
vt 0.03955853 0.34821429
vt 0.03955853 0.34821429
vt 0.03955853 0.34821429
vt 0.03955853 0.34821429
vt 0.03955853 0.34821429
vt 0.03955853 0.34821429
vt 0.03955853 0.34821429
vt 0.03955853 0.34821429
vt 0.03955853 0.34821429
vt 0.03955853 0.34821429
vt 0.03955853 0.34821429
vt 0.03955853 0.34821429
f 31/31/31 2/2/2 4/4/4
f 5/5/5 6/6/6 8/8/8
f 8/8/8 6/6/6 10/10/10
f 7/7/7 11/11/11 9/9/9
f 9/9/9 11/11/11 14/14/14
f 12/12/12 3/3/3 13/13/13
f 13/13/13 3/3/3 16/16/16
f 4/4/4 2/2/2 15/15/15
f 15/15/15 2/2/2 18/18/18
f 17/17/17 20/20/20 22/22/22
f 21/21/21 19/19/19 23/23/23
f 23/23/23 19/19/19 24/24/24
f 19/19/19 26/26/26 24/24/24
f 26/26/26 28/28/28 24/24/24
f 28/28/28 30/30/30 24/24/24
f 32/32/32 33/33/33 35/35/35
f 34/34/34 37/37/37 36/36/36
f 36/36/36 37/37/37 39/39/39
f 37/37/37 40/40/40 39/39/39
f 39/39/39 40/40/40 42/42/42
f 42/42/42 40/40/40 44/44/44
f 44/44/44 40/40/40 46/46/46
f 46/46/46 40/40/40 48/48/48
f 40/40/40 49/49/49 48/48/48
f 48/48/48 49/49/49 51/51/51
f 51/51/51 49/49/49 53/53/53
f 53/53/53 49/49/49 55/55/55
f 55/55/55 49/49/49 57/57/57
f 57/57/57 49/49/49 59/59/59
f 59/59/59 49/49/49 61/61/61
f 49/49/49 62/62/62 61/61/61
f 61/61/61 62/62/62 64/64/64
f 64/64/64 62/62/62 66/66/66
f 66/66/66 62/62/62 68/68/68
f 68/68/68 62/62/62 70/70/70
f 70/70/70 62/62/62 72/72/72
f 72/72/72 62/62/62 74/74/74
f 62/62/62 24/24/24 74/74/74
f 74/74/74 24/24/24 75/75/75
f 24/24/24 30/30/30 75/75/75
f 76/76/76 29/29/29 78/78/78
f 78/78/78 29/29/29 80/80/80
f 29/29/29 27/27/27 80/80/80
f 80/80/80 27/27/27 82/82/82
f 27/27/27 25/25/25 82/82/82
f 82/82/82 25/25/25 84/84/84
f 25/25/25 20/20/20 84/84/84
f 84/84/84 20/20/20 86/86/86
f 20/20/20 17/17/17 86/86/86
f 86/86/86 17/17/17 88/88/88
f 17/17/17 1/1/1 88/88/88
f 88/88/88 1/1/1 90/90/90
f 1/1/1 32/32/32 90/90/90
f 32/32/32 35/35/35 90/90/90
f 35/35/35 38/38/38 90/90/90
f 90/90/90 38/38/38 92/92/92
f 38/38/38 41/41/41 92/92/92
f 92/92/92 41/41/41 94/94/94
f 41/41/41 43/43/43 94/94/94
f 94/94/94 43/43/43 96/96/96
f 43/43/43 45/45/45 96/96/96
f 96/96/96 45/45/45 98/98/98
f 45/45/45 47/47/47 98/98/98
f 98/98/98 47/47/47 100/100/100
f 47/47/47 50/50/50 100/100/100
f 100/100/100 50/50/50 102/102/102
f 50/50/50 52/52/52 102/102/102
f 102/102/102 52/52/52 104/104/104
f 52/52/52 54/54/54 104/104/104
f 104/104/104 54/54/54 106/106/106
f 54/54/54 56/56/56 106/106/106
f 106/106/106 56/56/56 108/108/108
f 56/56/56 58/58/58 108/108/108
f 108/108/108 58/58/58 110/110/110
f 58/58/58 60/60/60 110/110/110
f 110/110/110 60/60/60 112/112/112
f 60/60/60 63/63/63 112/112/112
f 112/112/112 63/63/63 114/114/114
f 63/63/63 65/65/65 114/114/114
f 114/114/114 65/65/65 116/116/116
f 65/65/65 67/67/67 116/116/116
f 116/116/116 67/67/67 118/118/118
f 67/67/67 69/69/69 118/118/118
f 118/118/118 69/69/69 120/120/120
f 69/69/69 71/71/71 120/120/120
f 120/120/120 71/71/71 122/122/122
f 71/71/71 73/73/73 122/122/122
f 122/122/122 73/73/73 123/123/123
f 73/73/73 76/76/76 123/123/123
f 76/76/76 78/78/78 123/123/123
f 124/124/124 77/77/77 126/126/126
f 126/126/126 77/77/77 128/128/128
f 77/77/77 79/79/79 128/128/128
f 128/128/128 79/79/79 130/130/130
f 79/79/79 81/81/81 130/130/130
f 130/130/130 81/81/81 132/132/132
f 81/81/81 83/83/83 132/132/132
f 132/132/132 83/83/83 134/134/134
f 83/83/83 85/85/85 134/134/134
f 134/134/134 85/85/85 136/136/136
f 85/85/85 87/87/87 136/136/136
f 136/136/136 87/87/87 138/138/138
f 87/87/87 89/89/89 138/138/138
f 138/138/138 89/89/89 140/140/140
f 89/89/89 91/91/91 140/140/140
f 140/140/140 91/91/91 142/142/142
f 91/91/91 93/93/93 142/142/142
f 142/142/142 93/93/93 144/144/144
f 93/93/93 95/95/95 144/144/144
f 144/144/144 95/95/95 146/146/146
f 95/95/95 97/97/97 146/146/146
f 146/146/146 97/97/97 148/148/148
f 97/97/97 99/99/99 148/148/148
f 148/148/148 99/99/99 150/150/150
f 99/99/99 101/101/101 150/150/150
f 150/150/150 101/101/101 152/152/152
f 101/101/101 103/103/103 152/152/152
f 152/152/152 103/103/103 154/154/154
f 103/103/103 105/105/105 154/154/154
f 154/154/154 105/105/105 156/156/156
f 105/105/105 107/107/107 156/156/156
f 156/156/156 107/107/107 158/158/158
f 107/107/107 109/109/109 158/158/158
f 158/158/158 109/109/109 160/160/160
f 109/109/109 111/111/111 160/160/160
f 160/160/160 111/111/111 162/162/162
f 111/111/111 113/113/113 162/162/162
f 162/162/162 113/113/113 164/164/164
f 113/113/113 115/115/115 164/164/164
f 164/164/164 115/115/115 166/166/166
f 115/115/115 117/117/117 166/166/166
f 166/166/166 117/117/117 168/168/168
f 117/117/117 119/119/119 168/168/168
f 168/168/168 119/119/119 170/170/170
f 119/119/119 121/121/121 170/170/170
f 170/170/170 121/121/121 171/171/171
f 121/121/121 124/124/124 171/171/171
f 124/124/124 126/126/126 171/171/171
f 172/172/172 125/125/125 173/173/173
f 125/125/125 127/127/127 173/173/173
f 127/127/127 129/129/129 173/173/173
f 129/129/129 131/131/131 173/173/173
f 131/131/131 133/133/133 173/173/173
f 133/133/133 135/135/135 173/173/173
f 135/135/135 137/137/137 173/173/173
f 137/137/137 139/139/139 173/173/173
f 139/139/139 141/141/141 173/173/173
f 141/141/141 143/143/143 173/173/173
f 143/143/143 145/145/145 173/173/173
f 145/145/145 147/147/147 173/173/173
f 147/147/147 149/149/149 173/173/173
f 149/149/149 151/151/151 173/173/173
f 151/151/151 153/153/153 173/173/173
f 153/153/153 155/155/155 173/173/173
f 155/155/155 157/157/157 173/173/173
f 157/157/157 159/159/159 173/173/173
f 159/159/159 161/161/161 173/173/173
f 161/161/161 163/163/163 173/173/173
f 163/163/163 165/165/165 173/173/173
f 165/165/165 167/167/167 173/173/173
f 167/167/167 169/169/169 173/173/173
f 210/210/210 175/175/175 177/177/177
f 178/178/178 179/179/179 181/181/181
f 181/181/181 179/179/179 183/183/183
f 180/180/180 184/184/184 182/182/182
f 182/182/182 184/184/184 187/187/187
f 185/185/185 188/188/188 186/186/186
f 186/186/186 188/188/188 191/191/191
f 189/189/189 176/176/176 190/190/190
f 190/190/190 176/176/176 193/193/193
f 177/177/177 175/175/175 192/192/192
f 192/192/192 175/175/175 195/195/195
f 194/194/194 198/198/198 200/200/200
f 199/199/199 197/197/197 202/202/202
f 201/201/201 196/196/196 203/203/203
f 196/196/196 205/205/205 203/203/203
f 205/205/205 207/207/207 203/203/203
f 207/207/207 209/209/209 203/203/203
f 211/211/211 212/212/212 214/214/214
f 213/213/213 218/218/218 216/216/216
f 215/215/215 217/217/217 220/220/220
f 217/217/217 221/221/221 220/220/220
f 220/220/220 221/221/221 223/223/223
f 223/223/223 221/221/221 225/225/225
f 225/225/225 221/221/221 227/227/227
f 227/227/227 221/221/221 229/229/229
f 221/221/221 230/230/230 229/229/229
f 229/229/229 230/230/230 232/232/232
f 232/232/232 230/230/230 234/234/234
f 234/234/234 230/230/230 236/236/236
f 236/236/236 230/230/230 238/238/238
f 238/238/238 230/230/230 240/240/240
f 240/240/240 230/230/230 242/242/242
f 230/230/230 243/243/243 242/242/242
f 242/242/242 243/243/243 245/245/245
f 245/245/245 243/243/243 247/247/247
f 247/247/247 243/243/243 249/249/249
f 249/249/249 243/243/243 251/251/251
f 251/251/251 243/243/243 253/253/253
f 253/253/253 243/243/243 255/255/255
f 243/243/243 203/203/203 255/255/255
f 255/255/255 203/203/203 256/256/256
f 203/203/203 209/209/209 256/256/256
f 257/257/257 208/208/208 259/259/259
f 259/259/259 208/208/208 261/261/261
f 208/208/208 206/206/206 261/261/261
f 261/261/261 206/206/206 263/263/263
f 206/206/206 204/204/204 263/263/263
f 263/263/263 204/204/204 265/265/265
f 204/204/204 198/198/198 265/265/265
f 265/265/265 198/198/198 267/267/267
f 198/198/198 194/194/194 267/267/267
f 267/267/267 194/194/194 269/269/269
f 194/194/194 174/174/174 269/269/269
f 269/269/269 174/174/174 271/271/271
f 174/174/174 211/211/211 271/271/271
f 211/211/211 214/214/214 271/271/271
f 214/214/214 219/219/219 271/271/271
f 271/271/271 219/219/219 273/273/273
f 219/219/219 222/222/222 273/273/273
f 273/273/273 222/222/222 275/275/275
f 222/222/222 224/224/224 275/275/275
f 275/275/275 224/224/224 277/277/277
f 224/224/224 226/226/226 277/277/277
f 277/277/277 226/226/226 279/279/279
f 226/226/226 228/228/228 279/279/279
f 279/279/279 228/228/228 281/281/281
f 228/228/228 231/231/231 281/281/281
f 281/281/281 231/231/231 283/283/283
f 231/231/231 233/233/233 283/283/283
f 283/283/283 233/233/233 285/285/285
f 233/233/233 235/235/235 285/285/285
f 285/285/285 235/235/235 287/287/287
f 235/235/235 237/237/237 287/287/287
f 287/287/287 237/237/237 289/289/289
f 237/237/237 239/239/239 289/289/289
f 289/289/289 239/239/239 291/291/291
f 239/239/239 241/241/241 291/291/291
f 291/291/291 241/241/241 293/293/293
f 241/241/241 244/244/244 293/293/293
f 293/293/293 244/244/244 295/295/295
f 244/244/244 246/246/246 295/295/295
f 295/295/295 246/246/246 297/297/297
f 246/246/246 248/248/248 297/297/297
f 297/297/297 248/248/248 299/299/299
f 248/248/248 250/250/250 299/299/299
f 299/299/299 250/250/250 301/301/301
f 250/250/250 252/252/252 301/301/301
f 301/301/301 252/252/252 303/303/303
f 252/252/252 254/254/254 303/303/303
f 303/303/303 254/254/254 304/304/304
f 254/254/254 257/257/257 304/304/304
f 257/257/257 259/259/259 304/304/304
f 305/305/305 258/258/258 307/307/307
f 307/307/307 258/258/258 309/309/309
f 258/258/258 260/260/260 309/309/309
f 309/309/309 260/260/260 311/311/311
f 260/260/260 262/262/262 311/311/311
f 311/311/311 262/262/262 313/313/313
f 262/262/262 264/264/264 313/313/313
f 313/313/313 264/264/264 315/315/315
f 264/264/264 266/266/266 315/315/315
f 315/315/315 266/266/266 317/317/317
f 266/266/266 268/268/268 317/317/317
f 317/317/317 268/268/268 319/319/319
f 268/268/268 270/270/270 319/319/319
f 319/319/319 270/270/270 321/321/321
f 270/270/270 272/272/272 321/321/321
f 321/321/321 272/272/272 323/323/323
f 272/272/272 274/274/274 323/323/323
f 323/323/323 274/274/274 325/325/325
f 274/274/274 276/276/276 325/325/325
f 325/325/325 276/276/276 327/327/327
f 276/276/276 278/278/278 327/327/327
f 327/327/327 278/278/278 329/329/329
f 278/278/278 280/280/280 329/329/329
f 329/329/329 280/280/280 331/331/331
f 280/280/280 282/282/282 331/331/331
f 331/331/331 282/282/282 333/333/333
f 282/282/282 284/284/284 333/333/333
f 333/333/333 284/284/284 335/335/335
f 284/284/284 286/286/286 335/335/335
f 335/335/335 286/286/286 337/337/337
f 286/286/286 288/288/288 337/337/337
f 337/337/337 288/288/288 339/339/339
f 288/288/288 290/290/290 339/339/339
f 339/339/339 290/290/290 341/341/341
f 290/290/290 292/292/292 341/341/341
f 341/341/341 292/292/292 343/343/343
f 292/292/292 294/294/294 343/343/343
f 343/343/343 294/294/294 345/345/345
f 294/294/294 296/296/296 345/345/345
f 345/345/345 296/296/296 347/347/347
f 296/296/296 298/298/298 347/347/347
f 347/347/347 298/298/298 349/349/349
f 298/298/298 300/300/300 349/349/349
f 349/349/349 300/300/300 351/351/351
f 300/300/300 302/302/302 351/351/351
f 351/351/351 302/302/302 352/352/352
f 302/302/302 305/305/305 352/352/352
f 305/305/305 307/307/307 352/352/352
f 353/353/353 306/306/306 354/354/354
f 306/306/306 308/308/308 354/354/354
f 308/308/308 310/310/310 354/354/354
f 310/310/310 312/312/312 354/354/354
f 312/312/312 314/314/314 354/354/354
f 314/314/314 316/316/316 354/354/354
f 316/316/316 318/318/318 354/354/354
f 318/318/318 320/320/320 354/354/354
f 320/320/320 322/322/322 354/354/354
f 322/322/322 324/324/324 354/354/354
f 324/324/324 326/326/326 354/354/354
f 326/326/326 328/328/328 354/354/354
f 328/328/328 330/330/330 354/354/354
f 330/330/330 332/332/332 354/354/354
f 332/332/332 334/334/334 354/354/354
f 334/334/334 336/336/336 354/354/354
f 336/336/336 338/338/338 354/354/354
f 338/338/338 340/340/340 354/354/354
f 340/340/340 342/342/342 354/354/354
f 342/342/342 344/344/344 354/354/354
f 344/344/344 346/346/346 354/354/354
f 346/346/346 348/348/348 354/354/354
f 348/348/348 350/350/350 354/354/354
f 391/391/391 356/356/356 358/358/358
f 359/359/359 360/360/360 362/362/362
f 362/362/362 360/360/360 364/364/364
f 361/361/361 365/365/365 363/363/363
f 363/363/363 365/365/365 368/368/368
f 366/366/366 369/369/369 367/367/367
f 367/367/367 369/369/369 372/372/372
f 370/370/370 357/357/357 371/371/371
f 371/371/371 357/357/357 374/374/374
f 358/358/358 356/356/356 373/373/373
f 373/373/373 356/356/356 376/376/376
f 375/375/375 379/379/379 381/381/381
f 380/380/380 378/378/378 383/383/383
f 382/382/382 377/377/377 384/384/384
f 377/377/377 386/386/386 384/384/384
f 386/386/386 388/388/388 384/384/384
f 388/388/388 390/390/390 384/384/384
f 392/392/392 393/393/393 395/395/395
f 394/394/394 399/399/399 397/397/397
f 396/396/396 398/398/398 401/401/401
f 398/398/398 402/402/402 401/401/401
f 401/401/401 402/402/402 404/404/404
f 404/404/404 402/402/402 406/406/406
f 406/406/406 402/402/402 408/408/408
f 408/408/408 402/402/402 410/410/410
f 402/402/402 411/411/411 410/410/410
f 410/410/410 411/411/411 413/413/413
f 413/413/413 411/411/411 415/415/415
f 415/415/415 411/411/411 417/417/417
f 417/417/417 411/411/411 419/419/419
f 419/419/419 411/411/411 421/421/421
f 421/421/421 411/411/411 423/423/423
f 411/411/411 424/424/424 423/423/423
f 423/423/423 424/424/424 426/426/426
f 426/426/426 424/424/424 428/428/428
f 428/428/428 424/424/424 430/430/430
f 430/430/430 424/424/424 432/432/432
f 432/432/432 424/424/424 434/434/434
f 434/434/434 424/424/424 436/436/436
f 424/424/424 384/384/384 436/436/436
f 436/436/436 384/384/384 437/437/437
f 384/384/384 390/390/390 437/437/437
f 438/438/438 389/389/389 440/440/440
f 440/440/440 389/389/389 442/442/442
f 389/389/389 387/387/387 442/442/442
f 442/442/442 387/387/387 444/444/444
f 387/387/387 385/385/385 444/444/444
f 444/444/444 385/385/385 446/446/446
f 385/385/385 379/379/379 446/446/446
f 446/446/446 379/379/379 448/448/448
f 379/379/379 375/375/375 448/448/448
f 448/448/448 375/375/375 450/450/450
f 375/375/375 355/355/355 450/450/450
f 450/450/450 355/355/355 452/452/452
f 355/355/355 392/392/392 452/452/452
f 392/392/392 395/395/395 452/452/452
f 395/395/395 400/400/400 452/452/452
f 452/452/452 400/400/400 454/454/454
f 400/400/400 403/403/403 454/454/454
f 454/454/454 403/403/403 456/456/456
f 403/403/403 405/405/405 456/456/456
f 456/456/456 405/405/405 458/458/458
f 405/405/405 407/407/407 458/458/458
f 458/458/458 407/407/407 460/460/460
f 407/407/407 409/409/409 460/460/460
f 460/460/460 409/409/409 462/462/462
f 409/409/409 412/412/412 462/462/462
f 462/462/462 412/412/412 464/464/464
f 412/412/412 414/414/414 464/464/464
f 464/464/464 414/414/414 466/466/466
f 414/414/414 416/416/416 466/466/466
f 466/466/466 416/416/416 468/468/468
f 416/416/416 418/418/418 468/468/468
f 468/468/468 418/418/418 470/470/470
f 418/418/418 420/420/420 470/470/470
f 470/470/470 420/420/420 472/472/472
f 420/420/420 422/422/422 472/472/472
f 472/472/472 422/422/422 474/474/474
f 422/422/422 425/425/425 474/474/474
f 474/474/474 425/425/425 476/476/476
f 425/425/425 427/427/427 476/476/476
f 476/476/476 427/427/427 478/478/478
f 427/427/427 429/429/429 478/478/478
f 478/478/478 429/429/429 480/480/480
f 429/429/429 431/431/431 480/480/480
f 480/480/480 431/431/431 482/482/482
f 431/431/431 433/433/433 482/482/482
f 482/482/482 433/433/433 484/484/484
f 433/433/433 435/435/435 484/484/484
f 484/484/484 435/435/435 485/485/485
f 435/435/435 438/438/438 485/485/485
f 438/438/438 440/440/440 485/485/485
f 486/486/486 439/439/439 488/488/488
f 488/488/488 439/439/439 490/490/490
f 439/439/439 441/441/441 490/490/490
f 490/490/490 441/441/441 492/492/492
f 441/441/441 443/443/443 492/492/492
f 492/492/492 443/443/443 494/494/494
f 443/443/443 445/445/445 494/494/494
f 494/494/494 445/445/445 496/496/496
f 445/445/445 447/447/447 496/496/496
f 496/496/496 447/447/447 498/498/498
f 447/447/447 449/449/449 498/498/498
f 498/498/498 449/449/449 500/500/500
f 449/449/449 451/451/451 500/500/500
f 500/500/500 451/451/451 502/502/502
f 451/451/451 453/453/453 502/502/502
f 502/502/502 453/453/453 504/504/504
f 453/453/453 455/455/455 504/504/504
f 504/504/504 455/455/455 506/506/506
f 455/455/455 457/457/457 506/506/506
f 506/506/506 457/457/457 508/508/508
f 457/457/457 459/459/459 508/508/508
f 508/508/508 459/459/459 510/510/510
f 459/459/459 461/461/461 510/510/510
f 510/510/510 461/461/461 512/512/512
f 461/461/461 463/463/463 512/512/512
f 512/512/512 463/463/463 514/514/514
f 463/463/463 465/465/465 514/514/514
f 514/514/514 465/465/465 516/516/516
f 465/465/465 467/467/467 516/516/516
f 516/516/516 467/467/467 518/518/518
f 467/467/467 469/469/469 518/518/518
f 518/518/518 469/469/469 520/520/520
f 469/469/469 471/471/471 520/520/520
f 520/520/520 471/471/471 522/522/522
f 471/471/471 473/473/473 522/522/522
f 522/522/522 473/473/473 524/524/524
f 473/473/473 475/475/475 524/524/524
f 524/524/524 475/475/475 526/526/526
f 475/475/475 477/477/477 526/526/526
f 526/526/526 477/477/477 528/528/528
f 477/477/477 479/479/479 528/528/528
f 528/528/528 479/479/479 530/530/530
f 479/479/479 481/481/481 530/530/530
f 530/530/530 481/481/481 532/532/532
f 481/481/481 483/483/483 532/532/532
f 532/532/532 483/483/483 533/533/533
f 483/483/483 486/486/486 533/533/533
f 486/486/486 488/488/488 533/533/533
f 534/534/534 487/487/487 535/535/535
f 487/487/487 489/489/489 535/535/535
f 489/489/489 491/491/491 535/535/535
f 491/491/491 493/493/493 535/535/535
f 493/493/493 495/495/495 535/535/535
f 495/495/495 497/497/497 535/535/535
f 497/497/497 499/499/499 535/535/535
f 499/499/499 501/501/501 535/535/535
f 501/501/501 503/503/503 535/535/535
f 503/503/503 505/505/505 535/535/535
f 505/505/505 507/507/507 535/535/535
f 507/507/507 509/509/509 535/535/535
f 509/509/509 511/511/511 535/535/535
f 511/511/511 513/513/513 535/535/535
f 513/513/513 515/515/515 535/535/535
f 515/515/515 517/517/517 535/535/535
f 517/517/517 519/519/519 535/535/535
f 519/519/519 521/521/521 535/535/535
f 521/521/521 523/523/523 535/535/535
f 523/523/523 525/525/525 535/535/535
f 525/525/525 527/527/527 535/535/535
f 527/527/527 529/529/529 535/535/535
f 529/529/529 531/531/531 535/535/535
f 537/537/537 539/539/539 540/540/540
f 539/539/539 542/542/542 540/540/540
f 542/542/542 544/544/544 540/540/540
f 544/544/544 546/546/546 540/540/540
f 546/546/546 548/548/548 540/540/540
f 548/548/548 550/550/550 540/540/540
f 550/550/550 552/552/552 540/540/540
f 552/552/552 554/554/554 540/540/540
f 554/554/554 556/556/556 540/540/540
f 556/556/556 558/558/558 540/540/540
f 558/558/558 560/560/560 540/540/540
f 560/560/560 562/562/562 540/540/540
f 562/562/562 564/564/564 540/540/540
f 566/566/566 540/540/540 568/568/568
f 568/568/568 540/540/540 570/570/570
f 570/570/570 540/540/540 572/572/572
f 572/572/572 540/540/540 574/574/574
f 574/574/574 540/540/540 575/575/575
f 540/540/540 564/564/564 575/575/575
f 576/576/576 563/563/563 578/578/578
f 578/578/578 563/563/563 580/580/580
f 563/563/563 561/561/561 580/580/580
f 580/580/580 561/561/561 582/582/582
f 561/561/561 559/559/559 582/582/582
f 582/582/582 559/559/559 584/584/584
f 559/559/559 557/557/557 584/584/584
f 584/584/584 557/557/557 586/586/586
f 557/557/557 555/555/555 586/586/586
f 586/586/586 555/555/555 588/588/588
f 555/555/555 553/553/553 588/588/588
f 588/588/588 553/553/553 590/590/590
f 553/553/553 551/551/551 590/590/590
f 590/590/590 551/551/551 592/592/592
f 551/551/551 549/549/549 592/592/592
f 592/592/592 549/549/549 594/594/594
f 549/549/549 547/547/547 594/594/594
f 594/594/594 547/547/547 596/596/596
f 547/547/547 545/545/545 596/596/596
f 596/596/596 545/545/545 598/598/598
f 545/545/545 543/543/543 598/598/598
f 598/598/598 543/543/543 600/600/600
f 543/543/543 541/541/541 600/600/600
f 600/600/600 541/541/541 602/602/602
f 541/541/541 538/538/538 602/602/602
f 602/602/602 538/538/538 604/604/604
f 538/538/538 536/536/536 604/604/604
f 604/604/604 536/536/536 606/606/606
f 606/606/606 536/536/536 607/607/607
f 537/537/537 540/540/540 608/608/608
f 608/608/608 540/540/540 610/610/610
f 610/610/610 540/540/540 612/612/612
f 612/612/612 540/540/540 613/613/613
f 540/540/540 566/566/566 613/613/613
f 614/614/614 565/565/565 616/616/616
f 616/616/616 565/565/565 618/618/618
f 565/565/565 567/567/567 618/618/618
f 618/618/618 567/567/567 620/620/620
f 567/567/567 569/569/569 620/620/620
f 620/620/620 569/569/569 622/622/622
f 569/569/569 571/571/571 622/622/622
f 622/622/622 571/571/571 624/624/624
f 571/571/571 573/573/573 624/624/624
f 624/624/624 573/573/573 625/625/625
f 573/573/573 576/576/576 625/625/625
f 576/576/576 578/578/578 625/625/625
f 626/626/626 577/577/577 628/628/628
f 628/628/628 577/577/577 630/630/630
f 577/577/577 579/579/579 630/630/630
f 630/630/630 579/579/579 632/632/632
f 579/579/579 581/581/581 632/632/632
f 632/632/632 581/581/581 634/634/634
f 581/581/581 583/583/583 634/634/634
f 634/634/634 583/583/583 636/636/636
f 583/583/583 585/585/585 636/636/636
f 636/636/636 585/585/585 638/638/638
f 585/585/585 587/587/587 638/638/638
f 638/638/638 587/587/587 640/640/640
f 587/587/587 589/589/589 640/640/640
f 640/640/640 589/589/589 642/642/642
f 589/589/589 591/591/591 642/642/642
f 642/642/642 591/591/591 644/644/644
f 591/591/591 593/593/593 644/644/644
f 644/644/644 593/593/593 646/646/646
f 593/593/593 595/595/595 646/646/646
f 646/646/646 595/595/595 648/648/648
f 595/595/595 597/597/597 648/648/648
f 648/648/648 597/597/597 650/650/650
f 597/597/597 599/599/599 650/650/650
f 650/650/650 599/599/599 652/652/652
f 599/599/599 601/601/601 652/652/652
f 652/652/652 601/601/601 654/654/654
f 601/601/601 603/603/603 654/654/654
f 654/654/654 603/603/603 656/656/656
f 603/603/603 605/605/605 656/656/656
f 656/656/656 605/605/605 658/658/658
f 660/660/660 658/658/658 662/662/662
f 658/658/658 605/605/605 662/662/662
f 606/606/606 607/607/607 661/661/661
f 607/607/607 609/609/609 661/661/661
f 664/664/664 662/662/662 665/665/665
f 661/661/661 609/609/609 666/666/666
f 609/609/609 611/611/611 666/666/666
f 666/666/666 611/611/611 667/667/667
f 611/611/611 614/614/614 667/667/667
f 614/614/614 616/616/616 667/667/667
f 668/668/668 615/615/615 670/670/670
f 670/670/670 615/615/615 672/672/672
f 615/615/615 617/617/617 672/672/672
f 672/672/672 617/617/617 674/674/674
f 617/617/617 619/619/619 674/674/674
f 674/674/674 619/619/619 676/676/676
f 619/619/619 621/621/621 676/676/676
f 676/676/676 621/621/621 678/678/678
f 621/621/621 623/623/623 678/678/678
f 678/678/678 623/623/623 679/679/679
f 623/623/623 626/626/626 679/679/679
f 626/626/626 628/628/628 679/679/679
f 680/680/680 627/627/627 681/681/681
f 627/627/627 629/629/629 681/681/681
f 629/629/629 631/631/631 681/681/681
f 631/631/631 633/633/633 681/681/681
f 633/633/633 635/635/635 681/681/681
f 635/635/635 637/637/637 681/681/681
f 681/681/681 637/637/637 683/683/683
f 637/637/637 639/639/639 683/683/683
f 639/639/639 641/641/641 683/683/683
f 641/641/641 643/643/643 683/683/683
f 643/643/643 645/645/645 683/683/683
f 645/645/645 647/647/647 683/683/683
f 647/647/647 649/649/649 683/683/683
f 683/683/683 649/649/649 684/684/684
f 649/649/649 651/651/651 684/684/684
f 651/651/651 653/653/653 684/684/684
f 653/653/653 655/655/655 684/684/684
f 655/655/655 657/657/657 684/684/684
f 684/684/684 657/657/657 685/685/685
f 657/657/657 659/659/659 685/685/685
f 685/685/685 659/659/659 687/687/687
f 686/686/686 660/660/660 689/689/689
f 660/660/660 662/662/662 689/689/689
f 662/662/662 664/664/664 689/689/689
f 688/688/688 663/663/663 691/691/691
f 692/692/692 693/693/693 695/695/695
f 695/695/695 693/693/693 697/697/697
f 694/694/694 698/698/698 696/696/696
f 696/696/696 698/698/698 701/701/701
f 699/699/699 702/702/702 700/700/700
f 700/700/700 702/702/702 705/705/705
f 703/703/703 690/690/690 704/704/704
f 704/704/704 690/690/690 707/707/707
f 691/691/691 663/663/663 706/706/706
f 706/706/706 663/663/663 709/709/709
f 664/664/664 665/665/665 708/708/708
f 665/665/665 668/668/668 708/708/708
f 668/668/668 670/670/670 708/708/708
f 708/708/708 670/670/670 711/711/711
f 710/710/710 669/669/669 712/712/712
f 712/712/712 669/669/669 714/714/714
f 669/669/669 671/671/671 714/714/714
f 671/671/671 673/673/673 714/714/714
f 673/673/673 675/675/675 714/714/714
f 675/675/675 677/677/677 714/714/714
f 677/677/677 680/680/680 714/714/714
f 680/680/680 681/681/681 714/714/714
f 682/682/682 715/715/715 713/713/713
f 715/715/715 716/716/716 713/713/713
f 534/534/534 535/535/535 531/531/531
f 353/353/353 354/354/354 350/350/350
f 172/172/172 173/173/173 169/169/169
f 718/718/718 720/720/720 721/721/721
f 725/725/725 727/727/727 730/730/730
f 727/727/727 732/732/732 730/730/730
f 734/734/734 736/736/736 739/739/739
f 739/739/739 736/736/736 741/741/741
f 736/736/736 743/743/743 741/741/741
f 741/741/741 743/743/743 745/745/745
f 749/749/749 753/753/753 755/755/755
f 751/751/751 746/746/746 754/754/754
f 744/744/744 742/742/742 757/757/757
f 757/757/757 742/742/742 759/759/759
f 742/742/742 735/735/735 759/759/759
f 759/759/759 735/735/735 761/761/761
f 735/735/735 733/733/733 761/761/761
f 761/761/761 733/733/733 763/763/763
f 733/733/733 737/737/737 763/763/763
f 763/763/763 737/737/737 764/764/764
f 766/766/766 738/738/738 768/768/768
f 738/738/738 740/740/740 768/768/768
f 768/768/768 740/740/740 770/770/770
f 773/773/773 776/776/776 779/779/779
f 776/776/776 784/784/784 779/779/779
f 779/779/779 784/784/784 787/787/787
f 784/784/784 791/791/791 787/787/787
f 787/787/787 791/791/791 793/793/793
f 791/791/791 796/796/796 793/793/793
f 793/793/793 796/796/796 798/798/798
f 801/801/801 804/804/804 806/806/806
f 804/804/804 809/809/809 806/806/806
f 806/806/806 809/809/809 811/811/811
f 809/809/809 814/814/814 811/811/811
f 811/811/811 814/814/814 816/816/816
f 814/814/814 820/820/820 816/816/816
f 816/816/816 820/820/820 821/821/821
f 823/823/823 817/817/817 824/824/824
f 817/817/817 798/798/798 824/824/824
f 798/798/798 796/796/796 824/824/824
f 830/830/830 827/827/827 833/833/833
f 832/832/832 825/825/825 835/835/835
f 826/826/826 795/795/795 837/837/837
f 794/794/794 788/788/788 835/835/835
f 836/836/836 789/789/789 839/839/839
f 790/790/790 783/783/783 840/840/840
f 839/839/839 781/781/781 842/842/842
f 842/842/842 781/781/781 844/844/844
f 845/845/845 783/783/783 848/848/848
f 847/847/847 780/780/780 850/850/850
f 850/850/850 780/780/780 852/852/852
f 852/852/852 780/780/780 854/854/854
f 782/782/782 775/775/775 856/856/856
f 855/855/855 774/774/774 858/858/858
f 776/776/776 773/773/773 860/860/860
f 773/773/773 863/863/863 860/860/860
f 860/860/860 863/863/863 866/866/866
f 863/863/863 869/869/869 866/866/866
f 866/866/866 869/869/869 871/871/871
f 869/869/869 874/874/874 871/871/871
f 871/871/871 874/874/874 876/876/876
f 874/874/874 879/879/879 876/876/876
f 876/876/876 879/879/879 881/881/881
f 879/879/879 884/884/884 881/881/881
f 881/881/881 884/884/884 886/886/886
f 884/884/884 889/889/889 886/886/886
f 886/886/886 889/889/889 890/890/890
f 889/889/889 770/770/770 890/890/890
f 770/770/770 740/740/740 890/890/890
f 891/891/891 741/741/741 893/893/893
f 741/741/741 745/745/745 893/893/893
f 746/746/746 751/751/751 892/892/892
f 894/894/894 752/752/752 896/896/896
f 752/752/752 747/747/747 896/896/896
f 900/900/900 902/902/902 903/903/903
f 907/907/907 904/904/904 910/910/910
f 904/904/904 901/901/901 910/910/910
f 910/910/910 901/901/901 911/911/911
f 912/912/912 902/902/902 913/913/913
f 902/902/902 900/900/900 913/913/913
f 914/914/914 899/899/899 915/915/915
f 900/900/900 903/903/903 916/916/916
f 916/916/916 903/903/903 917/917/917
f 904/904/904 907/907/907 918/918/918
f 918/918/918 907/907/907 921/921/921
f 907/907/907 923/923/923 921/921/921
f 923/923/923 925/925/925 921/921/921
f 925/925/925 927/927/927 921/921/921
f 927/927/927 929/929/929 921/921/921
f 929/929/929 931/931/931 921/921/921
f 931/931/931 933/933/933 921/921/921
f 933/933/933 935/935/935 921/921/921
f 937/937/937 939/939/939 941/941/941
f 941/941/941 939/939/939 943/943/943
f 939/939/939 945/945/945 943/943/943
f 943/943/943 945/945/945 947/947/947
f 947/947/947 945/945/945 948/948/948
f 949/949/949 944/944/944 950/950/950
f 944/944/944 938/938/938 950/950/950
f 938/938/938 936/936/936 950/950/950
f 936/936/936 954/954/954 950/950/950
f 954/954/954 957/957/957 950/950/950
f 957/957/957 921/921/921 950/950/950
f 921/921/921 935/935/935 950/950/950
f 960/960/960 952/952/952 962/962/962
f 952/952/952 934/934/934 962/962/962
f 962/962/962 934/934/934 964/964/964
f 934/934/934 932/932/932 964/964/964
f 964/964/964 932/932/932 966/966/966
f 932/932/932 930/930/930 966/966/966
f 966/966/966 930/930/930 968/968/968
f 930/930/930 928/928/928 968/968/968
f 968/968/968 928/928/928 970/970/970
f 928/928/928 926/926/926 970/970/970
f 970/970/970 926/926/926 972/972/972
f 926/926/926 924/924/924 972/972/972
f 972/972/972 924/924/924 974/974/974
f 924/924/924 922/922/922 974/974/974
f 974/974/974 922/922/922 975/975/975
f 922/922/922 905/905/905 975/975/975
f 906/906/906 908/908/908 977/977/977
f 977/977/977 908/908/908 979/979/979
f 909/909/909 982/982/982 978/978/978
f 982/982/982 984/984/984 978/978/978
f 980/980/980 983/983/983 985/985/985
f 986/986/986 984/984/984 987/987/987
f 984/984/984 982/982/982 987/987/987
f 990/990/990 988/988/988 993/993/993
f 988/988/988 981/981/981 993/993/993
f 993/993/993 981/981/981 994/994/994
f 981/981/981 910/910/910 994/994/994
f 910/910/910 911/911/911 994/994/994
f 995/995/995 912/912/912 996/996/996
f 912/912/912 913/913/913 996/996/996
f 997/997/997 914/914/914 998/998/998
f 914/914/914 915/915/915 998/998/998
f 916/916/916 917/917/917 999/999/999
f 917/917/917 919/919/919 999/999/999
f 999/999/999 919/919/919 1000/1000/1000
f 920/920/920 955/955/955 1002/1002/1002
f 1002/1002/1002 955/955/955 1003/1003/1003
f 956/956/956 953/953/953 1005/1005/1005
f 1005/1005/1005 953/953/953 1006/1006/1006
f 953/953/953 937/937/937 1006/1006/1006
f 937/937/937 941/941/941 1006/1006/1006
f 940/940/940 942/942/942 1007/1007/1007
f 942/942/942 946/946/946 1007/1007/1007
f 1007/1007/1007 946/946/946 1008/1008/1008
f 947/947/947 948/948/948 1009/1009/1009
f 1009/1009/1009 948/948/948 1010/1010/1010
f 949/949/949 950/950/950 1012/1012/1012
f 1012/1012/1012 950/950/950 1013/1013/1013
f 1015/1015/1015 951/951/951 1016/1016/1016
f 951/951/951 958/958/958 1016/1016/1016
f 959/959/959 961/961/961 1018/1018/1018
f 1018/1018/1018 961/961/961 898/898/898
f 961/961/961 963/963/963 898/898/898
f 963/963/963 965/965/965 898/898/898
f 965/965/965 967/967/967 898/898/898
f 967/967/967 969/969/969 898/898/898
f 969/969/969 971/971/971 898/898/898
f 971/971/971 973/973/973 898/898/898
f 898/898/898 973/973/973 1020/1020/1020
f 973/973/973 976/976/976 1020/1020/1020
f 976/976/976 980/980/980 1020/1020/1020
f 980/980/980 985/985/985 1020/1020/1020
f 986/986/986 987/987/987 1019/1019/1019
f 987/987/987 989/989/989 1019/1019/1019
f 1025/1025/1025 1022/1022/1022 1026/1026/1026
f 1019/1019/1019 989/989/989 1027/1027/1027
f 1027/1027/1027 989/989/989 1029/1029/1029
f 990/990/990 993/993/993 1028/1028/1028
f 1030/1030/1030 991/991/991 1032/1032/1032
f 992/992/992 995/995/995 1031/1031/1031
f 995/995/995 996/996/996 1031/1031/1031
f 997/997/997 998/998/998 1033/1033/1033
f 998/998/998 1001/1001/1001 1033/1033/1033
f 1033/1033/1033 1001/1001/1001 1035/1035/1035
f 1001/1001/1001 1004/1004/1004 1035/1035/1035
f 1004/1004/1004 1007/1007/1007 1035/1035/1035
f 1007/1007/1007 1008/1008/1008 1035/1035/1035
f 1009/1009/1009 1010/1010/1010 1034/1034/1034
f 1036/1036/1036 1011/1011/1011 1037/1037/1037
f 1011/1011/1011 1014/1014/1014 1037/1037/1037
f 1014/1014/1014 1017/1017/1017 1037/1037/1037
f 1017/1017/1017 895/895/895 1037/1037/1037
f 895/895/895 748/748/748 1037/1037/1037
f 750/750/750 756/756/756 1044/1044/1044
f 755/755/755 758/758/758 1039/1039/1039
f 758/758/758 760/760/760 1039/1039/1039
f 760/760/760 762/762/762 1039/1039/1039
f 762/762/762 765/765/765 1039/1039/1039
f 765/765/765 767/767/767 1039/1039/1039
f 767/767/767 769/769/769 1039/1039/1039
f 769/769/769 887/887/887 1039/1039/1039
f 888/888/888 882/882/882 1041/1041/1041
f 883/883/883 878/878/878 1042/1042/1042
f 877/877/877 872/872/872 1039/1039/1039
f 873/873/873 868/868/868 1042/1042/1042
f 867/867/867 861/861/861 1040/1040/1040
f 862/862/862 772/772/772 1041/1041/1041
f 771/771/771 777/777/777 1039/1039/1039
f 778/778/778 786/786/786 1040/1040/1040
f 785/785/785 792/792/792 1039/1039/1039
f 792/792/792 797/797/797 1039/1039/1039
f 797/797/797 818/818/818 1039/1039/1039
f 819/819/819 813/813/813 1043/1043/1043
f 812/812/812 807/807/807 1039/1039/1039
f 808/808/808 803/803/803 1043/1043/1043
f 1042/1042/1042 802/802/802 1047/1047/1047
f 804/804/804 801/801/801 1045/1045/1045
f 1048/1048/1048 799/799/799 1049/1049/1049
f 1051/1051/1051 800/800/800 1054/1054/1054
f 800/800/800 805/805/805 1054/1054/1054
f 805/805/805 810/810/810 1054/1054/1054
f 810/810/810 815/815/815 1054/1054/1054
f 815/815/815 822/822/822 1054/1054/1054
f 822/822/822 825/825/825 1054/1054/1054
f 825/825/825 829/829/829 1054/1054/1054
f 829/829/829 730/730/730 1054/1054/1054
f 1054/1054/1054 730/730/730 1055/1055/1055
f 730/730/730 732/732/732 1055/1055/1055
f 1057/1057/1057 731/731/731 1060/1060/1060
f 1060/1060/1060 731/731/731 1063/1063/1063
f 731/731/731 726/726/726 1063/1063/1063
f 1063/1063/1063 726/726/726 1066/1066/1066
f 726/726/726 724/724/724 1066/1066/1066
f 1066/1066/1066 724/724/724 1068/1068/1068
f 724/724/724 728/728/728 1068/1068/1068
f 1068/1068/1068 728/728/728 1069/1069/1069
f 1071/1071/1071 729/729/729 1073/1073/1073
f 729/729/729 828/828/828 1073/1073/1073
f 1073/1073/1073 828/828/828 1075/1075/1075
f 828/828/828 831/831/831 1075/1075/1075
f 1075/1075/1075 831/831/831 1077/1077/1077
f 831/831/831 834/834/834 1077/1077/1077
f 1077/1077/1077 834/834/834 1079/1079/1079
f 834/834/834 838/838/838 1079/1079/1079
f 1079/1079/1079 838/838/838 1082/1082/1082
f 838/838/838 841/841/841 1082/1082/1082
f 1082/1082/1082 841/841/841 1085/1085/1085
f 841/841/841 843/843/843 1085/1085/1085
f 1085/1085/1085 843/843/843 1088/1088/1088
f 843/843/843 846/846/846 1088/1088/1088
f 1088/1088/1088 846/846/846 1091/1091/1091
f 846/846/846 849/849/849 1091/1091/1091
f 1091/1091/1091 849/849/849 1094/1094/1094
f 849/849/849 851/851/851 1094/1094/1094
f 1094/1094/1094 851/851/851 1096/1096/1096
f 851/851/851 853/853/853 1096/1096/1096
f 1096/1096/1096 853/853/853 1098/1098/1098
f 853/853/853 1100/1100/1100 1098/1098/1098
f 1098/1098/1098 1100/1100/1100 1102/1102/1102
f 1105/1105/1105 1108/1108/1108 1109/1109/1109
f 1106/1106/1106 1113/1113/1113 1111/1111/1111
f 1111/1111/1111 1113/1113/1113 1115/1115/1115
f 1113/1113/1113 1117/1117/1117 1115/1115/1115
f 1115/1115/1115 1117/1117/1117 1119/1119/1119
f 1117/1117/1117 1121/1121/1121 1119/1119/1119
f 1119/1119/1119 1121/1121/1121 1123/1123/1123
f 1121/1121/1121 1126/1126/1126 1123/1123/1123
f 1123/1123/1123 1126/1126/1126 1127/1127/1127
f 1129/1129/1129 1124/1124/1124 1131/1131/1131
f 1124/1124/1124 1133/1133/1133 1131/1131/1131
f 1131/1131/1131 1133/1133/1133 1134/1134/1134
f 1133/1133/1133 1102/1102/1102 1134/1134/1134
f 1102/1102/1102 1100/1100/1100 1134/1134/1134
f 1135/1135/1135 1099/1099/1099 1136/1136/1136
f 1099/1099/1099 854/854/854 1136/1136/1136
f 854/854/854 857/857/857 1136/1136/1136
f 859/859/859 865/865/865 1137/1137/1137
f 1143/1143/1143 1146/1146/1146 1147/1147/1147
f 1146/1146/1146 1139/1139/1139 1147/1147/1147
f 1136/1136/1136 864/864/864 1149/1149/1149
f 864/864/864 870/870/870 1149/1149/1149
f 870/870/870 875/875/875 1149/1149/1149
f 875/875/875 880/880/880 1149/1149/1149
f 880/880/880 885/885/885 1149/1149/1149
f 1149/1149/1149 885/885/885 1152/1152/1152
f 885/885/885 891/891/891 1152/1152/1152
f 891/891/891 893/893/893 1152/1152/1152
f 1152/1152/1152 893/893/893 1155/1155/1155
f 893/893/893 897/897/897 1155/1155/1155
f 1155/1155/1155 897/897/897 1156/1156/1156
f 897/897/897 1021/1021/1021 1156/1156/1156
f 1021/1021/1021 1023/1023/1023 1156/1156/1156
f 1158/1158/1158 1024/1024/1024 1161/1161/1161
f 1025/1025/1025 1026/1026/1026 1160/1160/1160
f 1027/1027/1027 1029/1029/1029 1159/1159/1159
f 1164/1164/1164 1162/1162/1162 1166/1166/1166
f 1162/1162/1162 1030/1030/1030 1166/1166/1166
f 1030/1030/1030 1032/1032/1032 1166/1166/1166
f 1033/1033/1033 1035/1035/1035 1165/1165/1165
f 1035/1035/1035 1038/1038/1038 1165/1165/1165
f 1039/1039/1039 1046/1046/1046 1168/1168/1168
f 1168/1168/1168 1046/1046/1046 1170/1170/1170
f 1048/1048/1048 1049/1049/1049 1169/1169/1169
f 1050/1050/1050 1052/1052/1052 1171/1171/1171
f 1171/1171/1171 1052/1052/1052 1173/1173/1173
f 1053/1053/1053 1056/1056/1056 1172/1172/1172
f 1056/1056/1056 1058/1058/1058 1172/1172/1172
f 1174/1174/1174 1059/1059/1059 1175/1175/1175
f 1180/1180/1180 1182/1182/1182 1184/1184/1184
f 1182/1182/1182 1186/1186/1186 1184/1184/1184
f 1184/1184/1184 1186/1186/1186 1188/1188/1188
f 1186/1186/1186 1190/1190/1190 1188/1188/1188
f 1188/1188/1188 1190/1190/1190 1192/1192/1192
f 1194/1194/1194 1192/1192/1192 1195/1195/1195
f 1192/1192/1192 1190/1190/1190 1195/1195/1195
f 1196/1196/1196 1189/1189/1189 1197/1197/1197
f 1189/1189/1189 1185/1185/1185 1197/1197/1197
f 1185/1185/1185 1181/1181/1181 1197/1197/1197
f 1182/1182/1182 1180/1180/1180 1198/1198/1198
f 1180/1180/1180 1201/1201/1201 1198/1198/1198
f 1198/1198/1198 1201/1201/1201 1202/1202/1202
f 1206/1206/1206 1208/1208/1208 1209/1209/1209
f 1210/1210/1210 1207/1207/1207 1212/1212/1212
f 1212/1212/1212 1207/1207/1207 1214/1214/1214
f 1207/1207/1207 1205/1205/1205 1214/1214/1214
f 1214/1214/1214 1205/1205/1205 1216/1216/1216
f 1205/1205/1205 1218/1218/1218 1216/1216/1216
f 1216/1216/1216 1218/1218/1218 1220/1220/1220
f 1218/1218/1218 1223/1223/1223 1220/1220/1220
f 1220/1220/1220 1223/1223/1223 1225/1225/1225
f 1221/1221/1221 1204/1204/1204 1224/1224/1224
f 1204/1204/1204 1199/1199/1199 1224/1224/1224
f 1228/1228/1228 1226/1226/1226 1230/1230/1230
f 1230/1230/1230 1226/1226/1226 1232/1232/1232
f 1232/1232/1232 1226/1226/1226 1234/1234/1234
f 1234/1234/1234 1226/1226/1226 1235/1235/1235
f 1226/1226/1226 1238/1238/1238 1235/1235/1235
f 1236/1236/1236 1237/1237/1237 1240/1240/1240
f 1240/1240/1240 1237/1237/1237 1243/1243/1243
f 1243/1243/1243 1237/1237/1237 1244/1244/1244
f 1238/1238/1238 1226/1226/1226 1246/1246/1246
f 1226/1226/1226 1200/1200/1200 1246/1246/1246
f 1200/1200/1200 1179/1179/1179 1246/1246/1246
f 1179/1179/1179 1183/1183/1183 1246/1246/1246
f 1183/1183/1183 1187/1187/1187 1246/1246/1246
f 1187/1187/1187 1191/1191/1191 1246/1246/1246
f 1191/1191/1191 1193/1193/1193 1246/1246/1246
f 1246/1246/1246 1193/1193/1193 1247/1247/1247
f 1249/1249/1249 1194/1194/1194 1250/1250/1250
f 1194/1194/1194 1195/1195/1195 1250/1250/1250
f 1196/1196/1196 1197/1197/1197 1252/1252/1252
f 1197/1197/1197 1203/1203/1203 1252/1252/1252
f 1252/1252/1252 1203/1203/1203 1255/1255/1255
f 1203/1203/1203 1222/1222/1222 1255/1255/1255
f 1222/1222/1222 1217/1217/1217 1255/1255/1255
f 1255/1255/1255 1217/1217/1217 1256/1256/1256
f 1217/1217/1217 1206/1206/1206 1256/1256/1256
f 1206/1206/1206 1209/1209/1209 1256/1256/1256
f 1257/1257/1257 1210/1210/1210 1258/1258/1258
f 1210/1210/1210 1212/1212/1212 1258/1258/1258
f 1259/1259/1259 1211/1211/1211 723/723/723
f 1211/1211/1211 1213/1213/1213 723/723/723
f 723/723/723 1213/1213/1213 1262/1262/1262
f 1213/1213/1213 1215/1215/1215 1262/1262/1262
f 1215/1215/1215 1219/1219/1219 1262/1262/1262
f 1219/1219/1219 1226/1226/1226 1262/1262/1262
f 1262/1262/1262 1226/1226/1226 1263/1263/1263
f 1226/1226/1226 1228/1228/1228 1263/1263/1263
f 1264/1264/1264 1227/1227/1227 1266/1266/1266
f 1266/1266/1266 1227/1227/1227 1268/1268/1268
f 1227/1227/1227 1229/1229/1229 1268/1268/1268
f 1268/1268/1268 1229/1229/1229 1270/1270/1270
f 1229/1229/1229 1231/1231/1231 1270/1270/1270
f 1270/1270/1270 1231/1231/1231 1272/1272/1272
f 1231/1231/1231 1233/1233/1233 1272/1272/1272
f 1272/1272/1272 1233/1233/1233 1273/1273/1273
f 1233/1233/1233 1236/1236/1236 1273/1273/1273
f 1236/1236/1236 1240/1240/1240 1273/1273/1273
f 1274/1274/1274 1239/1239/1239 1275/1275/1275
f 1239/1239/1239 1241/1241/1241 1275/1275/1275
f 1277/1277/1277 1242/1242/1242 1279/1279/1279
f 1242/1242/1242 1245/1245/1245 1279/1279/1279
f 1246/1246/1246 1247/1247/1247 1278/1278/1278
f 1248/1248/1248 1251/1251/1251 1280/1280/1280
f 1280/1280/1280 1251/1251/1251 1282/1282/1282
f 1252/1252/1252 1255/1255/1255 1281/1281/1281
f 1255/1255/1255 1178/1178/1178 1281/1281/1281
f 1175/1175/1175 1059/1059/1059 1283/1283/1283
f 1059/1059/1059 1061/1061/1061 1283/1283/1283
f 1062/1062/1062 1065/1065/1065 1286/1286/1286
f 1064/1064/1064 1067/1067/1067 1283/1283/1283
f 1067/1067/1067 1070/1070/1070 1283/1283/1283
f 1070/1070/1070 1072/1072/1072 1283/1283/1283
f 1072/1072/1072 1074/1074/1074 1283/1283/1283
f 1074/1074/1074 1076/1076/1076 1283/1283/1283
f 1076/1076/1076 1078/1078/1078 1283/1283/1283
f 1078/1078/1078 1080/1080/1080 1283/1283/1283
f 1081/1081/1081 1084/1084/1084 1285/1285/1285
f 1083/1083/1083 1087/1087/1087 1284/1284/1284
f 1086/1086/1086 1089/1089/1089 1283/1283/1283
f 1090/1090/1090 1093/1093/1093 1285/1285/1285
f 1092/1092/1092 1095/1095/1095 1283/1283/1283
f 1095/1095/1095 1097/1097/1097 1283/1283/1283
f 1097/1097/1097 1101/1101/1101 1283/1283/1283
f 1101/1101/1101 1132/1132/1132 1283/1283/1283
f 1132/1132/1132 1125/1125/1125 1283/1283/1283
f 1125/1125/1125 1120/1120/1120 1283/1283/1283
f 1120/1120/1120 1116/1116/1116 1283/1283/1283
f 1116/1116/1116 1112/1112/1112 1283/1283/1283
f 1112/1112/1112 1107/1107/1107 1283/1283/1283
f 1283/1283/1283 1107/1107/1107 1287/1287/1287
f 1107/1107/1107 1103/1103/1103 1287/1287/1287
f 1289/1289/1289 1104/1104/1104 1291/1291/1291
f 1105/1105/1105 1109/1109/1109 1290/1290/1290
f 1292/1292/1292 1110/1110/1110 1294/1294/1294
f 1110/1110/1110 1114/1114/1114 1294/1294/1294
f 1114/1114/1114 1118/1118/1118 1294/1294/1294
f 1118/1118/1118 1122/1122/1122 1294/1294/1294
f 1122/1122/1122 1128/1128/1128 1294/1294/1294
f 1128/1128/1128 1130/1130/1130 1294/1294/1294
f 1130/1130/1130 1135/1135/1135 1294/1294/1294
f 1135/1135/1135 1136/1136/1136 1294/1294/1294
f 1296/1296/1296 1295/1295/1295 1299/1299/1299
f 1298/1298/1298 1293/1293/1293 1302/1302/1302
f 1293/1293/1293 1138/1138/1138 1302/1302/1302
f 1138/1138/1138 1144/1144/1144 1302/1302/1302
f 1145/1145/1145 1140/1140/1140 1300/1300/1300
f 1301/1301/1301 1141/1141/1141 1304/1304/1304
f 1142/1142/1142 1148/1148/1148 1303/1303/1303
f 1148/1148/1148 1150/1150/1150 1303/1303/1303
f 1303/1303/1303 1150/1150/1150 1306/1306/1306
f 1151/1151/1151 1153/1153/1153 1305/1305/1305
f 1305/1305/1305 1153/1153/1153 1308/1308/1308
f 1154/1154/1154 1157/1157/1157 1307/1307/1307
f 1307/1307/1307 1157/1157/1157 1310/1310/1310
f 1158/1158/1158 1161/1161/1161 1309/1309/1309
f 1161/1161/1161 1163/1163/1163 1309/1309/1309
f 1163/1163/1163 1167/1167/1167 1309/1309/1309
f 1167/1167/1167 1171/1171/1171 1309/1309/1309
f 1171/1171/1171 1173/1173/1173 1309/1309/1309
f 1309/1309/1309 1173/1173/1173 1312/1312/1312
f 1173/1173/1173 1176/1176/1176 1312/1312/1312
f 1312/1312/1312 1176/1176/1176 1313/1313/1313
f 1314/1314/1314 1177/1177/1177 1317/1317/1317
f 1317/1317/1317 1177/1177/1177 1319/1319/1319
f 1177/1177/1177 1253/1253/1253 1319/1319/1319
f 1254/1254/1254 1257/1257/1257 1318/1318/1318
f 1257/1257/1257 1258/1258/1258 1318/1318/1318
f 1259/1259/1259 723/723/723 1320/1320/1320
f 723/723/723 719/719/719 1320/1320/1320
f 1320/1320/1320 719/719/719 1321/1321/1321
f 1322/1322/1322 720/720/720 1323/1323/1323
f 720/720/720 718/718/718 1323/1323/1323
f 1324/1324/1324 717/717/717 1326/1326/1326
f 718/718/718 721/721/721 1325/1325/1325
f 1327/1327/1327 722/722/722 1328/1328/1328
f 722/722/722 1260/1260/1260 1328/1328/1328
f 1330/1330/1330 1261/1261/1261 1331/1331/1331
f 1261/1261/1261 1264/1264/1264 1331/1331/1331
f 1264/1264/1264 1266/1266/1266 1331/1331/1331
f 1332/1332/1332 1265/1265/1265 1335/1335/1335
f 1265/1265/1265 1267/1267/1267 1335/1335/1335
f 1267/1267/1267 1269/1269/1269 1335/1335/1335
f 1269/1269/1269 1271/1271/1271 1335/1335/1335
f 1271/1271/1271 1274/1274/1274 1335/1335/1335
f 1274/1274/1274 1275/1275/1275 1335/1335/1335
f 1276/1276/1276 1280/1280/1280 1334/1334/1334
f 1280/1280/1280 1282/1282/1282 1334/1334/1334
f 1282/1282/1282 1288/1288/1288 1334/1334/1334
f 1289/1289/1289 1291/1291/1291 1333/1333/1333
f 1336/1336/1336 1292/1292/1292 1338/1338/1338
f 1292/1292/1292 1294/1294/1294 1338/1338/1338
f 1295/1295/1295 1296/1296/1296 1337/1337/1337
f 1297/1297/1297 1311/1311/1311 1339/1339/1339
f 1339/1339/1339 1311/1311/1311 1340/1340/1340
f 1312/1312/1312 1313/1313/1313 1342/1342/1342
f 1342/1342/1342 1313/1313/1313 1344/1344/1344
f 1314/1314/1314 1317/1317/1317 1343/1343/1343
f 1346/1346/1346 1315/1315/1315 1348/1348/1348
f 1316/1316/1316 1320/1320/1320 1347/1347/1347
f 1320/1320/1320 1321/1321/1321 1347/1347/1347
f 1348/1348/1348 1322/1322/1322 1350/1350/1350
f 1322/1322/1322 1323/1323/1323 1350/1350/1350
f 1324/1324/1324 1326/1326/1326 1349/1349/1349
f 1326/1326/1326 1329/1329/1329 1349/1349/1349
f 1329/1329/1329 1332/1332/1332 1349/1349/1349
f 1332/1332/1332 1335/1335/1335 1349/1349/1349
f 1336/1336/1336 1338/1338/1338 1352/1352/1352
f 1338/1338/1338 1341/1341/1341 1352/1352/1352
f 1352/1352/1352 1341/1341/1341 1354/1354/1354
f 1342/1342/1342 1344/1344/1344 1353/1353/1353
f 1355/1355/1355 1345/1345/1345 1356/1356/1356
f 1346/1346/1346 1348/1348/1348 1357/1357/1357
f 1348/1348/1348 1350/1350/1350 1357/1357/1357
f 1355/1355/1355 1356/1356/1356 1351/1351/1351
f 1358/1358/1358 1359/1359/1359 1360/1360/1360
f 1360/1360/1360 1359/1359/1359 1361/1361/1361
f 1361/1361/1361 1359/1359/1359 1362/1362/1362
f 1362/1362/1362 1359/1359/1359 1363/1363/1363
f 1363/1363/1363 1359/1359/1359 1364/1364/1364
f 1364/1364/1364 1359/1359/1359 1365/1365/1365
f 1365/1365/1365 1359/1359/1359 1366/1366/1366
f 1366/1366/1366 1359/1359/1359 1367/1367/1367
f 1367/1367/1367 1359/1359/1359 1368/1368/1368
f 1368/1368/1368 1359/1359/1359 1369/1369/1369
f 1369/1369/1369 1359/1359/1359 1370/1370/1370
f 1370/1370/1370 1359/1359/1359 1371/1371/1371
f 1371/1371/1371 1359/1359/1359 1372/1372/1372
f 1372/1372/1372 1359/1359/1359 1373/1373/1373
f 1373/1373/1373 1359/1359/1359 1374/1374/1374
f 1374/1374/1374 1359/1359/1359 1375/1375/1375
f 1375/1375/1375 1359/1359/1359 1376/1376/1376
f 1376/1376/1376 1359/1359/1359 1377/1377/1377
f 1377/1377/1377 1359/1359/1359 1378/1378/1378
f 1378/1378/1378 1359/1359/1359 1379/1379/1379
f 1379/1379/1379 1359/1359/1359 1380/1380/1380
f 1380/1380/1380 1359/1359/1359 1381/1381/1381
f 1381/1381/1381 1359/1359/1359 1382/1382/1382
f 1359/1359/1359 1358/1358/1358 1382/1382/1382
f 1383/1383/1383 1384/1384/1384 1386/1386/1386
f 1386/1386/1386 1384/1384/1384 1388/1388/1388
f 1384/1384/1384 1389/1389/1389 1388/1388/1388
f 1388/1388/1388 1389/1389/1389 1391/1391/1391
f 1389/1389/1389 1392/1392/1392 1391/1391/1391
f 1391/1391/1391 1392/1392/1392 1394/1394/1394
f 1392/1392/1392 1395/1395/1395 1394/1394/1394
f 1394/1394/1394 1395/1395/1395 1397/1397/1397
f 1395/1395/1395 1398/1398/1398 1397/1397/1397
f 1397/1397/1397 1398/1398/1398 1400/1400/1400
f 1398/1398/1398 1401/1401/1401 1400/1400/1400
f 1400/1400/1400 1401/1401/1401 1403/1403/1403
f 1401/1401/1401 1404/1404/1404 1403/1403/1403
f 1403/1403/1403 1404/1404/1404 1406/1406/1406
f 1404/1404/1404 1407/1407/1407 1406/1406/1406
f 1406/1406/1406 1407/1407/1407 1409/1409/1409
f 1407/1407/1407 1410/1410/1410 1409/1409/1409
f 1409/1409/1409 1410/1410/1410 1412/1412/1412
f 1410/1410/1410 1413/1413/1413 1412/1412/1412
f 1412/1412/1412 1413/1413/1413 1415/1415/1415
f 1413/1413/1413 1416/1416/1416 1415/1415/1415
f 1415/1415/1415 1416/1416/1416 1418/1418/1418
f 1416/1416/1416 1419/1419/1419 1418/1418/1418
f 1418/1418/1418 1419/1419/1419 1421/1421/1421
f 1419/1419/1419 1422/1422/1422 1421/1421/1421
f 1422/1422/1422 1423/1423/1423 1421/1421/1421
f 1421/1421/1421 1423/1423/1423 1425/1425/1425
f 1423/1423/1423 1426/1426/1426 1425/1425/1425
f 1425/1425/1425 1426/1426/1426 1428/1428/1428
f 1426/1426/1426 1429/1429/1429 1428/1428/1428
f 1428/1428/1428 1429/1429/1429 1431/1431/1431
f 1429/1429/1429 1432/1432/1432 1431/1431/1431
f 1431/1431/1431 1432/1432/1432 1434/1434/1434
f 1432/1432/1432 1435/1435/1435 1434/1434/1434
f 1434/1434/1434 1435/1435/1435 1437/1437/1437
f 1435/1435/1435 1438/1438/1438 1437/1437/1437
f 1437/1437/1437 1438/1438/1438 1440/1440/1440
f 1438/1438/1438 1441/1441/1441 1440/1440/1440
f 1440/1440/1440 1441/1441/1441 1443/1443/1443
f 1441/1441/1441 1444/1444/1444 1443/1443/1443
f 1443/1443/1443 1444/1444/1444 1446/1446/1446
f 1444/1444/1444 1447/1447/1447 1446/1446/1446
f 1446/1446/1446 1447/1447/1447 1449/1449/1449
f 1447/1447/1447 1450/1450/1450 1449/1449/1449
f 1449/1449/1449 1450/1450/1450 1452/1452/1452
f 1450/1450/1450 1453/1453/1453 1452/1452/1452
f 1452/1452/1452 1453/1453/1453 1454/1454/1454
f 1453/1453/1453 1383/1383/1383 1454/1454/1454
f 1383/1383/1383 1386/1386/1386 1454/1454/1454
f 1455/1455/1455 1385/1385/1385 1456/1456/1456
f 1385/1385/1385 1387/1387/1387 1456/1456/1456
f 1387/1387/1387 1390/1390/1390 1456/1456/1456
f 1390/1390/1390 1393/1393/1393 1456/1456/1456
f 1393/1393/1393 1396/1396/1396 1456/1456/1456
f 1396/1396/1396 1399/1399/1399 1456/1456/1456
f 1399/1399/1399 1402/1402/1402 1456/1456/1456
f 1402/1402/1402 1405/1405/1405 1456/1456/1456
f 1405/1405/1405 1408/1408/1408 1456/1456/1456
f 1408/1408/1408 1411/1411/1411 1456/1456/1456
f 1411/1411/1411 1414/1414/1414 1456/1456/1456
f 1414/1414/1414 1417/1417/1417 1456/1456/1456
f 1417/1417/1417 1420/1420/1420 1456/1456/1456
f 1420/1420/1420 1424/1424/1424 1456/1456/1456
f 1424/1424/1424 1427/1427/1427 1456/1456/1456
f 1427/1427/1427 1430/1430/1430 1456/1456/1456
f 1430/1430/1430 1433/1433/1433 1456/1456/1456
f 1433/1433/1433 1436/1436/1436 1456/1456/1456
f 1436/1436/1436 1439/1439/1439 1456/1456/1456
f 1439/1439/1439 1442/1442/1442 1456/1456/1456
f 1442/1442/1442 1445/1445/1445 1456/1456/1456
f 1445/1445/1445 1448/1448/1448 1456/1456/1456
f 1448/1448/1448 1451/1451/1451 1456/1456/1456
f 1457/1457/1457 1458/1458/1458 1460/1460/1460
f 1460/1460/1460 1458/1458/1458 1462/1462/1462
f 1458/1458/1458 1463/1463/1463 1462/1462/1462
f 1462/1462/1462 1463/1463/1463 1465/1465/1465
f 1463/1463/1463 1466/1466/1466 1465/1465/1465
f 1465/1465/1465 1466/1466/1466 1468/1468/1468
f 1466/1466/1466 1469/1469/1469 1468/1468/1468
f 1468/1468/1468 1469/1469/1469 1471/1471/1471
f 1469/1469/1469 1472/1472/1472 1471/1471/1471
f 1471/1471/1471 1472/1472/1472 1474/1474/1474
f 1472/1472/1472 1475/1475/1475 1474/1474/1474
f 1474/1474/1474 1475/1475/1475 1477/1477/1477
f 1475/1475/1475 1478/1478/1478 1477/1477/1477
f 1477/1477/1477 1478/1478/1478 1480/1480/1480
f 1478/1478/1478 1481/1481/1481 1480/1480/1480
f 1480/1480/1480 1481/1481/1481 1483/1483/1483
f 1481/1481/1481 1484/1484/1484 1483/1483/1483
f 1483/1483/1483 1484/1484/1484 1486/1486/1486
f 1484/1484/1484 1487/1487/1487 1486/1486/1486
f 1486/1486/1486 1487/1487/1487 1489/1489/1489
f 1487/1487/1487 1490/1490/1490 1489/1489/1489
f 1489/1489/1489 1490/1490/1490 1492/1492/1492
f 1490/1490/1490 1493/1493/1493 1492/1492/1492
f 1492/1492/1492 1493/1493/1493 1495/1495/1495
f 1493/1493/1493 1496/1496/1496 1495/1495/1495
f 1496/1496/1496 1497/1497/1497 1495/1495/1495
f 1495/1495/1495 1497/1497/1497 1499/1499/1499
f 1497/1497/1497 1500/1500/1500 1499/1499/1499
f 1499/1499/1499 1500/1500/1500 1502/1502/1502
f 1500/1500/1500 1503/1503/1503 1502/1502/1502
f 1502/1502/1502 1503/1503/1503 1505/1505/1505
f 1503/1503/1503 1506/1506/1506 1505/1505/1505
f 1505/1505/1505 1506/1506/1506 1508/1508/1508
f 1506/1506/1506 1509/1509/1509 1508/1508/1508
f 1508/1508/1508 1509/1509/1509 1511/1511/1511
f 1509/1509/1509 1512/1512/1512 1511/1511/1511
f 1511/1511/1511 1512/1512/1512 1514/1514/1514
f 1512/1512/1512 1515/1515/1515 1514/1514/1514
f 1514/1514/1514 1515/1515/1515 1517/1517/1517
f 1515/1515/1515 1518/1518/1518 1517/1517/1517
f 1517/1517/1517 1518/1518/1518 1520/1520/1520
f 1518/1518/1518 1521/1521/1521 1520/1520/1520
f 1520/1520/1520 1521/1521/1521 1523/1523/1523
f 1521/1521/1521 1524/1524/1524 1523/1523/1523
f 1523/1523/1523 1524/1524/1524 1526/1526/1526
f 1524/1524/1524 1527/1527/1527 1526/1526/1526
f 1526/1526/1526 1527/1527/1527 1528/1528/1528
f 1527/1527/1527 1457/1457/1457 1528/1528/1528
f 1457/1457/1457 1460/1460/1460 1528/1528/1528
f 1529/1529/1529 1459/1459/1459 1530/1530/1530
f 1459/1459/1459 1461/1461/1461 1530/1530/1530
f 1461/1461/1461 1464/1464/1464 1530/1530/1530
f 1464/1464/1464 1467/1467/1467 1530/1530/1530
f 1467/1467/1467 1470/1470/1470 1530/1530/1530
f 1470/1470/1470 1473/1473/1473 1530/1530/1530
f 1473/1473/1473 1476/1476/1476 1530/1530/1530
f 1476/1476/1476 1479/1479/1479 1530/1530/1530
f 1479/1479/1479 1482/1482/1482 1530/1530/1530
f 1482/1482/1482 1485/1485/1485 1530/1530/1530
f 1485/1485/1485 1488/1488/1488 1530/1530/1530
f 1488/1488/1488 1491/1491/1491 1530/1530/1530
f 1491/1491/1491 1494/1494/1494 1530/1530/1530
f 1494/1494/1494 1498/1498/1498 1530/1530/1530
f 1498/1498/1498 1501/1501/1501 1530/1530/1530
f 1501/1501/1501 1504/1504/1504 1530/1530/1530
f 1504/1504/1504 1507/1507/1507 1530/1530/1530
f 1507/1507/1507 1510/1510/1510 1530/1530/1530
f 1510/1510/1510 1513/1513/1513 1530/1530/1530
f 1513/1513/1513 1516/1516/1516 1530/1530/1530
f 1516/1516/1516 1519/1519/1519 1530/1530/1530
f 1519/1519/1519 1522/1522/1522 1530/1530/1530
f 1522/1522/1522 1525/1525/1525 1530/1530/1530
f 1531/1531/1531 1532/1532/1532 1533/1533/1533
f 1533/1533/1533 1532/1532/1532 1534/1534/1534
f 1532/1532/1532 1535/1535/1535 1534/1534/1534
f 1534/1534/1534 1535/1535/1535 1536/1536/1536
f 1535/1535/1535 1537/1537/1537 1536/1536/1536
f 1536/1536/1536 1537/1537/1537 1538/1538/1538
f 1537/1537/1537 1539/1539/1539 1538/1538/1538
f 1538/1538/1538 1539/1539/1539 1540/1540/1540
f 1539/1539/1539 1541/1541/1541 1540/1540/1540
f 1540/1540/1540 1541/1541/1541 1542/1542/1542
f 1541/1541/1541 1543/1543/1543 1542/1542/1542
f 1542/1542/1542 1543/1543/1543 1544/1544/1544
f 1543/1543/1543 1545/1545/1545 1544/1544/1544
f 1544/1544/1544 1545/1545/1545 1546/1546/1546
f 1545/1545/1545 1547/1547/1547 1546/1546/1546
f 1546/1546/1546 1547/1547/1547 1548/1548/1548
f 1547/1547/1547 1549/1549/1549 1548/1548/1548
f 1548/1548/1548 1549/1549/1549 1550/1550/1550
f 1549/1549/1549 1551/1551/1551 1550/1550/1550
f 1550/1550/1550 1551/1551/1551 1552/1552/1552
f 1551/1551/1551 1553/1553/1553 1552/1552/1552
f 1552/1552/1552 1553/1553/1553 1554/1554/1554
f 1553/1553/1553 1555/1555/1555 1554/1554/1554
f 1554/1554/1554 1555/1555/1555 1556/1556/1556
f 1555/1555/1555 1557/1557/1557 1556/1556/1556
f 1556/1556/1556 1557/1557/1557 1558/1558/1558
f 1557/1557/1557 1559/1559/1559 1558/1558/1558
f 1558/1558/1558 1559/1559/1559 1560/1560/1560
f 1559/1559/1559 1561/1561/1561 1560/1560/1560
f 1560/1560/1560 1561/1561/1561 1562/1562/1562
f 1561/1561/1561 1563/1563/1563 1562/1562/1562
f 1562/1562/1562 1563/1563/1563 1564/1564/1564
f 1563/1563/1563 1565/1565/1565 1564/1564/1564
f 1564/1564/1564 1565/1565/1565 1566/1566/1566
f 1565/1565/1565 1567/1567/1567 1566/1566/1566
f 1566/1566/1566 1567/1567/1567 1568/1568/1568
f 1567/1567/1567 1569/1569/1569 1568/1568/1568
f 1568/1568/1568 1569/1569/1569 1570/1570/1570
f 1569/1569/1569 1571/1571/1571 1570/1570/1570
f 1570/1570/1570 1571/1571/1571 1572/1572/1572
f 1571/1571/1571 1573/1573/1573 1572/1572/1572
f 1572/1572/1572 1573/1573/1573 1574/1574/1574
f 1573/1573/1573 1575/1575/1575 1574/1574/1574
f 1574/1574/1574 1575/1575/1575 1576/1576/1576
f 1575/1575/1575 1577/1577/1577 1576/1576/1576
f 1576/1576/1576 1577/1577/1577 1578/1578/1578
f 1577/1577/1577 1531/1531/1531 1578/1578/1578
f 1531/1531/1531 1533/1533/1533 1578/1578/1578
f 1579/1579/1579 1580/1580/1580 1581/1581/1581
f 1581/1581/1581 1580/1580/1580 1582/1582/1582
f 1582/1582/1582 1580/1580/1580 1583/1583/1583
f 1583/1583/1583 1580/1580/1580 1584/1584/1584
f 1584/1584/1584 1580/1580/1580 1585/1585/1585
f 1585/1585/1585 1580/1580/1580 1586/1586/1586
f 1586/1586/1586 1580/1580/1580 1587/1587/1587
f 1587/1587/1587 1580/1580/1580 1588/1588/1588
f 1588/1588/1588 1580/1580/1580 1589/1589/1589
f 1589/1589/1589 1580/1580/1580 1590/1590/1590
f 1590/1590/1590 1580/1580/1580 1591/1591/1591
f 1591/1591/1591 1580/1580/1580 1592/1592/1592
f 1592/1592/1592 1580/1580/1580 1593/1593/1593
f 1593/1593/1593 1580/1580/1580 1594/1594/1594
f 1594/1594/1594 1580/1580/1580 1595/1595/1595
f 1595/1595/1595 1580/1580/1580 1596/1596/1596
f 1596/1596/1596 1580/1580/1580 1597/1597/1597
f 1597/1597/1597 1580/1580/1580 1598/1598/1598
f 1598/1598/1598 1580/1580/1580 1599/1599/1599
f 1599/1599/1599 1580/1580/1580 1600/1600/1600
f 1600/1600/1600 1580/1580/1580 1601/1601/1601
f 1601/1601/1601 1580/1580/1580 1602/1602/1602
f 1602/1602/1602 1580/1580/1580 1603/1603/1603
f 1580/1580/1580 1579/1579/1579 1603/1603/1603
f 1604/1604/1604 1605/1605/1605 1606/1606/1606
f 1605/1605/1605 1607/1607/1607 1606/1606/1606
f 1529/1529/1529 1530/1530/1530 1525/1525/1525
f 1455/1455/1455 1456/1456/1456 1451/1451/1451
f 1608/1608/1608 1611/1611/1611 1612/1612/1612
f 1612/1612/1612 1611/1611/1611 1613/1613/1613
f 1611/1611/1611 1615/1615/1615 1613/1613/1613
f 1613/1613/1613 1615/1615/1615 1616/1616/1616
f 1615/1615/1615 1618/1618/1618 1616/1616/1616
f 1616/1616/1616 1618/1618/1618 1619/1619/1619
f 1618/1618/1618 1621/1621/1621 1619/1619/1619
f 1619/1619/1619 1621/1621/1621 1622/1622/1622
f 1621/1621/1621 1624/1624/1624 1622/1622/1622
f 1622/1622/1622 1624/1624/1624 1625/1625/1625
f 1626/1626/1626 1625/1625/1625 1628/1628/1628
f 1625/1625/1625 1624/1624/1624 1628/1628/1628
f 1629/1629/1629 1632/1632/1632 1633/1633/1633
f 1633/1633/1633 1632/1632/1632 1634/1634/1634
f 1632/1632/1632 1636/1636/1636 1634/1634/1634
f 1634/1634/1634 1636/1636/1636 1637/1637/1637
f 1636/1636/1636 1639/1639/1639 1637/1637/1637
f 1637/1637/1637 1639/1639/1639 1640/1640/1640
f 1639/1639/1639 1642/1642/1642 1640/1640/1640
f 1640/1640/1640 1642/1642/1642 1643/1643/1643
f 1642/1642/1642 1645/1645/1645 1643/1643/1643
f 1643/1643/1643 1645/1645/1645 1646/1646/1646
f 1647/1647/1647 1646/1646/1646 1649/1649/1649
f 1646/1646/1646 1645/1645/1645 1649/1649/1649
f 1650/1650/1650 1651/1651/1651 1653/1653/1653
f 1653/1653/1653 1651/1651/1651 1655/1655/1655
f 1655/1655/1655 1651/1651/1651 1657/1657/1657
f 1657/1657/1657 1651/1651/1651 1659/1659/1659
f 1651/1651/1651 1660/1660/1660 1659/1659/1659
f 1660/1660/1660 1661/1661/1661 1659/1659/1659
f 1661/1661/1661 1662/1662/1662 1659/1659/1659
f 1662/1662/1662 1663/1663/1663 1659/1659/1659
f 1663/1663/1663 1664/1664/1664 1659/1659/1659
f 1659/1659/1659 1664/1664/1664 1666/1666/1666
f 1664/1664/1664 1667/1667/1667 1666/1666/1666
f 1666/1666/1666 1667/1667/1667 1669/1669/1669
f 1669/1669/1669 1667/1667/1667 1671/1671/1671
f 1667/1667/1667 1648/1648/1648 1671/1671/1671
f 1671/1671/1671 1648/1648/1648 1673/1673/1673
f 1673/1673/1673 1648/1648/1648 1675/1675/1675
f 1648/1648/1648 1644/1644/1644 1675/1675/1675
f 1644/1644/1644 1641/1641/1641 1675/1675/1675
f 1641/1641/1641 1638/1638/1638 1675/1675/1675
f 1638/1638/1638 1635/1635/1635 1675/1675/1675
f 1635/1635/1635 1631/1631/1631 1675/1675/1675
f 1675/1675/1675 1631/1631/1631 1677/1677/1677
f 1631/1631/1631 1630/1630/1630 1677/1677/1677
f 1677/1677/1677 1630/1630/1630 1679/1679/1679
f 1679/1679/1679 1630/1630/1630 1681/1681/1681
f 1681/1681/1681 1630/1630/1630 1683/1683/1683
f 1630/1630/1630 1627/1627/1627 1683/1683/1683
f 1683/1683/1683 1627/1627/1627 1685/1685/1685
f 1685/1685/1685 1627/1627/1627 1687/1687/1687
f 1687/1687/1687 1627/1627/1627 1689/1689/1689
f 1689/1689/1689 1627/1627/1627 1691/1691/1691
f 1627/1627/1627 1623/1623/1623 1691/1691/1691
f 1623/1623/1623 1620/1620/1620 1691/1691/1691
f 1620/1620/1620 1617/1617/1617 1691/1691/1691
f 1617/1617/1617 1614/1614/1614 1691/1691/1691
f 1614/1614/1614 1610/1610/1610 1691/1691/1691
f 1610/1610/1610 1609/1609/1609 1691/1691/1691
f 1691/1691/1691 1609/1609/1609 1693/1693/1693
f 1693/1693/1693 1609/1609/1609 1695/1695/1695
f 1609/1609/1609 1696/1696/1696 1695/1695/1695
f 1695/1695/1695 1696/1696/1696 1698/1698/1698
f 1698/1698/1698 1696/1696/1696 1700/1700/1700
f 1696/1696/1696 1701/1701/1701 1700/1700/1700
f 1701/1701/1701 1702/1702/1702 1700/1700/1700
f 1702/1702/1702 1703/1703/1703 1700/1700/1700
f 1703/1703/1703 1704/1704/1704 1700/1700/1700
f 1704/1704/1704 1705/1705/1705 1700/1700/1700
f 1700/1700/1700 1705/1705/1705 1707/1707/1707
f 1705/1705/1705 1650/1650/1650 1707/1707/1707
f 1707/1707/1707 1650/1650/1650 1709/1709/1709
f 1709/1709/1709 1650/1650/1650 1710/1710/1710
f 1650/1650/1650 1653/1653/1653 1710/1710/1710
f 1711/1711/1711 1652/1652/1652 1712/1712/1712
f 1712/1712/1712 1652/1652/1652 1713/1713/1713
f 1652/1652/1652 1654/1654/1654 1713/1713/1713
f 1713/1713/1713 1654/1654/1654 1714/1714/1714
f 1654/1654/1654 1656/1656/1656 1714/1714/1714
f 1714/1714/1714 1656/1656/1656 1715/1715/1715
f 1656/1656/1656 1658/1658/1658 1715/1715/1715
f 1715/1715/1715 1658/1658/1658 1716/1716/1716
f 1658/1658/1658 1665/1665/1665 1716/1716/1716
f 1716/1716/1716 1665/1665/1665 1717/1717/1717
f 1665/1665/1665 1668/1668/1668 1717/1717/1717
f 1717/1717/1717 1668/1668/1668 1718/1718/1718
f 1668/1668/1668 1670/1670/1670 1718/1718/1718
f 1718/1718/1718 1670/1670/1670 1719/1719/1719
f 1670/1670/1670 1672/1672/1672 1719/1719/1719
f 1719/1719/1719 1672/1672/1672 1720/1720/1720
f 1672/1672/1672 1674/1674/1674 1720/1720/1720
f 1720/1720/1720 1674/1674/1674 1721/1721/1721
f 1674/1674/1674 1676/1676/1676 1721/1721/1721
f 1721/1721/1721 1676/1676/1676 1722/1722/1722
f 1676/1676/1676 1678/1678/1678 1722/1722/1722
f 1722/1722/1722 1678/1678/1678 1723/1723/1723
f 1678/1678/1678 1680/1680/1680 1723/1723/1723
f 1723/1723/1723 1680/1680/1680 1724/1724/1724
f 1680/1680/1680 1682/1682/1682 1724/1724/1724
f 1724/1724/1724 1682/1682/1682 1725/1725/1725
f 1682/1682/1682 1684/1684/1684 1725/1725/1725
f 1725/1725/1725 1684/1684/1684 1726/1726/1726
f 1684/1684/1684 1686/1686/1686 1726/1726/1726
f 1726/1726/1726 1686/1686/1686 1727/1727/1727
f 1686/1686/1686 1688/1688/1688 1727/1727/1727
f 1727/1727/1727 1688/1688/1688 1728/1728/1728
f 1688/1688/1688 1690/1690/1690 1728/1728/1728
f 1728/1728/1728 1690/1690/1690 1729/1729/1729
f 1690/1690/1690 1692/1692/1692 1729/1729/1729
f 1729/1729/1729 1692/1692/1692 1730/1730/1730
f 1692/1692/1692 1694/1694/1694 1730/1730/1730
f 1730/1730/1730 1694/1694/1694 1731/1731/1731
f 1694/1694/1694 1697/1697/1697 1731/1731/1731
f 1731/1731/1731 1697/1697/1697 1732/1732/1732
f 1697/1697/1697 1699/1699/1699 1732/1732/1732
f 1732/1732/1732 1699/1699/1699 1733/1733/1733
f 1699/1699/1699 1706/1706/1706 1733/1733/1733
f 1733/1733/1733 1706/1706/1706 1734/1734/1734
f 1706/1706/1706 1708/1708/1708 1734/1734/1734
f 1734/1734/1734 1708/1708/1708 1735/1735/1735
f 1708/1708/1708 1711/1711/1711 1735/1735/1735
f 1711/1711/1711 1712/1712/1712 1735/1735/1735
f 1736/1736/1736 1737/1737/1737 1738/1738/1738
f 1737/1737/1737 1739/1739/1739 1738/1738/1738
f 1738/1738/1738 1739/1739/1739 1740/1740/1740
f 1740/1740/1740 1739/1739/1739 1741/1741/1741
f 1739/1739/1739 1742/1742/1742 1741/1741/1741
f 1743/1743/1743 1744/1744/1744 1745/1745/1745
f 1744/1744/1744 1746/1746/1746 1745/1745/1745
f 1745/1745/1745 1746/1746/1746 1747/1747/1747
f 1747/1747/1747 1746/1746/1746 1748/1748/1748
f 1746/1746/1746 1749/1749/1749 1748/1748/1748
f 1750/1750/1750 1751/1751/1751 1752/1752/1752
f 1751/1751/1751 1753/1753/1753 1752/1752/1752
f 1752/1752/1752 1753/1753/1753 1754/1754/1754
f 1754/1754/1754 1753/1753/1753 1755/1755/1755
f 1753/1753/1753 1756/1756/1756 1755/1755/1755
f 1757/1757/1757 1758/1758/1758 1759/1759/1759
f 1758/1758/1758 1760/1760/1760 1759/1759/1759
f 1759/1759/1759 1760/1760/1760 1761/1761/1761
f 1761/1761/1761 1760/1760/1760 1762/1762/1762
f 1760/1760/1760 1763/1763/1763 1762/1762/1762
f 1766/1766/1766 1769/1769/1769 1770/1770/1770
f 1772/1772/1772 1767/1767/1767 1775/1775/1775
f 1775/1775/1775 1767/1767/1767 1776/1776/1776
f 1778/1778/1778 1768/1768/1768 1779/1779/1779
f 1768/1768/1768 1764/1764/1764 1779/1779/1779
f 1784/1784/1784 1787/1787/1787 1789/1789/1789
f 1790/1790/1790 1793/1793/1793 1779/1779/1779
f 1781/1781/1781 1791/1791/1791 1794/1794/1794
f 1796/1796/1796 1792/1792/1792 1798/1798/1798
f 1792/1792/1792 1788/1788/1788 1798/1798/1798
f 1789/1789/1789 1787/1787/1787 1797/1797/1797
f 1799/1799/1799 1785/1785/1785 1800/1800/1800
f 1786/1786/1786 1782/1782/1782 1802/1802/1802
f 1802/1802/1802 1782/1782/1782 1803/1803/1803
f 1805/1805/1805 1783/1783/1783 1808/1808/1808
f 1783/1783/1783 1790/1790/1790 1808/1808/1808
f 1790/1790/1790 1779/1779/1779 1808/1808/1808
f 1811/1811/1811 1808/1808/1808 1812/1812/1812
f 1808/1808/1808 1779/1779/1779 1812/1812/1812
f 1779/1779/1779 1764/1764/1764 1812/1812/1812
f 1764/1764/1764 1817/1817/1817 1812/1812/1812
f 1814/1814/1814 1815/1815/1815 1818/1818/1818
f 1820/1820/1820 1816/1816/1816 1822/1822/1822
f 1816/1816/1816 1765/1765/1765 1822/1822/1822
f 1766/1766/1766 1770/1770/1770 1821/1821/1821
f 1771/1771/1771 1773/1773/1773 1823/1823/1823
f 1823/1823/1823 1773/1773/1773 1826/1826/1826
f 1774/1774/1774 1777/1777/1777 1825/1825/1825
f 1777/1777/1777 1780/1780/1780 1825/1825/1825
f 1781/1781/1781 1794/1794/1794 1824/1824/1824
f 1826/1826/1826 1795/1795/1795 1828/1828/1828
f 1795/1795/1795 1799/1799/1799 1828/1828/1828
f 1799/1799/1799 1800/1800/1800 1828/1828/1828
f 1801/1801/1801 1804/1804/1804 1827/1827/1827
f 1804/1804/1804 1806/1806/1806 1827/1827/1827
f 1829/1829/1829 1807/1807/1807 1830/1830/1830
f 1807/1807/1807 1809/1809/1809 1830/1830/1830
f 1832/1832/1832 1810/1810/1810 1834/1834/1834
f 1810/1810/1810 1813/1813/1813 1834/1834/1834
f 1814/1814/1814 1818/1818/1818 1833/1833/1833
f 1819/1819/1819 1823/1823/1823 1835/1835/1835
f 1823/1823/1823 1826/1826/1826 1835/1835/1835
f 1826/1826/1826 1828/1828/1828 1835/1835/1835
f 1838/1838/1838 1841/1841/1841 1842/1842/1842
f 1844/1844/1844 1839/1839/1839 1845/1845/1845
f 1839/1839/1839 1850/1850/1850 1845/1845/1845
f 1847/1847/1847 1848/1848/1848 1851/1851/1851
f 1853/1853/1853 1849/1849/1849 1855/1855/1855
f 1849/1849/1849 1840/1840/1840 1855/1855/1855
f 1841/1841/1841 1838/1838/1838 1854/1854/1854
f 1856/1856/1856 1836/1836/1836 1858/1858/1858
f 1837/1837/1837 1843/1843/1843 1857/1857/1857
f 1843/1843/1843 1846/1846/1846 1857/1857/1857
f 1847/1847/1847 1851/1851/1851 1859/1859/1859
f 1861/1861/1861 1864/1864/1864 1866/1866/1866
f 1866/1866/1866 1864/1864/1864 1868/1868/1868
f 1868/1868/1868 1864/1864/1864 1869/1869/1869
f 1873/1873/1873 1875/1875/1875 1876/1876/1876
f 1879/1879/1879 1877/1877/1877 1880/1880/1880
f 1881/1881/1881 1876/1876/1876 1882/1882/1882
f 1876/1876/1876 1875/1875/1875 1882/1882/1882
f 1885/1885/1885 1883/1883/1883 1887/1887/1887
f 1883/1883/1883 1874/1874/1874 1887/1887/1887
f 1887/1887/1887 1874/1874/1874 1890/1890/1890
f 1874/1874/1874 1872/1872/1872 1890/1890/1890
f 1890/1890/1890 1872/1872/1872 1891/1891/1891
f 1872/1872/1872 1877/1877/1877 1891/1891/1891
f 1877/1877/1877 1879/1879/1879 1891/1891/1891
f 1893/1893/1893 1878/1878/1878 1896/1896/1896
f 1879/1879/1879 1880/1880/1880 1897/1897/1897
f 1897/1897/1897 1880/1880/1880 1898/1898/1898
f 1881/1881/1881 1882/1882/1882 1899/1899/1899
f 1899/1899/1899 1882/1882/1882 1900/1900/1900
f 1883/1883/1883 1885/1885/1885 1901/1901/1901
f 1885/1885/1885 1903/1903/1903 1901/1901/1901
f 1901/1901/1901 1903/1903/1903 1905/1905/1905
f 1903/1903/1903 1907/1907/1907 1905/1905/1905
f 1905/1905/1905 1907/1907/1907 1909/1909/1909
f 1907/1907/1907 1911/1911/1911 1909/1909/1909
f 1909/1909/1909 1911/1911/1911 1913/1913/1913
f 1911/1911/1911 1915/1915/1915 1913/1913/1913
f 1913/1913/1913 1915/1915/1915 1917/1917/1917
f 1915/1915/1915 1919/1919/1919 1917/1917/1917
f 1917/1917/1917 1919/1919/1919 1920/1920/1920
f 1919/1919/1919 1925/1925/1925 1920/1920/1920
f 1922/1922/1922 1923/1923/1923 1926/1926/1926
f 1930/1930/1930 1932/1932/1932 1934/1934/1934
f 1934/1934/1934 1932/1932/1932 1936/1936/1936
f 1932/1932/1932 1938/1938/1938 1936/1936/1936
f 1936/1936/1936 1938/1938/1938 1940/1940/1940
f 1938/1938/1938 1942/1942/1942 1940/1940/1940
f 1940/1940/1940 1942/1942/1942 1944/1944/1944
f 1942/1942/1942 1946/1946/1946 1944/1944/1944
f 1944/1944/1944 1946/1946/1946 1948/1948/1948
f 1946/1946/1946 1928/1928/1928 1948/1948/1948
f 1926/1926/1926 1923/1923/1923 1947/1947/1947
f 1949/1949/1949 1924/1924/1924 1950/1950/1950
f 1924/1924/1924 1918/1918/1918 1950/1950/1950
f 1918/1918/1918 1914/1914/1914 1950/1950/1950
f 1914/1914/1914 1910/1910/1910 1950/1950/1950
f 1910/1910/1910 1906/1906/1906 1950/1950/1950
f 1906/1906/1906 1902/1902/1902 1950/1950/1950
f 1902/1902/1902 1884/1884/1884 1950/1950/1950
f 1884/1884/1884 1886/1886/1886 1950/1950/1950
f 1886/1886/1886 1888/1888/1888 1950/1950/1950
f 1889/1889/1889 1894/1894/1894 1952/1952/1952
f 1892/1892/1892 1895/1895/1895 1951/1951/1951
f 1897/1897/1897 1898/1898/1898 1954/1954/1954
f 1954/1954/1954 1898/1898/1898 1955/1955/1955
f 1899/1899/1899 1900/1900/1900 1957/1957/1957
f 1900/1900/1900 1904/1904/1904 1957/1957/1957
f 1904/1904/1904 1908/1908/1908 1957/1957/1957
f 1908/1908/1908 1912/1912/1912 1957/1957/1957
f 1912/1912/1912 1916/1916/1916 1957/1957/1957
f 1916/1916/1916 1921/1921/1921 1957/1957/1957
f 1957/1957/1957 1921/1921/1921 1958/1958/1958
f 1921/1921/1921 1927/1927/1927 1958/1958/1958
f 1927/1927/1927 1945/1945/1945 1958/1958/1958
f 1945/1945/1945 1941/1941/1941 1958/1958/1958
f 1941/1941/1941 1937/1937/1937 1958/1958/1958
f 1937/1937/1937 1931/1931/1931 1958/1958/1958
f 1931/1931/1931 1929/1929/1929 1958/1958/1958
f 1929/1929/1929 1964/1964/1964 1958/1958/1958
f 1964/1964/1964 1966/1966/1966 1958/1958/1958
f 1967/1967/1967 1970/1970/1970 1959/1959/1959
f 1969/1969/1969 1870/1870/1870 1958/1958/1958
f 1871/1871/1871 1862/1862/1862 1959/1959/1959
f 1863/1863/1863 1860/1860/1860 1960/1960/1960
f 1962/1962/1962 1861/1861/1861 1971/1971/1971
f 1861/1861/1861 1866/1866/1866 1971/1971/1971
f 1865/1865/1865 1867/1867/1867 1972/1972/1972
f 1972/1972/1972 1867/1867/1867 1974/1974/1974
f 1868/1868/1868 1869/1869/1869 1977/1977/1977
f 1869/1869/1869 1968/1968/1968 1977/1977/1977
f 1977/1977/1977 1968/1968/1968 1980/1980/1980
f 1968/1968/1968 1965/1965/1965 1980/1980/1980
f 1980/1980/1980 1965/1965/1965 1982/1982/1982
f 1965/1965/1965 1963/1963/1963 1982/1982/1982
f 1982/1982/1982 1963/1963/1963 1983/1983/1983
f 1963/1963/1963 1930/1930/1930 1983/1983/1983
f 1930/1930/1930 1934/1934/1934 1983/1983/1983
f 1984/1984/1984 1933/1933/1933 1987/1987/1987
f 1933/1933/1933 1935/1935/1935 1987/1987/1987
f 1935/1935/1935 1939/1939/1939 1987/1987/1987
f 1939/1939/1939 1943/1943/1943 1987/1987/1987
f 1943/1943/1943 1949/1949/1949 1987/1987/1987
f 1949/1949/1949 1950/1950/1950 1987/1987/1987
f 1953/1953/1953 1956/1956/1956 1986/1986/1986
f 1956/1956/1956 1961/1961/1961 1986/1986/1986
f 1962/1962/1962 1971/1971/1971 1985/1985/1985
f 1973/1973/1973 1975/1975/1975 1988/1988/1988
f 1976/1976/1976 1979/1979/1979 1989/1989/1989
f 1978/1978/1978 1981/1981/1981 1987/1987/1987
f 1992/1992/1992 1995/1995/1995 1996/1996/1996
f 1998/1998/1998 1993/1993/1993 2001/2001/2001
f 2001/2001/2001 1993/1993/1993 2002/2002/2002
f 2004/2004/2004 1994/1994/1994 2005/2005/2005
f 1994/1994/1994 1990/1990/1990 2005/2005/2005
f 1990/1990/1990 2010/2010/2010 2005/2005/2005
f 2007/2007/2007 2008/2008/2008 2011/2011/2011
f 2013/2013/2013 2009/2009/2009 2015/2015/2015
f 2009/2009/2009 1991/1991/1991 2015/2015/2015
f 1992/1992/1992 1996/1996/1996 2014/2014/2014
f 2016/2016/2016 1997/1997/1997 2018/2018/2018
f 1997/1997/1997 1999/1999/1999 2018/2018/2018
f 2000/2000/2000 2003/2003/2003 2017/2017/2017
f 2003/2003/2003 2006/2006/2006 2017/2017/2017
f 2007/2007/2007 2011/2011/2011 2019/2019/2019
f 2021/2021/2021 2022/2022/2022 2024/2024/2024
f 2024/2024/2024 2022/2022/2022 2026/2026/2026
f 2026/2026/2026 2022/2022/2022 2028/2028/2028
f 2028/2028/2028 2022/2022/2022 2030/2030/2030
f 2030/2030/2030 2022/2022/2022 2032/2032/2032
f 2032/2032/2032 2022/2022/2022 2034/2034/2034
f 2034/2034/2034 2022/2022/2022 2036/2036/2036
f 2036/2036/2036 2022/2022/2022 2038/2038/2038
f 2038/2038/2038 2022/2022/2022 2040/2040/2040
f 2040/2040/2040 2022/2022/2022 2042/2042/2042
f 2042/2042/2042 2022/2022/2022 2044/2044/2044
f 2044/2044/2044 2022/2022/2022 2046/2046/2046
f 2046/2046/2046 2022/2022/2022 2048/2048/2048
f 2048/2048/2048 2022/2022/2022 2050/2050/2050
f 2050/2050/2050 2022/2022/2022 2052/2052/2052
f 2052/2052/2052 2022/2022/2022 2054/2054/2054
f 2054/2054/2054 2022/2022/2022 2056/2056/2056
f 2056/2056/2056 2022/2022/2022 2058/2058/2058
f 2058/2058/2058 2022/2022/2022 2060/2060/2060
f 2060/2060/2060 2022/2022/2022 2062/2062/2062
f 2062/2062/2062 2022/2022/2022 2064/2064/2064
f 2064/2064/2064 2022/2022/2022 2066/2066/2066
f 2066/2066/2066 2022/2022/2022 2067/2067/2067
f 2022/2022/2022 2021/2021/2021 2067/2067/2067
f 2068/2068/2068 2020/2020/2020 2070/2070/2070
f 2070/2070/2070 2020/2020/2020 2072/2072/2072
f 2020/2020/2020 2023/2023/2023 2072/2072/2072
f 2072/2072/2072 2023/2023/2023 2074/2074/2074
f 2023/2023/2023 2025/2025/2025 2074/2074/2074
f 2074/2074/2074 2025/2025/2025 2076/2076/2076
f 2025/2025/2025 2027/2027/2027 2076/2076/2076
f 2076/2076/2076 2027/2027/2027 2078/2078/2078
f 2027/2027/2027 2029/2029/2029 2078/2078/2078
f 2078/2078/2078 2029/2029/2029 2080/2080/2080
f 2029/2029/2029 2031/2031/2031 2080/2080/2080
f 2080/2080/2080 2031/2031/2031 2082/2082/2082
f 2031/2031/2031 2033/2033/2033 2082/2082/2082
f 2082/2082/2082 2033/2033/2033 2084/2084/2084
f 2033/2033/2033 2035/2035/2035 2084/2084/2084
f 2084/2084/2084 2035/2035/2035 2086/2086/2086
f 2035/2035/2035 2037/2037/2037 2086/2086/2086
f 2086/2086/2086 2037/2037/2037 2088/2088/2088
f 2037/2037/2037 2039/2039/2039 2088/2088/2088
f 2088/2088/2088 2039/2039/2039 2090/2090/2090
f 2039/2039/2039 2041/2041/2041 2090/2090/2090
f 2090/2090/2090 2041/2041/2041 2092/2092/2092
f 2041/2041/2041 2043/2043/2043 2092/2092/2092
f 2092/2092/2092 2043/2043/2043 2094/2094/2094
f 2043/2043/2043 2045/2045/2045 2094/2094/2094
f 2094/2094/2094 2045/2045/2045 2096/2096/2096
f 2045/2045/2045 2047/2047/2047 2096/2096/2096
f 2096/2096/2096 2047/2047/2047 2098/2098/2098
f 2047/2047/2047 2049/2049/2049 2098/2098/2098
f 2098/2098/2098 2049/2049/2049 2100/2100/2100
f 2049/2049/2049 2051/2051/2051 2100/2100/2100
f 2100/2100/2100 2051/2051/2051 2102/2102/2102
f 2051/2051/2051 2053/2053/2053 2102/2102/2102
f 2102/2102/2102 2053/2053/2053 2104/2104/2104
f 2053/2053/2053 2055/2055/2055 2104/2104/2104
f 2104/2104/2104 2055/2055/2055 2106/2106/2106
f 2055/2055/2055 2057/2057/2057 2106/2106/2106
f 2106/2106/2106 2057/2057/2057 2108/2108/2108
f 2057/2057/2057 2059/2059/2059 2108/2108/2108
f 2108/2108/2108 2059/2059/2059 2110/2110/2110
f 2059/2059/2059 2061/2061/2061 2110/2110/2110
f 2110/2110/2110 2061/2061/2061 2112/2112/2112
f 2061/2061/2061 2063/2063/2063 2112/2112/2112
f 2112/2112/2112 2063/2063/2063 2114/2114/2114
f 2063/2063/2063 2065/2065/2065 2114/2114/2114
f 2114/2114/2114 2065/2065/2065 2115/2115/2115
f 2065/2065/2065 2068/2068/2068 2115/2115/2115
f 2068/2068/2068 2070/2070/2070 2115/2115/2115
f 2116/2116/2116 2069/2069/2069 2117/2117/2117
f 2069/2069/2069 2071/2071/2071 2117/2117/2117
f 2071/2071/2071 2073/2073/2073 2117/2117/2117
f 2073/2073/2073 2075/2075/2075 2117/2117/2117
f 2075/2075/2075 2077/2077/2077 2117/2117/2117
f 2077/2077/2077 2079/2079/2079 2117/2117/2117
f 2079/2079/2079 2081/2081/2081 2117/2117/2117
f 2081/2081/2081 2083/2083/2083 2117/2117/2117
f 2083/2083/2083 2085/2085/2085 2117/2117/2117
f 2085/2085/2085 2087/2087/2087 2117/2117/2117
f 2087/2087/2087 2089/2089/2089 2117/2117/2117
f 2089/2089/2089 2091/2091/2091 2117/2117/2117
f 2091/2091/2091 2093/2093/2093 2117/2117/2117
f 2093/2093/2093 2095/2095/2095 2117/2117/2117
f 2095/2095/2095 2097/2097/2097 2117/2117/2117
f 2097/2097/2097 2099/2099/2099 2117/2117/2117
f 2099/2099/2099 2101/2101/2101 2117/2117/2117
f 2101/2101/2101 2103/2103/2103 2117/2117/2117
f 2103/2103/2103 2105/2105/2105 2117/2117/2117
f 2105/2105/2105 2107/2107/2107 2117/2117/2117
f 2107/2107/2107 2109/2109/2109 2117/2117/2117
f 2109/2109/2109 2111/2111/2111 2117/2117/2117
f 2111/2111/2111 2113/2113/2113 2117/2117/2117
f 2119/2119/2119 2120/2120/2120 2122/2122/2122
f 2122/2122/2122 2120/2120/2120 2124/2124/2124
f 2124/2124/2124 2120/2120/2120 2126/2126/2126
f 2126/2126/2126 2120/2120/2120 2128/2128/2128
f 2128/2128/2128 2120/2120/2120 2130/2130/2130
f 2130/2130/2130 2120/2120/2120 2132/2132/2132
f 2132/2132/2132 2120/2120/2120 2134/2134/2134
f 2134/2134/2134 2120/2120/2120 2136/2136/2136
f 2136/2136/2136 2120/2120/2120 2138/2138/2138
f 2138/2138/2138 2120/2120/2120 2140/2140/2140
f 2140/2140/2140 2120/2120/2120 2142/2142/2142
f 2142/2142/2142 2120/2120/2120 2144/2144/2144
f 2144/2144/2144 2120/2120/2120 2146/2146/2146
f 2146/2146/2146 2120/2120/2120 2148/2148/2148
f 2148/2148/2148 2120/2120/2120 2150/2150/2150
f 2150/2150/2150 2120/2120/2120 2152/2152/2152
f 2152/2152/2152 2120/2120/2120 2154/2154/2154
f 2154/2154/2154 2120/2120/2120 2156/2156/2156
f 2156/2156/2156 2120/2120/2120 2158/2158/2158
f 2158/2158/2158 2120/2120/2120 2160/2160/2160
f 2160/2160/2160 2120/2120/2120 2162/2162/2162
f 2162/2162/2162 2120/2120/2120 2164/2164/2164
f 2164/2164/2164 2120/2120/2120 2165/2165/2165
f 2120/2120/2120 2119/2119/2119 2165/2165/2165
f 2166/2166/2166 2118/2118/2118 2168/2168/2168
f 2168/2168/2168 2118/2118/2118 2170/2170/2170
f 2118/2118/2118 2121/2121/2121 2170/2170/2170
f 2170/2170/2170 2121/2121/2121 2172/2172/2172
f 2121/2121/2121 2123/2123/2123 2172/2172/2172
f 2172/2172/2172 2123/2123/2123 2174/2174/2174
f 2123/2123/2123 2125/2125/2125 2174/2174/2174
f 2174/2174/2174 2125/2125/2125 2176/2176/2176
f 2125/2125/2125 2127/2127/2127 2176/2176/2176
f 2176/2176/2176 2127/2127/2127 2178/2178/2178
f 2127/2127/2127 2129/2129/2129 2178/2178/2178
f 2178/2178/2178 2129/2129/2129 2180/2180/2180
f 2129/2129/2129 2131/2131/2131 2180/2180/2180
f 2180/2180/2180 2131/2131/2131 2182/2182/2182
f 2131/2131/2131 2133/2133/2133 2182/2182/2182
f 2182/2182/2182 2133/2133/2133 2184/2184/2184
f 2133/2133/2133 2135/2135/2135 2184/2184/2184
f 2184/2184/2184 2135/2135/2135 2186/2186/2186
f 2135/2135/2135 2137/2137/2137 2186/2186/2186
f 2186/2186/2186 2137/2137/2137 2188/2188/2188
f 2137/2137/2137 2139/2139/2139 2188/2188/2188
f 2188/2188/2188 2139/2139/2139 2190/2190/2190
f 2139/2139/2139 2141/2141/2141 2190/2190/2190
f 2190/2190/2190 2141/2141/2141 2192/2192/2192
f 2141/2141/2141 2143/2143/2143 2192/2192/2192
f 2192/2192/2192 2143/2143/2143 2194/2194/2194
f 2143/2143/2143 2145/2145/2145 2194/2194/2194
f 2194/2194/2194 2145/2145/2145 2196/2196/2196
f 2145/2145/2145 2147/2147/2147 2196/2196/2196
f 2196/2196/2196 2147/2147/2147 2198/2198/2198
f 2147/2147/2147 2149/2149/2149 2198/2198/2198
f 2198/2198/2198 2149/2149/2149 2200/2200/2200
f 2149/2149/2149 2151/2151/2151 2200/2200/2200
f 2200/2200/2200 2151/2151/2151 2202/2202/2202
f 2151/2151/2151 2153/2153/2153 2202/2202/2202
f 2202/2202/2202 2153/2153/2153 2204/2204/2204
f 2153/2153/2153 2155/2155/2155 2204/2204/2204
f 2204/2204/2204 2155/2155/2155 2206/2206/2206
f 2155/2155/2155 2157/2157/2157 2206/2206/2206
f 2206/2206/2206 2157/2157/2157 2208/2208/2208
f 2157/2157/2157 2159/2159/2159 2208/2208/2208
f 2208/2208/2208 2159/2159/2159 2210/2210/2210
f 2159/2159/2159 2161/2161/2161 2210/2210/2210
f 2210/2210/2210 2161/2161/2161 2212/2212/2212
f 2161/2161/2161 2163/2163/2163 2212/2212/2212
f 2212/2212/2212 2163/2163/2163 2213/2213/2213
f 2163/2163/2163 2166/2166/2166 2213/2213/2213
f 2166/2166/2166 2168/2168/2168 2213/2213/2213
f 2214/2214/2214 2167/2167/2167 2215/2215/2215
f 2167/2167/2167 2169/2169/2169 2215/2215/2215
f 2169/2169/2169 2171/2171/2171 2215/2215/2215
f 2171/2171/2171 2173/2173/2173 2215/2215/2215
f 2173/2173/2173 2175/2175/2175 2215/2215/2215
f 2175/2175/2175 2177/2177/2177 2215/2215/2215
f 2177/2177/2177 2179/2179/2179 2215/2215/2215
f 2179/2179/2179 2181/2181/2181 2215/2215/2215
f 2181/2181/2181 2183/2183/2183 2215/2215/2215
f 2183/2183/2183 2185/2185/2185 2215/2215/2215
f 2185/2185/2185 2187/2187/2187 2215/2215/2215
f 2187/2187/2187 2189/2189/2189 2215/2215/2215
f 2189/2189/2189 2191/2191/2191 2215/2215/2215
f 2191/2191/2191 2193/2193/2193 2215/2215/2215
f 2193/2193/2193 2195/2195/2195 2215/2215/2215
f 2195/2195/2195 2197/2197/2197 2215/2215/2215
f 2197/2197/2197 2199/2199/2199 2215/2215/2215
f 2199/2199/2199 2201/2201/2201 2215/2215/2215
f 2201/2201/2201 2203/2203/2203 2215/2215/2215
f 2203/2203/2203 2205/2205/2205 2215/2215/2215
f 2205/2205/2205 2207/2207/2207 2215/2215/2215
f 2207/2207/2207 2209/2209/2209 2215/2215/2215
f 2209/2209/2209 2211/2211/2211 2215/2215/2215
f 2217/2217/2217 2218/2218/2218 2220/2220/2220
f 2220/2220/2220 2218/2218/2218 2222/2222/2222
f 2222/2222/2222 2218/2218/2218 2224/2224/2224
f 2224/2224/2224 2218/2218/2218 2226/2226/2226
f 2226/2226/2226 2218/2218/2218 2228/2228/2228
f 2228/2228/2228 2218/2218/2218 2230/2230/2230
f 2230/2230/2230 2218/2218/2218 2232/2232/2232
f 2232/2232/2232 2218/2218/2218 2234/2234/2234
f 2234/2234/2234 2218/2218/2218 2236/2236/2236
f 2236/2236/2236 2218/2218/2218 2238/2238/2238
f 2238/2238/2238 2218/2218/2218 2240/2240/2240
f 2240/2240/2240 2218/2218/2218 2242/2242/2242
f 2242/2242/2242 2218/2218/2218 2244/2244/2244
f 2244/2244/2244 2218/2218/2218 2246/2246/2246
f 2246/2246/2246 2218/2218/2218 2248/2248/2248
f 2248/2248/2248 2218/2218/2218 2250/2250/2250
f 2250/2250/2250 2218/2218/2218 2252/2252/2252
f 2252/2252/2252 2218/2218/2218 2254/2254/2254
f 2254/2254/2254 2218/2218/2218 2256/2256/2256
f 2256/2256/2256 2218/2218/2218 2258/2258/2258
f 2258/2258/2258 2218/2218/2218 2260/2260/2260
f 2260/2260/2260 2218/2218/2218 2262/2262/2262
f 2262/2262/2262 2218/2218/2218 2263/2263/2263
f 2218/2218/2218 2217/2217/2217 2263/2263/2263
f 2264/2264/2264 2216/2216/2216 2266/2266/2266
f 2266/2266/2266 2216/2216/2216 2268/2268/2268
f 2216/2216/2216 2219/2219/2219 2268/2268/2268
f 2268/2268/2268 2219/2219/2219 2270/2270/2270
f 2219/2219/2219 2221/2221/2221 2270/2270/2270
f 2270/2270/2270 2221/2221/2221 2272/2272/2272
f 2221/2221/2221 2223/2223/2223 2272/2272/2272
f 2272/2272/2272 2223/2223/2223 2274/2274/2274
f 2223/2223/2223 2225/2225/2225 2274/2274/2274
f 2274/2274/2274 2225/2225/2225 2276/2276/2276
f 2225/2225/2225 2227/2227/2227 2276/2276/2276
f 2276/2276/2276 2227/2227/2227 2278/2278/2278
f 2227/2227/2227 2229/2229/2229 2278/2278/2278
f 2278/2278/2278 2229/2229/2229 2280/2280/2280
f 2229/2229/2229 2231/2231/2231 2280/2280/2280
f 2280/2280/2280 2231/2231/2231 2282/2282/2282
f 2231/2231/2231 2233/2233/2233 2282/2282/2282
f 2282/2282/2282 2233/2233/2233 2284/2284/2284
f 2233/2233/2233 2235/2235/2235 2284/2284/2284
f 2284/2284/2284 2235/2235/2235 2286/2286/2286
f 2235/2235/2235 2237/2237/2237 2286/2286/2286
f 2286/2286/2286 2237/2237/2237 2288/2288/2288
f 2237/2237/2237 2239/2239/2239 2288/2288/2288
f 2288/2288/2288 2239/2239/2239 2290/2290/2290
f 2239/2239/2239 2241/2241/2241 2290/2290/2290
f 2290/2290/2290 2241/2241/2241 2292/2292/2292
f 2241/2241/2241 2243/2243/2243 2292/2292/2292
f 2292/2292/2292 2243/2243/2243 2294/2294/2294
f 2243/2243/2243 2245/2245/2245 2294/2294/2294
f 2294/2294/2294 2245/2245/2245 2296/2296/2296
f 2245/2245/2245 2247/2247/2247 2296/2296/2296
f 2296/2296/2296 2247/2247/2247 2298/2298/2298
f 2247/2247/2247 2249/2249/2249 2298/2298/2298
f 2298/2298/2298 2249/2249/2249 2300/2300/2300
f 2249/2249/2249 2251/2251/2251 2300/2300/2300
f 2300/2300/2300 2251/2251/2251 2302/2302/2302
f 2251/2251/2251 2253/2253/2253 2302/2302/2302
f 2302/2302/2302 2253/2253/2253 2304/2304/2304
f 2253/2253/2253 2255/2255/2255 2304/2304/2304
f 2304/2304/2304 2255/2255/2255 2306/2306/2306
f 2255/2255/2255 2257/2257/2257 2306/2306/2306
f 2306/2306/2306 2257/2257/2257 2308/2308/2308
f 2257/2257/2257 2259/2259/2259 2308/2308/2308
f 2308/2308/2308 2259/2259/2259 2310/2310/2310
f 2259/2259/2259 2261/2261/2261 2310/2310/2310
f 2310/2310/2310 2261/2261/2261 2311/2311/2311
f 2261/2261/2261 2264/2264/2264 2311/2311/2311
f 2264/2264/2264 2266/2266/2266 2311/2311/2311
f 2312/2312/2312 2265/2265/2265 2313/2313/2313
f 2265/2265/2265 2267/2267/2267 2313/2313/2313
f 2267/2267/2267 2269/2269/2269 2313/2313/2313
f 2269/2269/2269 2271/2271/2271 2313/2313/2313
f 2271/2271/2271 2273/2273/2273 2313/2313/2313
f 2273/2273/2273 2275/2275/2275 2313/2313/2313
f 2275/2275/2275 2277/2277/2277 2313/2313/2313
f 2277/2277/2277 2279/2279/2279 2313/2313/2313
f 2279/2279/2279 2281/2281/2281 2313/2313/2313
f 2281/2281/2281 2283/2283/2283 2313/2313/2313
f 2283/2283/2283 2285/2285/2285 2313/2313/2313
f 2285/2285/2285 2287/2287/2287 2313/2313/2313
f 2287/2287/2287 2289/2289/2289 2313/2313/2313
f 2289/2289/2289 2291/2291/2291 2313/2313/2313
f 2291/2291/2291 2293/2293/2293 2313/2313/2313
f 2293/2293/2293 2295/2295/2295 2313/2313/2313
f 2295/2295/2295 2297/2297/2297 2313/2313/2313
f 2297/2297/2297 2299/2299/2299 2313/2313/2313
f 2299/2299/2299 2301/2301/2301 2313/2313/2313
f 2301/2301/2301 2303/2303/2303 2313/2313/2313
f 2303/2303/2303 2305/2305/2305 2313/2313/2313
f 2305/2305/2305 2307/2307/2307 2313/2313/2313
f 2307/2307/2307 2309/2309/2309 2313/2313/2313
f 2315/2315/2315 2316/2316/2316 2318/2318/2318
f 2318/2318/2318 2316/2316/2316 2320/2320/2320
f 2320/2320/2320 2316/2316/2316 2322/2322/2322
f 2322/2322/2322 2316/2316/2316 2324/2324/2324
f 2324/2324/2324 2316/2316/2316 2326/2326/2326
f 2326/2326/2326 2316/2316/2316 2328/2328/2328
f 2328/2328/2328 2316/2316/2316 2330/2330/2330
f 2330/2330/2330 2316/2316/2316 2332/2332/2332
f 2332/2332/2332 2316/2316/2316 2334/2334/2334
f 2334/2334/2334 2316/2316/2316 2336/2336/2336
f 2336/2336/2336 2316/2316/2316 2338/2338/2338
f 2338/2338/2338 2316/2316/2316 2340/2340/2340
f 2340/2340/2340 2316/2316/2316 2342/2342/2342
f 2342/2342/2342 2316/2316/2316 2344/2344/2344
f 2344/2344/2344 2316/2316/2316 2346/2346/2346
f 2346/2346/2346 2316/2316/2316 2348/2348/2348
f 2348/2348/2348 2316/2316/2316 2350/2350/2350
f 2350/2350/2350 2316/2316/2316 2352/2352/2352
f 2352/2352/2352 2316/2316/2316 2354/2354/2354
f 2354/2354/2354 2316/2316/2316 2356/2356/2356
f 2356/2356/2356 2316/2316/2316 2358/2358/2358
f 2358/2358/2358 2316/2316/2316 2360/2360/2360
f 2360/2360/2360 2316/2316/2316 2361/2361/2361
f 2316/2316/2316 2315/2315/2315 2361/2361/2361
f 2362/2362/2362 2314/2314/2314 2364/2364/2364
f 2364/2364/2364 2314/2314/2314 2366/2366/2366
f 2314/2314/2314 2317/2317/2317 2366/2366/2366
f 2366/2366/2366 2317/2317/2317 2368/2368/2368
f 2317/2317/2317 2319/2319/2319 2368/2368/2368
f 2368/2368/2368 2319/2319/2319 2370/2370/2370
f 2319/2319/2319 2321/2321/2321 2370/2370/2370
f 2370/2370/2370 2321/2321/2321 2372/2372/2372
f 2321/2321/2321 2323/2323/2323 2372/2372/2372
f 2372/2372/2372 2323/2323/2323 2374/2374/2374
f 2323/2323/2323 2325/2325/2325 2374/2374/2374
f 2374/2374/2374 2325/2325/2325 2376/2376/2376
f 2325/2325/2325 2327/2327/2327 2376/2376/2376
f 2376/2376/2376 2327/2327/2327 2378/2378/2378
f 2327/2327/2327 2329/2329/2329 2378/2378/2378
f 2378/2378/2378 2329/2329/2329 2380/2380/2380
f 2329/2329/2329 2331/2331/2331 2380/2380/2380
f 2380/2380/2380 2331/2331/2331 2382/2382/2382
f 2331/2331/2331 2333/2333/2333 2382/2382/2382
f 2382/2382/2382 2333/2333/2333 2384/2384/2384
f 2333/2333/2333 2335/2335/2335 2384/2384/2384
f 2384/2384/2384 2335/2335/2335 2386/2386/2386
f 2335/2335/2335 2337/2337/2337 2386/2386/2386
f 2386/2386/2386 2337/2337/2337 2388/2388/2388
f 2337/2337/2337 2339/2339/2339 2388/2388/2388
f 2388/2388/2388 2339/2339/2339 2390/2390/2390
f 2339/2339/2339 2341/2341/2341 2390/2390/2390
f 2390/2390/2390 2341/2341/2341 2392/2392/2392
f 2341/2341/2341 2343/2343/2343 2392/2392/2392
f 2392/2392/2392 2343/2343/2343 2394/2394/2394
f 2343/2343/2343 2345/2345/2345 2394/2394/2394
f 2394/2394/2394 2345/2345/2345 2396/2396/2396
f 2345/2345/2345 2347/2347/2347 2396/2396/2396
f 2396/2396/2396 2347/2347/2347 2398/2398/2398
f 2347/2347/2347 2349/2349/2349 2398/2398/2398
f 2398/2398/2398 2349/2349/2349 2400/2400/2400
f 2349/2349/2349 2351/2351/2351 2400/2400/2400
f 2400/2400/2400 2351/2351/2351 2402/2402/2402
f 2351/2351/2351 2353/2353/2353 2402/2402/2402
f 2402/2402/2402 2353/2353/2353 2404/2404/2404
f 2353/2353/2353 2355/2355/2355 2404/2404/2404
f 2404/2404/2404 2355/2355/2355 2406/2406/2406
f 2355/2355/2355 2357/2357/2357 2406/2406/2406
f 2406/2406/2406 2357/2357/2357 2408/2408/2408
f 2357/2357/2357 2359/2359/2359 2408/2408/2408
f 2408/2408/2408 2359/2359/2359 2409/2409/2409
f 2359/2359/2359 2362/2362/2362 2409/2409/2409
f 2362/2362/2362 2364/2364/2364 2409/2409/2409
f 2410/2410/2410 2363/2363/2363 2411/2411/2411
f 2363/2363/2363 2365/2365/2365 2411/2411/2411
f 2365/2365/2365 2367/2367/2367 2411/2411/2411
f 2367/2367/2367 2369/2369/2369 2411/2411/2411
f 2369/2369/2369 2371/2371/2371 2411/2411/2411
f 2371/2371/2371 2373/2373/2373 2411/2411/2411
f 2373/2373/2373 2375/2375/2375 2411/2411/2411
f 2375/2375/2375 2377/2377/2377 2411/2411/2411
f 2377/2377/2377 2379/2379/2379 2411/2411/2411
f 2379/2379/2379 2381/2381/2381 2411/2411/2411
f 2381/2381/2381 2383/2383/2383 2411/2411/2411
f 2383/2383/2383 2385/2385/2385 2411/2411/2411
f 2385/2385/2385 2387/2387/2387 2411/2411/2411
f 2387/2387/2387 2389/2389/2389 2411/2411/2411
f 2389/2389/2389 2391/2391/2391 2411/2411/2411
f 2391/2391/2391 2393/2393/2393 2411/2411/2411
f 2393/2393/2393 2395/2395/2395 2411/2411/2411
f 2395/2395/2395 2397/2397/2397 2411/2411/2411
f 2397/2397/2397 2399/2399/2399 2411/2411/2411
f 2399/2399/2399 2401/2401/2401 2411/2411/2411
f 2401/2401/2401 2403/2403/2403 2411/2411/2411
f 2403/2403/2403 2405/2405/2405 2411/2411/2411
f 2405/2405/2405 2407/2407/2407 2411/2411/2411
f 2413/2413/2413 2414/2414/2414 2416/2416/2416
f 2416/2416/2416 2414/2414/2414 2418/2418/2418
f 2418/2418/2418 2414/2414/2414 2420/2420/2420
f 2420/2420/2420 2414/2414/2414 2422/2422/2422
f 2422/2422/2422 2414/2414/2414 2424/2424/2424
f 2424/2424/2424 2414/2414/2414 2426/2426/2426
f 2426/2426/2426 2414/2414/2414 2428/2428/2428
f 2428/2428/2428 2414/2414/2414 2430/2430/2430
f 2430/2430/2430 2414/2414/2414 2432/2432/2432
f 2432/2432/2432 2414/2414/2414 2434/2434/2434
f 2434/2434/2434 2414/2414/2414 2436/2436/2436
f 2436/2436/2436 2414/2414/2414 2438/2438/2438
f 2438/2438/2438 2414/2414/2414 2440/2440/2440
f 2440/2440/2440 2414/2414/2414 2442/2442/2442
f 2442/2442/2442 2414/2414/2414 2444/2444/2444
f 2444/2444/2444 2414/2414/2414 2446/2446/2446
f 2446/2446/2446 2414/2414/2414 2448/2448/2448
f 2448/2448/2448 2414/2414/2414 2450/2450/2450
f 2450/2450/2450 2414/2414/2414 2452/2452/2452
f 2452/2452/2452 2414/2414/2414 2454/2454/2454
f 2454/2454/2454 2414/2414/2414 2456/2456/2456
f 2456/2456/2456 2414/2414/2414 2458/2458/2458
f 2458/2458/2458 2414/2414/2414 2459/2459/2459
f 2414/2414/2414 2413/2413/2413 2459/2459/2459
f 2460/2460/2460 2412/2412/2412 2462/2462/2462
f 2462/2462/2462 2412/2412/2412 2464/2464/2464
f 2412/2412/2412 2415/2415/2415 2464/2464/2464
f 2464/2464/2464 2415/2415/2415 2466/2466/2466
f 2415/2415/2415 2417/2417/2417 2466/2466/2466
f 2466/2466/2466 2417/2417/2417 2468/2468/2468
f 2417/2417/2417 2419/2419/2419 2468/2468/2468
f 2468/2468/2468 2419/2419/2419 2470/2470/2470
f 2419/2419/2419 2421/2421/2421 2470/2470/2470
f 2470/2470/2470 2421/2421/2421 2472/2472/2472
f 2421/2421/2421 2423/2423/2423 2472/2472/2472
f 2472/2472/2472 2423/2423/2423 2474/2474/2474
f 2423/2423/2423 2425/2425/2425 2474/2474/2474
f 2474/2474/2474 2425/2425/2425 2476/2476/2476
f 2425/2425/2425 2427/2427/2427 2476/2476/2476
f 2476/2476/2476 2427/2427/2427 2478/2478/2478
f 2427/2427/2427 2429/2429/2429 2478/2478/2478
f 2478/2478/2478 2429/2429/2429 2480/2480/2480
f 2429/2429/2429 2431/2431/2431 2480/2480/2480
f 2480/2480/2480 2431/2431/2431 2482/2482/2482
f 2431/2431/2431 2433/2433/2433 2482/2482/2482
f 2482/2482/2482 2433/2433/2433 2484/2484/2484
f 2433/2433/2433 2435/2435/2435 2484/2484/2484
f 2484/2484/2484 2435/2435/2435 2486/2486/2486
f 2435/2435/2435 2437/2437/2437 2486/2486/2486
f 2486/2486/2486 2437/2437/2437 2488/2488/2488
f 2437/2437/2437 2439/2439/2439 2488/2488/2488
f 2488/2488/2488 2439/2439/2439 2490/2490/2490
f 2439/2439/2439 2441/2441/2441 2490/2490/2490
f 2490/2490/2490 2441/2441/2441 2492/2492/2492
f 2441/2441/2441 2443/2443/2443 2492/2492/2492
f 2492/2492/2492 2443/2443/2443 2494/2494/2494
f 2443/2443/2443 2445/2445/2445 2494/2494/2494
f 2494/2494/2494 2445/2445/2445 2496/2496/2496
f 2445/2445/2445 2447/2447/2447 2496/2496/2496
f 2496/2496/2496 2447/2447/2447 2498/2498/2498
f 2447/2447/2447 2449/2449/2449 2498/2498/2498
f 2498/2498/2498 2449/2449/2449 2500/2500/2500
f 2449/2449/2449 2451/2451/2451 2500/2500/2500
f 2500/2500/2500 2451/2451/2451 2502/2502/2502
f 2451/2451/2451 2453/2453/2453 2502/2502/2502
f 2502/2502/2502 2453/2453/2453 2504/2504/2504
f 2453/2453/2453 2455/2455/2455 2504/2504/2504
f 2504/2504/2504 2455/2455/2455 2506/2506/2506
f 2455/2455/2455 2457/2457/2457 2506/2506/2506
f 2506/2506/2506 2457/2457/2457 2507/2507/2507
f 2457/2457/2457 2460/2460/2460 2507/2507/2507
f 2460/2460/2460 2462/2462/2462 2507/2507/2507
f 2508/2508/2508 2461/2461/2461 2509/2509/2509
f 2461/2461/2461 2463/2463/2463 2509/2509/2509
f 2463/2463/2463 2465/2465/2465 2509/2509/2509
f 2465/2465/2465 2467/2467/2467 2509/2509/2509
f 2467/2467/2467 2469/2469/2469 2509/2509/2509
f 2469/2469/2469 2471/2471/2471 2509/2509/2509
f 2471/2471/2471 2473/2473/2473 2509/2509/2509
f 2473/2473/2473 2475/2475/2475 2509/2509/2509
f 2475/2475/2475 2477/2477/2477 2509/2509/2509
f 2477/2477/2477 2479/2479/2479 2509/2509/2509
f 2479/2479/2479 2481/2481/2481 2509/2509/2509
f 2481/2481/2481 2483/2483/2483 2509/2509/2509
f 2483/2483/2483 2485/2485/2485 2509/2509/2509
f 2485/2485/2485 2487/2487/2487 2509/2509/2509
f 2487/2487/2487 2489/2489/2489 2509/2509/2509
f 2489/2489/2489 2491/2491/2491 2509/2509/2509
f 2491/2491/2491 2493/2493/2493 2509/2509/2509
f 2493/2493/2493 2495/2495/2495 2509/2509/2509
f 2495/2495/2495 2497/2497/2497 2509/2509/2509
f 2497/2497/2497 2499/2499/2499 2509/2509/2509
f 2499/2499/2499 2501/2501/2501 2509/2509/2509
f 2501/2501/2501 2503/2503/2503 2509/2509/2509
f 2503/2503/2503 2505/2505/2505 2509/2509/2509
f 2511/2511/2511 2512/2512/2512 2514/2514/2514
f 2514/2514/2514 2512/2512/2512 2516/2516/2516
f 2516/2516/2516 2512/2512/2512 2518/2518/2518
f 2518/2518/2518 2512/2512/2512 2520/2520/2520
f 2520/2520/2520 2512/2512/2512 2522/2522/2522
f 2522/2522/2522 2512/2512/2512 2524/2524/2524
f 2524/2524/2524 2512/2512/2512 2526/2526/2526
f 2526/2526/2526 2512/2512/2512 2528/2528/2528
f 2528/2528/2528 2512/2512/2512 2530/2530/2530
f 2530/2530/2530 2512/2512/2512 2532/2532/2532
f 2532/2532/2532 2512/2512/2512 2534/2534/2534
f 2534/2534/2534 2512/2512/2512 2536/2536/2536
f 2536/2536/2536 2512/2512/2512 2538/2538/2538
f 2538/2538/2538 2512/2512/2512 2540/2540/2540
f 2540/2540/2540 2512/2512/2512 2542/2542/2542
f 2542/2542/2542 2512/2512/2512 2544/2544/2544
f 2544/2544/2544 2512/2512/2512 2546/2546/2546
f 2546/2546/2546 2512/2512/2512 2548/2548/2548
f 2548/2548/2548 2512/2512/2512 2550/2550/2550
f 2550/2550/2550 2512/2512/2512 2552/2552/2552
f 2552/2552/2552 2512/2512/2512 2554/2554/2554
f 2554/2554/2554 2512/2512/2512 2556/2556/2556
f 2556/2556/2556 2512/2512/2512 2557/2557/2557
f 2512/2512/2512 2511/2511/2511 2557/2557/2557
f 2558/2558/2558 2510/2510/2510 2560/2560/2560
f 2560/2560/2560 2510/2510/2510 2562/2562/2562
f 2510/2510/2510 2513/2513/2513 2562/2562/2562
f 2562/2562/2562 2513/2513/2513 2564/2564/2564
f 2513/2513/2513 2515/2515/2515 2564/2564/2564
f 2564/2564/2564 2515/2515/2515 2566/2566/2566
f 2515/2515/2515 2517/2517/2517 2566/2566/2566
f 2566/2566/2566 2517/2517/2517 2568/2568/2568
f 2517/2517/2517 2519/2519/2519 2568/2568/2568
f 2568/2568/2568 2519/2519/2519 2570/2570/2570
f 2519/2519/2519 2521/2521/2521 2570/2570/2570
f 2570/2570/2570 2521/2521/2521 2572/2572/2572
f 2521/2521/2521 2523/2523/2523 2572/2572/2572
f 2572/2572/2572 2523/2523/2523 2574/2574/2574
f 2523/2523/2523 2525/2525/2525 2574/2574/2574
f 2574/2574/2574 2525/2525/2525 2576/2576/2576
f 2525/2525/2525 2527/2527/2527 2576/2576/2576
f 2576/2576/2576 2527/2527/2527 2578/2578/2578
f 2527/2527/2527 2529/2529/2529 2578/2578/2578
f 2578/2578/2578 2529/2529/2529 2580/2580/2580
f 2529/2529/2529 2531/2531/2531 2580/2580/2580
f 2580/2580/2580 2531/2531/2531 2582/2582/2582
f 2531/2531/2531 2533/2533/2533 2582/2582/2582
f 2582/2582/2582 2533/2533/2533 2584/2584/2584
f 2533/2533/2533 2535/2535/2535 2584/2584/2584
f 2584/2584/2584 2535/2535/2535 2586/2586/2586
f 2535/2535/2535 2537/2537/2537 2586/2586/2586
f 2586/2586/2586 2537/2537/2537 2588/2588/2588
f 2537/2537/2537 2539/2539/2539 2588/2588/2588
f 2588/2588/2588 2539/2539/2539 2590/2590/2590
f 2539/2539/2539 2541/2541/2541 2590/2590/2590
f 2590/2590/2590 2541/2541/2541 2592/2592/2592
f 2541/2541/2541 2543/2543/2543 2592/2592/2592
f 2592/2592/2592 2543/2543/2543 2594/2594/2594
f 2543/2543/2543 2545/2545/2545 2594/2594/2594
f 2594/2594/2594 2545/2545/2545 2596/2596/2596
f 2545/2545/2545 2547/2547/2547 2596/2596/2596
f 2596/2596/2596 2547/2547/2547 2598/2598/2598
f 2547/2547/2547 2549/2549/2549 2598/2598/2598
f 2598/2598/2598 2549/2549/2549 2600/2600/2600
f 2549/2549/2549 2551/2551/2551 2600/2600/2600
f 2600/2600/2600 2551/2551/2551 2602/2602/2602
f 2551/2551/2551 2553/2553/2553 2602/2602/2602
f 2602/2602/2602 2553/2553/2553 2604/2604/2604
f 2553/2553/2553 2555/2555/2555 2604/2604/2604
f 2604/2604/2604 2555/2555/2555 2605/2605/2605
f 2555/2555/2555 2558/2558/2558 2605/2605/2605
f 2558/2558/2558 2560/2560/2560 2605/2605/2605
f 2606/2606/2606 2559/2559/2559 2607/2607/2607
f 2559/2559/2559 2561/2561/2561 2607/2607/2607
f 2561/2561/2561 2563/2563/2563 2607/2607/2607
f 2563/2563/2563 2565/2565/2565 2607/2607/2607
f 2565/2565/2565 2567/2567/2567 2607/2607/2607
f 2567/2567/2567 2569/2569/2569 2607/2607/2607
f 2569/2569/2569 2571/2571/2571 2607/2607/2607
f 2571/2571/2571 2573/2573/2573 2607/2607/2607
f 2573/2573/2573 2575/2575/2575 2607/2607/2607
f 2575/2575/2575 2577/2577/2577 2607/2607/2607
f 2577/2577/2577 2579/2579/2579 2607/2607/2607
f 2579/2579/2579 2581/2581/2581 2607/2607/2607
f 2581/2581/2581 2583/2583/2583 2607/2607/2607
f 2583/2583/2583 2585/2585/2585 2607/2607/2607
f 2585/2585/2585 2587/2587/2587 2607/2607/2607
f 2587/2587/2587 2589/2589/2589 2607/2607/2607
f 2589/2589/2589 2591/2591/2591 2607/2607/2607
f 2591/2591/2591 2593/2593/2593 2607/2607/2607
f 2593/2593/2593 2595/2595/2595 2607/2607/2607
f 2595/2595/2595 2597/2597/2597 2607/2607/2607
f 2597/2597/2597 2599/2599/2599 2607/2607/2607
f 2599/2599/2599 2601/2601/2601 2607/2607/2607
f 2601/2601/2601 2603/2603/2603 2607/2607/2607
f 2609/2609/2609 2610/2610/2610 2612/2612/2612
f 2612/2612/2612 2610/2610/2610 2614/2614/2614
f 2614/2614/2614 2610/2610/2610 2616/2616/2616
f 2616/2616/2616 2610/2610/2610 2618/2618/2618
f 2618/2618/2618 2610/2610/2610 2620/2620/2620
f 2620/2620/2620 2610/2610/2610 2622/2622/2622
f 2622/2622/2622 2610/2610/2610 2624/2624/2624
f 2624/2624/2624 2610/2610/2610 2626/2626/2626
f 2626/2626/2626 2610/2610/2610 2628/2628/2628
f 2628/2628/2628 2610/2610/2610 2630/2630/2630
f 2630/2630/2630 2610/2610/2610 2632/2632/2632
f 2632/2632/2632 2610/2610/2610 2634/2634/2634
f 2634/2634/2634 2610/2610/2610 2636/2636/2636
f 2636/2636/2636 2610/2610/2610 2638/2638/2638
f 2638/2638/2638 2610/2610/2610 2640/2640/2640
f 2640/2640/2640 2610/2610/2610 2642/2642/2642
f 2642/2642/2642 2610/2610/2610 2644/2644/2644
f 2644/2644/2644 2610/2610/2610 2646/2646/2646
f 2646/2646/2646 2610/2610/2610 2648/2648/2648
f 2648/2648/2648 2610/2610/2610 2650/2650/2650
f 2650/2650/2650 2610/2610/2610 2652/2652/2652
f 2652/2652/2652 2610/2610/2610 2654/2654/2654
f 2654/2654/2654 2610/2610/2610 2655/2655/2655
f 2610/2610/2610 2609/2609/2609 2655/2655/2655
f 2656/2656/2656 2608/2608/2608 2658/2658/2658
f 2658/2658/2658 2608/2608/2608 2660/2660/2660
f 2608/2608/2608 2611/2611/2611 2660/2660/2660
f 2660/2660/2660 2611/2611/2611 2662/2662/2662
f 2611/2611/2611 2613/2613/2613 2662/2662/2662
f 2662/2662/2662 2613/2613/2613 2664/2664/2664
f 2613/2613/2613 2615/2615/2615 2664/2664/2664
f 2664/2664/2664 2615/2615/2615 2666/2666/2666
f 2615/2615/2615 2617/2617/2617 2666/2666/2666
f 2666/2666/2666 2617/2617/2617 2668/2668/2668
f 2617/2617/2617 2619/2619/2619 2668/2668/2668
f 2668/2668/2668 2619/2619/2619 2670/2670/2670
f 2619/2619/2619 2621/2621/2621 2670/2670/2670
f 2670/2670/2670 2621/2621/2621 2672/2672/2672
f 2621/2621/2621 2623/2623/2623 2672/2672/2672
f 2672/2672/2672 2623/2623/2623 2674/2674/2674
f 2623/2623/2623 2625/2625/2625 2674/2674/2674
f 2674/2674/2674 2625/2625/2625 2676/2676/2676
f 2625/2625/2625 2627/2627/2627 2676/2676/2676
f 2676/2676/2676 2627/2627/2627 2678/2678/2678
f 2627/2627/2627 2629/2629/2629 2678/2678/2678
f 2678/2678/2678 2629/2629/2629 2680/2680/2680
f 2629/2629/2629 2631/2631/2631 2680/2680/2680
f 2680/2680/2680 2631/2631/2631 2682/2682/2682
f 2631/2631/2631 2633/2633/2633 2682/2682/2682
f 2682/2682/2682 2633/2633/2633 2684/2684/2684
f 2633/2633/2633 2635/2635/2635 2684/2684/2684
f 2684/2684/2684 2635/2635/2635 2686/2686/2686
f 2635/2635/2635 2637/2637/2637 2686/2686/2686
f 2686/2686/2686 2637/2637/2637 2688/2688/2688
f 2637/2637/2637 2639/2639/2639 2688/2688/2688
f 2688/2688/2688 2639/2639/2639 2690/2690/2690
f 2639/2639/2639 2641/2641/2641 2690/2690/2690
f 2690/2690/2690 2641/2641/2641 2692/2692/2692
f 2641/2641/2641 2643/2643/2643 2692/2692/2692
f 2692/2692/2692 2643/2643/2643 2694/2694/2694
f 2643/2643/2643 2645/2645/2645 2694/2694/2694
f 2694/2694/2694 2645/2645/2645 2696/2696/2696
f 2645/2645/2645 2647/2647/2647 2696/2696/2696
f 2696/2696/2696 2647/2647/2647 2698/2698/2698
f 2647/2647/2647 2649/2649/2649 2698/2698/2698
f 2698/2698/2698 2649/2649/2649 2700/2700/2700
f 2649/2649/2649 2651/2651/2651 2700/2700/2700
f 2700/2700/2700 2651/2651/2651 2702/2702/2702
f 2651/2651/2651 2653/2653/2653 2702/2702/2702
f 2702/2702/2702 2653/2653/2653 2703/2703/2703
f 2653/2653/2653 2656/2656/2656 2703/2703/2703
f 2656/2656/2656 2658/2658/2658 2703/2703/2703
f 2704/2704/2704 2657/2657/2657 2705/2705/2705
f 2657/2657/2657 2659/2659/2659 2705/2705/2705
f 2659/2659/2659 2661/2661/2661 2705/2705/2705
f 2661/2661/2661 2663/2663/2663 2705/2705/2705
f 2663/2663/2663 2665/2665/2665 2705/2705/2705
f 2665/2665/2665 2667/2667/2667 2705/2705/2705
f 2667/2667/2667 2669/2669/2669 2705/2705/2705
f 2669/2669/2669 2671/2671/2671 2705/2705/2705
f 2671/2671/2671 2673/2673/2673 2705/2705/2705
f 2673/2673/2673 2675/2675/2675 2705/2705/2705
f 2675/2675/2675 2677/2677/2677 2705/2705/2705
f 2677/2677/2677 2679/2679/2679 2705/2705/2705
f 2679/2679/2679 2681/2681/2681 2705/2705/2705
f 2681/2681/2681 2683/2683/2683 2705/2705/2705
f 2683/2683/2683 2685/2685/2685 2705/2705/2705
f 2685/2685/2685 2687/2687/2687 2705/2705/2705
f 2687/2687/2687 2689/2689/2689 2705/2705/2705
f 2689/2689/2689 2691/2691/2691 2705/2705/2705
f 2691/2691/2691 2693/2693/2693 2705/2705/2705
f 2693/2693/2693 2695/2695/2695 2705/2705/2705
f 2695/2695/2695 2697/2697/2697 2705/2705/2705
f 2697/2697/2697 2699/2699/2699 2705/2705/2705
f 2699/2699/2699 2701/2701/2701 2705/2705/2705
f 2707/2707/2707 2708/2708/2708 2710/2710/2710
f 2710/2710/2710 2708/2708/2708 2712/2712/2712
f 2712/2712/2712 2708/2708/2708 2714/2714/2714
f 2714/2714/2714 2708/2708/2708 2716/2716/2716
f 2716/2716/2716 2708/2708/2708 2718/2718/2718
f 2718/2718/2718 2708/2708/2708 2720/2720/2720
f 2720/2720/2720 2708/2708/2708 2722/2722/2722
f 2722/2722/2722 2708/2708/2708 2724/2724/2724
f 2724/2724/2724 2708/2708/2708 2726/2726/2726
f 2726/2726/2726 2708/2708/2708 2728/2728/2728
f 2728/2728/2728 2708/2708/2708 2730/2730/2730
f 2730/2730/2730 2708/2708/2708 2732/2732/2732
f 2732/2732/2732 2708/2708/2708 2734/2734/2734
f 2734/2734/2734 2708/2708/2708 2736/2736/2736
f 2736/2736/2736 2708/2708/2708 2738/2738/2738
f 2738/2738/2738 2708/2708/2708 2740/2740/2740
f 2740/2740/2740 2708/2708/2708 2742/2742/2742
f 2742/2742/2742 2708/2708/2708 2744/2744/2744
f 2744/2744/2744 2708/2708/2708 2746/2746/2746
f 2746/2746/2746 2708/2708/2708 2748/2748/2748
f 2748/2748/2748 2708/2708/2708 2750/2750/2750
f 2750/2750/2750 2708/2708/2708 2752/2752/2752
f 2752/2752/2752 2708/2708/2708 2753/2753/2753
f 2708/2708/2708 2707/2707/2707 2753/2753/2753
f 2754/2754/2754 2706/2706/2706 2756/2756/2756
f 2756/2756/2756 2706/2706/2706 2758/2758/2758
f 2706/2706/2706 2709/2709/2709 2758/2758/2758
f 2758/2758/2758 2709/2709/2709 2760/2760/2760
f 2709/2709/2709 2711/2711/2711 2760/2760/2760
f 2760/2760/2760 2711/2711/2711 2762/2762/2762
f 2711/2711/2711 2713/2713/2713 2762/2762/2762
f 2762/2762/2762 2713/2713/2713 2764/2764/2764
f 2713/2713/2713 2715/2715/2715 2764/2764/2764
f 2764/2764/2764 2715/2715/2715 2766/2766/2766
f 2715/2715/2715 2717/2717/2717 2766/2766/2766
f 2766/2766/2766 2717/2717/2717 2768/2768/2768
f 2717/2717/2717 2719/2719/2719 2768/2768/2768
f 2768/2768/2768 2719/2719/2719 2770/2770/2770
f 2719/2719/2719 2721/2721/2721 2770/2770/2770
f 2770/2770/2770 2721/2721/2721 2772/2772/2772
f 2721/2721/2721 2723/2723/2723 2772/2772/2772
f 2772/2772/2772 2723/2723/2723 2774/2774/2774
f 2723/2723/2723 2725/2725/2725 2774/2774/2774
f 2774/2774/2774 2725/2725/2725 2776/2776/2776
f 2725/2725/2725 2727/2727/2727 2776/2776/2776
f 2776/2776/2776 2727/2727/2727 2778/2778/2778
f 2727/2727/2727 2729/2729/2729 2778/2778/2778
f 2778/2778/2778 2729/2729/2729 2780/2780/2780
f 2729/2729/2729 2731/2731/2731 2780/2780/2780
f 2780/2780/2780 2731/2731/2731 2782/2782/2782
f 2731/2731/2731 2733/2733/2733 2782/2782/2782
f 2782/2782/2782 2733/2733/2733 2784/2784/2784
f 2733/2733/2733 2735/2735/2735 2784/2784/2784
f 2784/2784/2784 2735/2735/2735 2786/2786/2786
f 2735/2735/2735 2737/2737/2737 2786/2786/2786
f 2786/2786/2786 2737/2737/2737 2788/2788/2788
f 2737/2737/2737 2739/2739/2739 2788/2788/2788
f 2788/2788/2788 2739/2739/2739 2790/2790/2790
f 2739/2739/2739 2741/2741/2741 2790/2790/2790
f 2790/2790/2790 2741/2741/2741 2792/2792/2792
f 2741/2741/2741 2743/2743/2743 2792/2792/2792
f 2792/2792/2792 2743/2743/2743 2794/2794/2794
f 2743/2743/2743 2745/2745/2745 2794/2794/2794
f 2794/2794/2794 2745/2745/2745 2796/2796/2796
f 2745/2745/2745 2747/2747/2747 2796/2796/2796
f 2796/2796/2796 2747/2747/2747 2798/2798/2798
f 2747/2747/2747 2749/2749/2749 2798/2798/2798
f 2798/2798/2798 2749/2749/2749 2800/2800/2800
f 2749/2749/2749 2751/2751/2751 2800/2800/2800
f 2800/2800/2800 2751/2751/2751 2801/2801/2801
f 2751/2751/2751 2754/2754/2754 2801/2801/2801
f 2754/2754/2754 2756/2756/2756 2801/2801/2801
f 2802/2802/2802 2755/2755/2755 2803/2803/2803
f 2755/2755/2755 2757/2757/2757 2803/2803/2803
f 2757/2757/2757 2759/2759/2759 2803/2803/2803
f 2759/2759/2759 2761/2761/2761 2803/2803/2803
f 2761/2761/2761 2763/2763/2763 2803/2803/2803
f 2763/2763/2763 2765/2765/2765 2803/2803/2803
f 2765/2765/2765 2767/2767/2767 2803/2803/2803
f 2767/2767/2767 2769/2769/2769 2803/2803/2803
f 2769/2769/2769 2771/2771/2771 2803/2803/2803
f 2771/2771/2771 2773/2773/2773 2803/2803/2803
f 2773/2773/2773 2775/2775/2775 2803/2803/2803
f 2775/2775/2775 2777/2777/2777 2803/2803/2803
f 2777/2777/2777 2779/2779/2779 2803/2803/2803
f 2779/2779/2779 2781/2781/2781 2803/2803/2803
f 2781/2781/2781 2783/2783/2783 2803/2803/2803
f 2783/2783/2783 2785/2785/2785 2803/2803/2803
f 2785/2785/2785 2787/2787/2787 2803/2803/2803
f 2787/2787/2787 2789/2789/2789 2803/2803/2803
f 2789/2789/2789 2791/2791/2791 2803/2803/2803
f 2791/2791/2791 2793/2793/2793 2803/2803/2803
f 2793/2793/2793 2795/2795/2795 2803/2803/2803
f 2795/2795/2795 2797/2797/2797 2803/2803/2803
f 2797/2797/2797 2799/2799/2799 2803/2803/2803
f 2806/2806/2806 2809/2809/2809 2812/2812/2812
f 2812/2812/2812 2809/2809/2809 2813/2813/2813
f 2816/2816/2816 2807/2807/2807 2819/2819/2819
f 2819/2819/2819 2807/2807/2807 2822/2822/2822
f 2808/2808/2808 2804/2804/2804 2821/2821/2821
f 2825/2825/2825 2828/2828/2828 2829/2829/2829
f 2831/2831/2831 2826/2826/2826 2835/2835/2835
f 2822/2822/2822 2838/2838/2838 2839/2839/2839
f 2838/2838/2838 2835/2835/2835 2839/2839/2839
f 2835/2835/2835 2826/2826/2826 2839/2839/2839
f 2841/2841/2841 2827/2827/2827 2843/2843/2843
f 2828/2828/2828 2825/2825/2825 2842/2842/2842
f 2844/2844/2844 2823/2823/2823 2846/2846/2846
f 2824/2824/2824 2830/2830/2830 2845/2845/2845
f 2830/2830/2830 2832/2832/2832 2845/2845/2845
f 2847/2847/2847 2833/2833/2833 2848/2848/2848
f 2834/2834/2834 2836/2836/2836 2849/2849/2849
f 2851/2851/2851 2837/2837/2837 2853/2853/2853
f 2837/2837/2837 2820/2820/2820 2853/2853/2853
f 2821/2821/2821 2804/2804/2804 2852/2852/2852
f 2805/2805/2805 2810/2810/2810 2854/2854/2854
f 2854/2854/2854 2810/2810/2810 2857/2857/2857
f 2811/2811/2811 2814/2814/2814 2855/2855/2855
f 2815/2815/2815 2817/2817/2817 2856/2856/2856
f 2858/2858/2858 2818/2818/2818 2861/2861/2861
f 2861/2861/2861 2818/2818/2818 2862/2862/2862
f 2864/2864/2864 2819/2819/2819 2865/2865/2865
f 2819/2819/2819 2822/2822/2822 2865/2865/2865
f 2822/2822/2822 2839/2839/2839 2865/2865/2865
f 2839/2839/2839 2870/2870/2870 2865/2865/2865
f 2867/2867/2867 2868/2868/2868 2871/2871/2871
f 2873/2873/2873 2869/2869/2869 2875/2875/2875
f 2869/2869/2869 2840/2840/2840 2875/2875/2875
f 2841/2841/2841 2843/2843/2843 2874/2874/2874
f 2876/2876/2876 2844/2844/2844 2878/2878/2878
f 2844/2844/2844 2846/2846/2846 2878/2878/2878
f 2846/2846/2846 2850/2850/2850 2878/2878/2878
f 2850/2850/2850 2854/2854/2854 2878/2878/2878
f 2854/2854/2854 2857/2857/2857 2878/2878/2878
f 2857/2857/2857 2859/2859/2859 2878/2878/2878
f 2860/2860/2860 2863/2863/2863 2877/2877/2877
f 2863/2863/2863 2866/2866/2866 2877/2877/2877
f 2867/2867/2867 2871/2871/2871 2879/2879/2879
f 2881/2881/2881 2882/2882/2882 2884/2884/2884
f 2884/2884/2884 2882/2882/2882 2886/2886/2886
f 2886/2886/2886 2882/2882/2882 2888/2888/2888
f 2888/2888/2888 2882/2882/2882 2890/2890/2890
f 2890/2890/2890 2882/2882/2882 2892/2892/2892
f 2892/2892/2892 2882/2882/2882 2894/2894/2894
f 2894/2894/2894 2882/2882/2882 2896/2896/2896
f 2896/2896/2896 2882/2882/2882 2898/2898/2898
f 2898/2898/2898 2882/2882/2882 2900/2900/2900
f 2900/2900/2900 2882/2882/2882 2902/2902/2902
f 2902/2902/2902 2882/2882/2882 2904/2904/2904
f 2904/2904/2904 2882/2882/2882 2906/2906/2906
f 2906/2906/2906 2882/2882/2882 2908/2908/2908
f 2908/2908/2908 2882/2882/2882 2910/2910/2910
f 2910/2910/2910 2882/2882/2882 2912/2912/2912
f 2912/2912/2912 2882/2882/2882 2914/2914/2914
f 2914/2914/2914 2882/2882/2882 2916/2916/2916
f 2916/2916/2916 2882/2882/2882 2918/2918/2918
f 2918/2918/2918 2882/2882/2882 2920/2920/2920
f 2920/2920/2920 2882/2882/2882 2922/2922/2922
f 2922/2922/2922 2882/2882/2882 2924/2924/2924
f 2924/2924/2924 2882/2882/2882 2926/2926/2926
f 2926/2926/2926 2882/2882/2882 2927/2927/2927
f 2882/2882/2882 2881/2881/2881 2927/2927/2927
f 2928/2928/2928 2880/2880/2880 2930/2930/2930
f 2930/2930/2930 2880/2880/2880 2932/2932/2932
f 2880/2880/2880 2883/2883/2883 2932/2932/2932
f 2932/2932/2932 2883/2883/2883 2934/2934/2934
f 2883/2883/2883 2885/2885/2885 2934/2934/2934
f 2934/2934/2934 2885/2885/2885 2936/2936/2936
f 2885/2885/2885 2887/2887/2887 2936/2936/2936
f 2936/2936/2936 2887/2887/2887 2938/2938/2938
f 2887/2887/2887 2889/2889/2889 2938/2938/2938
f 2938/2938/2938 2889/2889/2889 2940/2940/2940
f 2889/2889/2889 2891/2891/2891 2940/2940/2940
f 2940/2940/2940 2891/2891/2891 2942/2942/2942
f 2891/2891/2891 2893/2893/2893 2942/2942/2942
f 2942/2942/2942 2893/2893/2893 2944/2944/2944
f 2893/2893/2893 2895/2895/2895 2944/2944/2944
f 2944/2944/2944 2895/2895/2895 2946/2946/2946
f 2895/2895/2895 2897/2897/2897 2946/2946/2946
f 2946/2946/2946 2897/2897/2897 2948/2948/2948
f 2897/2897/2897 2899/2899/2899 2948/2948/2948
f 2948/2948/2948 2899/2899/2899 2950/2950/2950
f 2899/2899/2899 2901/2901/2901 2950/2950/2950
f 2950/2950/2950 2901/2901/2901 2952/2952/2952
f 2901/2901/2901 2903/2903/2903 2952/2952/2952
f 2952/2952/2952 2903/2903/2903 2954/2954/2954
f 2903/2903/2903 2905/2905/2905 2954/2954/2954
f 2954/2954/2954 2905/2905/2905 2956/2956/2956
f 2905/2905/2905 2907/2907/2907 2956/2956/2956
f 2956/2956/2956 2907/2907/2907 2958/2958/2958
f 2907/2907/2907 2909/2909/2909 2958/2958/2958
f 2958/2958/2958 2909/2909/2909 2960/2960/2960
f 2909/2909/2909 2911/2911/2911 2960/2960/2960
f 2960/2960/2960 2911/2911/2911 2962/2962/2962
f 2911/2911/2911 2913/2913/2913 2962/2962/2962
f 2962/2962/2962 2913/2913/2913 2964/2964/2964
f 2913/2913/2913 2915/2915/2915 2964/2964/2964
f 2964/2964/2964 2915/2915/2915 2966/2966/2966
f 2915/2915/2915 2917/2917/2917 2966/2966/2966
f 2966/2966/2966 2917/2917/2917 2968/2968/2968
f 2917/2917/2917 2919/2919/2919 2968/2968/2968
f 2968/2968/2968 2919/2919/2919 2970/2970/2970
f 2919/2919/2919 2921/2921/2921 2970/2970/2970
f 2970/2970/2970 2921/2921/2921 2972/2972/2972
f 2921/2921/2921 2923/2923/2923 2972/2972/2972
f 2972/2972/2972 2923/2923/2923 2974/2974/2974
f 2923/2923/2923 2925/2925/2925 2974/2974/2974
f 2974/2974/2974 2925/2925/2925 2975/2975/2975
f 2925/2925/2925 2928/2928/2928 2975/2975/2975
f 2928/2928/2928 2930/2930/2930 2975/2975/2975
f 2976/2976/2976 2929/2929/2929 2978/2978/2978
f 2978/2978/2978 2929/2929/2929 2980/2980/2980
f 2929/2929/2929 2931/2931/2931 2980/2980/2980
f 2980/2980/2980 2931/2931/2931 2982/2982/2982
f 2931/2931/2931 2933/2933/2933 2982/2982/2982
f 2982/2982/2982 2933/2933/2933 2984/2984/2984
f 2933/2933/2933 2935/2935/2935 2984/2984/2984
f 2984/2984/2984 2935/2935/2935 2986/2986/2986
f 2935/2935/2935 2937/2937/2937 2986/2986/2986
f 2986/2986/2986 2937/2937/2937 2988/2988/2988
f 2937/2937/2937 2939/2939/2939 2988/2988/2988
f 2988/2988/2988 2939/2939/2939 2990/2990/2990
f 2939/2939/2939 2941/2941/2941 2990/2990/2990
f 2990/2990/2990 2941/2941/2941 2992/2992/2992
f 2941/2941/2941 2943/2943/2943 2992/2992/2992
f 2992/2992/2992 2943/2943/2943 2994/2994/2994
f 2943/2943/2943 2945/2945/2945 2994/2994/2994
f 2994/2994/2994 2945/2945/2945 2996/2996/2996
f 2945/2945/2945 2947/2947/2947 2996/2996/2996
f 2996/2996/2996 2947/2947/2947 2998/2998/2998
f 2947/2947/2947 2949/2949/2949 2998/2998/2998
f 2998/2998/2998 2949/2949/2949 3000/3000/3000
f 2949/2949/2949 2951/2951/2951 3000/3000/3000
f 3000/3000/3000 2951/2951/2951 3002/3002/3002
f 2951/2951/2951 2953/2953/2953 3002/3002/3002
f 3002/3002/3002 2953/2953/2953 3004/3004/3004
f 2953/2953/2953 2955/2955/2955 3004/3004/3004
f 3004/3004/3004 2955/2955/2955 3006/3006/3006
f 2955/2955/2955 2957/2957/2957 3006/3006/3006
f 3006/3006/3006 2957/2957/2957 3008/3008/3008
f 2957/2957/2957 2959/2959/2959 3008/3008/3008
f 3008/3008/3008 2959/2959/2959 3010/3010/3010
f 2959/2959/2959 2961/2961/2961 3010/3010/3010
f 3010/3010/3010 2961/2961/2961 3012/3012/3012
f 2961/2961/2961 2963/2963/2963 3012/3012/3012
f 3012/3012/3012 2963/2963/2963 3014/3014/3014
f 2963/2963/2963 2965/2965/2965 3014/3014/3014
f 3014/3014/3014 2965/2965/2965 3016/3016/3016
f 2965/2965/2965 2967/2967/2967 3016/3016/3016
f 3016/3016/3016 2967/2967/2967 3018/3018/3018
f 2967/2967/2967 2969/2969/2969 3018/3018/3018
f 3018/3018/3018 2969/2969/2969 3020/3020/3020
f 2969/2969/2969 2971/2971/2971 3020/3020/3020
f 3020/3020/3020 2971/2971/2971 3022/3022/3022
f 2971/2971/2971 2973/2973/2973 3022/3022/3022
f 3022/3022/3022 2973/2973/2973 3023/3023/3023
f 2973/2973/2973 2976/2976/2976 3023/3023/3023
f 2976/2976/2976 2978/2978/2978 3023/3023/3023
f 3024/3024/3024 2977/2977/2977 3025/3025/3025
f 2977/2977/2977 2979/2979/2979 3025/3025/3025
f 2979/2979/2979 2981/2981/2981 3025/3025/3025
f 2981/2981/2981 2983/2983/2983 3025/3025/3025
f 2983/2983/2983 2985/2985/2985 3025/3025/3025
f 2985/2985/2985 2987/2987/2987 3025/3025/3025
f 2987/2987/2987 2989/2989/2989 3025/3025/3025
f 2989/2989/2989 2991/2991/2991 3025/3025/3025
f 2991/2991/2991 2993/2993/2993 3025/3025/3025
f 2993/2993/2993 2995/2995/2995 3025/3025/3025
f 2995/2995/2995 2997/2997/2997 3025/3025/3025
f 2997/2997/2997 2999/2999/2999 3025/3025/3025
f 2999/2999/2999 3001/3001/3001 3025/3025/3025
f 3001/3001/3001 3003/3003/3003 3025/3025/3025
f 3003/3003/3003 3005/3005/3005 3025/3025/3025
f 3005/3005/3005 3007/3007/3007 3025/3025/3025
f 3007/3007/3007 3009/3009/3009 3025/3025/3025
f 3009/3009/3009 3011/3011/3011 3025/3025/3025
f 3011/3011/3011 3013/3013/3013 3025/3025/3025
f 3013/3013/3013 3015/3015/3015 3025/3025/3025
f 3015/3015/3015 3017/3017/3017 3025/3025/3025
f 3017/3017/3017 3019/3019/3019 3025/3025/3025
f 3019/3019/3019 3021/3021/3021 3025/3025/3025
f 3027/3027/3027 3028/3028/3028 3030/3030/3030
f 3030/3030/3030 3028/3028/3028 3032/3032/3032
f 3032/3032/3032 3028/3028/3028 3034/3034/3034
f 3034/3034/3034 3028/3028/3028 3036/3036/3036
f 3036/3036/3036 3028/3028/3028 3038/3038/3038
f 3038/3038/3038 3028/3028/3028 3040/3040/3040
f 3040/3040/3040 3028/3028/3028 3042/3042/3042
f 3042/3042/3042 3028/3028/3028 3044/3044/3044
f 3044/3044/3044 3028/3028/3028 3046/3046/3046
f 3046/3046/3046 3028/3028/3028 3048/3048/3048
f 3048/3048/3048 3028/3028/3028 3050/3050/3050
f 3050/3050/3050 3028/3028/3028 3052/3052/3052
f 3052/3052/3052 3028/3028/3028 3054/3054/3054
f 3054/3054/3054 3028/3028/3028 3056/3056/3056
f 3056/3056/3056 3028/3028/3028 3058/3058/3058
f 3058/3058/3058 3028/3028/3028 3060/3060/3060
f 3060/3060/3060 3028/3028/3028 3062/3062/3062
f 3062/3062/3062 3028/3028/3028 3064/3064/3064
f 3064/3064/3064 3028/3028/3028 3066/3066/3066
f 3066/3066/3066 3028/3028/3028 3068/3068/3068
f 3068/3068/3068 3028/3028/3028 3070/3070/3070
f 3070/3070/3070 3028/3028/3028 3072/3072/3072
f 3072/3072/3072 3028/3028/3028 3073/3073/3073
f 3028/3028/3028 3027/3027/3027 3073/3073/3073
f 3074/3074/3074 3026/3026/3026 3076/3076/3076
f 3076/3076/3076 3026/3026/3026 3078/3078/3078
f 3026/3026/3026 3029/3029/3029 3078/3078/3078
f 3078/3078/3078 3029/3029/3029 3080/3080/3080
f 3029/3029/3029 3031/3031/3031 3080/3080/3080
f 3080/3080/3080 3031/3031/3031 3082/3082/3082
f 3031/3031/3031 3033/3033/3033 3082/3082/3082
f 3082/3082/3082 3033/3033/3033 3084/3084/3084
f 3033/3033/3033 3035/3035/3035 3084/3084/3084
f 3084/3084/3084 3035/3035/3035 3086/3086/3086
f 3035/3035/3035 3037/3037/3037 3086/3086/3086
f 3086/3086/3086 3037/3037/3037 3088/3088/3088
f 3037/3037/3037 3039/3039/3039 3088/3088/3088
f 3088/3088/3088 3039/3039/3039 3090/3090/3090
f 3039/3039/3039 3041/3041/3041 3090/3090/3090
f 3090/3090/3090 3041/3041/3041 3092/3092/3092
f 3041/3041/3041 3043/3043/3043 3092/3092/3092
f 3092/3092/3092 3043/3043/3043 3094/3094/3094
f 3043/3043/3043 3045/3045/3045 3094/3094/3094
f 3094/3094/3094 3045/3045/3045 3096/3096/3096
f 3045/3045/3045 3047/3047/3047 3096/3096/3096
f 3096/3096/3096 3047/3047/3047 3098/3098/3098
f 3047/3047/3047 3049/3049/3049 3098/3098/3098
f 3098/3098/3098 3049/3049/3049 3100/3100/3100
f 3049/3049/3049 3051/3051/3051 3100/3100/3100
f 3100/3100/3100 3051/3051/3051 3102/3102/3102
f 3051/3051/3051 3053/3053/3053 3102/3102/3102
f 3102/3102/3102 3053/3053/3053 3104/3104/3104
f 3053/3053/3053 3055/3055/3055 3104/3104/3104
f 3104/3104/3104 3055/3055/3055 3106/3106/3106
f 3055/3055/3055 3057/3057/3057 3106/3106/3106
f 3106/3106/3106 3057/3057/3057 3108/3108/3108
f 3057/3057/3057 3059/3059/3059 3108/3108/3108
f 3108/3108/3108 3059/3059/3059 3110/3110/3110
f 3059/3059/3059 3061/3061/3061 3110/3110/3110
f 3110/3110/3110 3061/3061/3061 3112/3112/3112
f 3061/3061/3061 3063/3063/3063 3112/3112/3112
f 3112/3112/3112 3063/3063/3063 3114/3114/3114
f 3063/3063/3063 3065/3065/3065 3114/3114/3114
f 3114/3114/3114 3065/3065/3065 3116/3116/3116
f 3065/3065/3065 3067/3067/3067 3116/3116/3116
f 3116/3116/3116 3067/3067/3067 3118/3118/3118
f 3067/3067/3067 3069/3069/3069 3118/3118/3118
f 3118/3118/3118 3069/3069/3069 3120/3120/3120
f 3069/3069/3069 3071/3071/3071 3120/3120/3120
f 3120/3120/3120 3071/3071/3071 3121/3121/3121
f 3071/3071/3071 3074/3074/3074 3121/3121/3121
f 3074/3074/3074 3076/3076/3076 3121/3121/3121
f 3122/3122/3122 3075/3075/3075 3124/3124/3124
f 3124/3124/3124 3075/3075/3075 3126/3126/3126
f 3075/3075/3075 3077/3077/3077 3126/3126/3126
f 3126/3126/3126 3077/3077/3077 3128/3128/3128
f 3077/3077/3077 3079/3079/3079 3128/3128/3128
f 3128/3128/3128 3079/3079/3079 3130/3130/3130
f 3079/3079/3079 3081/3081/3081 3130/3130/3130
f 3130/3130/3130 3081/3081/3081 3132/3132/3132
f 3081/3081/3081 3083/3083/3083 3132/3132/3132
f 3132/3132/3132 3083/3083/3083 3134/3134/3134
f 3083/3083/3083 3085/3085/3085 3134/3134/3134
f 3134/3134/3134 3085/3085/3085 3136/3136/3136
f 3085/3085/3085 3087/3087/3087 3136/3136/3136
f 3136/3136/3136 3087/3087/3087 3138/3138/3138
f 3087/3087/3087 3089/3089/3089 3138/3138/3138
f 3138/3138/3138 3089/3089/3089 3140/3140/3140
f 3089/3089/3089 3091/3091/3091 3140/3140/3140
f 3140/3140/3140 3091/3091/3091 3142/3142/3142
f 3091/3091/3091 3093/3093/3093 3142/3142/3142
f 3142/3142/3142 3093/3093/3093 3144/3144/3144
f 3093/3093/3093 3095/3095/3095 3144/3144/3144
f 3144/3144/3144 3095/3095/3095 3146/3146/3146
f 3095/3095/3095 3097/3097/3097 3146/3146/3146
f 3146/3146/3146 3097/3097/3097 3148/3148/3148
f 3097/3097/3097 3099/3099/3099 3148/3148/3148
f 3148/3148/3148 3099/3099/3099 3150/3150/3150
f 3099/3099/3099 3101/3101/3101 3150/3150/3150
f 3150/3150/3150 3101/3101/3101 3152/3152/3152
f 3101/3101/3101 3103/3103/3103 3152/3152/3152
f 3152/3152/3152 3103/3103/3103 3154/3154/3154
f 3103/3103/3103 3105/3105/3105 3154/3154/3154
f 3154/3154/3154 3105/3105/3105 3156/3156/3156
f 3105/3105/3105 3107/3107/3107 3156/3156/3156
f 3156/3156/3156 3107/3107/3107 3158/3158/3158
f 3107/3107/3107 3109/3109/3109 3158/3158/3158
f 3158/3158/3158 3109/3109/3109 3160/3160/3160
f 3109/3109/3109 3111/3111/3111 3160/3160/3160
f 3160/3160/3160 3111/3111/3111 3162/3162/3162
f 3111/3111/3111 3113/3113/3113 3162/3162/3162
f 3162/3162/3162 3113/3113/3113 3164/3164/3164
f 3113/3113/3113 3115/3115/3115 3164/3164/3164
f 3164/3164/3164 3115/3115/3115 3166/3166/3166
f 3115/3115/3115 3117/3117/3117 3166/3166/3166
f 3166/3166/3166 3117/3117/3117 3168/3168/3168
f 3117/3117/3117 3119/3119/3119 3168/3168/3168
f 3168/3168/3168 3119/3119/3119 3169/3169/3169
f 3119/3119/3119 3122/3122/3122 3169/3169/3169
f 3122/3122/3122 3124/3124/3124 3169/3169/3169
f 3170/3170/3170 3123/3123/3123 3171/3171/3171
f 3123/3123/3123 3125/3125/3125 3171/3171/3171
f 3125/3125/3125 3127/3127/3127 3171/3171/3171
f 3127/3127/3127 3129/3129/3129 3171/3171/3171
f 3129/3129/3129 3131/3131/3131 3171/3171/3171
f 3131/3131/3131 3133/3133/3133 3171/3171/3171
f 3133/3133/3133 3135/3135/3135 3171/3171/3171
f 3135/3135/3135 3137/3137/3137 3171/3171/3171
f 3137/3137/3137 3139/3139/3139 3171/3171/3171
f 3139/3139/3139 3141/3141/3141 3171/3171/3171
f 3141/3141/3141 3143/3143/3143 3171/3171/3171
f 3143/3143/3143 3145/3145/3145 3171/3171/3171
f 3145/3145/3145 3147/3147/3147 3171/3171/3171
f 3147/3147/3147 3149/3149/3149 3171/3171/3171
f 3149/3149/3149 3151/3151/3151 3171/3171/3171
f 3151/3151/3151 3153/3153/3153 3171/3171/3171
f 3153/3153/3153 3155/3155/3155 3171/3171/3171
f 3155/3155/3155 3157/3157/3157 3171/3171/3171
f 3157/3157/3157 3159/3159/3159 3171/3171/3171
f 3159/3159/3159 3161/3161/3161 3171/3171/3171
f 3161/3161/3161 3163/3163/3163 3171/3171/3171
f 3163/3163/3163 3165/3165/3165 3171/3171/3171
f 3165/3165/3165 3167/3167/3167 3171/3171/3171
f 3173/3173/3173 3175/3175/3175 3178/3178/3178
f 3178/3178/3178 3175/3175/3175 3180/3180/3180
f 3180/3180/3180 3175/3175/3175 3182/3182/3182
f 3182/3182/3182 3175/3175/3175 3184/3184/3184
f 3176/3176/3176 3188/3188/3188 3185/3185/3185
f 3184/3184/3184 3187/3187/3187 3190/3190/3190
f 3187/3187/3187 3192/3192/3192 3190/3190/3190
f 3190/3190/3190 3192/3192/3192 3194/3194/3194
f 3194/3194/3194 3192/3192/3192 3196/3196/3196
f 3192/3192/3192 3198/3198/3198 3196/3196/3196
f 3196/3196/3196 3198/3198/3198 3201/3201/3201
f 3201/3201/3201 3198/3198/3198 3203/3203/3203
f 3199/3199/3199 3207/3207/3207 3204/3204/3204
f 3203/3203/3203 3206/3206/3206 3209/3209/3209
f 3209/3209/3209 3206/3206/3206 3211/3211/3211
f 3206/3206/3206 3213/3213/3213 3211/3211/3211
f 3211/3211/3211 3213/3213/3213 3215/3215/3215
f 3215/3215/3215 3213/3213/3213 3217/3217/3217
f 3213/3213/3213 3219/3219/3219 3217/3217/3217
f 3217/3217/3217 3219/3219/3219 3221/3221/3221
f 3219/3219/3219 3223/3223/3223 3221/3221/3221
f 3221/3221/3221 3223/3223/3223 3226/3226/3226
f 3226/3226/3226 3223/3223/3223 3228/3228/3228
f 3224/3224/3224 3232/3232/3232 3229/3229/3229
f 3228/3228/3228 3231/3231/3231 3234/3234/3234
f 3234/3234/3234 3231/3231/3231 3236/3236/3236
f 3236/3236/3236 3231/3231/3231 3238/3238/3238
f 3231/3231/3231 3240/3240/3240 3238/3238/3238
f 3238/3238/3238 3240/3240/3240 3242/3242/3242
f 3242/3242/3242 3240/3240/3240 3244/3244/3244
f 3244/3244/3244 3240/3240/3240 3246/3246/3246
f 3246/3246/3246 3240/3240/3240 3248/3248/3248
f 3248/3248/3248 3240/3240/3240 3250/3250/3250
f 3240/3240/3240 3252/3252/3252 3250/3250/3250
f 3250/3250/3250 3252/3252/3252 3254/3254/3254
f 3254/3254/3254 3252/3252/3252 3256/3256/3256
f 3256/3256/3256 3252/3252/3252 3258/3258/3258
f 3258/3258/3258 3252/3252/3252 3260/3260/3260
f 3252/3252/3252 3264/3264/3264 3260/3260/3260
f 3264/3264/3264 3267/3267/3267 3260/3260/3260
f 3261/3261/3261 3268/3268/3268 3271/3271/3271
f 3272/3272/3272 3269/3269/3269 3274/3274/3274
f 3276/3276/3276 3275/3275/3275 3278/3278/3278
f 3275/3275/3275 3265/3265/3265 3278/3278/3278
f 3266/3266/3266 3262/3262/3262 3277/3277/3277
f 3277/3277/3277 3262/3262/3262 3280/3280/3280
f 3279/3279/3279 3263/3263/3263 3281/3281/3281
f 3263/3263/3263 3251/3251/3251 3281/3281/3281
f 3281/3281/3281 3251/3251/3251 3282/3282/3282
f 3251/3251/3251 3239/3239/3239 3282/3282/3282
f 3282/3282/3282 3239/3239/3239 3283/3283/3283
f 3239/3239/3239 3230/3230/3230 3283/3283/3283
f 3283/3283/3283 3230/3230/3230 3284/3284/3284
f 3230/3230/3230 3222/3222/3222 3284/3284/3284
f 3284/3284/3284 3222/3222/3222 3285/3285/3285
f 3222/3222/3222 3218/3218/3218 3285/3285/3285
f 3285/3285/3285 3218/3218/3218 3286/3286/3286
f 3218/3218/3218 3212/3212/3212 3286/3286/3286
f 3286/3286/3286 3212/3212/3212 3287/3287/3287
f 3212/3212/3212 3205/3205/3205 3287/3287/3287
f 3287/3287/3287 3205/3205/3205 3288/3288/3288
f 3205/3205/3205 3197/3197/3197 3288/3288/3288
f 3288/3288/3288 3197/3197/3197 3289/3289/3289
f 3197/3197/3197 3191/3191/3191 3289/3289/3289
f 3289/3289/3289 3191/3191/3191 3290/3290/3290
f 3191/3191/3191 3186/3186/3186 3290/3290/3290
f 3290/3290/3290 3186/3186/3186 3291/3291/3291
f 3186/3186/3186 3174/3174/3174 3291/3291/3291
f 3291/3291/3291 3174/3174/3174 3293/3293/3293
f 3293/3293/3293 3174/3174/3174 3294/3294/3294
f 3175/3175/3175 3173/3173/3173 3296/3296/3296
f 3173/3173/3173 3298/3298/3298 3296/3296/3296
f 3296/3296/3296 3298/3298/3298 3299/3299/3299
f 3302/3302/3302 3304/3304/3304 3305/3305/3305
f 3304/3304/3304 3308/3308/3308 3305/3305/3305
f 3305/3305/3305 3308/3308/3308 3309/3309/3309
f 3308/3308/3308 3312/3312/3312 3309/3309/3309
f 3309/3309/3309 3312/3312/3312 3313/3313/3313
f 3312/3312/3312 3316/3316/3316 3313/3313/3313
f 3313/3313/3313 3316/3316/3316 3317/3317/3317
f 3316/3316/3316 3301/3301/3301 3317/3317/3317
f 3317/3317/3317 3301/3301/3301 3318/3318/3318
f 3301/3301/3301 3297/3297/3297 3318/3318/3318
f 3318/3318/3318 3297/3297/3297 3319/3319/3319
f 3297/3297/3297 3172/3172/3172 3319/3319/3319
f 3319/3319/3319 3172/3172/3172 3320/3320/3320
f 3172/3172/3172 3177/3177/3177 3320/3320/3320
f 3320/3320/3320 3177/3177/3177 3321/3321/3321
f 3177/3177/3177 3179/3179/3179 3321/3321/3321
f 3179/3179/3179 3181/3181/3181 3321/3321/3321
f 3321/3321/3321 3181/3181/3181 3322/3322/3322
f 3181/3181/3181 3183/3183/3183 3322/3322/3322
f 3322/3322/3322 3183/3183/3183 3323/3323/3323
f 3183/3183/3183 3189/3189/3189 3323/3323/3323
f 3323/3323/3323 3189/3189/3189 3324/3324/3324
f 3189/3189/3189 3193/3193/3193 3324/3324/3324
f 3324/3324/3324 3193/3193/3193 3325/3325/3325
f 3193/3193/3193 3195/3195/3195 3325/3325/3325
f 3325/3325/3325 3195/3195/3195 3326/3326/3326
f 3195/3195/3195 3200/3200/3200 3326/3326/3326
f 3326/3326/3326 3200/3200/3200 3327/3327/3327
f 3200/3200/3200 3202/3202/3202 3327/3327/3327
f 3327/3327/3327 3202/3202/3202 3328/3328/3328
f 3202/3202/3202 3208/3208/3208 3328/3328/3328
f 3328/3328/3328 3208/3208/3208 3329/3329/3329
f 3208/3208/3208 3210/3210/3210 3329/3329/3329
f 3329/3329/3329 3210/3210/3210 3330/3330/3330
f 3210/3210/3210 3214/3214/3214 3330/3330/3330
f 3330/3330/3330 3214/3214/3214 3331/3331/3331
f 3214/3214/3214 3216/3216/3216 3331/3331/3331
f 3331/3331/3331 3216/3216/3216 3332/3332/3332
f 3216/3216/3216 3220/3220/3220 3332/3332/3332
f 3332/3332/3332 3220/3220/3220 3333/3333/3333
f 3220/3220/3220 3225/3225/3225 3333/3333/3333
f 3333/3333/3333 3225/3225/3225 3334/3334/3334
f 3225/3225/3225 3227/3227/3227 3334/3334/3334
f 3334/3334/3334 3227/3227/3227 3335/3335/3335
f 3227/3227/3227 3233/3233/3233 3335/3335/3335
f 3335/3335/3335 3233/3233/3233 3336/3336/3336
f 3233/3233/3233 3235/3235/3235 3336/3336/3336
f 3336/3336/3336 3235/3235/3235 3337/3337/3337
f 3235/3235/3235 3237/3237/3237 3337/3337/3337
f 3337/3337/3337 3237/3237/3237 3338/3338/3338
f 3237/3237/3237 3241/3241/3241 3338/3338/3338
f 3338/3338/3338 3241/3241/3241 3339/3339/3339
f 3241/3241/3241 3243/3243/3243 3339/3339/3339
f 3339/3339/3339 3243/3243/3243 3340/3340/3340
f 3340/3340/3340 3243/3243/3243 3341/3341/3341
f 3243/3243/3243 3245/3245/3245 3341/3341/3341
f 3341/3341/3341 3245/3245/3245 3342/3342/3342
f 3245/3245/3245 3247/3247/3247 3342/3342/3342
f 3342/3342/3342 3247/3247/3247 3343/3343/3343
f 3247/3247/3247 3249/3249/3249 3343/3343/3343
f 3343/3343/3343 3249/3249/3249 3344/3344/3344
f 3249/3249/3249 3253/3253/3253 3344/3344/3344
f 3344/3344/3344 3253/3253/3253 3345/3345/3345
f 3253/3253/3253 3255/3255/3255 3345/3345/3345
f 3345/3345/3345 3255/3255/3255 3346/3346/3346
f 3255/3255/3255 3257/3257/3257 3346/3346/3346
f 3346/3346/3346 3257/3257/3257 3347/3347/3347
f 3257/3257/3257 3259/3259/3259 3347/3347/3347
f 3347/3347/3347 3259/3259/3259 3348/3348/3348
f 3259/3259/3259 3270/3270/3270 3348/3348/3348
f 3348/3348/3348 3270/3270/3270 3349/3349/3349
f 3270/3270/3270 3352/3352/3352 3349/3349/3349
f 3349/3349/3349 3352/3352/3352 3353/3353/3353
f 3354/3354/3354 3355/3355/3355 3357/3357/3357
f 3357/3357/3357 3355/3355/3355 3359/3359/3359
f 3355/3355/3355 3360/3360/3360 3359/3359/3359
f 3359/3359/3359 3360/3360/3360 3362/3362/3362
f 3360/3360/3360 3363/3363/3363 3362/3362/3362
f 3362/3362/3362 3363/3363/3363 3365/3365/3365
f 3363/3363/3363 3366/3366/3366 3365/3365/3365
f 3365/3365/3365 3366/3366/3366 3368/3368/3368
f 3366/3366/3366 3369/3369/3369 3368/3368/3368
f 3368/3368/3368 3369/3369/3369 3371/3371/3371
f 3369/3369/3369 3372/3372/3372 3371/3371/3371
f 3371/3371/3371 3372/3372/3372 3374/3374/3374
f 3372/3372/3372 3375/3375/3375 3374/3374/3374
f 3374/3374/3374 3375/3375/3375 3377/3377/3377
f 3375/3375/3375 3378/3378/3378 3377/3377/3377
f 3377/3377/3377 3378/3378/3378 3380/3380/3380
f 3378/3378/3378 3381/3381/3381 3380/3380/3380
f 3380/3380/3380 3381/3381/3381 3383/3383/3383
f 3381/3381/3381 3384/3384/3384 3383/3383/3383
f 3383/3383/3383 3384/3384/3384 3387/3387/3387
f 3384/3384/3384 3388/3388/3388 3387/3387/3387
f 3387/3387/3387 3388/3388/3388 3391/3391/3391
f 3388/3388/3388 3392/3392/3392 3391/3391/3391
f 3391/3391/3391 3392/3392/3392 3394/3394/3394
f 3392/3392/3392 3395/3395/3395 3394/3394/3394
f 3394/3394/3394 3395/3395/3395 3396/3396/3396
f 3395/3395/3395 3353/3353/3353 3396/3396/3396
f 3353/3353/3353 3352/3352/3352 3396/3396/3396
f 3398/3398/3398 3350/3350/3350 3400/3400/3400
f 3351/3351/3351 3272/3272/3272 3401/3401/3401
f 3271/3271/3271 3273/3273/3273 3400/3400/3400
f 3275/3275/3275 3276/3276/3276 3402/3402/3402
f 3276/3276/3276 3403/3403/3403 3402/3402/3402
f 3402/3402/3402 3403/3403/3403 3405/3405/3405
f 3403/3403/3403 3406/3406/3406 3405/3405/3405
f 3405/3405/3405 3406/3406/3406 3409/3409/3409
f 3406/3406/3406 3410/3410/3410 3409/3409/3409
f 3409/3409/3409 3410/3410/3410 3413/3413/3413
f 3410/3410/3410 3414/3414/3414 3413/3413/3413
f 3413/3413/3413 3414/3414/3414 3417/3417/3417
f 3414/3414/3414 3418/3418/3418 3417/3417/3417
f 3417/3417/3417 3418/3418/3418 3420/3420/3420
f 3418/3418/3418 3421/3421/3421 3420/3420/3420
f 3420/3420/3420 3421/3421/3421 3423/3423/3423
f 3421/3421/3421 3424/3424/3424 3423/3423/3423
f 3423/3423/3423 3424/3424/3424 3426/3426/3426
f 3424/3424/3424 3427/3427/3427 3426/3426/3426
f 3426/3426/3426 3427/3427/3427 3429/3429/3429
f 3427/3427/3427 3430/3430/3430 3429/3429/3429
f 3429/3429/3429 3430/3430/3430 3432/3432/3432
f 3430/3430/3430 3433/3433/3433 3432/3432/3432
f 3432/3432/3432 3433/3433/3433 3435/3435/3435
f 3433/3433/3433 3436/3436/3436 3435/3435/3435
f 3435/3435/3435 3436/3436/3436 3438/3438/3438
f 3436/3436/3436 3442/3442/3442 3438/3438/3438
f 3443/3443/3443 3292/3292/3292 3437/3437/3437
f 3292/3292/3292 3295/3295/3295 3437/3437/3437
f 3296/3296/3296 3299/3299/3299 3439/3439/3439
f 3300/3300/3300 3315/3315/3315 3441/3441/3441
f 3314/3314/3314 3310/3310/3310 3440/3440/3440
f 3311/3311/3311 3307/3307/3307 3441/3441/3441
f 3306/3306/3306 3303/3303/3303 3439/3439/3439
f 3439/3439/3439 3303/3303/3303 3444/3444/3444
f 3304/3304/3304 3302/3302/3302 3445/3445/3445
f 3302/3302/3302 3446/3446/3446 3445/3445/3445
f 3445/3445/3445 3446/3446/3446 3448/3448/3448
f 3446/3446/3446 3449/3449/3449 3448/3448/3448
f 3448/3448/3448 3449/3449/3449 3451/3451/3451
f 3449/3449/3449 3452/3452/3452 3451/3451/3451
f 3451/3451/3451 3452/3452/3452 3454/3454/3454
f 3452/3452/3452 3455/3455/3455 3454/3454/3454
f 3454/3454/3454 3455/3455/3455 3457/3457/3457
f 3455/3455/3455 3458/3458/3458 3457/3457/3457
f 3457/3457/3457 3458/3458/3458 3460/3460/3460
f 3458/3458/3458 3461/3461/3461 3460/3460/3460
f 3460/3460/3460 3461/3461/3461 3463/3463/3463
f 3461/3461/3461 3464/3464/3464 3463/3463/3463
f 3463/3463/3463 3464/3464/3464 3466/3466/3466
f 3464/3464/3464 3467/3467/3467 3466/3466/3466
f 3466/3466/3466 3467/3467/3467 3469/3469/3469
f 3467/3467/3467 3470/3470/3470 3469/3469/3469
f 3469/3469/3469 3470/3470/3470 3472/3472/3472
f 3470/3470/3470 3473/3473/3473 3472/3472/3472
f 3472/3472/3472 3473/3473/3473 3475/3475/3475
f 3473/3473/3473 3476/3476/3476 3475/3475/3475
f 3475/3475/3475 3476/3476/3476 3477/3477/3477
f 3476/3476/3476 3354/3354/3354 3477/3477/3477
f 3354/3354/3354 3357/3357/3357 3477/3477/3477
f 3478/3478/3478 3356/3356/3356 3480/3480/3480
f 3480/3480/3480 3356/3356/3356 3482/3482/3482
f 3356/3356/3356 3358/3358/3358 3482/3482/3482
f 3482/3482/3482 3358/3358/3358 3484/3484/3484
f 3358/3358/3358 3361/3361/3361 3484/3484/3484
f 3361/3361/3361 3364/3364/3364 3484/3484/3484
f 3484/3484/3484 3364/3364/3364 3486/3486/3486
f 3364/3364/3364 3367/3367/3367 3486/3486/3486
f 3486/3486/3486 3367/3367/3367 3488/3488/3488
f 3488/3488/3488 3367/3367/3367 3490/3490/3490
f 3367/3367/3367 3370/3370/3370 3490/3490/3490
f 3370/3370/3370 3373/3373/3373 3490/3490/3490
f 3490/3490/3490 3373/3373/3373 3492/3492/3492
f 3373/3373/3373 3376/3376/3376 3492/3492/3492
f 3492/3492/3492 3376/3376/3376 3494/3494/3494
f 3376/3376/3376 3379/3379/3379 3494/3494/3494
f 3494/3494/3494 3379/3379/3379 3496/3496/3496
f 3379/3379/3379 3382/3382/3382 3496/3496/3496
f 3496/3496/3496 3382/3382/3382 3498/3498/3498
f 3382/3382/3382 3385/3385/3385 3498/3498/3498
f 3498/3498/3498 3385/3385/3385 3500/3500/3500
f 3386/3386/3386 3390/3390/3390 3501/3501/3501
f 3389/3389/3389 3393/3393/3393 3500/3500/3500
f 3393/3393/3393 3397/3397/3397 3500/3500/3500
f 3397/3397/3397 3399/3399/3399 3500/3500/3500
f 3500/3500/3500 3399/3399/3399 3503/3503/3503
f 3399/3399/3399 3404/3404/3404 3503/3503/3503
f 3404/3404/3404 3407/3407/3407 3503/3503/3503
f 3503/3503/3503 3407/3407/3407 3505/3505/3505
f 3408/3408/3408 3412/3412/3412 3507/3507/3507
f 3411/3411/3411 3416/3416/3416 3506/3506/3506
f 3415/3415/3415 3419/3419/3419 3505/3505/3505
f 3419/3419/3419 3422/3422/3422 3505/3505/3505
f 3505/3505/3505 3422/3422/3422 3509/3509/3509
f 3422/3422/3422 3425/3425/3425 3509/3509/3509
f 3425/3425/3425 3428/3428/3428 3509/3509/3509
f 3509/3509/3509 3428/3428/3428 3511/3511/3511
f 3428/3428/3428 3431/3431/3431 3511/3511/3511
f 3431/3431/3431 3434/3434/3434 3511/3511/3511
f 3511/3511/3511 3434/3434/3434 3513/3513/3513
f 3434/3434/3434 3439/3439/3439 3513/3513/3513
f 3439/3439/3439 3444/3444/3444 3513/3513/3513
f 3444/3444/3444 3447/3447/3447 3513/3513/3513
f 3447/3447/3447 3450/3450/3450 3513/3513/3513
f 3450/3450/3450 3453/3453/3453 3513/3513/3513
f 3513/3513/3513 3453/3453/3453 3515/3515/3515
f 3453/3453/3453 3456/3456/3456 3515/3515/3515
f 3515/3515/3515 3456/3456/3456 3517/3517/3517
f 3456/3456/3456 3459/3459/3459 3517/3517/3517
f 3517/3517/3517 3459/3459/3459 3519/3519/3519
f 3459/3459/3459 3462/3462/3462 3519/3519/3519
f 3519/3519/3519 3462/3462/3462 3521/3521/3521
f 3462/3462/3462 3465/3465/3465 3521/3521/3521
f 3521/3521/3521 3465/3465/3465 3523/3523/3523
f 3465/3465/3465 3468/3468/3468 3523/3523/3523
f 3523/3523/3523 3468/3468/3468 3525/3525/3525
f 3468/3468/3468 3471/3471/3471 3525/3525/3525
f 3525/3525/3525 3471/3471/3471 3527/3527/3527
f 3471/3471/3471 3474/3474/3474 3527/3527/3527
f 3527/3527/3527 3474/3474/3474 3528/3528/3528
f 3474/3474/3474 3478/3478/3478 3528/3528/3528
f 3478/3478/3478 3480/3480/3480 3528/3528/3528
f 3529/3529/3529 3479/3479/3479 3530/3530/3530
f 3530/3530/3530 3479/3479/3479 3531/3531/3531
f 3479/3479/3479 3481/3481/3481 3531/3531/3531
f 3531/3531/3531 3481/3481/3481 3532/3532/3532
f 3481/3481/3481 3483/3483/3483 3532/3532/3532
f 3532/3532/3532 3483/3483/3483 3533/3533/3533
f 3483/3483/3483 3485/3485/3485 3533/3533/3533
f 3533/3533/3533 3485/3485/3485 3534/3534/3534
f 3485/3485/3485 3487/3487/3487 3534/3534/3534
f 3534/3534/3534 3487/3487/3487 3535/3535/3535
f 3487/3487/3487 3489/3489/3489 3535/3535/3535
f 3535/3535/3535 3489/3489/3489 3536/3536/3536
f 3489/3489/3489 3491/3491/3491 3536/3536/3536
f 3536/3536/3536 3491/3491/3491 3537/3537/3537
f 3491/3491/3491 3493/3493/3493 3537/3537/3537
f 3537/3537/3537 3493/3493/3493 3538/3538/3538
f 3493/3493/3493 3495/3495/3495 3538/3538/3538
f 3538/3538/3538 3495/3495/3495 3539/3539/3539
f 3495/3495/3495 3497/3497/3497 3539/3539/3539
f 3539/3539/3539 3497/3497/3497 3540/3540/3540
f 3497/3497/3497 3499/3499/3499 3540/3540/3540
f 3540/3540/3540 3499/3499/3499 3541/3541/3541
f 3499/3499/3499 3502/3502/3502 3541/3541/3541
f 3541/3541/3541 3502/3502/3502 3542/3542/3542
f 3502/3502/3502 3504/3504/3504 3542/3542/3542
f 3542/3542/3542 3504/3504/3504 3543/3543/3543
f 3504/3504/3504 3508/3508/3508 3543/3543/3543
f 3543/3543/3543 3508/3508/3508 3544/3544/3544
f 3508/3508/3508 3510/3510/3510 3544/3544/3544
f 3544/3544/3544 3510/3510/3510 3545/3545/3545
f 3510/3510/3510 3512/3512/3512 3545/3545/3545
f 3545/3545/3545 3512/3512/3512 3546/3546/3546
f 3512/3512/3512 3514/3514/3514 3546/3546/3546
f 3546/3546/3546 3514/3514/3514 3547/3547/3547
f 3514/3514/3514 3516/3516/3516 3547/3547/3547
f 3547/3547/3547 3516/3516/3516 3548/3548/3548
f 3516/3516/3516 3518/3518/3518 3548/3548/3548
f 3548/3548/3548 3518/3518/3518 3549/3549/3549
f 3518/3518/3518 3520/3520/3520 3549/3549/3549
f 3549/3549/3549 3520/3520/3520 3550/3550/3550
f 3520/3520/3520 3522/3522/3522 3550/3550/3550
f 3550/3550/3550 3522/3522/3522 3551/3551/3551
f 3522/3522/3522 3524/3524/3524 3551/3551/3551
f 3551/3551/3551 3524/3524/3524 3552/3552/3552
f 3524/3524/3524 3526/3526/3526 3552/3552/3552
f 3552/3552/3552 3526/3526/3526 3553/3553/3553
f 3526/3526/3526 3529/3529/3529 3553/3553/3553
f 3529/3529/3529 3530/3530/3530 3553/3553/3553
f 3554/3554/3554 3555/3555/3555 3557/3557/3557
f 3557/3557/3557 3555/3555/3555 3559/3559/3559
f 3555/3555/3555 3560/3560/3560 3559/3559/3559
f 3559/3559/3559 3560/3560/3560 3562/3562/3562
f 3560/3560/3560 3563/3563/3563 3562/3562/3562
f 3562/3562/3562 3563/3563/3563 3565/3565/3565
f 3563/3563/3563 3566/3566/3566 3565/3565/3565
f 3565/3565/3565 3566/3566/3566 3568/3568/3568
f 3566/3566/3566 3569/3569/3569 3568/3568/3568
f 3568/3568/3568 3569/3569/3569 3571/3571/3571
f 3569/3569/3569 3572/3572/3572 3571/3571/3571
f 3571/3571/3571 3572/3572/3572 3574/3574/3574
f 3572/3572/3572 3575/3575/3575 3574/3574/3574
f 3574/3574/3574 3575/3575/3575 3577/3577/3577
f 3575/3575/3575 3578/3578/3578 3577/3577/3577
f 3577/3577/3577 3578/3578/3578 3580/3580/3580
f 3578/3578/3578 3581/3581/3581 3580/3580/3580
f 3580/3580/3580 3581/3581/3581 3583/3583/3583
f 3581/3581/3581 3584/3584/3584 3583/3583/3583
f 3583/3583/3583 3584/3584/3584 3586/3586/3586
f 3584/3584/3584 3587/3587/3587 3586/3586/3586
f 3586/3586/3586 3587/3587/3587 3589/3589/3589
f 3587/3587/3587 3590/3590/3590 3589/3589/3589
f 3589/3589/3589 3590/3590/3590 3592/3592/3592
f 3590/3590/3590 3593/3593/3593 3592/3592/3592
f 3592/3592/3592 3593/3593/3593 3595/3595/3595
f 3593/3593/3593 3596/3596/3596 3595/3595/3595
f 3595/3595/3595 3596/3596/3596 3598/3598/3598
f 3596/3596/3596 3599/3599/3599 3598/3598/3598
f 3598/3598/3598 3599/3599/3599 3601/3601/3601
f 3599/3599/3599 3602/3602/3602 3601/3601/3601
f 3601/3601/3601 3602/3602/3602 3604/3604/3604
f 3602/3602/3602 3605/3605/3605 3604/3604/3604
f 3604/3604/3604 3605/3605/3605 3607/3607/3607
f 3605/3605/3605 3608/3608/3608 3607/3607/3607
f 3607/3607/3607 3608/3608/3608 3610/3610/3610
f 3608/3608/3608 3611/3611/3611 3610/3610/3610
f 3610/3610/3610 3611/3611/3611 3613/3613/3613
f 3611/3611/3611 3614/3614/3614 3613/3613/3613
f 3613/3613/3613 3614/3614/3614 3616/3616/3616
f 3614/3614/3614 3617/3617/3617 3616/3616/3616
f 3616/3616/3616 3617/3617/3617 3619/3619/3619
f 3617/3617/3617 3620/3620/3620 3619/3619/3619
f 3619/3619/3619 3620/3620/3620 3622/3622/3622
f 3620/3620/3620 3623/3623/3623 3622/3622/3622
f 3622/3622/3622 3623/3623/3623 3624/3624/3624
f 3623/3623/3623 3554/3554/3554 3624/3624/3624
f 3554/3554/3554 3557/3557/3557 3624/3624/3624
f 3625/3625/3625 3556/3556/3556 3626/3626/3626
f 3626/3626/3626 3556/3556/3556 3627/3627/3627
f 3556/3556/3556 3558/3558/3558 3627/3627/3627
f 3627/3627/3627 3558/3558/3558 3628/3628/3628
f 3558/3558/3558 3561/3561/3561 3628/3628/3628
f 3628/3628/3628 3561/3561/3561 3629/3629/3629
f 3561/3561/3561 3564/3564/3564 3629/3629/3629
f 3629/3629/3629 3564/3564/3564 3630/3630/3630
f 3564/3564/3564 3567/3567/3567 3630/3630/3630
f 3630/3630/3630 3567/3567/3567 3631/3631/3631
f 3567/3567/3567 3570/3570/3570 3631/3631/3631
f 3631/3631/3631 3570/3570/3570 3632/3632/3632
f 3570/3570/3570 3573/3573/3573 3632/3632/3632
f 3632/3632/3632 3573/3573/3573 3633/3633/3633
f 3573/3573/3573 3576/3576/3576 3633/3633/3633
f 3633/3633/3633 3576/3576/3576 3634/3634/3634
f 3576/3576/3576 3579/3579/3579 3634/3634/3634
f 3634/3634/3634 3579/3579/3579 3635/3635/3635
f 3579/3579/3579 3582/3582/3582 3635/3635/3635
f 3635/3635/3635 3582/3582/3582 3636/3636/3636
f 3582/3582/3582 3585/3585/3585 3636/3636/3636
f 3636/3636/3636 3585/3585/3585 3637/3637/3637
f 3585/3585/3585 3588/3588/3588 3637/3637/3637
f 3637/3637/3637 3588/3588/3588 3638/3638/3638
f 3588/3588/3588 3591/3591/3591 3638/3638/3638
f 3638/3638/3638 3591/3591/3591 3639/3639/3639
f 3591/3591/3591 3594/3594/3594 3639/3639/3639
f 3639/3639/3639 3594/3594/3594 3640/3640/3640
f 3594/3594/3594 3597/3597/3597 3640/3640/3640
f 3640/3640/3640 3597/3597/3597 3641/3641/3641
f 3597/3597/3597 3600/3600/3600 3641/3641/3641
f 3641/3641/3641 3600/3600/3600 3642/3642/3642
f 3600/3600/3600 3603/3603/3603 3642/3642/3642
f 3642/3642/3642 3603/3603/3603 3643/3643/3643
f 3603/3603/3603 3606/3606/3606 3643/3643/3643
f 3643/3643/3643 3606/3606/3606 3644/3644/3644
f 3606/3606/3606 3609/3609/3609 3644/3644/3644
f 3644/3644/3644 3609/3609/3609 3645/3645/3645
f 3609/3609/3609 3612/3612/3612 3645/3645/3645
f 3645/3645/3645 3612/3612/3612 3646/3646/3646
f 3612/3612/3612 3615/3615/3615 3646/3646/3646
f 3646/3646/3646 3615/3615/3615 3647/3647/3647
f 3615/3615/3615 3618/3618/3618 3647/3647/3647
f 3647/3647/3647 3618/3618/3618 3648/3648/3648
f 3618/3618/3618 3621/3621/3621 3648/3648/3648
f 3648/3648/3648 3621/3621/3621 3649/3649/3649
f 3621/3621/3621 3625/3625/3625 3649/3649/3649
f 3625/3625/3625 3626/3626/3626 3649/3649/3649
f 3650/3650/3650 3651/3651/3651 3653/3653/3653
f 3653/3653/3653 3651/3651/3651 3655/3655/3655
f 3651/3651/3651 3656/3656/3656 3655/3655/3655
f 3655/3655/3655 3656/3656/3656 3658/3658/3658
f 3656/3656/3656 3659/3659/3659 3658/3658/3658
f 3658/3658/3658 3659/3659/3659 3661/3661/3661
f 3659/3659/3659 3662/3662/3662 3661/3661/3661
f 3661/3661/3661 3662/3662/3662 3664/3664/3664
f 3662/3662/3662 3665/3665/3665 3664/3664/3664
f 3664/3664/3664 3665/3665/3665 3667/3667/3667
f 3665/3665/3665 3668/3668/3668 3667/3667/3667
f 3667/3667/3667 3668/3668/3668 3670/3670/3670
f 3668/3668/3668 3671/3671/3671 3670/3670/3670
f 3670/3670/3670 3671/3671/3671 3673/3673/3673
f 3671/3671/3671 3674/3674/3674 3673/3673/3673
f 3673/3673/3673 3674/3674/3674 3676/3676/3676
f 3674/3674/3674 3677/3677/3677 3676/3676/3676
f 3676/3676/3676 3677/3677/3677 3679/3679/3679
f 3677/3677/3677 3680/3680/3680 3679/3679/3679
f 3679/3679/3679 3680/3680/3680 3682/3682/3682
f 3680/3680/3680 3683/3683/3683 3682/3682/3682
f 3683/3683/3683 3684/3684/3684 3682/3682/3682
f 3682/3682/3682 3684/3684/3684 3686/3686/3686
f 3684/3684/3684 3687/3687/3687 3686/3686/3686
f 3686/3686/3686 3687/3687/3687 3689/3689/3689
f 3687/3687/3687 3690/3690/3690 3689/3689/3689
f 3689/3689/3689 3690/3690/3690 3692/3692/3692
f 3690/3690/3690 3693/3693/3693 3692/3692/3692
f 3692/3692/3692 3693/3693/3693 3695/3695/3695
f 3693/3693/3693 3696/3696/3696 3695/3695/3695
f 3695/3695/3695 3696/3696/3696 3698/3698/3698
f 3696/3696/3696 3699/3699/3699 3698/3698/3698
f 3698/3698/3698 3699/3699/3699 3701/3701/3701
f 3699/3699/3699 3702/3702/3702 3701/3701/3701
f 3701/3701/3701 3702/3702/3702 3704/3704/3704
f 3702/3702/3702 3705/3705/3705 3704/3704/3704
f 3704/3704/3704 3705/3705/3705 3707/3707/3707
f 3705/3705/3705 3708/3708/3708 3707/3707/3707
f 3707/3707/3707 3708/3708/3708 3710/3710/3710
f 3708/3708/3708 3711/3711/3711 3710/3710/3710
f 3710/3710/3710 3711/3711/3711 3713/3713/3713
f 3711/3711/3711 3714/3714/3714 3713/3713/3713
f 3713/3713/3713 3714/3714/3714 3716/3716/3716
f 3714/3714/3714 3717/3717/3717 3716/3716/3716
f 3716/3716/3716 3717/3717/3717 3719/3719/3719
f 3717/3717/3717 3720/3720/3720 3719/3719/3719
f 3719/3719/3719 3720/3720/3720 3721/3721/3721
f 3720/3720/3720 3650/3650/3650 3721/3721/3721
f 3650/3650/3650 3653/3653/3653 3721/3721/3721
f 3722/3722/3722 3652/3652/3652 3724/3724/3724
f 3724/3724/3724 3652/3652/3652 3726/3726/3726
f 3652/3652/3652 3654/3654/3654 3726/3726/3726
f 3726/3726/3726 3654/3654/3654 3728/3728/3728
f 3654/3654/3654 3657/3657/3657 3728/3728/3728
f 3728/3728/3728 3657/3657/3657 3730/3730/3730
f 3657/3657/3657 3660/3660/3660 3730/3730/3730
f 3730/3730/3730 3660/3660/3660 3732/3732/3732
f 3660/3660/3660 3663/3663/3663 3732/3732/3732
f 3732/3732/3732 3663/3663/3663 3734/3734/3734
f 3663/3663/3663 3666/3666/3666 3734/3734/3734
f 3734/3734/3734 3666/3666/3666 3736/3736/3736
f 3666/3666/3666 3669/3669/3669 3736/3736/3736
f 3736/3736/3736 3669/3669/3669 3738/3738/3738
f 3669/3669/3669 3672/3672/3672 3738/3738/3738
f 3738/3738/3738 3672/3672/3672 3740/3740/3740
f 3672/3672/3672 3675/3675/3675 3740/3740/3740
f 3740/3740/3740 3675/3675/3675 3742/3742/3742
f 3675/3675/3675 3678/3678/3678 3742/3742/3742
f 3742/3742/3742 3678/3678/3678 3744/3744/3744
f 3678/3678/3678 3681/3681/3681 3744/3744/3744
f 3744/3744/3744 3681/3681/3681 3746/3746/3746
f 3681/3681/3681 3685/3685/3685 3746/3746/3746
f 3746/3746/3746 3685/3685/3685 3748/3748/3748
f 3685/3685/3685 3688/3688/3688 3748/3748/3748
f 3748/3748/3748 3688/3688/3688 3750/3750/3750
f 3688/3688/3688 3691/3691/3691 3750/3750/3750
f 3750/3750/3750 3691/3691/3691 3752/3752/3752
f 3691/3691/3691 3694/3694/3694 3752/3752/3752
f 3752/3752/3752 3694/3694/3694 3754/3754/3754
f 3694/3694/3694 3697/3697/3697 3754/3754/3754
f 3754/3754/3754 3697/3697/3697 3756/3756/3756
f 3697/3697/3697 3700/3700/3700 3756/3756/3756
f 3756/3756/3756 3700/3700/3700 3758/3758/3758
f 3700/3700/3700 3703/3703/3703 3758/3758/3758
f 3758/3758/3758 3703/3703/3703 3760/3760/3760
f 3703/3703/3703 3706/3706/3706 3760/3760/3760
f 3760/3760/3760 3706/3706/3706 3762/3762/3762
f 3706/3706/3706 3709/3709/3709 3762/3762/3762
f 3762/3762/3762 3709/3709/3709 3764/3764/3764
f 3709/3709/3709 3712/3712/3712 3764/3764/3764
f 3764/3764/3764 3712/3712/3712 3766/3766/3766
f 3712/3712/3712 3715/3715/3715 3766/3766/3766
f 3766/3766/3766 3715/3715/3715 3768/3768/3768
f 3715/3715/3715 3718/3718/3718 3768/3768/3768
f 3768/3768/3768 3718/3718/3718 3769/3769/3769
f 3718/3718/3718 3722/3722/3722 3769/3769/3769
f 3722/3722/3722 3724/3724/3724 3769/3769/3769
f 3770/3770/3770 3723/3723/3723 3772/3772/3772
f 3772/3772/3772 3723/3723/3723 3774/3774/3774
f 3723/3723/3723 3725/3725/3725 3774/3774/3774
f 3774/3774/3774 3725/3725/3725 3776/3776/3776
f 3725/3725/3725 3727/3727/3727 3776/3776/3776
f 3776/3776/3776 3727/3727/3727 3778/3778/3778
f 3727/3727/3727 3729/3729/3729 3778/3778/3778
f 3778/3778/3778 3729/3729/3729 3780/3780/3780
f 3729/3729/3729 3731/3731/3731 3780/3780/3780
f 3780/3780/3780 3731/3731/3731 3782/3782/3782
f 3731/3731/3731 3733/3733/3733 3782/3782/3782
f 3782/3782/3782 3733/3733/3733 3784/3784/3784
f 3733/3733/3733 3735/3735/3735 3784/3784/3784
f 3784/3784/3784 3735/3735/3735 3786/3786/3786
f 3735/3735/3735 3737/3737/3737 3786/3786/3786
f 3786/3786/3786 3737/3737/3737 3788/3788/3788
f 3737/3737/3737 3739/3739/3739 3788/3788/3788
f 3788/3788/3788 3739/3739/3739 3790/3790/3790
f 3739/3739/3739 3741/3741/3741 3790/3790/3790
f 3790/3790/3790 3741/3741/3741 3792/3792/3792
f 3741/3741/3741 3743/3743/3743 3792/3792/3792
f 3792/3792/3792 3743/3743/3743 3794/3794/3794
f 3743/3743/3743 3745/3745/3745 3794/3794/3794
f 3794/3794/3794 3745/3745/3745 3796/3796/3796
f 3745/3745/3745 3747/3747/3747 3796/3796/3796
f 3796/3796/3796 3747/3747/3747 3798/3798/3798
f 3747/3747/3747 3749/3749/3749 3798/3798/3798
f 3798/3798/3798 3749/3749/3749 3800/3800/3800
f 3749/3749/3749 3751/3751/3751 3800/3800/3800
f 3800/3800/3800 3751/3751/3751 3802/3802/3802
f 3751/3751/3751 3753/3753/3753 3802/3802/3802
f 3802/3802/3802 3753/3753/3753 3804/3804/3804
f 3753/3753/3753 3755/3755/3755 3804/3804/3804
f 3804/3804/3804 3755/3755/3755 3806/3806/3806
f 3755/3755/3755 3757/3757/3757 3806/3806/3806
f 3806/3806/3806 3757/3757/3757 3808/3808/3808
f 3757/3757/3757 3759/3759/3759 3808/3808/3808
f 3808/3808/3808 3759/3759/3759 3810/3810/3810
f 3759/3759/3759 3761/3761/3761 3810/3810/3810
f 3810/3810/3810 3761/3761/3761 3812/3812/3812
f 3761/3761/3761 3763/3763/3763 3812/3812/3812
f 3812/3812/3812 3763/3763/3763 3814/3814/3814
f 3763/3763/3763 3765/3765/3765 3814/3814/3814
f 3814/3814/3814 3765/3765/3765 3816/3816/3816
f 3765/3765/3765 3767/3767/3767 3816/3816/3816
f 3816/3816/3816 3767/3767/3767 3817/3817/3817
f 3767/3767/3767 3770/3770/3770 3817/3817/3817
f 3770/3770/3770 3772/3772/3772 3817/3817/3817
f 3818/3818/3818 3771/3771/3771 3819/3819/3819
f 3819/3819/3819 3771/3771/3771 3820/3820/3820
f 3771/3771/3771 3773/3773/3773 3820/3820/3820
f 3820/3820/3820 3773/3773/3773 3821/3821/3821
f 3773/3773/3773 3775/3775/3775 3821/3821/3821
f 3821/3821/3821 3775/3775/3775 3822/3822/3822
f 3775/3775/3775 3777/3777/3777 3822/3822/3822
f 3822/3822/3822 3777/3777/3777 3823/3823/3823
f 3777/3777/3777 3779/3779/3779 3823/3823/3823
f 3823/3823/3823 3779/3779/3779 3824/3824/3824
f 3779/3779/3779 3781/3781/3781 3824/3824/3824
f 3824/3824/3824 3781/3781/3781 3825/3825/3825
f 3781/3781/3781 3783/3783/3783 3825/3825/3825
f 3825/3825/3825 3783/3783/3783 3826/3826/3826
f 3783/3783/3783 3785/3785/3785 3826/3826/3826
f 3826/3826/3826 3785/3785/3785 3827/3827/3827
f 3785/3785/3785 3787/3787/3787 3827/3827/3827
f 3827/3827/3827 3787/3787/3787 3828/3828/3828
f 3787/3787/3787 3789/3789/3789 3828/3828/3828
f 3828/3828/3828 3789/3789/3789 3829/3829/3829
f 3789/3789/3789 3791/3791/3791 3829/3829/3829
f 3829/3829/3829 3791/3791/3791 3830/3830/3830
f 3791/3791/3791 3793/3793/3793 3830/3830/3830
f 3830/3830/3830 3793/3793/3793 3831/3831/3831
f 3793/3793/3793 3795/3795/3795 3831/3831/3831
f 3831/3831/3831 3795/3795/3795 3832/3832/3832
f 3795/3795/3795 3797/3797/3797 3832/3832/3832
f 3832/3832/3832 3797/3797/3797 3833/3833/3833
f 3797/3797/3797 3799/3799/3799 3833/3833/3833
f 3833/3833/3833 3799/3799/3799 3834/3834/3834
f 3799/3799/3799 3801/3801/3801 3834/3834/3834
f 3834/3834/3834 3801/3801/3801 3835/3835/3835
f 3801/3801/3801 3803/3803/3803 3835/3835/3835
f 3835/3835/3835 3803/3803/3803 3836/3836/3836
f 3803/3803/3803 3805/3805/3805 3836/3836/3836
f 3836/3836/3836 3805/3805/3805 3837/3837/3837
f 3805/3805/3805 3807/3807/3807 3837/3837/3837
f 3837/3837/3837 3807/3807/3807 3838/3838/3838
f 3807/3807/3807 3809/3809/3809 3838/3838/3838
f 3838/3838/3838 3809/3809/3809 3839/3839/3839
f 3809/3809/3809 3811/3811/3811 3839/3839/3839
f 3839/3839/3839 3811/3811/3811 3840/3840/3840
f 3811/3811/3811 3813/3813/3813 3840/3840/3840
f 3840/3840/3840 3813/3813/3813 3841/3841/3841
f 3813/3813/3813 3815/3815/3815 3841/3841/3841
f 3841/3841/3841 3815/3815/3815 3842/3842/3842
f 3815/3815/3815 3818/3818/3818 3842/3842/3842
f 3818/3818/3818 3819/3819/3819 3842/3842/3842
f 3843/3843/3843 3844/3844/3844 3846/3846/3846
f 3846/3846/3846 3844/3844/3844 3848/3848/3848
f 3844/3844/3844 3849/3849/3849 3848/3848/3848
f 3848/3848/3848 3849/3849/3849 3851/3851/3851
f 3849/3849/3849 3852/3852/3852 3851/3851/3851
f 3851/3851/3851 3852/3852/3852 3854/3854/3854
f 3852/3852/3852 3855/3855/3855 3854/3854/3854
f 3854/3854/3854 3855/3855/3855 3857/3857/3857
f 3855/3855/3855 3858/3858/3858 3857/3857/3857
f 3857/3857/3857 3858/3858/3858 3860/3860/3860
f 3858/3858/3858 3861/3861/3861 3860/3860/3860
f 3860/3860/3860 3861/3861/3861 3863/3863/3863
f 3861/3861/3861 3864/3864/3864 3863/3863/3863
f 3863/3863/3863 3864/3864/3864 3866/3866/3866
f 3864/3864/3864 3867/3867/3867 3866/3866/3866
f 3866/3866/3866 3867/3867/3867 3869/3869/3869
f 3867/3867/3867 3870/3870/3870 3869/3869/3869
f 3869/3869/3869 3870/3870/3870 3872/3872/3872
f 3870/3870/3870 3873/3873/3873 3872/3872/3872
f 3872/3872/3872 3873/3873/3873 3875/3875/3875
f 3873/3873/3873 3876/3876/3876 3875/3875/3875
f 3875/3875/3875 3876/3876/3876 3878/3878/3878
f 3876/3876/3876 3879/3879/3879 3878/3878/3878
f 3878/3878/3878 3879/3879/3879 3881/3881/3881
f 3879/3879/3879 3882/3882/3882 3881/3881/3881
f 3881/3881/3881 3882/3882/3882 3884/3884/3884
f 3882/3882/3882 3885/3885/3885 3884/3884/3884
f 3884/3884/3884 3885/3885/3885 3887/3887/3887
f 3885/3885/3885 3888/3888/3888 3887/3887/3887
f 3887/3887/3887 3888/3888/3888 3890/3890/3890
f 3888/3888/3888 3891/3891/3891 3890/3890/3890
f 3890/3890/3890 3891/3891/3891 3893/3893/3893
f 3891/3891/3891 3894/3894/3894 3893/3893/3893
f 3893/3893/3893 3894/3894/3894 3896/3896/3896
f 3894/3894/3894 3897/3897/3897 3896/3896/3896
f 3896/3896/3896 3897/3897/3897 3899/3899/3899
f 3897/3897/3897 3900/3900/3900 3899/3899/3899
f 3899/3899/3899 3900/3900/3900 3902/3902/3902
f 3900/3900/3900 3903/3903/3903 3902/3902/3902
f 3902/3902/3902 3903/3903/3903 3905/3905/3905
f 3903/3903/3903 3906/3906/3906 3905/3905/3905
f 3905/3905/3905 3906/3906/3906 3908/3908/3908
f 3906/3906/3906 3909/3909/3909 3908/3908/3908
f 3908/3908/3908 3909/3909/3909 3911/3911/3911
f 3909/3909/3909 3912/3912/3912 3911/3911/3911
f 3911/3911/3911 3912/3912/3912 3913/3913/3913
f 3912/3912/3912 3843/3843/3843 3913/3913/3913
f 3843/3843/3843 3846/3846/3846 3913/3913/3913
f 3914/3914/3914 3845/3845/3845 3915/3915/3915
f 3845/3845/3845 3847/3847/3847 3915/3915/3915
f 3847/3847/3847 3850/3850/3850 3915/3915/3915
f 3850/3850/3850 3853/3853/3853 3915/3915/3915
f 3853/3853/3853 3856/3856/3856 3915/3915/3915
f 3856/3856/3856 3859/3859/3859 3915/3915/3915
f 3859/3859/3859 3862/3862/3862 3915/3915/3915
f 3862/3862/3862 3865/3865/3865 3915/3915/3915
f 3865/3865/3865 3868/3868/3868 3915/3915/3915
f 3868/3868/3868 3871/3871/3871 3915/3915/3915
f 3871/3871/3871 3874/3874/3874 3915/3915/3915
f 3874/3874/3874 3877/3877/3877 3915/3915/3915
f 3877/3877/3877 3880/3880/3880 3915/3915/3915
f 3880/3880/3880 3883/3883/3883 3915/3915/3915
f 3883/3883/3883 3886/3886/3886 3915/3915/3915
f 3886/3886/3886 3889/3889/3889 3915/3915/3915
f 3889/3889/3889 3892/3892/3892 3915/3915/3915
f 3892/3892/3892 3895/3895/3895 3915/3915/3915
f 3895/3895/3895 3898/3898/3898 3915/3915/3915
f 3898/3898/3898 3901/3901/3901 3915/3915/3915
f 3901/3901/3901 3904/3904/3904 3915/3915/3915
f 3904/3904/3904 3907/3907/3907 3915/3915/3915
f 3907/3907/3907 3910/3910/3910 3915/3915/3915
f 3916/3916/3916 3917/3917/3917 3919/3919/3919
f 3917/3917/3917 3920/3920/3920 3919/3919/3919
f 3919/3919/3919 3920/3920/3920 3922/3922/3922
f 3920/3920/3920 3923/3923/3923 3922/3922/3922
f 3922/3922/3922 3923/3923/3923 3925/3925/3925
f 3923/3923/3923 3926/3926/3926 3925/3925/3925
f 3925/3925/3925 3926/3926/3926 3928/3928/3928
f 3926/3926/3926 3929/3929/3929 3928/3928/3928
f 3928/3928/3928 3929/3929/3929 3931/3931/3931
f 3929/3929/3929 3932/3932/3932 3931/3931/3931
f 3931/3931/3931 3932/3932/3932 3934/3934/3934
f 3932/3932/3932 3935/3935/3935 3934/3934/3934
f 3934/3934/3934 3935/3935/3935 3937/3937/3937
f 3935/3935/3935 3938/3938/3938 3937/3937/3937
f 3937/3937/3937 3938/3938/3938 3940/3940/3940
f 3938/3938/3938 3941/3941/3941 3940/3940/3940
f 3940/3940/3940 3941/3941/3941 3943/3943/3943
f 3941/3941/3941 3944/3944/3944 3943/3943/3943
f 3943/3943/3943 3944/3944/3944 3946/3946/3946
f 3944/3944/3944 3947/3947/3947 3946/3946/3946
f 3946/3946/3946 3947/3947/3947 3949/3949/3949
f 3947/3947/3947 3950/3950/3950 3949/3949/3949
f 3949/3949/3949 3950/3950/3950 3952/3952/3952
f 3950/3950/3950 3953/3953/3953 3952/3952/3952
f 3952/3952/3952 3953/3953/3953 3955/3955/3955
f 3953/3953/3953 3956/3956/3956 3955/3955/3955
f 3955/3955/3955 3956/3956/3956 3958/3958/3958
f 3956/3956/3956 3959/3959/3959 3958/3958/3958
f 3958/3958/3958 3959/3959/3959 3961/3961/3961
f 3959/3959/3959 3962/3962/3962 3961/3961/3961
f 3961/3961/3961 3962/3962/3962 3964/3964/3964
f 3962/3962/3962 3965/3965/3965 3964/3964/3964
f 3964/3964/3964 3965/3965/3965 3967/3967/3967
f 3965/3965/3965 3968/3968/3968 3967/3967/3967
f 3967/3967/3967 3968/3968/3968 3970/3970/3970
f 3968/3968/3968 3971/3971/3971 3970/3970/3970
f 3970/3970/3970 3971/3971/3971 3973/3973/3973
f 3971/3971/3971 3974/3974/3974 3973/3973/3973
f 3973/3973/3973 3974/3974/3974 3976/3976/3976
f 3974/3974/3974 3977/3977/3977 3976/3976/3976
f 3976/3976/3976 3977/3977/3977 3979/3979/3979
f 3977/3977/3977 3980/3980/3980 3979/3979/3979
f 3979/3979/3979 3980/3980/3980 3982/3982/3982
f 3980/3980/3980 3983/3983/3983 3982/3982/3982
f 3982/3982/3982 3983/3983/3983 3985/3985/3985
f 3983/3983/3983 3986/3986/3986 3985/3985/3985
f 3985/3985/3985 3986/3986/3986 3987/3987/3987
f 3986/3986/3986 3916/3916/3916 3987/3987/3987
f 3916/3916/3916 3919/3919/3919 3987/3987/3987
f 3988/3988/3988 3918/3918/3918 3989/3989/3989
f 3989/3989/3989 3918/3918/3918 3990/3990/3990
f 3918/3918/3918 3921/3921/3921 3990/3990/3990
f 3990/3990/3990 3921/3921/3921 3991/3991/3991
f 3921/3921/3921 3924/3924/3924 3991/3991/3991
f 3991/3991/3991 3924/3924/3924 3992/3992/3992
f 3924/3924/3924 3927/3927/3927 3992/3992/3992
f 3992/3992/3992 3927/3927/3927 3993/3993/3993
f 3927/3927/3927 3930/3930/3930 3993/3993/3993
f 3993/3993/3993 3930/3930/3930 3994/3994/3994
f 3930/3930/3930 3933/3933/3933 3994/3994/3994
f 3994/3994/3994 3933/3933/3933 3995/3995/3995
f 3933/3933/3933 3936/3936/3936 3995/3995/3995
f 3995/3995/3995 3936/3936/3936 3996/3996/3996
f 3936/3936/3936 3939/3939/3939 3996/3996/3996
f 3996/3996/3996 3939/3939/3939 3997/3997/3997
f 3939/3939/3939 3942/3942/3942 3997/3997/3997
f 3997/3997/3997 3942/3942/3942 3998/3998/3998
f 3942/3942/3942 3945/3945/3945 3998/3998/3998
f 3998/3998/3998 3945/3945/3945 3999/3999/3999
f 3945/3945/3945 3948/3948/3948 3999/3999/3999
f 3999/3999/3999 3948/3948/3948 4000/4000/4000
f 3948/3948/3948 3951/3951/3951 4000/4000/4000
f 4000/4000/4000 3951/3951/3951 4001/4001/4001
f 3951/3951/3951 3954/3954/3954 4001/4001/4001
f 4001/4001/4001 3954/3954/3954 4002/4002/4002
f 3954/3954/3954 3957/3957/3957 4002/4002/4002
f 4002/4002/4002 3957/3957/3957 4003/4003/4003
f 3957/3957/3957 3960/3960/3960 4003/4003/4003
f 4003/4003/4003 3960/3960/3960 4004/4004/4004
f 3960/3960/3960 3963/3963/3963 4004/4004/4004
f 4004/4004/4004 3963/3963/3963 4005/4005/4005
f 3963/3963/3963 3966/3966/3966 4005/4005/4005
f 4005/4005/4005 3966/3966/3966 4006/4006/4006
f 3966/3966/3966 3969/3969/3969 4006/4006/4006
f 4006/4006/4006 3969/3969/3969 4007/4007/4007
f 3969/3969/3969 3972/3972/3972 4007/4007/4007
f 4007/4007/4007 3972/3972/3972 4008/4008/4008
f 3972/3972/3972 3975/3975/3975 4008/4008/4008
f 4008/4008/4008 3975/3975/3975 4009/4009/4009
f 3975/3975/3975 3978/3978/3978 4009/4009/4009
f 4009/4009/4009 3978/3978/3978 4010/4010/4010
f 3978/3978/3978 3981/3981/3981 4010/4010/4010
f 4010/4010/4010 3981/3981/3981 4011/4011/4011
f 3981/3981/3981 3984/3984/3984 4011/4011/4011
f 4011/4011/4011 3984/3984/3984 4012/4012/4012
f 3984/3984/3984 3988/3988/3988 4012/4012/4012
f 4012/4012/4012 3988/3988/3988 4013/4013/4013
f 3988/3988/3988 3989/3989/3989 4013/4013/4013
f 4014/4014/4014 4015/4015/4015 4017/4017/4017
f 4017/4017/4017 4015/4015/4015 4019/4019/4019
f 4015/4015/4015 4021/4021/4021 4019/4019/4019
f 4021/4021/4021 4022/4022/4022 4019/4019/4019
f 4023/4023/4023 4024/4024/4024 4018/4018/4018
f 4018/4018/4018 4024/4024/4024 4025/4025/4025
f 4024/4024/4024 4026/4026/4026 4025/4025/4025
f 4025/4025/4025 4026/4026/4026 4027/4027/4027
f 4026/4026/4026 4028/4028/4028 4027/4027/4027
f 4027/4027/4027 4028/4028/4028 4029/4029/4029
f 4028/4028/4028 4030/4030/4030 4029/4029/4029
f 4029/4029/4029 4030/4030/4030 4031/4031/4031
f 4030/4030/4030 4032/4032/4032 4031/4031/4031
f 4031/4031/4031 4032/4032/4032 4033/4033/4033
f 4032/4032/4032 4034/4034/4034 4033/4033/4033
f 4033/4033/4033 4034/4034/4034 4037/4037/4037
f 4038/4038/4038 4036/4036/4036 4039/4039/4039
f 4039/4039/4039 4036/4036/4036 4041/4041/4041
f 4036/4036/4036 4035/4035/4035 4041/4041/4041
f 4035/4035/4035 4042/4042/4042 4041/4041/4041
f 4043/4043/4043 4044/4044/4044 4040/4040/4040
f 4040/4040/4040 4044/4044/4044 4045/4045/4045
f 4044/4044/4044 4046/4046/4046 4045/4045/4045
f 4045/4045/4045 4046/4046/4046 4047/4047/4047
f 4046/4046/4046 4048/4048/4048 4047/4047/4047
f 4047/4047/4047 4048/4048/4048 4049/4049/4049
f 4048/4048/4048 4050/4050/4050 4049/4049/4049
f 4049/4049/4049 4050/4050/4050 4051/4051/4051
f 4050/4050/4050 4052/4052/4052 4051/4051/4051
f 4051/4051/4051 4052/4052/4052 4053/4053/4053
f 4052/4052/4052 4054/4054/4054 4053/4053/4053
f 4053/4053/4053 4054/4054/4054 4057/4057/4057
f 4056/4056/4056 4055/4055/4055 4059/4059/4059
f 4055/4055/4055 4060/4060/4060 4059/4059/4059
f 4061/4061/4061 4062/4062/4062 4058/4058/4058
f 4058/4058/4058 4062/4062/4062 4063/4063/4063
f 4062/4062/4062 4064/4064/4064 4063/4063/4063
f 4063/4063/4063 4064/4064/4064 4065/4065/4065
f 4064/4064/4064 4066/4066/4066 4065/4065/4065
f 4065/4065/4065 4066/4066/4066 4067/4067/4067
f 4066/4066/4066 4068/4068/4068 4067/4067/4067
f 4067/4067/4067 4068/4068/4068 4069/4069/4069
f 4068/4068/4068 4070/4070/4070 4069/4069/4069
f 4069/4069/4069 4070/4070/4070 4071/4071/4071
f 4070/4070/4070 4072/4072/4072 4071/4071/4071
f 4071/4071/4071 4072/4072/4072 4075/4075/4075
f 4074/4074/4074 4073/4073/4073 4077/4077/4077
f 4073/4073/4073 4078/4078/4078 4077/4077/4077
f 4079/4079/4079 4080/4080/4080 4076/4076/4076
f 4076/4076/4076 4080/4080/4080 4081/4081/4081
f 4080/4080/4080 4082/4082/4082 4081/4081/4081
f 4081/4081/4081 4082/4082/4082 4083/4083/4083
f 4082/4082/4082 4084/4084/4084 4083/4083/4083
f 4083/4083/4083 4084/4084/4084 4085/4085/4085
f 4084/4084/4084 4086/4086/4086 4085/4085/4085
f 4085/4085/4085 4086/4086/4086 4087/4087/4087
f 4086/4086/4086 4088/4088/4088 4087/4087/4087
f 4087/4087/4087 4088/4088/4088 4089/4089/4089
f 4088/4088/4088 4020/4020/4020 4089/4089/4089
f 4020/4020/4020 4016/4016/4016 4089/4089/4089
f 4090/4090/4090 4091/4091/4091 4092/4092/4092
f 4092/4092/4092 4091/4091/4091 4093/4093/4093
f 4091/4091/4091 4094/4094/4094 4093/4093/4093
f 4093/4093/4093 4094/4094/4094 4095/4095/4095
f 4094/4094/4094 4096/4096/4096 4095/4095/4095
f 4095/4095/4095 4096/4096/4096 4097/4097/4097
f 4096/4096/4096 4098/4098/4098 4097/4097/4097
f 4097/4097/4097 4098/4098/4098 4099/4099/4099
f 4098/4098/4098 4100/4100/4100 4099/4099/4099
f 4099/4099/4099 4100/4100/4100 4101/4101/4101
f 4100/4100/4100 4102/4102/4102 4101/4101/4101
f 4101/4101/4101 4102/4102/4102 4103/4103/4103
f 4102/4102/4102 4104/4104/4104 4103/4103/4103
f 4103/4103/4103 4104/4104/4104 4105/4105/4105
f 4104/4104/4104 4106/4106/4106 4105/4105/4105
f 4105/4105/4105 4106/4106/4106 4107/4107/4107
f 4106/4106/4106 4108/4108/4108 4107/4107/4107
f 4107/4107/4107 4108/4108/4108 4109/4109/4109
f 4108/4108/4108 4110/4110/4110 4109/4109/4109
f 4109/4109/4109 4110/4110/4110 4111/4111/4111
f 4110/4110/4110 4112/4112/4112 4111/4111/4111
f 4111/4111/4111 4112/4112/4112 4113/4113/4113
f 4112/4112/4112 4114/4114/4114 4113/4113/4113
f 4113/4113/4113 4114/4114/4114 4115/4115/4115
f 4114/4114/4114 4116/4116/4116 4115/4115/4115
f 4115/4115/4115 4116/4116/4116 4117/4117/4117
f 4116/4116/4116 4118/4118/4118 4117/4117/4117
f 4117/4117/4117 4118/4118/4118 4119/4119/4119
f 4118/4118/4118 4120/4120/4120 4119/4119/4119
f 4119/4119/4119 4120/4120/4120 4121/4121/4121
f 4120/4120/4120 4122/4122/4122 4121/4121/4121
f 4121/4121/4121 4122/4122/4122 4123/4123/4123
f 4122/4122/4122 4124/4124/4124 4123/4123/4123
f 4123/4123/4123 4124/4124/4124 4125/4125/4125
f 4124/4124/4124 4126/4126/4126 4125/4125/4125
f 4125/4125/4125 4126/4126/4126 4127/4127/4127
f 4126/4126/4126 4128/4128/4128 4127/4127/4127
f 4127/4127/4127 4128/4128/4128 4129/4129/4129
f 4128/4128/4128 4130/4130/4130 4129/4129/4129
f 4129/4129/4129 4130/4130/4130 4131/4131/4131
f 4130/4130/4130 4132/4132/4132 4131/4131/4131
f 4131/4131/4131 4132/4132/4132 4133/4133/4133
f 4132/4132/4132 4134/4134/4134 4133/4133/4133
f 4133/4133/4133 4134/4134/4134 4135/4135/4135
f 4134/4134/4134 4136/4136/4136 4135/4135/4135
f 4135/4135/4135 4136/4136/4136 4137/4137/4137
f 4136/4136/4136 4090/4090/4090 4137/4137/4137
f 4137/4137/4137 4090/4090/4090 4138/4138/4138
f 4090/4090/4090 4092/4092/4092 4138/4138/4138
f 4140/4140/4140 4141/4141/4141 4143/4143/4143
f 4143/4143/4143 4141/4141/4141 4145/4145/4145
f 4145/4145/4145 4141/4141/4141 4147/4147/4147
f 4147/4147/4147 4141/4141/4141 4149/4149/4149
f 4149/4149/4149 4141/4141/4141 4151/4151/4151
f 4151/4151/4151 4141/4141/4141 4153/4153/4153
f 4153/4153/4153 4141/4141/4141 4155/4155/4155
f 4155/4155/4155 4141/4141/4141 4157/4157/4157
f 4157/4157/4157 4141/4141/4141 4159/4159/4159
f 4159/4159/4159 4141/4141/4141 4161/4161/4161
f 4161/4161/4161 4141/4141/4141 4163/4163/4163
f 4163/4163/4163 4141/4141/4141 4165/4165/4165
f 4165/4165/4165 4141/4141/4141 4167/4167/4167
f 4167/4167/4167 4141/4141/4141 4169/4169/4169
f 4169/4169/4169 4141/4141/4141 4171/4171/4171
f 4171/4171/4171 4141/4141/4141 4173/4173/4173
f 4173/4173/4173 4141/4141/4141 4175/4175/4175
f 4175/4175/4175 4141/4141/4141 4177/4177/4177
f 4177/4177/4177 4141/4141/4141 4179/4179/4179
f 4179/4179/4179 4141/4141/4141 4181/4181/4181
f 4181/4181/4181 4141/4141/4141 4183/4183/4183
f 4183/4183/4183 4141/4141/4141 4185/4185/4185
f 4185/4185/4185 4141/4141/4141 4186/4186/4186
f 4141/4141/4141 4140/4140/4140 4186/4186/4186
f 4187/4187/4187 4139/4139/4139 4189/4189/4189
f 4189/4189/4189 4139/4139/4139 4191/4191/4191
f 4139/4139/4139 4142/4142/4142 4191/4191/4191
f 4191/4191/4191 4142/4142/4142 4193/4193/4193
f 4142/4142/4142 4144/4144/4144 4193/4193/4193
f 4193/4193/4193 4144/4144/4144 4195/4195/4195
f 4144/4144/4144 4146/4146/4146 4195/4195/4195
f 4195/4195/4195 4146/4146/4146 4197/4197/4197
f 4146/4146/4146 4148/4148/4148 4197/4197/4197
f 4197/4197/4197 4148/4148/4148 4199/4199/4199
f 4148/4148/4148 4150/4150/4150 4199/4199/4199
f 4199/4199/4199 4150/4150/4150 4201/4201/4201
f 4150/4150/4150 4152/4152/4152 4201/4201/4201
f 4201/4201/4201 4152/4152/4152 4203/4203/4203
f 4152/4152/4152 4154/4154/4154 4203/4203/4203
f 4203/4203/4203 4154/4154/4154 4205/4205/4205
f 4154/4154/4154 4156/4156/4156 4205/4205/4205
f 4205/4205/4205 4156/4156/4156 4207/4207/4207
f 4156/4156/4156 4158/4158/4158 4207/4207/4207
f 4207/4207/4207 4158/4158/4158 4209/4209/4209
f 4158/4158/4158 4160/4160/4160 4209/4209/4209
f 4209/4209/4209 4160/4160/4160 4211/4211/4211
f 4160/4160/4160 4162/4162/4162 4211/4211/4211
f 4211/4211/4211 4162/4162/4162 4213/4213/4213
f 4162/4162/4162 4164/4164/4164 4213/4213/4213
f 4213/4213/4213 4164/4164/4164 4215/4215/4215
f 4164/4164/4164 4166/4166/4166 4215/4215/4215
f 4215/4215/4215 4166/4166/4166 4217/4217/4217
f 4166/4166/4166 4168/4168/4168 4217/4217/4217
f 4217/4217/4217 4168/4168/4168 4219/4219/4219
f 4168/4168/4168 4170/4170/4170 4219/4219/4219
f 4219/4219/4219 4170/4170/4170 4221/4221/4221
f 4170/4170/4170 4172/4172/4172 4221/4221/4221
f 4221/4221/4221 4172/4172/4172 4223/4223/4223
f 4172/4172/4172 4174/4174/4174 4223/4223/4223
f 4223/4223/4223 4174/4174/4174 4225/4225/4225
f 4174/4174/4174 4176/4176/4176 4225/4225/4225
f 4225/4225/4225 4176/4176/4176 4227/4227/4227
f 4176/4176/4176 4178/4178/4178 4227/4227/4227
f 4227/4227/4227 4178/4178/4178 4229/4229/4229
f 4178/4178/4178 4180/4180/4180 4229/4229/4229
f 4229/4229/4229 4180/4180/4180 4231/4231/4231
f 4180/4180/4180 4182/4182/4182 4231/4231/4231
f 4231/4231/4231 4182/4182/4182 4233/4233/4233
f 4182/4182/4182 4184/4184/4184 4233/4233/4233
f 4233/4233/4233 4184/4184/4184 4234/4234/4234
f 4184/4184/4184 4187/4187/4187 4234/4234/4234
f 4187/4187/4187 4189/4189/4189 4234/4234/4234
f 4235/4235/4235 4188/4188/4188 4238/4238/4238
f 4188/4188/4188 4190/4190/4190 4238/4238/4238
f 4238/4238/4238 4190/4190/4190 4240/4240/4240
f 4190/4190/4190 4192/4192/4192 4240/4240/4240
f 4240/4240/4240 4192/4192/4192 4242/4242/4242
f 4242/4242/4242 4192/4192/4192 4244/4244/4244
f 4244/4244/4244 4192/4192/4192 4246/4246/4246
f 4246/4246/4246 4192/4192/4192 4248/4248/4248
f 4248/4248/4248 4192/4192/4192 4251/4251/4251
f 4192/4192/4192 4194/4194/4194 4251/4251/4251
f 4194/4194/4194 4196/4196/4196 4251/4251/4251
f 4196/4196/4196 4198/4198/4198 4251/4251/4251
f 4251/4251/4251 4198/4198/4198 4254/4254/4254
f 4198/4198/4198 4200/4200/4200 4254/4254/4254
f 4200/4200/4200 4202/4202/4202 4254/4254/4254
f 4254/4254/4254 4202/4202/4202 4256/4256/4256
f 4202/4202/4202 4204/4204/4204 4256/4256/4256
f 4256/4256/4256 4204/4204/4204 4258/4258/4258
f 4258/4258/4258 4204/4204/4204 4260/4260/4260
f 4260/4260/4260 4204/4204/4204 4262/4262/4262
f 4262/4262/4262 4204/4204/4204 4264/4264/4264
f 4264/4264/4264 4204/4204/4204 4267/4267/4267
f 4204/4204/4204 4206/4206/4206 4267/4267/4267
f 4206/4206/4206 4208/4208/4208 4267/4267/4267
f 4208/4208/4208 4210/4210/4210 4267/4267/4267
f 4267/4267/4267 4210/4210/4210 4270/4270/4270
f 4210/4210/4210 4212/4212/4212 4270/4270/4270
f 4212/4212/4212 4214/4214/4214 4270/4270/4270
f 4270/4270/4270 4214/4214/4214 4272/4272/4272
f 4214/4214/4214 4216/4216/4216 4272/4272/4272
f 4272/4272/4272 4216/4216/4216 4274/4274/4274
f 4274/4274/4274 4216/4216/4216 4276/4276/4276
f 4276/4276/4276 4216/4216/4216 4278/4278/4278
f 4278/4278/4278 4216/4216/4216 4280/4280/4280
f 4280/4280/4280 4216/4216/4216 4283/4283/4283
f 4216/4216/4216 4218/4218/4218 4283/4283/4283
f 4218/4218/4218 4220/4220/4220 4283/4283/4283
f 4220/4220/4220 4222/4222/4222 4283/4283/4283
f 4283/4283/4283 4222/4222/4222 4286/4286/4286
f 4222/4222/4222 4224/4224/4224 4286/4286/4286
f 4224/4224/4224 4226/4226/4226 4286/4286/4286
f 4286/4286/4286 4226/4226/4226 4288/4288/4288
f 4226/4226/4226 4228/4228/4228 4288/4288/4288
f 4288/4288/4288 4228/4228/4228 4290/4290/4290
f 4290/4290/4290 4228/4228/4228 4292/4292/4292
f 4292/4292/4292 4228/4228/4228 4294/4294/4294
f 4294/4294/4294 4228/4228/4228 4296/4296/4296
f 4296/4296/4296 4228/4228/4228 4297/4297/4297
f 4228/4228/4228 4230/4230/4230 4297/4297/4297
f 4230/4230/4230 4232/4232/4232 4297/4297/4297
f 4232/4232/4232 4235/4235/4235 4297/4297/4297
f 4235/4235/4235 4238/4238/4238 4297/4297/4297
f 4299/4299/4299 4236/4236/4236 4300/4300/4300
f 4237/4237/4237 4239/4239/4239 4301/4301/4301
f 4301/4301/4301 4239/4239/4239 4302/4302/4302
f 4239/4239/4239 4241/4241/4241 4302/4302/4302
f 4302/4302/4302 4241/4241/4241 4303/4303/4303
f 4241/4241/4241 4243/4243/4243 4303/4303/4303
f 4303/4303/4303 4243/4243/4243 4304/4304/4304
f 4243/4243/4243 4245/4245/4245 4304/4304/4304
f 4304/4304/4304 4245/4245/4245 4305/4305/4305
f 4245/4245/4245 4247/4247/4247 4305/4305/4305
f 4305/4305/4305 4247/4247/4247 4306/4306/4306
f 4247/4247/4247 4249/4249/4249 4306/4306/4306
f 4306/4306/4306 4249/4249/4249 4307/4307/4307
f 4308/4308/4308 4250/4250/4250 4309/4309/4309
f 4250/4250/4250 4252/4252/4252 4309/4309/4309
f 4253/4253/4253 4255/4255/4255 4310/4310/4310
f 4310/4310/4310 4255/4255/4255 4311/4311/4311
f 4255/4255/4255 4257/4257/4257 4311/4311/4311
f 4311/4311/4311 4257/4257/4257 4312/4312/4312
f 4257/4257/4257 4259/4259/4259 4312/4312/4312
f 4312/4312/4312 4259/4259/4259 4313/4313/4313
f 4259/4259/4259 4261/4261/4261 4313/4313/4313
f 4313/4313/4313 4261/4261/4261 4314/4314/4314
f 4261/4261/4261 4263/4263/4263 4314/4314/4314
f 4314/4314/4314 4263/4263/4263 4315/4315/4315
f 4263/4263/4263 4265/4265/4265 4315/4315/4315
f 4315/4315/4315 4265/4265/4265 4316/4316/4316
f 4317/4317/4317 4266/4266/4266 4318/4318/4318
f 4266/4266/4266 4268/4268/4268 4318/4318/4318
f 4269/4269/4269 4271/4271/4271 4319/4319/4319
f 4319/4319/4319 4271/4271/4271 4320/4320/4320
f 4271/4271/4271 4273/4273/4273 4320/4320/4320
f 4320/4320/4320 4273/4273/4273 4321/4321/4321
f 4273/4273/4273 4275/4275/4275 4321/4321/4321
f 4321/4321/4321 4275/4275/4275 4322/4322/4322
f 4275/4275/4275 4277/4277/4277 4322/4322/4322
f 4322/4322/4322 4277/4277/4277 4323/4323/4323
f 4277/4277/4277 4279/4279/4279 4323/4323/4323
f 4323/4323/4323 4279/4279/4279 4324/4324/4324
f 4279/4279/4279 4281/4281/4281 4324/4324/4324
f 4324/4324/4324 4281/4281/4281 4325/4325/4325
f 4326/4326/4326 4282/4282/4282 4327/4327/4327
f 4282/4282/4282 4284/4284/4284 4327/4327/4327
f 4285/4285/4285 4287/4287/4287 4328/4328/4328
f 4328/4328/4328 4287/4287/4287 4329/4329/4329
f 4287/4287/4287 4289/4289/4289 4329/4329/4329
f 4329/4329/4329 4289/4289/4289 4330/4330/4330
f 4289/4289/4289 4291/4291/4291 4330/4330/4330
f 4330/4330/4330 4291/4291/4291 4331/4331/4331
f 4291/4291/4291 4293/4293/4293 4331/4331/4331
f 4331/4331/4331 4293/4293/4293 4332/4332/4332
f 4293/4293/4293 4295/4295/4295 4332/4332/4332
f 4332/4332/4332 4295/4295/4295 4333/4333/4333
f 4295/4295/4295 4298/4298/4298 4333/4333/4333
f 4333/4333/4333 4298/4298/4298 4334/4334/4334
f 4299/4299/4299 4300/4300/4300 4335/4335/4335
f 4336/4336/4336 4335/4335/4335 4339/4339/4339
f 4335/4335/4335 4300/4300/4300 4339/4339/4339
f 4301/4301/4301 4302/4302/4302 4338/4338/4338
f 4338/4338/4338 4302/4302/4302 4340/4340/4340
f 4302/4302/4302 4303/4303/4303 4340/4340/4340
f 4340/4340/4340 4303/4303/4303 4341/4341/4341
f 4303/4303/4303 4304/4304/4304 4341/4341/4341
f 4341/4341/4341 4304/4304/4304 4342/4342/4342
f 4304/4304/4304 4305/4305/4305 4342/4342/4342
f 4342/4342/4342 4305/4305/4305 4343/4343/4343
f 4305/4305/4305 4306/4306/4306 4343/4343/4343
f 4343/4343/4343 4306/4306/4306 4344/4344/4344
f 4306/4306/4306 4307/4307/4307 4344/4344/4344
f 4344/4344/4344 4307/4307/4307 4346/4346/4346
f 4345/4345/4345 4308/4308/4308 4348/4348/4348
f 4308/4308/4308 4309/4309/4309 4348/4348/4348
f 4310/4310/4310 4311/4311/4311 4347/4347/4347
f 4347/4347/4347 4311/4311/4311 4349/4349/4349
f 4311/4311/4311 4312/4312/4312 4349/4349/4349
f 4349/4349/4349 4312/4312/4312 4350/4350/4350
f 4312/4312/4312 4313/4313/4313 4350/4350/4350
f 4350/4350/4350 4313/4313/4313 4351/4351/4351
f 4313/4313/4313 4314/4314/4314 4351/4351/4351
f 4351/4351/4351 4314/4314/4314 4352/4352/4352
f 4314/4314/4314 4315/4315/4315 4352/4352/4352
f 4352/4352/4352 4315/4315/4315 4353/4353/4353
f 4315/4315/4315 4316/4316/4316 4353/4353/4353
f 4353/4353/4353 4316/4316/4316 4355/4355/4355
f 4354/4354/4354 4317/4317/4317 4357/4357/4357
f 4317/4317/4317 4318/4318/4318 4357/4357/4357
f 4319/4319/4319 4320/4320/4320 4356/4356/4356
f 4356/4356/4356 4320/4320/4320 4358/4358/4358
f 4320/4320/4320 4321/4321/4321 4358/4358/4358
f 4358/4358/4358 4321/4321/4321 4359/4359/4359
f 4321/4321/4321 4322/4322/4322 4359/4359/4359
f 4359/4359/4359 4322/4322/4322 4360/4360/4360
f 4322/4322/4322 4323/4323/4323 4360/4360/4360
f 4360/4360/4360 4323/4323/4323 4361/4361/4361
f 4323/4323/4323 4324/4324/4324 4361/4361/4361
f 4361/4361/4361 4324/4324/4324 4362/4362/4362
f 4324/4324/4324 4325/4325/4325 4362/4362/4362
f 4362/4362/4362 4325/4325/4325 4364/4364/4364
f 4363/4363/4363 4326/4326/4326 4366/4366/4366
f 4326/4326/4326 4327/4327/4327 4366/4366/4366
f 4328/4328/4328 4329/4329/4329 4365/4365/4365
f 4365/4365/4365 4329/4329/4329 4367/4367/4367
f 4329/4329/4329 4330/4330/4330 4367/4367/4367
f 4367/4367/4367 4330/4330/4330 4368/4368/4368
f 4330/4330/4330 4331/4331/4331 4368/4368/4368
f 4368/4368/4368 4331/4331/4331 4369/4369/4369
f 4331/4331/4331 4332/4332/4332 4369/4369/4369
f 4369/4369/4369 4332/4332/4332 4370/4370/4370
f 4332/4332/4332 4333/4333/4333 4370/4370/4370
f 4370/4370/4370 4333/4333/4333 4371/4371/4371
f 4333/4333/4333 4334/4334/4334 4371/4371/4371
f 4334/4334/4334 4337/4337/4337 4371/4371/4371
f 4372/4372/4372 4373/4373/4373 4374/4374/4374
f 4373/4373/4373 4375/4375/4375 4374/4374/4374
f 4375/4375/4375 4376/4376/4376 4374/4374/4374
f 4374/4374/4374 4376/4376/4376 4377/4377/4377
f 4376/4376/4376 4378/4378/4378 4377/4377/4377
f 4377/4377/4377 4378/4378/4378 4379/4379/4379
f 4378/4378/4378 4380/4380/4380 4379/4379/4379
f 4379/4379/4379 4380/4380/4380 4381/4381/4381
f 4380/4380/4380 4382/4382/4382 4381/4381/4381
f 4381/4381/4381 4382/4382/4382 4383/4383/4383
f 4382/4382/4382 4384/4384/4384 4383/4383/4383
f 4383/4383/4383 4384/4384/4384 4385/4385/4385
f 4384/4384/4384 4386/4386/4386 4385/4385/4385
f 4385/4385/4385 4386/4386/4386 4387/4387/4387
f 4386/4386/4386 4388/4388/4388 4387/4387/4387
f 4388/4388/4388 4389/4389/4389 4387/4387/4387
f 4389/4389/4389 4390/4390/4390 4387/4387/4387
f 4387/4387/4387 4390/4390/4390 4391/4391/4391
f 4390/4390/4390 4392/4392/4392 4391/4391/4391
f 4392/4392/4392 4393/4393/4393 4391/4391/4391
f 4393/4393/4393 4394/4394/4394 4391/4391/4391
f 4394/4394/4394 4395/4395/4395 4391/4391/4391
f 4395/4395/4395 4396/4396/4396 4391/4391/4391
f 4391/4391/4391 4396/4396/4396 4397/4397/4397
f 4396/4396/4396 4398/4398/4398 4397/4397/4397
f 4397/4397/4397 4398/4398/4398 4399/4399/4399
f 4398/4398/4398 4400/4400/4400 4399/4399/4399
f 4399/4399/4399 4400/4400/4400 4401/4401/4401
f 4400/4400/4400 4402/4402/4402 4401/4401/4401
f 4401/4401/4401 4402/4402/4402 4403/4403/4403
f 4402/4402/4402 4404/4404/4404 4403/4403/4403
f 4403/4403/4403 4404/4404/4404 4405/4405/4405
f 4404/4404/4404 4406/4406/4406 4405/4405/4405
f 4405/4405/4405 4406/4406/4406 4408/4408/4408
f 4406/4406/4406 4409/4409/4409 4408/4408/4408
f 4410/4410/4410 4411/4411/4411 4407/4407/4407
f 4411/4411/4411 4412/4412/4412 4407/4407/4407
f 4412/4412/4412 4413/4413/4413 4407/4407/4407
f 4407/4407/4407 4413/4413/4413 4415/4415/4415
f 4413/4413/4413 4416/4416/4416 4415/4415/4415
f 4416/4416/4416 4417/4417/4417 4415/4415/4415
f 4414/4414/4414 4418/4418/4418 4419/4419/4419
f 4418/4418/4418 4420/4420/4420 4419/4419/4419
f 4419/4419/4419 4420/4420/4420 4421/4421/4421
f 4420/4420/4420 4422/4422/4422 4421/4421/4421
f 4421/4421/4421 4422/4422/4422 4423/4423/4423
f 4422/4422/4422 4424/4424/4424 4423/4423/4423
f 4423/4423/4423 4424/4424/4424 4425/4425/4425
f 4424/4424/4424 4426/4426/4426 4425/4425/4425
f 4425/4425/4425 4426/4426/4426 4427/4427/4427
f 4426/4426/4426 4428/4428/4428 4427/4427/4427
f 4427/4427/4427 4428/4428/4428 4430/4430/4430
f 4428/4428/4428 4431/4431/4431 4430/4430/4430
f 4432/4432/4432 4433/4433/4433 4429/4429/4429
f 4433/4433/4433 4434/4434/4434 4429/4429/4429
f 4434/4434/4434 4435/4435/4435 4429/4429/4429
f 4435/4435/4435 4436/4436/4436 4429/4429/4429
f 4429/4429/4429 4436/4436/4436 4437/4437/4437
f 4436/4436/4436 4438/4438/4438 4437/4437/4437
f 4438/4438/4438 4439/4439/4439 4437/4437/4437
f 4439/4439/4439 4440/4440/4440 4437/4437/4437
f 4437/4437/4437 4441/4441/4441 4442/4442/4442
f 4441/4441/4441 4443/4443/4443 4442/4442/4442
f 4442/4442/4442 4443/4443/4443 4444/4444/4444
f 4443/4443/4443 4445/4445/4445 4444/4444/4444
f 4444/4444/4444 4445/4445/4445 4446/4446/4446
f 4445/4445/4445 4447/4447/4447 4446/4446/4446
f 4446/4446/4446 4447/4447/4447 4448/4448/4448
f 4447/4447/4447 4449/4449/4449 4448/4448/4448
f 4448/4448/4448 4449/4449/4449 4450/4450/4450
f 4449/4449/4449 4451/4451/4451 4450/4450/4450
f 4450/4450/4450 4451/4451/4451 4452/4452/4452
f 4451/4451/4451 4453/4453/4453 4452/4452/4452
f 4453/4453/4453 4454/4454/4454 4452/4452/4452
f 4454/4454/4454 4372/4372/4372 4452/4452/4452
f 4372/4372/4372 4374/4374/4374 4452/4452/4452
f 4455/4455/4455 4456/4456/4456 4457/4457/4457
f 4456/4456/4456 4458/4458/4458 4457/4457/4457
f 4457/4457/4457 4458/4458/4458 4459/4459/4459
f 4459/4459/4459 4458/4458/4458 4460/4460/4460
f 4458/4458/4458 4461/4461/4461 4460/4460/4460
f 4462/4462/4462 4463/4463/4463 4464/4464/4464
f 4463/4463/4463 4465/4465/4465 4464/4464/4464
f 4464/4464/4464 4465/4465/4465 4466/4466/4466
f 4466/4466/4466 4465/4465/4465 4467/4467/4467
f 4465/4465/4465 4468/4468/4468 4467/4467/4467
f 4469/4469/4469 4470/4470/4470 4471/4471/4471
f 4470/4470/4470 4472/4472/4472 4471/4471/4471
f 4471/4471/4471 4472/4472/4472 4473/4473/4473
f 4473/4473/4473 4472/4472/4472 4474/4474/4474
f 4472/4472/4472 4475/4475/4475 4474/4474/4474
f 4476/4476/4476 4477/4477/4477 4478/4478/4478
f 4477/4477/4477 4479/4479/4479 4478/4478/4478
f 4478/4478/4478 4479/4479/4479 4480/4480/4480
f 4480/4480/4480 4479/4479/4479 4481/4481/4481
f 4479/4479/4479 4482/4482/4482 4481/4481/4481
f 4483/4483/4483 4484/4484/4484 4486/4486/4486
f 4484/4484/4484 4487/4487/4487 4486/4486/4486
f 4485/4485/4485 4488/4488/4488 4490/4490/4490
f 4488/4488/4488 4491/4491/4491 4490/4490/4490
f 4493/4493/4493 4494/4494/4494 4495/4495/4495
f 4495/4495/4495 4494/4494/4494 4496/4496/4496
f 4494/4494/4494 4489/4489/4489 4496/4496/4496
f 4489/4489/4489 4492/4492/4492 4496/4496/4496
f 4497/4497/4497 4500/4500/4500 4502/4502/4502
f 4500/4500/4500 4503/4503/4503 4502/4502/4502
f 4501/4501/4501 4504/4504/4504 4506/4506/4506
f 4504/4504/4504 4507/4507/4507 4506/4506/4506
f 4505/4505/4505 4508/4508/4508 4510/4510/4510
f 4508/4508/4508 4511/4511/4511 4510/4510/4510
f 4509/4509/4509 4512/4512/4512 4513/4513/4513
f 4513/4513/4513 4512/4512/4512 4514/4514/4514
f 4512/4512/4512 4499/4499/4499 4514/4514/4514
f 4499/4499/4499 4498/4498/4498 4514/4514/4514
f 4515/4515/4515 4518/4518/4518 4520/4520/4520
f 4518/4518/4518 4521/4521/4521 4520/4520/4520
f 4519/4519/4519 4522/4522/4522 4524/4524/4524
f 4522/4522/4522 4525/4525/4525 4524/4524/4524
f 4523/4523/4523 4526/4526/4526 4528/4528/4528
f 4526/4526/4526 4529/4529/4529 4528/4528/4528
f 4527/4527/4527 4530/4530/4530 4531/4531/4531
f 4531/4531/4531 4530/4530/4530 4532/4532/4532
f 4530/4530/4530 4517/4517/4517 4532/4532/4532
f 4517/4517/4517 4516/4516/4516 4532/4532/4532
f 4533/4533/4533 4534/4534/4534 4536/4536/4536
f 4536/4536/4536 4534/4534/4534 4538/4538/4538
f 4534/4534/4534 4539/4539/4539 4538/4538/4538
f 4538/4538/4538 4539/4539/4539 4541/4541/4541
f 4539/4539/4539 4542/4542/4542 4541/4541/4541
f 4541/4541/4541 4542/4542/4542 4544/4544/4544
f 4542/4542/4542 4545/4545/4545 4544/4544/4544
f 4544/4544/4544 4545/4545/4545 4547/4547/4547
f 4545/4545/4545 4548/4548/4548 4547/4547/4547
f 4547/4547/4547 4548/4548/4548 4550/4550/4550
f 4548/4548/4548 4551/4551/4551 4550/4550/4550
f 4550/4550/4550 4551/4551/4551 4553/4553/4553
f 4551/4551/4551 4554/4554/4554 4553/4553/4553
f 4553/4553/4553 4554/4554/4554 4556/4556/4556
f 4554/4554/4554 4557/4557/4557 4556/4556/4556
f 4556/4556/4556 4557/4557/4557 4559/4559/4559
f 4557/4557/4557 4560/4560/4560 4559/4559/4559
f 4559/4559/4559 4560/4560/4560 4562/4562/4562
f 4560/4560/4560 4563/4563/4563 4562/4562/4562
f 4562/4562/4562 4563/4563/4563 4565/4565/4565
f 4563/4563/4563 4566/4566/4566 4565/4565/4565
f 4565/4565/4565 4566/4566/4566 4568/4568/4568
f 4566/4566/4566 4569/4569/4569 4568/4568/4568
f 4568/4568/4568 4569/4569/4569 4571/4571/4571
f 4569/4569/4569 4572/4572/4572 4571/4571/4571
f 4571/4571/4571 4572/4572/4572 4574/4574/4574
f 4572/4572/4572 4575/4575/4575 4574/4574/4574
f 4574/4574/4574 4575/4575/4575 4577/4577/4577
f 4575/4575/4575 4578/4578/4578 4577/4577/4577
f 4577/4577/4577 4578/4578/4578 4580/4580/4580
f 4578/4578/4578 4581/4581/4581 4580/4580/4580
f 4580/4580/4580 4581/4581/4581 4583/4583/4583
f 4581/4581/4581 4584/4584/4584 4583/4583/4583
f 4583/4583/4583 4584/4584/4584 4586/4586/4586
f 4584/4584/4584 4587/4587/4587 4586/4586/4586
f 4586/4586/4586 4587/4587/4587 4589/4589/4589
f 4587/4587/4587 4590/4590/4590 4589/4589/4589
f 4589/4589/4589 4590/4590/4590 4592/4592/4592
f 4594/4594/4594 4592/4592/4592 4595/4595/4595
f 4592/4592/4592 4590/4590/4590 4595/4595/4595
f 4596/4596/4596 4595/4595/4595 4597/4597/4597
f 4595/4595/4595 4590/4590/4590 4597/4597/4597
f 4597/4597/4597 4590/4590/4590 4598/4598/4598
f 4590/4590/4590 4587/4587/4587 4598/4598/4598
f 4598/4598/4598 4587/4587/4587 4599/4599/4599
f 4587/4587/4587 4584/4584/4584 4599/4599/4599
f 4599/4599/4599 4584/4584/4584 4600/4600/4600
f 4584/4584/4584 4581/4581/4581 4600/4600/4600
f 4600/4600/4600 4581/4581/4581 4601/4601/4601
f 4581/4581/4581 4578/4578/4578 4601/4601/4601
f 4601/4601/4601 4578/4578/4578 4602/4602/4602
f 4578/4578/4578 4575/4575/4575 4602/4602/4602
f 4602/4602/4602 4575/4575/4575 4603/4603/4603
f 4575/4575/4575 4572/4572/4572 4603/4603/4603
f 4603/4603/4603 4572/4572/4572 4604/4604/4604
f 4572/4572/4572 4569/4569/4569 4604/4604/4604
f 4604/4604/4604 4569/4569/4569 4605/4605/4605
f 4569/4569/4569 4566/4566/4566 4605/4605/4605
f 4605/4605/4605 4566/4566/4566 4606/4606/4606
f 4566/4566/4566 4563/4563/4563 4606/4606/4606
f 4606/4606/4606 4563/4563/4563 4607/4607/4607
f 4563/4563/4563 4560/4560/4560 4607/4607/4607
f 4607/4607/4607 4560/4560/4560 4608/4608/4608
f 4560/4560/4560 4557/4557/4557 4608/4608/4608
f 4608/4608/4608 4557/4557/4557 4609/4609/4609
f 4557/4557/4557 4554/4554/4554 4609/4609/4609
f 4609/4609/4609 4554/4554/4554 4610/4610/4610
f 4554/4554/4554 4551/4551/4551 4610/4610/4610
f 4610/4610/4610 4551/4551/4551 4611/4611/4611
f 4551/4551/4551 4548/4548/4548 4611/4611/4611
f 4611/4611/4611 4548/4548/4548 4612/4612/4612
f 4548/4548/4548 4545/4545/4545 4612/4612/4612
f 4612/4612/4612 4545/4545/4545 4613/4613/4613
f 4545/4545/4545 4542/4542/4542 4613/4613/4613
f 4613/4613/4613 4542/4542/4542 4614/4614/4614
f 4542/4542/4542 4539/4539/4539 4614/4614/4614
f 4614/4614/4614 4539/4539/4539 4615/4615/4615
f 4539/4539/4539 4534/4534/4534 4615/4615/4615
f 4615/4615/4615 4534/4534/4534 4616/4616/4616
f 4534/4534/4534 4533/4533/4533 4616/4616/4616
f 4616/4616/4616 4533/4533/4533 4617/4617/4617
f 4618/4618/4618 4619/4619/4619 4620/4620/4620
f 4620/4620/4620 4619/4619/4619 4621/4621/4621
f 4619/4619/4619 4617/4617/4617 4621/4621/4621
f 4617/4617/4617 4533/4533/4533 4621/4621/4621
f 4621/4621/4621 4533/4533/4533 4622/4622/4622
f 4533/4533/4533 4536/4536/4536 4622/4622/4622
f 4624/4624/4624 4623/4623/4623 4625/4625/4625
f 4623/4623/4623 4535/4535/4535 4625/4625/4625
f 4625/4625/4625 4535/4535/4535 4626/4626/4626
f 4535/4535/4535 4537/4537/4537 4626/4626/4626
f 4626/4626/4626 4537/4537/4537 4627/4627/4627
f 4537/4537/4537 4540/4540/4540 4627/4627/4627
f 4627/4627/4627 4540/4540/4540 4628/4628/4628
f 4540/4540/4540 4543/4543/4543 4628/4628/4628
f 4628/4628/4628 4543/4543/4543 4629/4629/4629
f 4543/4543/4543 4546/4546/4546 4629/4629/4629
f 4629/4629/4629 4546/4546/4546 4630/4630/4630
f 4546/4546/4546 4549/4549/4549 4630/4630/4630
f 4630/4630/4630 4549/4549/4549 4631/4631/4631
f 4549/4549/4549 4552/4552/4552 4631/4631/4631
f 4631/4631/4631 4552/4552/4552 4632/4632/4632
f 4552/4552/4552 4555/4555/4555 4632/4632/4632
f 4632/4632/4632 4555/4555/4555 4633/4633/4633
f 4555/4555/4555 4558/4558/4558 4633/4633/4633
f 4633/4633/4633 4558/4558/4558 4634/4634/4634
f 4558/4558/4558 4561/4561/4561 4634/4634/4634
f 4634/4634/4634 4561/4561/4561 4635/4635/4635
f 4561/4561/4561 4564/4564/4564 4635/4635/4635
f 4635/4635/4635 4564/4564/4564 4636/4636/4636
f 4564/4564/4564 4567/4567/4567 4636/4636/4636
f 4636/4636/4636 4567/4567/4567 4637/4637/4637
f 4567/4567/4567 4570/4570/4570 4637/4637/4637
f 4637/4637/4637 4570/4570/4570 4638/4638/4638
f 4570/4570/4570 4573/4573/4573 4638/4638/4638
f 4638/4638/4638 4573/4573/4573 4639/4639/4639
f 4573/4573/4573 4576/4576/4576 4639/4639/4639
f 4639/4639/4639 4576/4576/4576 4640/4640/4640
f 4576/4576/4576 4579/4579/4579 4640/4640/4640
f 4640/4640/4640 4579/4579/4579 4641/4641/4641
f 4579/4579/4579 4582/4582/4582 4641/4641/4641
f 4641/4641/4641 4582/4582/4582 4642/4642/4642
f 4582/4582/4582 4585/4585/4585 4642/4642/4642
f 4642/4642/4642 4585/4585/4585 4643/4643/4643
f 4585/4585/4585 4588/4588/4588 4643/4643/4643
f 4643/4643/4643 4588/4588/4588 4644/4644/4644
f 4588/4588/4588 4591/4591/4591 4644/4644/4644
f 4644/4644/4644 4591/4591/4591 4645/4645/4645
f 4591/4591/4591 4593/4593/4593 4645/4645/4645
f 4645/4645/4645 4593/4593/4593 4646/4646/4646
f 4647/4647/4647 4646/4646/4646 4648/4648/4648
f 4646/4646/4646 4593/4593/4593 4648/4648/4648
f 4649/4649/4649 4594/4594/4594 4650/4650/4650
f 4594/4594/4594 4595/4595/4595 4650/4650/4650
f 4595/4595/4595 4596/4596/4596 4650/4650/4650
f 4650/4650/4650 4596/4596/4596 4651/4651/4651
f 4596/4596/4596 4618/4618/4618 4651/4651/4651
f 4618/4618/4618 4620/4620/4620 4651/4651/4651
f 4651/4651/4651 4620/4620/4620 4653/4653/4653
f 4620/4620/4620 4621/4621/4621 4653/4653/4653
f 4621/4621/4621 4622/4622/4622 4653/4653/4653
f 4623/4623/4623 4624/4624/4624 4652/4652/4652
f 4624/4624/4624 4647/4647/4647 4652/4652/4652
f 4647/4647/4647 4648/4648/4648 4652/4652/4652
f 4649/4649/4649 4650/4650/4650 4653/4653/4653
f 4654/4654/4654 4657/4657/4657 4659/4659/4659
f 4657/4657/4657 4660/4660/4660 4659/4659/4659
f 4658/4658/4658 4661/4661/4661 4663/4663/4663
f 4661/4661/4661 4664/4664/4664 4663/4663/4663
f 4662/4662/4662 4665/4665/4665 4667/4667/4667
f 4665/4665/4665 4668/4668/4668 4667/4667/4667
f 4666/4666/4666 4669/4669/4669 4670/4670/4670
f 4670/4670/4670 4669/4669/4669 4671/4671/4671
f 4669/4669/4669 4656/4656/4656 4671/4671/4671
f 4656/4656/4656 4655/4655/4655 4671/4671/4671
f 4673/4673/4673 4674/4674/4674 4676/4676/4676
f 4676/4676/4676 4674/4674/4674 4678/4678/4678
f 4678/4678/4678 4674/4674/4674 4680/4680/4680
f 4680/4680/4680 4674/4674/4674 4682/4682/4682
f 4682/4682/4682 4674/4674/4674 4684/4684/4684
f 4684/4684/4684 4674/4674/4674 4686/4686/4686
f 4686/4686/4686 4674/4674/4674 4688/4688/4688
f 4688/4688/4688 4674/4674/4674 4690/4690/4690
f 4690/4690/4690 4674/4674/4674 4692/4692/4692
f 4692/4692/4692 4674/4674/4674 4694/4694/4694
f 4694/4694/4694 4674/4674/4674 4696/4696/4696
f 4696/4696/4696 4674/4674/4674 4698/4698/4698
f 4698/4698/4698 4674/4674/4674 4700/4700/4700
f 4700/4700/4700 4674/4674/4674 4702/4702/4702
f 4702/4702/4702 4674/4674/4674 4704/4704/4704
f 4704/4704/4704 4674/4674/4674 4706/4706/4706
f 4706/4706/4706 4674/4674/4674 4708/4708/4708
f 4708/4708/4708 4674/4674/4674 4710/4710/4710
f 4710/4710/4710 4674/4674/4674 4712/4712/4712
f 4712/4712/4712 4674/4674/4674 4714/4714/4714
f 4714/4714/4714 4674/4674/4674 4716/4716/4716
f 4716/4716/4716 4674/4674/4674 4718/4718/4718
f 4718/4718/4718 4674/4674/4674 4719/4719/4719
f 4674/4674/4674 4673/4673/4673 4719/4719/4719
f 4720/4720/4720 4672/4672/4672 4722/4722/4722
f 4722/4722/4722 4672/4672/4672 4724/4724/4724
f 4672/4672/4672 4675/4675/4675 4724/4724/4724
f 4724/4724/4724 4675/4675/4675 4726/4726/4726
f 4675/4675/4675 4677/4677/4677 4726/4726/4726
f 4726/4726/4726 4677/4677/4677 4728/4728/4728
f 4677/4677/4677 4679/4679/4679 4728/4728/4728
f 4728/4728/4728 4679/4679/4679 4730/4730/4730
f 4679/4679/4679 4681/4681/4681 4730/4730/4730
f 4730/4730/4730 4681/4681/4681 4732/4732/4732
f 4681/4681/4681 4683/4683/4683 4732/4732/4732
f 4732/4732/4732 4683/4683/4683 4734/4734/4734
f 4683/4683/4683 4685/4685/4685 4734/4734/4734
f 4734/4734/4734 4685/4685/4685 4736/4736/4736
f 4685/4685/4685 4687/4687/4687 4736/4736/4736
f 4736/4736/4736 4687/4687/4687 4738/4738/4738
f 4687/4687/4687 4689/4689/4689 4738/4738/4738
f 4738/4738/4738 4689/4689/4689 4740/4740/4740
f 4689/4689/4689 4691/4691/4691 4740/4740/4740
f 4740/4740/4740 4691/4691/4691 4742/4742/4742
f 4691/4691/4691 4693/4693/4693 4742/4742/4742
f 4742/4742/4742 4693/4693/4693 4744/4744/4744
f 4693/4693/4693 4695/4695/4695 4744/4744/4744
f 4744/4744/4744 4695/4695/4695 4746/4746/4746
f 4695/4695/4695 4697/4697/4697 4746/4746/4746
f 4746/4746/4746 4697/4697/4697 4748/4748/4748
f 4697/4697/4697 4699/4699/4699 4748/4748/4748
f 4748/4748/4748 4699/4699/4699 4750/4750/4750
f 4699/4699/4699 4701/4701/4701 4750/4750/4750
f 4750/4750/4750 4701/4701/4701 4752/4752/4752
f 4701/4701/4701 4703/4703/4703 4752/4752/4752
f 4752/4752/4752 4703/4703/4703 4754/4754/4754
f 4703/4703/4703 4705/4705/4705 4754/4754/4754
f 4754/4754/4754 4705/4705/4705 4756/4756/4756
f 4705/4705/4705 4707/4707/4707 4756/4756/4756
f 4756/4756/4756 4707/4707/4707 4758/4758/4758
f 4707/4707/4707 4709/4709/4709 4758/4758/4758
f 4758/4758/4758 4709/4709/4709 4760/4760/4760
f 4709/4709/4709 4711/4711/4711 4760/4760/4760
f 4760/4760/4760 4711/4711/4711 4762/4762/4762
f 4711/4711/4711 4713/4713/4713 4762/4762/4762
f 4762/4762/4762 4713/4713/4713 4764/4764/4764
f 4713/4713/4713 4715/4715/4715 4764/4764/4764
f 4764/4764/4764 4715/4715/4715 4766/4766/4766
f 4715/4715/4715 4717/4717/4717 4766/4766/4766
f 4766/4766/4766 4717/4717/4717 4767/4767/4767
f 4717/4717/4717 4720/4720/4720 4767/4767/4767
f 4720/4720/4720 4722/4722/4722 4767/4767/4767
f 4768/4768/4768 4721/4721/4721 4771/4771/4771
f 4721/4721/4721 4723/4723/4723 4771/4771/4771
f 4771/4771/4771 4723/4723/4723 4773/4773/4773
f 4723/4723/4723 4725/4725/4725 4773/4773/4773
f 4773/4773/4773 4725/4725/4725 4775/4775/4775
f 4775/4775/4775 4725/4725/4725 4777/4777/4777
f 4777/4777/4777 4725/4725/4725 4779/4779/4779
f 4779/4779/4779 4725/4725/4725 4781/4781/4781
f 4781/4781/4781 4725/4725/4725 4784/4784/4784
f 4725/4725/4725 4727/4727/4727 4784/4784/4784
f 4727/4727/4727 4729/4729/4729 4784/4784/4784
f 4729/4729/4729 4731/4731/4731 4784/4784/4784
f 4784/4784/4784 4731/4731/4731 4787/4787/4787
f 4731/4731/4731 4733/4733/4733 4787/4787/4787
f 4733/4733/4733 4735/4735/4735 4787/4787/4787
f 4787/4787/4787 4735/4735/4735 4789/4789/4789
f 4735/4735/4735 4737/4737/4737 4789/4789/4789
f 4789/4789/4789 4737/4737/4737 4791/4791/4791
f 4791/4791/4791 4737/4737/4737 4793/4793/4793
f 4793/4793/4793 4737/4737/4737 4795/4795/4795
f 4795/4795/4795 4737/4737/4737 4797/4797/4797
f 4797/4797/4797 4737/4737/4737 4800/4800/4800
f 4737/4737/4737 4739/4739/4739 4800/4800/4800
f 4739/4739/4739 4741/4741/4741 4800/4800/4800
f 4741/4741/4741 4743/4743/4743 4800/4800/4800
f 4800/4800/4800 4743/4743/4743 4803/4803/4803
f 4743/4743/4743 4745/4745/4745 4803/4803/4803
f 4745/4745/4745 4747/4747/4747 4803/4803/4803
f 4803/4803/4803 4747/4747/4747 4805/4805/4805
f 4747/4747/4747 4749/4749/4749 4805/4805/4805
f 4805/4805/4805 4749/4749/4749 4807/4807/4807
f 4807/4807/4807 4749/4749/4749 4809/4809/4809
f 4809/4809/4809 4749/4749/4749 4811/4811/4811
f 4811/4811/4811 4749/4749/4749 4813/4813/4813
f 4813/4813/4813 4749/4749/4749 4815/4815/4815
f 4749/4749/4749 4751/4751/4751 4815/4815/4815
f 4751/4751/4751 4753/4753/4753 4815/4815/4815
f 4753/4753/4753 4755/4755/4755 4815/4815/4815
f 4815/4815/4815 4755/4755/4755 4818/4818/4818
f 4755/4755/4755 4757/4757/4757 4818/4818/4818
f 4757/4757/4757 4759/4759/4759 4818/4818/4818
f 4818/4818/4818 4759/4759/4759 4820/4820/4820
f 4759/4759/4759 4761/4761/4761 4820/4820/4820
f 4820/4820/4820 4761/4761/4761 4822/4822/4822
f 4822/4822/4822 4761/4761/4761 4824/4824/4824
f 4824/4824/4824 4761/4761/4761 4826/4826/4826
f 4826/4826/4826 4761/4761/4761 4828/4828/4828
f 4828/4828/4828 4761/4761/4761 4829/4829/4829
f 4761/4761/4761 4763/4763/4763 4829/4829/4829
f 4763/4763/4763 4765/4765/4765 4829/4829/4829
f 4765/4765/4765 4768/4768/4768 4829/4829/4829
f 4768/4768/4768 4771/4771/4771 4829/4829/4829
f 4831/4831/4831 4769/4769/4769 4832/4832/4832
f 4770/4770/4770 4772/4772/4772 4833/4833/4833
f 4833/4833/4833 4772/4772/4772 4834/4834/4834
f 4772/4772/4772 4774/4774/4774 4834/4834/4834
f 4834/4834/4834 4774/4774/4774 4835/4835/4835
f 4774/4774/4774 4776/4776/4776 4835/4835/4835
f 4835/4835/4835 4776/4776/4776 4836/4836/4836
f 4776/4776/4776 4778/4778/4778 4836/4836/4836
f 4836/4836/4836 4778/4778/4778 4837/4837/4837
f 4778/4778/4778 4780/4780/4780 4837/4837/4837
f 4837/4837/4837 4780/4780/4780 4838/4838/4838
f 4780/4780/4780 4783/4783/4783 4838/4838/4838
f 4838/4838/4838 4783/4783/4783 4840/4840/4840
f 4839/4839/4839 4782/4782/4782 4841/4841/4841
f 4782/4782/4782 4785/4785/4785 4841/4841/4841
f 4786/4786/4786 4788/4788/4788 4842/4842/4842
f 4842/4842/4842 4788/4788/4788 4843/4843/4843
f 4788/4788/4788 4790/4790/4790 4843/4843/4843
f 4843/4843/4843 4790/4790/4790 4844/4844/4844
f 4790/4790/4790 4792/4792/4792 4844/4844/4844
f 4844/4844/4844 4792/4792/4792 4845/4845/4845
f 4792/4792/4792 4794/4794/4794 4845/4845/4845
f 4845/4845/4845 4794/4794/4794 4846/4846/4846
f 4794/4794/4794 4796/4796/4796 4846/4846/4846
f 4846/4846/4846 4796/4796/4796 4847/4847/4847
f 4796/4796/4796 4798/4798/4798 4847/4847/4847
f 4847/4847/4847 4798/4798/4798 4848/4848/4848
f 4849/4849/4849 4799/4799/4799 4850/4850/4850
f 4799/4799/4799 4801/4801/4801 4850/4850/4850
f 4802/4802/4802 4804/4804/4804 4851/4851/4851
f 4851/4851/4851 4804/4804/4804 4852/4852/4852
f 4804/4804/4804 4806/4806/4806 4852/4852/4852
f 4852/4852/4852 4806/4806/4806 4853/4853/4853
f 4806/4806/4806 4808/4808/4808 4853/4853/4853
f 4853/4853/4853 4808/4808/4808 4854/4854/4854
f 4808/4808/4808 4810/4810/4810 4854/4854/4854
f 4854/4854/4854 4810/4810/4810 4855/4855/4855
f 4810/4810/4810 4812/4812/4812 4855/4855/4855
f 4855/4855/4855 4812/4812/4812 4856/4856/4856
f 4812/4812/4812 4814/4814/4814 4856/4856/4856
f 4856/4856/4856 4814/4814/4814 4857/4857/4857
f 4857/4857/4857 4814/4814/4814 4858/4858/4858
f 4814/4814/4814 4816/4816/4816 4858/4858/4858
f 4817/4817/4817 4819/4819/4819 4858/4858/4858
f 4858/4858/4858 4819/4819/4819 4859/4859/4859
f 4819/4819/4819 4821/4821/4821 4859/4859/4859
f 4859/4859/4859 4821/4821/4821 4860/4860/4860
f 4821/4821/4821 4823/4823/4823 4860/4860/4860
f 4860/4860/4860 4823/4823/4823 4861/4861/4861
f 4823/4823/4823 4825/4825/4825 4861/4861/4861
f 4861/4861/4861 4825/4825/4825 4862/4862/4862
f 4825/4825/4825 4827/4827/4827 4862/4862/4862
f 4862/4862/4862 4827/4827/4827 4863/4863/4863
f 4827/4827/4827 4830/4830/4830 4863/4863/4863
f 4863/4863/4863 4830/4830/4830 4864/4864/4864
f 4831/4831/4831 4832/4832/4832 4865/4865/4865
f 4865/4865/4865 4832/4832/4832 4866/4866/4866
f 4866/4866/4866 4832/4832/4832 4869/4869/4869
f 4833/4833/4833 4834/4834/4834 4868/4868/4868
f 4868/4868/4868 4834/4834/4834 4870/4870/4870
f 4834/4834/4834 4835/4835/4835 4870/4870/4870
f 4870/4870/4870 4835/4835/4835 4871/4871/4871
f 4835/4835/4835 4836/4836/4836 4871/4871/4871
f 4871/4871/4871 4836/4836/4836 4872/4872/4872
f 4836/4836/4836 4837/4837/4837 4872/4872/4872
f 4872/4872/4872 4837/4837/4837 4873/4873/4873
f 4837/4837/4837 4838/4838/4838 4873/4873/4873
f 4873/4873/4873 4838/4838/4838 4874/4874/4874
f 4838/4838/4838 4840/4840/4840 4874/4874/4874
f 4874/4874/4874 4840/4840/4840 4876/4876/4876
f 4875/4875/4875 4839/4839/4839 4877/4877/4877
f 4839/4839/4839 4841/4841/4841 4877/4877/4877
f 4877/4877/4877 4841/4841/4841 4878/4878/4878
f 4842/4842/4842 4843/4843/4843 4879/4879/4879
f 4879/4879/4879 4843/4843/4843 4880/4880/4880
f 4843/4843/4843 4844/4844/4844 4880/4880/4880
f 4880/4880/4880 4844/4844/4844 4881/4881/4881
f 4844/4844/4844 4845/4845/4845 4881/4881/4881
f 4881/4881/4881 4845/4845/4845 4882/4882/4882
f 4845/4845/4845 4846/4846/4846 4882/4882/4882
f 4882/4882/4882 4846/4846/4846 4883/4883/4883
f 4846/4846/4846 4847/4847/4847 4883/4883/4883
f 4883/4883/4883 4847/4847/4847 4884/4884/4884
f 4847/4847/4847 4848/4848/4848 4884/4884/4884
f 4884/4884/4884 4848/4848/4848 4886/4886/4886
f 4849/4849/4849 4850/4850/4850 4885/4885/4885
f 4885/4885/4885 4850/4850/4850 4888/4888/4888
f 4851/4851/4851 4852/4852/4852 4887/4887/4887
f 4887/4887/4887 4852/4852/4852 4889/4889/4889
f 4852/4852/4852 4853/4853/4853 4889/4889/4889
f 4889/4889/4889 4853/4853/4853 4890/4890/4890
f 4853/4853/4853 4854/4854/4854 4890/4890/4890
f 4890/4890/4890 4854/4854/4854 4891/4891/4891
f 4854/4854/4854 4855/4855/4855 4891/4891/4891
f 4891/4891/4891 4855/4855/4855 4892/4892/4892
f 4855/4855/4855 4856/4856/4856 4892/4892/4892
f 4892/4892/4892 4856/4856/4856 4893/4893/4893
f 4856/4856/4856 4857/4857/4857 4893/4893/4893
f 4893/4893/4893 4857/4857/4857 4895/4895/4895
f 4894/4894/4894 4857/4857/4857 4896/4896/4896
f 4857/4857/4857 4858/4858/4858 4896/4896/4896
f 4896/4896/4896 4858/4858/4858 4897/4897/4897
f 4858/4858/4858 4859/4859/4859 4897/4897/4897
f 4897/4897/4897 4859/4859/4859 4898/4898/4898
f 4859/4859/4859 4860/4860/4860 4898/4898/4898
f 4898/4898/4898 4860/4860/4860 4899/4899/4899
f 4860/4860/4860 4861/4861/4861 4899/4899/4899
f 4899/4899/4899 4861/4861/4861 4900/4900/4900
f 4861/4861/4861 4862/4862/4862 4900/4900/4900
f 4900/4900/4900 4862/4862/4862 4901/4901/4901
f 4862/4862/4862 4863/4863/4863 4901/4901/4901
f 4901/4901/4901 4863/4863/4863 4902/4902/4902
f 4863/4863/4863 4864/4864/4864 4902/4902/4902
f 4864/4864/4864 4867/4867/4867 4902/4902/4902
f 4903/4903/4903 4906/4906/4906 4907/4907/4907
f 4906/4906/4906 4908/4908/4908 4907/4907/4907
f 4907/4907/4907 4908/4908/4908 4909/4909/4909
f 4908/4908/4908 4910/4910/4910 4909/4909/4909
f 4909/4909/4909 4910/4910/4910 4911/4911/4911
f 4910/4910/4910 4912/4912/4912 4911/4911/4911
f 4911/4911/4911 4912/4912/4912 4913/4913/4913
f 4912/4912/4912 4914/4914/4914 4913/4913/4913
f 4913/4913/4913 4914/4914/4914 4915/4915/4915
f 4914/4914/4914 4916/4916/4916 4915/4915/4915
f 4915/4915/4915 4916/4916/4916 4918/4918/4918
f 4916/4916/4916 4919/4919/4919 4918/4918/4918
f 4917/4917/4917 4920/4920/4920 4921/4921/4921
f 4921/4921/4921 4920/4920/4920 4922/4922/4922
f 4920/4920/4920 4924/4924/4924 4922/4922/4922
f 4923/4923/4923 4925/4925/4925 4928/4928/4928
f 4927/4927/4927 4924/4924/4924 4930/4930/4930
f 4929/4929/4929 4926/4926/4926 4931/4931/4931
f 4926/4926/4926 4932/4932/4932 4931/4931/4931
f 4931/4931/4931 4932/4932/4932 4933/4933/4933
f 4932/4932/4932 4934/4934/4934 4933/4933/4933
f 4933/4933/4933 4934/4934/4934 4935/4935/4935
f 4934/4934/4934 4936/4936/4936 4935/4935/4935
f 4935/4935/4935 4936/4936/4936 4937/4937/4937
f 4936/4936/4936 4938/4938/4938 4937/4937/4937
f 4937/4937/4937 4938/4938/4938 4939/4939/4939
f 4938/4938/4938 4940/4940/4940 4939/4939/4939
f 4939/4939/4939 4940/4940/4940 4942/4942/4942
f 4940/4940/4940 4943/4943/4943 4942/4942/4942
f 4941/4941/4941 4944/4944/4944 4945/4945/4945
f 4945/4945/4945 4944/4944/4944 4946/4946/4946
f 4944/4944/4944 4947/4947/4947 4946/4946/4946
f 4946/4946/4946 4947/4947/4947 4949/4949/4949
f 4949/4949/4949 4947/4947/4947 4951/4951/4951
f 4950/4950/4950 4948/4948/4948 4952/4952/4952
f 4948/4948/4948 4953/4953/4953 4952/4952/4952
f 4952/4952/4952 4953/4953/4953 4954/4954/4954
f 4953/4953/4953 4955/4955/4955 4954/4954/4954
f 4954/4954/4954 4955/4955/4955 4956/4956/4956
f 4955/4955/4955 4957/4957/4957 4956/4956/4956
f 4956/4956/4956 4957/4957/4957 4958/4958/4958
f 4957/4957/4957 4959/4959/4959 4958/4958/4958
f 4958/4958/4958 4959/4959/4959 4960/4960/4960
f 4959/4959/4959 4961/4961/4961 4960/4960/4960
f 4960/4960/4960 4961/4961/4961 4963/4963/4963
f 4961/4961/4961 4964/4964/4964 4963/4963/4963
f 4962/4962/4962 4964/4964/4964 4966/4966/4966
f 4967/4967/4967 4965/4965/4965 4969/4969/4969
f 4964/4964/4964 4970/4970/4970 4968/4968/4968
f 4968/4968/4968 4970/4970/4970 4971/4971/4971
f 4971/4971/4971 4970/4970/4970 4972/4972/4972
f 4972/4972/4972 4970/4970/4970 4973/4973/4973
f 4970/4970/4970 4974/4974/4974 4973/4973/4973
f 4973/4973/4973 4974/4974/4974 4975/4975/4975
f 4974/4974/4974 4976/4976/4976 4975/4975/4975
f 4975/4975/4975 4976/4976/4976 4977/4977/4977
f 4976/4976/4976 4978/4978/4978 4977/4977/4977
f 4977/4977/4977 4978/4978/4978 4979/4979/4979
f 4978/4978/4978 4980/4980/4980 4979/4979/4979
f 4979/4979/4979 4980/4980/4980 4981/4981/4981
f 4980/4980/4980 4982/4982/4982 4981/4981/4981
f 4981/4981/4981 4982/4982/4982 4984/4984/4984
f 4982/4982/4982 4985/4985/4985 4984/4984/4984
f 4983/4983/4983 4986/4986/4986 4987/4987/4987
f 4987/4987/4987 4986/4986/4986 4988/4988/4988
f 4986/4986/4986 4905/4905/4905 4988/4988/4988
f 4988/4988/4988 4905/4905/4905 4989/4989/4989
f 4905/4905/4905 4904/4904/4904 4989/4989/4989
f 4990/4990/4990 4991/4991/4991 4993/4993/4993
f 4992/4992/4992 4996/4996/4996 4994/4994/4994
f 4994/4994/4994 4996/4996/4996 4998/4998/4998
f 4995/4995/4995 4999/4999/4999 4997/4997/4997
f 5000/5000/5000 5001/5001/5001 5002/5002/5002
f 5003/5003/5003 5004/5004/5004 5005/5005/5005
f 4651/4651/4651 4653/4653/4653 4650/4650/4650
f 3914/3914/3914 3915/3915/3915 3910/3910/3910
f 3170/3170/3170 3171/3171/3171 3167/3167/3167
f 3024/3024/3024 3025/3025/3025 3021/3021/3021
f 2876/2876/2876 2878/2878/2878 2872/2872/2872
f 2802/2802/2802 2803/2803/2803 2799/2799/2799
f 2704/2704/2704 2705/2705/2705 2701/2701/2701
f 2606/2606/2606 2607/2607/2607 2603/2603/2603
f 2508/2508/2508 2509/2509/2509 2505/2505/2505
f 2410/2410/2410 2411/2411/2411 2407/2407/2407
f 2312/2312/2312 2313/2313/2313 2309/2309/2309
f 2214/2214/2214 2215/2215/2215 2211/2211/2211
f 2116/2116/2116 2117/2117/2117 2113/2113/2113
f 2016/2016/2016 2018/2018/2018 2012/2012/2012
f 1984/1984/1984 1987/1987/1987 1981/1981/1981
f 1856/1856/1856 1858/1858/1858 1852/1852/1852
f 1831/1831/1831 1835/1835/1835 1828/1828/1828
f 5006/5006/5006 5007/5007/5007 5008/5008/5008
f 5008/5008/5008 5007/5007/5007 5009/5009/5009
f 5007/5007/5007 5010/5010/5010 5009/5009/5009
f 5010/5010/5010 5011/5011/5011 5009/5009/5009
f 5009/5009/5009 5011/5011/5011 5012/5012/5012
f 5012/5012/5012 5011/5011/5011 5013/5013/5013
f 5013/5013/5013 5011/5011/5011 5014/5014/5014
f 5014/5014/5014 5011/5011/5011 5015/5015/5015
f 5015/5015/5015 5011/5011/5011 5016/5016/5016
f 5016/5016/5016 5011/5011/5011 5017/5017/5017
f 5017/5017/5017 5011/5011/5011 5018/5018/5018
f 5018/5018/5018 5011/5011/5011 5019/5019/5019
f 5019/5019/5019 5011/5011/5011 5020/5020/5020
f 5011/5011/5011 5021/5021/5021 5020/5020/5020
f 5020/5020/5020 5021/5021/5021 5022/5022/5022
f 5021/5021/5021 5023/5023/5023 5022/5022/5022
f 5022/5022/5022 5023/5023/5023 5024/5024/5024
f 5023/5023/5023 5025/5025/5025 5024/5024/5024
f 5024/5024/5024 5025/5025/5025 5026/5026/5026
f 5025/5025/5025 5027/5027/5027 5026/5026/5026
f 5026/5026/5026 5027/5027/5027 5028/5028/5028
f 5027/5027/5027 5029/5029/5029 5028/5028/5028
f 5028/5028/5028 5029/5029/5029 5030/5030/5030
f 5029/5029/5029 5031/5031/5031 5030/5030/5030
f 5030/5030/5030 5031/5031/5031 5032/5032/5032
f 5031/5031/5031 5033/5033/5033 5032/5032/5032
f 5032/5032/5032 5033/5033/5033 5034/5034/5034
f 5033/5033/5033 5035/5035/5035 5034/5034/5034
f 5034/5034/5034 5035/5035/5035 5036/5036/5036
f 5035/5035/5035 5037/5037/5037 5036/5036/5036
f 5036/5036/5036 5037/5037/5037 5038/5038/5038
f 5037/5037/5037 5039/5039/5039 5038/5038/5038
f 5038/5038/5038 5039/5039/5039 5040/5040/5040
f 5039/5039/5039 5041/5041/5041 5040/5040/5040
f 5040/5040/5040 5041/5041/5041 5042/5042/5042
f 5041/5041/5041 5043/5043/5043 5042/5042/5042
f 5042/5042/5042 5043/5043/5043 5044/5044/5044
f 5043/5043/5043 5045/5045/5045 5044/5044/5044
f 5044/5044/5044 5045/5045/5045 5046/5046/5046
f 5045/5045/5045 5047/5047/5047 5046/5046/5046
f 5046/5046/5046 5047/5047/5047 5048/5048/5048
f 5047/5047/5047 5049/5049/5049 5048/5048/5048
f 5048/5048/5048 5049/5049/5049 5050/5050/5050
f 5049/5049/5049 5051/5051/5051 5050/5050/5050
f 5050/5050/5050 5051/5051/5051 5052/5052/5052
f 5051/5051/5051 5053/5053/5053 5052/5052/5052
f 5052/5052/5052 5053/5053/5053 5054/5054/5054
f 5053/5053/5053 5055/5055/5055 5054/5054/5054
f 5054/5054/5054 5055/5055/5055 5056/5056/5056
f 5055/5055/5055 5057/5057/5057 5056/5056/5056
f 5056/5056/5056 5057/5057/5057 5059/5059/5059
f 5058/5058/5058 5063/5063/5063 5061/5061/5061
f 5062/5062/5062 5065/5065/5065 5060/5060/5060
f 5066/5066/5066 5067/5067/5067 5069/5069/5069
f 5068/5068/5068 5072/5072/5072 5070/5070/5070
f 5071/5071/5071 5073/5073/5073 5069/5069/5069
f 5073/5073/5073 5074/5074/5074 5069/5069/5069
f 5075/5075/5075 5060/5060/5060 5070/5070/5070
f 5069/5069/5069 5059/5059/5059 5076/5076/5076
f 5076/5076/5076 5059/5059/5059 5077/5077/5077
f 5059/5059/5059 5064/5064/5064 5077/5077/5077
f 5078/5078/5078 5079/5079/5079 5080/5080/5080
f 5079/5079/5079 5081/5081/5081 5080/5080/5080
f 5081/5081/5081 5082/5082/5082 5080/5080/5080
f 5082/5082/5082 5083/5083/5083 5080/5080/5080
f 5084/5084/5084 5085/5085/5085 5086/5086/5086
f 5085/5085/5085 5089/5089/5089 5086/5086/5086
f 5089/5089/5089 5090/5090/5090 5086/5086/5086
f 5090/5090/5090 5091/5091/5091 5086/5086/5086
f 5091/5091/5091 5092/5092/5092 5086/5086/5086
f 5093/5093/5093 5095/5095/5095 5087/5087/5087
f 5094/5094/5094 5096/5096/5096 5086/5086/5086
f 5097/5097/5097 5099/5099/5099 5088/5088/5088
f 5098/5098/5098 5100/5100/5100 5086/5086/5086
f 5100/5100/5100 5101/5101/5101 5086/5086/5086
f 5101/5101/5101 5102/5102/5102 5086/5086/5086
f 5102/5102/5102 5103/5103/5103 5086/5086/5086
f 5086/5086/5086 5103/5103/5103 5104/5104/5104
f 5103/5103/5103 5105/5105/5105 5104/5104/5104
f 5105/5105/5105 5106/5106/5106 5104/5104/5104
f 5106/5106/5106 5107/5107/5107 5104/5104/5104
f 5107/5107/5107 5108/5108/5108 5104/5104/5104
f 5108/5108/5108 5109/5109/5109 5104/5104/5104
f 5109/5109/5109 5110/5110/5110 5104/5104/5104
f 5110/5110/5110 5080/5080/5080 5104/5104/5104
f 5080/5080/5080 5083/5083/5083 5104/5104/5104
f 5111/5111/5111 5112/5112/5112 5113/5113/5113
f 5113/5113/5113 5112/5112/5112 5114/5114/5114
f 5112/5112/5112 5115/5115/5115 5114/5114/5114
f 5114/5114/5114 5115/5115/5115 5116/5116/5116
f 5115/5115/5115 5117/5117/5117 5116/5116/5116
f 5116/5116/5116 5117/5117/5117 5118/5118/5118
f 5117/5117/5117 5119/5119/5119 5118/5118/5118
f 5118/5118/5118 5119/5119/5119 5120/5120/5120
f 5119/5119/5119 5121/5121/5121 5120/5120/5120
f 5120/5120/5120 5121/5121/5121 5122/5122/5122
f 5121/5121/5121 5123/5123/5123 5122/5122/5122
f 5122/5122/5122 5123/5123/5123 5124/5124/5124
f 5123/5123/5123 5125/5125/5125 5124/5124/5124
f 5124/5124/5124 5125/5125/5125 5126/5126/5126
f 5125/5125/5125 5127/5127/5127 5126/5126/5126
f 5126/5126/5126 5127/5127/5127 5128/5128/5128
f 5127/5127/5127 5129/5129/5129 5128/5128/5128
f 5128/5128/5128 5129/5129/5129 5130/5130/5130
f 5129/5129/5129 5131/5131/5131 5130/5130/5130
f 5130/5130/5130 5131/5131/5131 5132/5132/5132
f 5131/5131/5131 5133/5133/5133 5132/5132/5132
f 5132/5132/5132 5133/5133/5133 5134/5134/5134
f 5133/5133/5133 5135/5135/5135 5134/5134/5134
f 5134/5134/5134 5135/5135/5135 5136/5136/5136
f 5135/5135/5135 5137/5137/5137 5136/5136/5136
f 5136/5136/5136 5137/5137/5137 5138/5138/5138
f 5137/5137/5137 5139/5139/5139 5138/5138/5138
f 5138/5138/5138 5139/5139/5139 5140/5140/5140
f 5139/5139/5139 5141/5141/5141 5140/5140/5140
f 5140/5140/5140 5141/5141/5141 5142/5142/5142
f 5141/5141/5141 5143/5143/5143 5142/5142/5142
f 5142/5142/5142 5143/5143/5143 5144/5144/5144
f 5143/5143/5143 5145/5145/5145 5144/5144/5144
f 5144/5144/5144 5145/5145/5145 5146/5146/5146
f 5145/5145/5145 5147/5147/5147 5146/5146/5146
f 5146/5146/5146 5147/5147/5147 5148/5148/5148
f 5147/5147/5147 5149/5149/5149 5148/5148/5148
f 5148/5148/5148 5149/5149/5149 5150/5150/5150
f 5149/5149/5149 5151/5151/5151 5150/5150/5150
f 5150/5150/5150 5151/5151/5151 5152/5152/5152
f 5151/5151/5151 5153/5153/5153 5152/5152/5152
f 5152/5152/5152 5153/5153/5153 5154/5154/5154
f 5153/5153/5153 5155/5155/5155 5154/5154/5154
f 5154/5154/5154 5155/5155/5155 5156/5156/5156
f 5155/5155/5155 5157/5157/5157 5156/5156/5156
f 5156/5156/5156 5157/5157/5157 5158/5158/5158
f 5157/5157/5157 5111/5111/5111 5158/5158/5158
f 5111/5111/5111 5113/5113/5113 5158/5158/5158
f 5159/5159/5159 5160/5160/5160 5161/5161/5161
f 5160/5160/5160 5162/5162/5162 5161/5161/5161
f 5162/5162/5162 5163/5163/5163 5161/5161/5161
f 5163/5163/5163 5164/5164/5164 5161/5161/5161
f 5164/5164/5164 5165/5165/5165 5161/5161/5161
f 5165/5165/5165 5166/5166/5166 5161/5161/5161
f 5161/5161/5161 5167/5167/5167 5168/5168/5168
f 5167/5167/5167 5169/5169/5169 5168/5168/5168
f 5170/5170/5170 5168/5168/5168 5171/5171/5171
f 5171/5171/5171 5168/5168/5168 5172/5172/5172
f 5172/5172/5172 5168/5168/5168 5173/5173/5173
f 5173/5173/5173 5168/5168/5168 5174/5174/5174
f 5174/5174/5174 5168/5168/5168 5175/5175/5175
f 5175/5175/5175 5168/5168/5168 5176/5176/5176
f 5177/5177/5177 5178/5178/5178 5179/5179/5179
f 5178/5178/5178 5180/5180/5180 5179/5179/5179
f 5180/5180/5180 5181/5181/5181 5179/5179/5179
f 5181/5181/5181 5182/5182/5182 5179/5179/5179
f 5182/5182/5182 5183/5183/5183 5179/5179/5179
f 5183/5183/5183 5176/5176/5176 5179/5179/5179
f 5176/5176/5176 5168/5168/5168 5179/5179/5179
f 5168/5168/5168 5169/5169/5169 5179/5179/5179
f 5184/5184/5184 5179/5179/5179 5185/5185/5185
f 5179/5179/5179 5169/5169/5169 5185/5185/5185
f 5186/5186/5186 5185/5185/5185 5187/5187/5187
f 5188/5188/5188 5189/5189/5189 5190/5190/5190
f 5190/5190/5190 5189/5189/5189 5191/5191/5191
f 5189/5189/5189 5187/5187/5187 5191/5191/5191
f 5191/5191/5191 5187/5187/5187 5192/5192/5192
f 5192/5192/5192 5187/5187/5187 5193/5193/5193
f 5193/5193/5193 5187/5187/5187 5194/5194/5194
f 5194/5194/5194 5187/5187/5187 5195/5195/5195
f 5187/5187/5187 5185/5185/5185 5195/5195/5195
f 5195/5195/5195 5185/5185/5185 5196/5196/5196
f 5196/5196/5196 5185/5185/5185 5197/5197/5197
f 5197/5197/5197 5185/5185/5185 5198/5198/5198
f 5198/5198/5198 5185/5185/5185 5199/5199/5199
f 5185/5185/5185 5169/5169/5169 5199/5199/5199
f 5199/5199/5199 5169/5169/5169 5200/5200/5200
f 5200/5200/5200 5169/5169/5169 5201/5201/5201
f 5201/5201/5201 5169/5169/5169 5202/5202/5202
f 5169/5169/5169 5167/5167/5167 5202/5202/5202
f 5202/5202/5202 5167/5167/5167 5203/5203/5203
f 5203/5203/5203 5167/5167/5167 5204/5204/5204
f 5204/5204/5204 5167/5167/5167 5205/5205/5205
f 5206/5206/5206 5207/5207/5207 5208/5208/5208
f 5207/5207/5207 5209/5209/5209 5208/5208/5208
f 5208/5208/5208 5209/5209/5209 5210/5210/5210
f 5209/5209/5209 5211/5211/5211 5210/5210/5210
f 5211/5211/5211 5212/5212/5212 5210/5210/5210
f 5212/5212/5212 5213/5213/5213 5210/5210/5210
f 5210/5210/5210 5213/5213/5213 5214/5214/5214
f 5213/5213/5213 5215/5215/5215 5214/5214/5214
f 5215/5215/5215 5216/5216/5216 5214/5214/5214
f 5216/5216/5216 5217/5217/5217 5214/5214/5214
f 5217/5217/5217 5205/5205/5205 5214/5214/5214
f 5205/5205/5205 5167/5167/5167 5214/5214/5214
f 5167/5167/5167 5161/5161/5161 5214/5214/5214
f 5214/5214/5214 5161/5161/5161 5218/5218/5218
f 5161/5161/5161 5166/5166/5166 5218/5218/5218
f 5166/5166/5166 5219/5219/5219 5218/5218/5218
f 5219/5219/5219 5220/5220/5220 5218/5218/5218
f 5220/5220/5220 5221/5221/5221 5218/5218/5218
f 5221/5221/5221 5222/5222/5222 5218/5218/5218
f 5222/5222/5222 5223/5223/5223 5218/5218/5218
f 5223/5223/5223 5224/5224/5224 5218/5218/5218
f 5224/5224/5224 5225/5225/5225 5218/5218/5218
f 5218/5218/5218 5225/5225/5225 5226/5226/5226
f 5225/5225/5225 5227/5227/5227 5226/5226/5226
f 5227/5227/5227 5228/5228/5228 5226/5226/5226
f 5228/5228/5228 5229/5229/5229 5226/5226/5226
f 5229/5229/5229 5230/5230/5230 5226/5226/5226
f 5230/5230/5230 5231/5231/5231 5226/5226/5226
f 5231/5231/5231 5232/5232/5232 5226/5226/5226
f 5226/5226/5226 5232/5232/5232 5233/5233/5233
f 5232/5232/5232 5234/5234/5234 5233/5233/5233
f 5234/5234/5234 5235/5235/5235 5233/5233/5233
f 5235/5235/5235 5236/5236/5236 5233/5233/5233
f 5236/5236/5236 5237/5237/5237 5233/5233/5233
f 5237/5237/5237 5238/5238/5238 5233/5233/5233
f 5238/5238/5238 5159/5159/5159 5233/5233/5233
f 5159/5159/5159 5161/5161/5161 5233/5233/5233
f 5161/5161/5161 5168/5168/5168 5233/5233/5233
f 5233/5233/5233 5168/5168/5168 5239/5239/5239
f 5168/5168/5168 5170/5170/5170 5239/5239/5239
f 5170/5170/5170 5240/5240/5240 5239/5239/5239
f 5240/5240/5240 5241/5241/5241 5239/5239/5239
f 5241/5241/5241 5242/5242/5242 5239/5239/5239
f 5242/5242/5242 5243/5243/5243 5239/5239/5239
f 5243/5243/5243 5244/5244/5244 5239/5239/5239
f 5244/5244/5244 5245/5245/5245 5239/5239/5239
f 5245/5245/5245 5246/5246/5246 5239/5239/5239
f 5239/5239/5239 5246/5246/5246 5247/5247/5247
f 5246/5246/5246 5248/5248/5248 5247/5247/5247
f 5248/5248/5248 5249/5249/5249 5247/5247/5247
f 5249/5249/5249 5250/5250/5250 5247/5247/5247
f 5250/5250/5250 5251/5251/5251 5247/5247/5247
f 5251/5251/5251 5252/5252/5252 5247/5247/5247
f 5252/5252/5252 5177/5177/5177 5247/5247/5247
f 5177/5177/5177 5179/5179/5179 5247/5247/5247
f 5179/5179/5179 5184/5184/5184 5247/5247/5247
f 5247/5247/5247 5184/5184/5184 5253/5253/5253
f 5254/5254/5254 5255/5255/5255 5256/5256/5256
f 5256/5256/5256 5255/5255/5255 5257/5257/5257
f 5257/5257/5257 5255/5255/5255 5258/5258/5258
f 5255/5255/5255 5253/5253/5253 5258/5258/5258
f 5258/5258/5258 5253/5253/5253 5259/5259/5259
f 5259/5259/5259 5253/5253/5253 5260/5260/5260
f 5253/5253/5253 5184/5184/5184 5260/5260/5260
f 5260/5260/5260 5184/5184/5184 5261/5261/5261
f 5261/5261/5261 5184/5184/5184 5262/5262/5262
f 5184/5184/5184 5263/5263/5263 5262/5262/5262
f 5262/5262/5262 5263/5263/5263 5264/5264/5264
f 5264/5264/5264 5263/5263/5263 5265/5265/5265
f 5265/5265/5265 5263/5263/5263 5266/5266/5266
f 5267/5267/5267 5268/5268/5268 5269/5269/5269
f 5268/5268/5268 5266/5266/5266 5269/5269/5269
f 5266/5266/5266 5263/5263/5263 5269/5269/5269
f 5263/5263/5263 5184/5184/5184 5269/5269/5269
f 5184/5184/5184 5185/5185/5185 5269/5269/5269
f 5185/5185/5185 5186/5186/5186 5269/5269/5269
f 5270/5270/5270 5269/5269/5269 5271/5271/5271
f 5271/5271/5271 5269/5269/5269 5272/5272/5272
f 5272/5272/5272 5269/5269/5269 5273/5273/5273
f 5273/5273/5273 5269/5269/5269 5274/5274/5274
f 5274/5274/5274 5269/5269/5269 5275/5275/5275
f 5275/5275/5275 5269/5269/5269 5276/5276/5276
f 5269/5269/5269 5186/5186/5186 5276/5276/5276
f 5276/5276/5276 5186/5186/5186 5277/5277/5277
f 5277/5277/5277 5186/5186/5186 5278/5278/5278
f 5278/5278/5278 5186/5186/5186 5279/5279/5279
f 5279/5279/5279 5186/5186/5186 5280/5280/5280
f 5281/5281/5281 5280/5280/5280 5282/5282/5282
f 5280/5280/5280 5186/5186/5186 5282/5282/5282
f 5186/5186/5186 5187/5187/5187 5282/5282/5282
f 5282/5282/5282 5187/5187/5187 5283/5283/5283
f 5187/5187/5187 5189/5189/5189 5283/5283/5283
f 5283/5283/5283 5189/5189/5189 5284/5284/5284
f 5189/5189/5189 5188/5188/5188 5284/5284/5284
f 5188/5188/5188 5285/5285/5285 5284/5284/5284
f 5284/5284/5284 5285/5285/5285 5286/5286/5286
f 5285/5285/5285 5287/5287/5287 5286/5286/5286
f 5287/5287/5287 5206/5206/5206 5286/5286/5286
f 5206/5206/5206 5208/5208/5208 5286/5286/5286
f 5208/5208/5208 5210/5210/5210 5286/5286/5286
f 5286/5286/5286 5210/5210/5210 5288/5288/5288
f 5289/5289/5289 5288/5288/5288 5290/5290/5290
f 5288/5288/5288 5210/5210/5210 5290/5290/5290
f 5291/5291/5291 5290/5290/5290 5292/5292/5292
f 5292/5292/5292 5290/5290/5290 5293/5293/5293
f 5293/5293/5293 5290/5290/5290 5294/5294/5294
f 5290/5290/5290 5210/5210/5210 5294/5294/5294
f 5294/5294/5294 5210/5210/5210 5295/5295/5295
f 5295/5295/5295 5210/5210/5210 5296/5296/5296
f 5296/5296/5296 5210/5210/5210 5297/5297/5297
f 5297/5297/5297 5210/5210/5210 5298/5298/5298
f 5298/5298/5298 5210/5210/5210 5299/5299/5299
f 5299/5299/5299 5210/5210/5210 5300/5300/5300
f 5210/5210/5210 5214/5214/5214 5300/5300/5300
f 5300/5300/5300 5214/5214/5214 5301/5301/5301
f 5301/5301/5301 5214/5214/5214 5302/5302/5302
f 5302/5302/5302 5214/5214/5214 5303/5303/5303
f 5303/5303/5303 5214/5214/5214 5304/5304/5304
f 5304/5304/5304 5214/5214/5214 5305/5305/5305
f 5305/5305/5305 5214/5214/5214 5306/5306/5306
f 5307/5307/5307 5308/5308/5308 5309/5309/5309
f 5308/5308/5308 5310/5310/5310 5309/5309/5309
f 5310/5310/5310 5311/5311/5311 5309/5309/5309
f 5311/5311/5311 5312/5312/5312 5309/5309/5309
f 5312/5312/5312 5306/5306/5306 5309/5309/5309
f 5306/5306/5306 5214/5214/5214 5309/5309/5309
f 5214/5214/5214 5218/5218/5218 5309/5309/5309
f 5309/5309/5309 5218/5218/5218 5313/5313/5313
f 5313/5313/5313 5218/5218/5218 5314/5314/5314
f 5218/5218/5218 5226/5226/5226 5314/5314/5314
f 5314/5314/5314 5226/5226/5226 5315/5315/5315
f 5315/5315/5315 5226/5226/5226 5316/5316/5316
f 5316/5316/5316 5226/5226/5226 5317/5317/5317
f 5317/5317/5317 5226/5226/5226 5318/5318/5318
f 5318/5318/5318 5226/5226/5226 5319/5319/5319
f 5319/5319/5319 5226/5226/5226 5320/5320/5320
f 5320/5320/5320 5226/5226/5226 5321/5321/5321
f 5226/5226/5226 5233/5233/5233 5321/5321/5321
f 5321/5321/5321 5233/5233/5233 5322/5322/5322
f 5233/5233/5233 5239/5239/5239 5322/5322/5322
f 5322/5322/5322 5239/5239/5239 5323/5323/5323
f 5239/5239/5239 5247/5247/5247 5323/5323/5323
f 5323/5323/5323 5247/5247/5247 5324/5324/5324
f 5247/5247/5247 5253/5253/5253 5324/5324/5324
f 5324/5324/5324 5253/5253/5253 5325/5325/5325
f 5253/5253/5253 5255/5255/5255 5325/5325/5325
f 5325/5325/5325 5255/5255/5255 5326/5326/5326
f 5255/5255/5255 5254/5254/5254 5326/5326/5326
f 5254/5254/5254 5327/5327/5327 5326/5326/5326
f 5327/5327/5327 5328/5328/5328 5326/5326/5326
f 5326/5326/5326 5328/5328/5328 5329/5329/5329
f 5328/5328/5328 5330/5330/5330 5329/5329/5329
f 5330/5330/5330 5331/5331/5331 5329/5329/5329
f 5329/5329/5329 5331/5331/5331 5332/5332/5332
f 5331/5331/5331 5333/5333/5333 5332/5332/5332
f 5332/5332/5332 5333/5333/5333 5334/5334/5334
f 5334/5334/5334 5333/5333/5333 5335/5335/5335
f 5335/5335/5335 5333/5333/5333 5336/5336/5336
f 5336/5336/5336 5333/5333/5333 5337/5337/5337
f 5337/5337/5337 5333/5333/5333 5338/5338/5338
f 5333/5333/5333 5339/5339/5339 5338/5338/5338
f 5339/5339/5339 5340/5340/5340 5338/5338/5338
f 5340/5340/5340 5341/5341/5341 5338/5338/5338
f 5341/5341/5341 5342/5342/5342 5338/5338/5338
f 5342/5342/5342 5344/5344/5344 5343/5343/5343
f 5344/5344/5344 5345/5345/5345 5343/5343/5343
f 5345/5345/5345 5346/5346/5346 5343/5343/5343
f 5346/5346/5346 5347/5347/5347 5343/5343/5343
f 5347/5347/5347 5348/5348/5348 5343/5343/5343
f 5343/5343/5343 5348/5348/5348 5349/5349/5349
f 5348/5348/5348 5350/5350/5350 5349/5349/5349
f 5350/5350/5350 5267/5267/5267 5349/5349/5349
f 5267/5267/5267 5269/5269/5269 5349/5349/5349
f 5269/5269/5269 5270/5270/5270 5349/5349/5349
f 5270/5270/5270 5351/5351/5351 5349/5349/5349
f 5351/5351/5351 5352/5352/5352 5349/5349/5349
f 5352/5352/5352 5353/5353/5353 5349/5349/5349
f 5353/5353/5353 5354/5354/5354 5349/5349/5349
f 5354/5354/5354 5355/5355/5355 5349/5349/5349
f 5355/5355/5355 5356/5356/5356 5349/5349/5349
f 5349/5349/5349 5356/5356/5356 5357/5357/5357
f 5356/5356/5356 5358/5358/5358 5357/5357/5357
f 5358/5358/5358 5359/5359/5359 5357/5357/5357
f 5359/5359/5359 5360/5360/5360 5357/5357/5357
f 5360/5360/5360 5361/5361/5361 5357/5357/5357
f 5361/5361/5361 5362/5362/5362 5357/5357/5357
f 5357/5357/5357 5362/5362/5362 5363/5363/5363
f 5363/5363/5363 5362/5362/5362 5364/5364/5364
f 5364/5364/5364 5362/5362/5362 5365/5365/5365
f 5365/5365/5365 5362/5362/5362 5366/5366/5366
f 5366/5366/5366 5362/5362/5362 5367/5367/5367
f 5367/5367/5367 5362/5362/5362 5368/5368/5368
f 5368/5368/5368 5362/5362/5362 5369/5369/5369
f 5369/5369/5369 5362/5362/5362 5370/5370/5370
f 5362/5362/5362 5371/5371/5371 5370/5370/5370
f 5370/5370/5370 5371/5371/5371 5372/5372/5372
f 5371/5371/5371 5281/5281/5281 5372/5372/5372
f 5281/5281/5281 5282/5282/5282 5372/5372/5372
f 5282/5282/5282 5283/5283/5283 5372/5372/5372
f 5372/5372/5372 5283/5283/5283 5373/5373/5373
f 5283/5283/5283 5284/5284/5284 5373/5373/5373
f 5373/5373/5373 5284/5284/5284 5374/5374/5374
f 5284/5284/5284 5286/5286/5286 5374/5374/5374
f 5374/5374/5374 5286/5286/5286 5375/5375/5375
f 5286/5286/5286 5288/5288/5288 5375/5375/5375
f 5375/5375/5375 5288/5288/5288 5376/5376/5376
f 5288/5288/5288 5289/5289/5289 5376/5376/5376
f 5376/5376/5376 5289/5289/5289 5377/5377/5377
f 5377/5377/5377 5289/5289/5289 5378/5378/5378
f 5378/5378/5378 5289/5289/5289 5379/5379/5379
f 5379/5379/5379 5289/5289/5289 5380/5380/5380
f 5380/5380/5380 5289/5289/5289 5381/5381/5381
f 5381/5381/5381 5289/5289/5289 5382/5382/5382
f 5382/5382/5382 5289/5289/5289 5383/5383/5383
f 5383/5383/5383 5289/5289/5289 5384/5384/5384
f 5384/5384/5384 5289/5289/5289 5385/5385/5385
f 5385/5385/5385 5289/5289/5289 5386/5386/5386
f 5289/5289/5289 5290/5290/5290 5386/5386/5386
f 5290/5290/5290 5291/5291/5291 5386/5386/5386
f 5291/5291/5291 5387/5387/5387 5386/5386/5386
f 5387/5387/5387 5388/5388/5388 5386/5386/5386
f 5388/5388/5388 5389/5389/5389 5386/5386/5386
f 5386/5386/5386 5389/5389/5389 5390/5390/5390
f 5389/5389/5389 5307/5307/5307 5390/5390/5390
f 5307/5307/5307 5309/5309/5309 5390/5390/5390
f 5309/5309/5309 5313/5313/5313 5390/5390/5390
f 5391/5391/5391 5392/5392/5392 5393/5393/5393
f 5393/5393/5393 5392/5392/5392 5394/5394/5394
f 5394/5394/5394 5392/5392/5392 5395/5395/5395
f 5395/5395/5395 5392/5392/5392 5396/5396/5396
f 5396/5396/5396 5392/5392/5392 5397/5397/5397
f 5392/5392/5392 5398/5398/5398 5397/5397/5397
f 5397/5397/5397 5398/5398/5398 5399/5399/5399
f 5398/5398/5398 5400/5400/5400 5399/5399/5399
f 5399/5399/5399 5400/5400/5400 5401/5401/5401
f 5401/5401/5401 5400/5400/5400 5402/5402/5402
f 5402/5402/5402 5400/5400/5400 5403/5403/5403
f 5403/5403/5403 5400/5400/5400 5404/5404/5404
f 5400/5400/5400 5405/5405/5405 5404/5404/5404
f 5404/5404/5404 5405/5405/5405 5406/5406/5406
f 5405/5405/5405 5407/5407/5407 5406/5406/5406
f 5406/5406/5406 5407/5407/5407 5408/5408/5408
f 5407/5407/5407 5409/5409/5409 5408/5408/5408
f 5408/5408/5408 5409/5409/5409 5410/5410/5410
f 5410/5410/5410 5409/5409/5409 5411/5411/5411
f 5411/5411/5411 5409/5409/5409 5412/5412/5412
f 5412/5412/5412 5409/5409/5409 5413/5413/5413
f 5413/5413/5413 5409/5409/5409 5414/5414/5414
f 5409/5409/5409 5415/5415/5415 5414/5414/5414
f 5414/5414/5414 5415/5415/5415 5416/5416/5416
f 5417/5417/5417 5418/5418/5418 5419/5419/5419
f 5418/5418/5418 5420/5420/5420 5419/5419/5419
f 5420/5420/5420 5421/5421/5421 5419/5419/5419
f 5421/5421/5421 5416/5416/5416 5419/5419/5419
f 5416/5416/5416 5415/5415/5415 5419/5419/5419
f 5422/5422/5422 5419/5419/5419 5423/5423/5423
f 5423/5423/5423 5419/5419/5419 5424/5424/5424
f 5424/5424/5424 5419/5419/5419 5425/5425/5425
f 5419/5419/5419 5415/5415/5415 5425/5425/5425
f 5425/5425/5425 5415/5415/5415 5426/5426/5426
f 5415/5415/5415 5409/5409/5409 5426/5426/5426
f 5426/5426/5426 5409/5409/5409 5427/5427/5427
f 5427/5427/5427 5409/5409/5409 5428/5428/5428
f 5409/5409/5409 5407/5407/5407 5428/5428/5428
f 5428/5428/5428 5407/5407/5407 5429/5429/5429
f 5429/5429/5429 5407/5407/5407 5430/5430/5430
f 5430/5430/5430 5407/5407/5407 5431/5431/5431
f 5431/5431/5431 5407/5407/5407 5432/5432/5432
f 5432/5432/5432 5407/5407/5407 5433/5433/5433
f 5434/5434/5434 5435/5435/5435 5436/5436/5436
f 5437/5437/5437 5436/5436/5436 5438/5438/5438
f 5439/5439/5439 5438/5438/5438 5440/5440/5440
f 5438/5438/5438 5436/5436/5436 5440/5440/5440
f 5441/5441/5441 5440/5440/5440 5442/5442/5442
f 5442/5442/5442 5440/5440/5440 5443/5443/5443
f 5440/5440/5440 5436/5436/5436 5443/5443/5443
f 5443/5443/5443 5436/5436/5436 5444/5444/5444
f 5445/5445/5445 5446/5446/5446 5447/5447/5447
f 5446/5446/5446 5444/5444/5444 5447/5447/5447
f 5444/5444/5444 5436/5436/5436 5447/5447/5447
f 5436/5436/5436 5435/5435/5435 5447/5447/5447
f 5435/5435/5435 5448/5448/5448 5447/5447/5447
f 5448/5448/5448 5449/5449/5449 5447/5447/5447
f 5447/5447/5447 5449/5449/5449 5450/5450/5450
f 5451/5451/5451 5450/5450/5450 5452/5452/5452
f 5452/5452/5452 5450/5450/5450 5453/5453/5453
f 5454/5454/5454 5453/5453/5453 5455/5455/5455
f 5453/5453/5453 5450/5450/5450 5455/5455/5455
f 5450/5450/5450 5449/5449/5449 5455/5455/5455
f 5449/5449/5449 5434/5434/5434 5455/5455/5455
f 5434/5434/5434 5436/5436/5436 5455/5455/5455
f 5436/5436/5436 5437/5437/5437 5455/5455/5455
f 5437/5437/5437 5456/5456/5456 5455/5455/5455
f 5457/5457/5457 5455/5455/5455 5458/5458/5458
f 5459/5459/5459 5458/5458/5458 5460/5460/5460
f 5458/5458/5458 5455/5455/5455 5460/5460/5460
f 5455/5455/5455 5456/5456/5456 5460/5460/5460
f 5456/5456/5456 5439/5439/5439 5460/5460/5460
f 5439/5439/5439 5440/5440/5440 5460/5460/5460
f 5460/5460/5460 5440/5440/5440 5461/5461/5461
f 5461/5461/5461 5440/5440/5440 5462/5462/5462
f 5440/5440/5440 5441/5441/5441 5462/5462/5462
f 5441/5441/5441 5463/5463/5463 5462/5462/5462
f 5463/5463/5463 5464/5464/5464 5462/5462/5462
f 5464/5464/5464 5465/5465/5465 5462/5462/5462
f 5465/5465/5465 5466/5466/5466 5462/5462/5462
f 5466/5466/5466 5433/5433/5433 5462/5462/5462
f 5433/5433/5433 5407/5407/5407 5462/5462/5462
f 5462/5462/5462 5407/5407/5407 5467/5467/5467
f 5467/5467/5467 5407/5407/5407 5468/5468/5468
f 5468/5468/5468 5407/5407/5407 5469/5469/5469
f 5407/5407/5407 5405/5405/5405 5469/5469/5469
f 5469/5469/5469 5405/5405/5405 5470/5470/5470
f 5470/5470/5470 5405/5405/5405 5471/5471/5471
f 5471/5471/5471 5405/5405/5405 5472/5472/5472
f 5472/5472/5472 5405/5405/5405 5473/5473/5473
f 5473/5473/5473 5405/5405/5405 5474/5474/5474
f 5474/5474/5474 5405/5405/5405 5475/5475/5475
f 5475/5475/5475 5405/5405/5405 5476/5476/5476
f 5405/5405/5405 5400/5400/5400 5476/5476/5476
f 5476/5476/5476 5400/5400/5400 5477/5477/5477
f 5400/5400/5400 5398/5398/5398 5477/5477/5477
f 5477/5477/5477 5398/5398/5398 5478/5478/5478
f 5398/5398/5398 5392/5392/5392 5478/5478/5478
f 5478/5478/5478 5392/5392/5392 5479/5479/5479
f 5479/5479/5479 5392/5392/5392 5480/5480/5480
f 5480/5480/5480 5392/5392/5392 5481/5481/5481
f 5481/5481/5481 5392/5392/5392 5482/5482/5482
f 5482/5482/5482 5392/5392/5392 5483/5483/5483
f 5483/5483/5483 5392/5392/5392 5484/5484/5484
f 5484/5484/5484 5392/5392/5392 5485/5485/5485
f 5392/5392/5392 5391/5391/5391 5485/5485/5485
f 5391/5391/5391 5486/5486/5486 5485/5485/5485
f 5485/5485/5485 5486/5486/5486 5487/5487/5487
f 5486/5486/5486 5417/5417/5417 5487/5487/5487
f 5417/5417/5417 5419/5419/5419 5487/5487/5487
f 5419/5419/5419 5422/5422/5422 5487/5487/5487
f 5422/5422/5422 5488/5488/5488 5487/5487/5487
f 5488/5488/5488 5489/5489/5489 5487/5487/5487
f 5489/5489/5489 5490/5490/5490 5487/5487/5487
f 5490/5490/5490 5491/5491/5491 5487/5487/5487
f 5487/5487/5487 5491/5491/5491 5492/5492/5492
f 5491/5491/5491 5493/5493/5493 5492/5492/5492
f 5493/5493/5493 5494/5494/5494 5492/5492/5492
f 5494/5494/5494 5495/5495/5495 5492/5492/5492
f 5495/5495/5495 5496/5496/5496 5492/5492/5492
f 5496/5496/5496 5445/5445/5445 5492/5492/5492
f 5445/5445/5445 5447/5447/5447 5492/5492/5492
f 5447/5447/5447 5450/5450/5450 5492/5492/5492
f 5492/5492/5492 5450/5450/5450 5497/5497/5497
f 5497/5497/5497 5450/5450/5450 5498/5498/5498
f 5499/5499/5499 5501/5501/5501 5503/5503/5503
f 5500/5500/5500 5498/5498/5498 5502/5502/5502
f 5502/5502/5502 5498/5498/5498 5504/5504/5504
f 5504/5504/5504 5498/5498/5498 5505/5505/5505
f 5505/5505/5505 5498/5498/5498 5506/5506/5506
f 5506/5506/5506 5498/5498/5498 5507/5507/5507
f 5498/5498/5498 5450/5450/5450 5507/5507/5507
f 5450/5450/5450 5451/5451/5451 5507/5507/5507
f 5507/5507/5507 5451/5451/5451 5508/5508/5508
f 5451/5451/5451 5454/5454/5454 5508/5508/5508
f 5454/5454/5454 5455/5455/5455 5508/5508/5508
f 5455/5455/5455 5457/5457/5457 5508/5508/5508
f 5457/5457/5457 5509/5509/5509 5508/5508/5508
f 5508/5508/5508 5509/5509/5509 5510/5510/5510
f 5509/5509/5509 5459/5459/5459 5510/5510/5510
f 5459/5459/5459 5460/5460/5460 5510/5510/5510
f 5510/5510/5510 5460/5460/5460 5511/5511/5511
f 5460/5460/5460 5461/5461/5461 5511/5511/5511
f 5511/5511/5511 5461/5461/5461 5512/5512/5512
f 5513/5513/5513 5514/5514/5514 5515/5515/5515
f 5515/5515/5515 5514/5514/5514 5516/5516/5516
f 5514/5514/5514 5517/5517/5517 5516/5516/5516
f 5517/5517/5517 5512/5512/5512 5516/5516/5516
f 5516/5516/5516 5512/5512/5512 5518/5518/5518
f 5512/5512/5512 5461/5461/5461 5518/5518/5518
f 5461/5461/5461 5462/5462/5462 5518/5518/5518
f 5462/5462/5462 5467/5467/5467 5518/5518/5518
f 5519/5519/5519 5520/5520/5520 5521/5521/5521
f 5523/5523/5523 5524/5524/5524 5527/5527/5527
f 5527/5527/5527 5524/5524/5524 5528/5528/5528
f 5524/5524/5524 5531/5531/5531 5528/5528/5528
f 5531/5531/5531 5532/5532/5532 5528/5528/5528
f 5533/5533/5533 5534/5534/5534 5530/5530/5530
f 5530/5530/5530 5534/5534/5534 5535/5535/5535
f 5534/5534/5534 5538/5538/5538 5535/5535/5535
f 5538/5538/5538 5539/5539/5539 5535/5535/5535
f 5540/5540/5540 5541/5541/5541 5537/5537/5537
f 5537/5537/5537 5541/5541/5541 5543/5543/5543
f 5541/5541/5541 5545/5545/5545 5543/5543/5543
f 5545/5545/5545 5546/5546/5546 5543/5543/5543
f 5547/5547/5547 5522/5522/5522 5542/5542/5542
f 5522/5522/5522 5525/5525/5525 5542/5542/5542
f 5544/5544/5544 5526/5526/5526 5550/5550/5550
f 5550/5550/5550 5526/5526/5526 5553/5553/5553
f 5526/5526/5526 5529/5529/5529 5553/5553/5553
f 5553/5553/5553 5529/5529/5529 5556/5556/5556
f 5529/5529/5529 5536/5536/5536 5556/5556/5556
f 5556/5556/5556 5536/5536/5536 5557/5557/5557
f 5536/5536/5536 5544/5544/5544 5557/5557/5557
f 5544/5544/5544 5550/5550/5550 5557/5557/5557
f 5559/5559/5559 5548/5548/5548 5561/5561/5561
f 5548/5548/5548 5565/5565/5565 5561/5561/5561
f 5563/5563/5563 5568/5568/5568 5560/5560/5560
f 5568/5568/5568 5571/5571/5571 5560/5560/5560
f 5562/5562/5562 5569/5569/5569 5573/5573/5573
f 5570/5570/5570 5566/5566/5566 5572/5572/5572
f 5572/5572/5572 5566/5566/5566 5575/5575/5575
f 5567/5567/5567 5564/5564/5564 5574/5574/5574
f 5574/5574/5574 5564/5564/5564 5576/5576/5576
f 5564/5564/5564 5549/5549/5549 5576/5576/5576
f 5576/5576/5576 5549/5549/5549 5577/5577/5577
f 5577/5577/5577 5549/5549/5549 5579/5579/5579
f 5549/5549/5549 5551/5551/5551 5579/5579/5579
f 5552/5552/5552 5554/5554/5554 5578/5578/5578
f 5578/5578/5578 5554/5554/5554 5581/5581/5581
f 5555/5555/5555 5558/5558/5558 5580/5580/5580
f 5580/5580/5580 5558/5558/5558 5582/5582/5582
f 5582/5582/5582 5558/5558/5558 5583/5583/5583
f 5558/5558/5558 5562/5562/5562 5583/5583/5583
f 5562/5562/5562 5573/5573/5573 5583/5583/5583
f 5584/5584/5584 5585/5585/5585 5586/5586/5586
f 5585/5585/5585 5587/5587/5587 5586/5586/5586
f 5588/5588/5588 5589/5589/5589 5590/5590/5590
f 5591/5591/5591 5592/5592/5592 5593/5593/5593
f 5592/5592/5592 5590/5590/5590 5593/5593/5593
f 5590/5590/5590 5589/5589/5589 5593/5593/5593
f 5594/5594/5594 5593/5593/5593 5596/5596/5596
f 5596/5596/5596 5593/5593/5593 5598/5598/5598
f 5593/5593/5593 5589/5589/5589 5598/5598/5598
f 5598/5598/5598 5589/5589/5589 5600/5600/5600
f 5589/5589/5589 5588/5588/5588 5600/5600/5600
f 5600/5600/5600 5588/5588/5588 5602/5602/5602
f 5588/5588/5588 5590/5590/5590 5602/5602/5602
f 5602/5602/5602 5590/5590/5590 5604/5604/5604
f 5590/5590/5590 5592/5592/5592 5604/5604/5604
f 5604/5604/5604 5592/5592/5592 5606/5606/5606
f 5592/5592/5592 5591/5591/5591 5606/5606/5606
f 5606/5606/5606 5591/5591/5591 5608/5608/5608
f 5608/5608/5608 5591/5591/5591 5609/5609/5609
f 5591/5591/5591 5593/5593/5593 5609/5609/5609
f 5609/5609/5609 5593/5593/5593 5610/5610/5610
f 5593/5593/5593 5594/5594/5594 5610/5610/5610
f 5594/5594/5594 5586/5586/5586 5610/5610/5610
f 5610/5610/5610 5586/5586/5586 5611/5611/5611
f 5586/5586/5586 5587/5587/5587 5611/5611/5611
f 5611/5611/5611 5587/5587/5587 5613/5613/5613
f 5613/5613/5613 5587/5587/5587 5615/5615/5615
f 5587/5587/5587 5585/5585/5585 5615/5615/5615
f 5615/5615/5615 5585/5585/5585 5617/5617/5617
f 5585/5585/5585 5584/5584/5584 5617/5617/5617
f 5617/5617/5617 5584/5584/5584 5619/5619/5619
f 5584/5584/5584 5586/5586/5586 5619/5619/5619
f 5619/5619/5619 5586/5586/5586 5620/5620/5620
f 5586/5586/5586 5594/5594/5594 5620/5620/5620
f 5594/5594/5594 5596/5596/5596 5620/5620/5620
f 5621/5621/5621 5595/5595/5595 5623/5623/5623
f 5595/5595/5595 5597/5597/5597 5623/5623/5623
f 5623/5623/5623 5597/5597/5597 5624/5624/5624
f 5597/5597/5597 5599/5599/5599 5624/5624/5624
f 5624/5624/5624 5599/5599/5599 5625/5625/5625
f 5599/5599/5599 5601/5601/5601 5625/5625/5625
f 5625/5625/5625 5601/5601/5601 5626/5626/5626
f 5601/5601/5601 5603/5603/5603 5626/5626/5626
f 5626/5626/5626 5603/5603/5603 5627/5627/5627
f 5603/5603/5603 5605/5605/5605 5627/5627/5627
f 5627/5627/5627 5605/5605/5605 5628/5628/5628
f 5605/5605/5605 5607/5607/5607 5628/5628/5628
f 5628/5628/5628 5607/5607/5607 5629/5629/5629
f 5629/5629/5629 5607/5607/5607 5631/5631/5631
f 5608/5608/5608 5609/5609/5609 5630/5630/5630
f 5630/5630/5630 5609/5609/5609 5632/5632/5632
f 5632/5632/5632 5609/5609/5609 5633/5633/5633
f 5609/5609/5609 5610/5610/5610 5633/5633/5633
f 5635/5635/5635 5633/5633/5633 5638/5638/5638
f 5633/5633/5633 5610/5610/5610 5638/5638/5638
f 5638/5638/5638 5610/5610/5610 5639/5639/5639
f 5610/5610/5610 5611/5611/5611 5639/5639/5639
f 5611/5611/5611 5613/5613/5613 5639/5639/5639
f 5640/5640/5640 5612/5612/5612 5641/5641/5641
f 5641/5641/5641 5612/5612/5612 5642/5642/5642
f 5612/5612/5612 5614/5614/5614 5642/5642/5642
f 5642/5642/5642 5614/5614/5614 5643/5643/5643
f 5614/5614/5614 5616/5616/5616 5643/5643/5643
f 5643/5643/5643 5616/5616/5616 5644/5644/5644
f 5616/5616/5616 5618/5618/5618 5644/5644/5644
f 5644/5644/5644 5618/5618/5618 5645/5645/5645
f 5618/5618/5618 5622/5622/5622 5645/5645/5645
f 5645/5645/5645 5622/5622/5622 5646/5646/5646
f 5621/5621/5621 5623/5623/5623 5646/5646/5646
f 5646/5646/5646 5623/5623/5623 5647/5647/5647
f 5647/5647/5647 5623/5623/5623 5648/5648/5648
f 5623/5623/5623 5624/5624/5624 5648/5648/5648
f 5648/5648/5648 5624/5624/5624 5649/5649/5649
f 5624/5624/5624 5625/5625/5625 5649/5649/5649
f 5649/5649/5649 5625/5625/5625 5650/5650/5650
f 5625/5625/5625 5626/5626/5626 5650/5650/5650
f 5650/5650/5650 5626/5626/5626 5651/5651/5651
f 5626/5626/5626 5627/5627/5627 5651/5651/5651
f 5651/5651/5651 5627/5627/5627 5652/5652/5652
f 5627/5627/5627 5628/5628/5628 5652/5652/5652
f 5652/5652/5652 5628/5628/5628 5653/5653/5653
f 5628/5628/5628 5629/5629/5629 5653/5653/5653
f 5653/5653/5653 5629/5629/5629 5654/5654/5654
f 5654/5654/5654 5629/5629/5629 5655/5655/5655
f 5629/5629/5629 5631/5631/5631 5655/5655/5655
f 5631/5631/5631 5656/5656/5656 5655/5655/5655
f 5656/5656/5656 5657/5657/5657 5655/5655/5655
f 5657/5657/5657 5658/5658/5658 5655/5655/5655
f 5655/5655/5655 5658/5658/5658 5659/5659/5659
f 5658/5658/5658 5660/5660/5660 5659/5659/5659
f 5659/5659/5659 5660/5660/5660 5661/5661/5661
f 5660/5660/5660 5662/5662/5662 5661/5661/5661
f 5661/5661/5661 5662/5662/5662 5663/5663/5663
f 5662/5662/5662 5664/5664/5664 5663/5663/5663
f 5663/5663/5663 5664/5664/5664 5665/5665/5665
f 5664/5664/5664 5666/5666/5666 5665/5665/5665
f 5665/5665/5665 5666/5666/5666 5667/5667/5667
f 5666/5666/5666 5668/5668/5668 5667/5667/5667
f 5667/5667/5667 5668/5668/5668 5669/5669/5669
f 5677/5677/5677 5634/5634/5634 5676/5676/5676
f 5676/5676/5676 5634/5634/5634 5679/5679/5679
f 5634/5634/5634 5636/5636/5636 5679/5679/5679
f 5637/5637/5637 5640/5640/5640 5678/5678/5678
f 5640/5640/5640 5641/5641/5641 5678/5678/5678
f 5680/5680/5680 5681/5681/5681 5682/5682/5682
f 5681/5681/5681 5679/5679/5679 5682/5682/5682
f 5679/5679/5679 5641/5641/5641 5682/5682/5682
f 5682/5682/5682 5641/5641/5641 5683/5683/5683
f 5641/5641/5641 5642/5642/5642 5683/5683/5683
f 5683/5683/5683 5642/5642/5642 5684/5684/5684
f 5642/5642/5642 5643/5643/5643 5684/5684/5684
f 5684/5684/5684 5643/5643/5643 5685/5685/5685
f 5643/5643/5643 5644/5644/5644 5685/5685/5685
f 5685/5685/5685 5644/5644/5644 5686/5686/5686
f 5644/5644/5644 5645/5645/5645 5686/5686/5686
f 5686/5686/5686 5645/5645/5645 5687/5687/5687
f 5645/5645/5645 5646/5646/5646 5687/5687/5687
f 5646/5646/5646 5647/5647/5647 5687/5687/5687
f 5688/5688/5688 5689/5689/5689 5690/5690/5690
f 5689/5689/5689 5687/5687/5687 5690/5690/5690
f 5687/5687/5687 5647/5647/5647 5690/5690/5690
f 5647/5647/5647 5648/5648/5648 5690/5690/5690
f 5691/5691/5691 5690/5690/5690 5692/5692/5692
f 5690/5690/5690 5648/5648/5648 5692/5692/5692
f 5692/5692/5692 5648/5648/5648 5693/5693/5693
f 5648/5648/5648 5649/5649/5649 5693/5693/5693
f 5693/5693/5693 5649/5649/5649 5694/5694/5694
f 5649/5649/5649 5650/5650/5650 5694/5694/5694
f 5694/5694/5694 5650/5650/5650 5695/5695/5695
f 5650/5650/5650 5651/5651/5651 5695/5695/5695
f 5695/5695/5695 5651/5651/5651 5696/5696/5696
f 5651/5651/5651 5652/5652/5652 5696/5696/5696
f 5652/5652/5652 5653/5653/5653 5696/5696/5696
f 5653/5653/5653 5697/5697/5697 5696/5696/5696
f 5697/5697/5697 5698/5698/5698 5696/5696/5696
f 5696/5696/5696 5698/5698/5698 5699/5699/5699
f 5699/5699/5699 5698/5698/5698 5700/5700/5700
f 5698/5698/5698 5697/5697/5697 5700/5700/5700
f 5697/5697/5697 5653/5653/5653 5700/5700/5700
f 5653/5653/5653 5654/5654/5654 5700/5700/5700
f 5700/5700/5700 5654/5654/5654 5701/5701/5701
f 5654/5654/5654 5655/5655/5655 5701/5701/5701
f 5655/5655/5655 5659/5659/5659 5701/5701/5701
f 5701/5701/5701 5659/5659/5659 5702/5702/5702
f 5659/5659/5659 5661/5661/5661 5702/5702/5702
f 5702/5702/5702 5661/5661/5661 5703/5703/5703
f 5661/5661/5661 5663/5663/5663 5703/5703/5703
f 5703/5703/5703 5663/5663/5663 5704/5704/5704
f 5663/5663/5663 5665/5665/5665 5704/5704/5704
f 5704/5704/5704 5665/5665/5665 5705/5705/5705
f 5665/5665/5665 5667/5667/5667 5705/5705/5705
f 5705/5705/5705 5667/5667/5667 5706/5706/5706
f 5667/5667/5667 5669/5669/5669 5706/5706/5706
f 5669/5669/5669 5670/5670/5670 5706/5706/5706
f 5670/5670/5670 5707/5707/5707 5706/5706/5706
f 5706/5706/5706 5707/5707/5707 5708/5708/5708
f 5708/5708/5708 5707/5707/5707 5709/5709/5709
f 5709/5709/5709 5707/5707/5707 5710/5710/5710
f 5707/5707/5707 5670/5670/5670 5710/5710/5710
f 5670/5670/5670 5671/5671/5671 5710/5710/5710
f 5710/5710/5710 5671/5671/5671 5711/5711/5711
f 5671/5671/5671 5672/5672/5672 5711/5711/5711
f 5711/5711/5711 5672/5672/5672 5712/5712/5712
f 5672/5672/5672 5673/5673/5673 5712/5712/5712
f 5712/5712/5712 5673/5673/5673 5713/5713/5713
f 5673/5673/5673 5674/5674/5674 5713/5713/5713
f 5713/5713/5713 5674/5674/5674 5714/5714/5714
f 5674/5674/5674 5675/5675/5675 5714/5714/5714
f 5714/5714/5714 5675/5675/5675 5715/5715/5715
f 5675/5675/5675 5676/5676/5676 5715/5715/5715
f 5676/5676/5676 5679/5679/5679 5715/5715/5715
f 5679/5679/5679 5681/5681/5681 5715/5715/5715
f 5715/5715/5715 5681/5681/5681 5716/5716/5716
f 5681/5681/5681 5680/5680/5680 5716/5716/5716
f 5716/5716/5716 5680/5680/5680 5717/5717/5717
f 5717/5717/5717 5680/5680/5680 5718/5718/5718
f 5680/5680/5680 5682/5682/5682 5718/5718/5718
f 5718/5718/5718 5682/5682/5682 5719/5719/5719
f 5682/5682/5682 5683/5683/5683 5719/5719/5719
f 5719/5719/5719 5683/5683/5683 5720/5720/5720
f 5683/5683/5683 5684/5684/5684 5720/5720/5720
f 5720/5720/5720 5684/5684/5684 5721/5721/5721
f 5684/5684/5684 5685/5685/5685 5721/5721/5721
f 5721/5721/5721 5685/5685/5685 5722/5722/5722
f 5685/5685/5685 5686/5686/5686 5722/5722/5722
f 5686/5686/5686 5687/5687/5687 5722/5722/5722
f 5687/5687/5687 5689/5689/5689 5722/5722/5722
f 5689/5689/5689 5688/5688/5688 5722/5722/5722
f 5722/5722/5722 5688/5688/5688 5723/5723/5723
f 5688/5688/5688 5690/5690/5690 5723/5723/5723
f 5690/5690/5690 5691/5691/5691 5723/5723/5723
f 5723/5723/5723 5691/5691/5691 5724/5724/5724
f 5725/5725/5725 5724/5724/5724 5726/5726/5726
f 5724/5724/5724 5691/5691/5691 5726/5726/5726
f 5691/5691/5691 5692/5692/5692 5726/5726/5726
f 5726/5726/5726 5692/5692/5692 5727/5727/5727
f 5692/5692/5692 5693/5693/5693 5727/5727/5727
f 5727/5727/5727 5693/5693/5693 5728/5728/5728
f 5693/5693/5693 5694/5694/5694 5728/5728/5728
f 5728/5728/5728 5694/5694/5694 5729/5729/5729
f 5694/5694/5694 5695/5695/5695 5729/5729/5729
f 5729/5729/5729 5695/5695/5695 5730/5730/5730
f 5695/5695/5695 5696/5696/5696 5730/5730/5730
f 5696/5696/5696 5699/5699/5699 5730/5730/5730
f 5730/5730/5730 5699/5699/5699 5731/5731/5731
f 5732/5732/5732 5731/5731/5731 5733/5733/5733
f 5733/5733/5733 5731/5731/5731 5734/5734/5734
f 5731/5731/5731 5699/5699/5699 5734/5734/5734
f 5734/5734/5734 5699/5699/5699 5735/5735/5735
f 5699/5699/5699 5700/5700/5700 5735/5735/5735
f 5735/5735/5735 5700/5700/5700 5736/5736/5736
f 5700/5700/5700 5701/5701/5701 5736/5736/5736
f 5736/5736/5736 5701/5701/5701 5737/5737/5737
f 5701/5701/5701 5702/5702/5702 5737/5737/5737
f 5737/5737/5737 5702/5702/5702 5738/5738/5738
f 5702/5702/5702 5703/5703/5703 5738/5738/5738
f 5738/5738/5738 5703/5703/5703 5739/5739/5739
f 5703/5703/5703 5704/5704/5704 5739/5739/5739
f 5739/5739/5739 5704/5704/5704 5740/5740/5740
f 5704/5704/5704 5705/5705/5705 5740/5740/5740
f 5705/5705/5705 5706/5706/5706 5740/5740/5740
f 5706/5706/5706 5708/5708/5708 5740/5740/5740
f 5708/5708/5708 5741/5741/5741 5740/5740/5740
f 5740/5740/5740 5741/5741/5741 5742/5742/5742
f 5742/5742/5742 5741/5741/5741 5743/5743/5743
f 5741/5741/5741 5708/5708/5708 5743/5743/5743
f 5743/5743/5743 5708/5708/5708 5744/5744/5744
f 5708/5708/5708 5709/5709/5709 5744/5744/5744
f 5744/5744/5744 5709/5709/5709 5745/5745/5745
f 5709/5709/5709 5710/5710/5710 5745/5745/5745
f 5745/5745/5745 5710/5710/5710 5746/5746/5746
f 5710/5710/5710 5711/5711/5711 5746/5746/5746
f 5746/5746/5746 5711/5711/5711 5747/5747/5747
f 5711/5711/5711 5712/5712/5712 5747/5747/5747
f 5747/5747/5747 5712/5712/5712 5748/5748/5748
f 5712/5712/5712 5713/5713/5713 5748/5748/5748
f 5748/5748/5748 5713/5713/5713 5749/5749/5749
f 5713/5713/5713 5714/5714/5714 5749/5749/5749
f 5714/5714/5714 5715/5715/5715 5749/5749/5749
f 5715/5715/5715 5716/5716/5716 5749/5749/5749
f 5716/5716/5716 5750/5750/5750 5749/5749/5749
f 5749/5749/5749 5750/5750/5750 5751/5751/5751
f 5751/5751/5751 5750/5750/5750 5752/5752/5752
f 5750/5750/5750 5716/5716/5716 5752/5752/5752
f 5716/5716/5716 5717/5717/5717 5752/5752/5752
f 5753/5753/5753 5752/5752/5752 5754/5754/5754
f 5752/5752/5752 5717/5717/5717 5754/5754/5754
f 5717/5717/5717 5718/5718/5718 5754/5754/5754
f 5754/5754/5754 5718/5718/5718 5755/5755/5755
f 5718/5718/5718 5719/5719/5719 5755/5755/5755
f 5755/5755/5755 5719/5719/5719 5756/5756/5756
f 5719/5719/5719 5720/5720/5720 5756/5756/5756
f 5756/5756/5756 5720/5720/5720 5757/5757/5757
f 5720/5720/5720 5721/5721/5721 5757/5757/5757
f 5757/5757/5757 5721/5721/5721 5758/5758/5758
f 5721/5721/5721 5722/5722/5722 5758/5758/5758
f 5722/5722/5722 5723/5723/5723 5758/5758/5758
f 5758/5758/5758 5723/5723/5723 5759/5759/5759
f 5723/5723/5723 5724/5724/5724 5759/5759/5759
f 5724/5724/5724 5725/5725/5725 5759/5759/5759
f 5759/5759/5759 5725/5725/5725 5760/5760/5760
f 5760/5760/5760 5725/5725/5725 5761/5761/5761
f 5725/5725/5725 5726/5726/5726 5761/5761/5761
f 5762/5762/5762 5761/5761/5761 5763/5763/5763
f 5761/5761/5761 5726/5726/5726 5763/5763/5763
f 5763/5763/5763 5726/5726/5726 5764/5764/5764
f 5726/5726/5726 5727/5727/5727 5764/5764/5764
f 5764/5764/5764 5727/5727/5727 5765/5765/5765
f 5727/5727/5727 5728/5728/5728 5765/5765/5765
f 5765/5765/5765 5728/5728/5728 5766/5766/5766
f 5728/5728/5728 5729/5729/5729 5766/5766/5766
f 5766/5766/5766 5729/5729/5729 5767/5767/5767
f 5729/5729/5729 5730/5730/5730 5767/5767/5767
f 5730/5730/5730 5731/5731/5731 5767/5767/5767
f 5731/5731/5731 5732/5732/5732 5767/5767/5767
f 5767/5767/5767 5732/5732/5732 5768/5768/5768
f 5769/5769/5769 5768/5768/5768 5770/5770/5770
f 5768/5768/5768 5732/5732/5732 5770/5770/5770
f 5732/5732/5732 5733/5733/5733 5770/5770/5770
f 5770/5770/5770 5733/5733/5733 5771/5771/5771
f 5733/5733/5733 5734/5734/5734 5771/5771/5771
f 5734/5734/5734 5735/5735/5735 5771/5771/5771
f 5735/5735/5735 5736/5736/5736 5771/5771/5771
f 5771/5771/5771 5736/5736/5736 5772/5772/5772
f 5736/5736/5736 5737/5737/5737 5772/5772/5772
f 5772/5772/5772 5737/5737/5737 5773/5773/5773
f 5737/5737/5737 5738/5738/5738 5773/5773/5773
f 5773/5773/5773 5738/5738/5738 5774/5774/5774
f 5738/5738/5738 5739/5739/5739 5774/5774/5774
f 5774/5774/5774 5739/5739/5739 5775/5775/5775
f 5739/5739/5739 5740/5740/5740 5775/5775/5775
f 5740/5740/5740 5742/5742/5742 5775/5775/5775
f 5775/5775/5775 5742/5742/5742 5776/5776/5776
f 5742/5742/5742 5743/5743/5743 5776/5776/5776
f 5743/5743/5743 5777/5777/5777 5776/5776/5776
f 5778/5778/5778 5776/5776/5776 5779/5779/5779
f 5776/5776/5776 5777/5777/5777 5779/5779/5779
f 5779/5779/5779 5777/5777/5777 5780/5780/5780
f 5777/5777/5777 5743/5743/5743 5780/5780/5780
f 5743/5743/5743 5744/5744/5744 5780/5780/5780
f 5744/5744/5744 5745/5745/5745 5780/5780/5780
f 5780/5780/5780 5745/5745/5745 5781/5781/5781
f 5745/5745/5745 5746/5746/5746 5781/5781/5781
f 5781/5781/5781 5746/5746/5746 5782/5782/5782
f 5746/5746/5746 5747/5747/5747 5782/5782/5782
f 5782/5782/5782 5747/5747/5747 5783/5783/5783
f 5747/5747/5747 5748/5748/5748 5783/5783/5783
f 5783/5783/5783 5748/5748/5748 5784/5784/5784
f 5748/5748/5748 5749/5749/5749 5784/5784/5784
f 5749/5749/5749 5751/5751/5751 5784/5784/5784
f 5784/5784/5784 5751/5751/5751 5785/5785/5785
f 5751/5751/5751 5752/5752/5752 5785/5785/5785
f 5752/5752/5752 5753/5753/5753 5785/5785/5785
f 5786/5786/5786 5785/5785/5785 5787/5787/5787
f 5785/5785/5785 5753/5753/5753 5787/5787/5787
f 5753/5753/5753 5754/5754/5754 5787/5787/5787
f 5787/5787/5787 5754/5754/5754 5788/5788/5788
f 5788/5788/5788 5754/5754/5754 5789/5789/5789
f 5754/5754/5754 5755/5755/5755 5789/5789/5789
f 5789/5789/5789 5755/5755/5755 5790/5790/5790
f 5755/5755/5755 5756/5756/5756 5790/5790/5790
f 5790/5790/5790 5756/5756/5756 5791/5791/5791
f 5756/5756/5756 5757/5757/5757 5791/5791/5791
f 5791/5791/5791 5757/5757/5757 5792/5792/5792
f 5757/5757/5757 5758/5758/5758 5792/5792/5792
f 5758/5758/5758 5759/5759/5759 5792/5792/5792
f 5759/5759/5759 5760/5760/5760 5792/5792/5792
f 5792/5792/5792 5760/5760/5760 5793/5793/5793
f 5760/5760/5760 5761/5761/5761 5793/5793/5793
f 5761/5761/5761 5762/5762/5762 5793/5793/5793
f 5793/5793/5793 5762/5762/5762 5794/5794/5794
f 5762/5762/5762 5763/5763/5763 5794/5794/5794
f 5795/5795/5795 5794/5794/5794 5796/5796/5796
f 5794/5794/5794 5763/5763/5763 5796/5796/5796
f 5796/5796/5796 5763/5763/5763 5797/5797/5797
f 5763/5763/5763 5764/5764/5764 5797/5797/5797
f 5797/5797/5797 5764/5764/5764 5798/5798/5798
f 5764/5764/5764 5765/5765/5765 5798/5798/5798
f 5798/5798/5798 5765/5765/5765 5799/5799/5799
f 5765/5765/5765 5766/5766/5766 5799/5799/5799
f 5799/5799/5799 5766/5766/5766 5800/5800/5800
f 5766/5766/5766 5767/5767/5767 5800/5800/5800
f 5767/5767/5767 5768/5768/5768 5800/5800/5800
f 5800/5800/5800 5768/5768/5768 5801/5801/5801
f 5768/5768/5768 5769/5769/5769 5801/5801/5801
f 5802/5802/5802 5801/5801/5801 5803/5803/5803
f 5801/5801/5801 5769/5769/5769 5803/5803/5803
f 5803/5803/5803 5769/5769/5769 5804/5804/5804
f 5769/5769/5769 5770/5770/5770 5804/5804/5804
f 5770/5770/5770 5771/5771/5771 5804/5804/5804
f 5804/5804/5804 5771/5771/5771 5805/5805/5805
f 5771/5771/5771 5772/5772/5772 5805/5805/5805
f 5805/5805/5805 5772/5772/5772 5806/5806/5806
f 5772/5772/5772 5773/5773/5773 5806/5806/5806
f 5806/5806/5806 5773/5773/5773 5807/5807/5807
f 5773/5773/5773 5774/5774/5774 5807/5807/5807
f 5807/5807/5807 5774/5774/5774 5808/5808/5808
f 5774/5774/5774 5775/5775/5775 5808/5808/5808
f 5775/5775/5775 5776/5776/5776 5808/5808/5808
f 5776/5776/5776 5778/5778/5778 5808/5808/5808
f 5808/5808/5808 5778/5778/5778 5809/5809/5809
f 5809/5809/5809 5778/5778/5778 5810/5810/5810
f 5778/5778/5778 5779/5779/5779 5810/5810/5810
f 5811/5811/5811 5810/5810/5810 5812/5812/5812
f 5810/5810/5810 5779/5779/5779 5812/5812/5812
f 5779/5779/5779 5780/5780/5780 5812/5812/5812
f 5812/5812/5812 5780/5780/5780 5813/5813/5813
f 5780/5780/5780 5781/5781/5781 5813/5813/5813
f 5813/5813/5813 5781/5781/5781 5814/5814/5814
f 5781/5781/5781 5782/5782/5782 5814/5814/5814
f 5814/5814/5814 5782/5782/5782 5815/5815/5815
f 5782/5782/5782 5783/5783/5783 5815/5815/5815
f 5815/5815/5815 5783/5783/5783 5816/5816/5816
f 5783/5783/5783 5784/5784/5784 5816/5816/5816
f 5784/5784/5784 5785/5785/5785 5816/5816/5816
f 5785/5785/5785 5786/5786/5786 5816/5816/5816
f 5816/5816/5816 5786/5786/5786 5817/5817/5817
f 5817/5817/5817 5786/5786/5786 5818/5818/5818
f 5786/5786/5786 5787/5787/5787 5818/5818/5818
f 5787/5787/5787 5788/5788/5788 5818/5818/5818
f 5818/5818/5818 5788/5788/5788 5819/5819/5819
f 5820/5820/5820 5819/5819/5819 5821/5821/5821
f 5819/5819/5819 5788/5788/5788 5821/5821/5821
f 5821/5821/5821 5788/5788/5788 5822/5822/5822
f 5788/5788/5788 5789/5789/5789 5822/5822/5822
f 5822/5822/5822 5789/5789/5789 5823/5823/5823
f 5789/5789/5789 5790/5790/5790 5823/5823/5823
f 5823/5823/5823 5790/5790/5790 5824/5824/5824
f 5790/5790/5790 5791/5791/5791 5824/5824/5824
f 5824/5824/5824 5791/5791/5791 5825/5825/5825
f 5791/5791/5791 5792/5792/5792 5825/5825/5825
f 5792/5792/5792 5793/5793/5793 5825/5825/5825
f 5825/5825/5825 5793/5793/5793 5826/5826/5826
f 5793/5793/5793 5794/5794/5794 5826/5826/5826
f 5794/5794/5794 5795/5795/5795 5826/5826/5826
f 5826/5826/5826 5795/5795/5795 5827/5827/5827
f 5828/5828/5828 5829/5829/5829 5830/5830/5830
f 5829/5829/5829 5827/5827/5827 5830/5830/5830
f 5827/5827/5827 5795/5795/5795 5830/5830/5830
f 5830/5830/5830 5795/5795/5795 5831/5831/5831
f 5795/5795/5795 5796/5796/5796 5831/5831/5831
f 5831/5831/5831 5796/5796/5796 5832/5832/5832
f 5796/5796/5796 5797/5797/5797 5832/5832/5832
f 5832/5832/5832 5797/5797/5797 5833/5833/5833
f 5797/5797/5797 5798/5798/5798 5833/5833/5833
f 5833/5833/5833 5798/5798/5798 5834/5834/5834
f 5798/5798/5798 5799/5799/5799 5834/5834/5834
f 5834/5834/5834 5799/5799/5799 5835/5835/5835
f 5799/5799/5799 5800/5800/5800 5835/5835/5835
f 5800/5800/5800 5801/5801/5801 5835/5835/5835
f 5801/5801/5801 5802/5802/5802 5835/5835/5835
f 5835/5835/5835 5802/5802/5802 5836/5836/5836
f 5836/5836/5836 5802/5802/5802 5837/5837/5837
f 5802/5802/5802 5803/5803/5803 5837/5837/5837
f 5837/5837/5837 5803/5803/5803 5838/5838/5838
f 5803/5803/5803 5804/5804/5804 5838/5838/5838
f 5838/5838/5838 5804/5804/5804 5839/5839/5839
f 5804/5804/5804 5805/5805/5805 5839/5839/5839
f 5839/5839/5839 5805/5805/5805 5840/5840/5840
f 5805/5805/5805 5806/5806/5806 5840/5840/5840
f 5840/5840/5840 5806/5806/5806 5841/5841/5841
f 5806/5806/5806 5807/5807/5807 5841/5841/5841
f 5841/5841/5841 5807/5807/5807 5842/5842/5842
f 5807/5807/5807 5808/5808/5808 5842/5842/5842
f 5808/5808/5808 5809/5809/5809 5842/5842/5842
f 5842/5842/5842 5809/5809/5809 5843/5843/5843
f 5809/5809/5809 5810/5810/5810 5843/5843/5843
f 5810/5810/5810 5811/5811/5811 5843/5843/5843
f 5843/5843/5843 5811/5811/5811 5844/5844/5844
f 5845/5845/5845 5844/5844/5844 5846/5846/5846
f 5844/5844/5844 5811/5811/5811 5846/5846/5846
f 5846/5846/5846 5811/5811/5811 5847/5847/5847
f 5811/5811/5811 5812/5812/5812 5847/5847/5847
f 5847/5847/5847 5812/5812/5812 5848/5848/5848
f 5812/5812/5812 5813/5813/5813 5848/5848/5848
f 5848/5848/5848 5813/5813/5813 5849/5849/5849
f 5813/5813/5813 5814/5814/5814 5849/5849/5849
f 5849/5849/5849 5814/5814/5814 5850/5850/5850
f 5814/5814/5814 5815/5815/5815 5850/5850/5850
f 5850/5850/5850 5815/5815/5815 5851/5851/5851
f 5815/5815/5815 5816/5816/5816 5851/5851/5851
f 5816/5816/5816 5817/5817/5817 5851/5851/5851
f 5851/5851/5851 5817/5817/5817 5852/5852/5852
f 5817/5817/5817 5818/5818/5818 5852/5852/5852
f 5818/5818/5818 5819/5819/5819 5852/5852/5852
f 5852/5852/5852 5819/5819/5819 5853/5853/5853
f 5819/5819/5819 5820/5820/5820 5853/5853/5853
f 5853/5853/5853 5820/5820/5820 5854/5854/5854
f 5855/5855/5855 5854/5854/5854 5856/5856/5856
f 5854/5854/5854 5820/5820/5820 5856/5856/5856
f 5856/5856/5856 5820/5820/5820 5857/5857/5857
f 5820/5820/5820 5821/5821/5821 5857/5857/5857
f 5857/5857/5857 5821/5821/5821 5858/5858/5858
f 5821/5821/5821 5822/5822/5822 5858/5858/5858
f 5858/5858/5858 5822/5822/5822 5859/5859/5859
f 5822/5822/5822 5823/5823/5823 5859/5859/5859
f 5859/5859/5859 5823/5823/5823 5860/5860/5860
f 5823/5823/5823 5824/5824/5824 5860/5860/5860
f 5860/5860/5860 5824/5824/5824 5861/5861/5861
f 5824/5824/5824 5825/5825/5825 5861/5861/5861
f 5825/5825/5825 5826/5826/5826 5861/5861/5861
f 5826/5826/5826 5827/5827/5827 5861/5861/5861
f 5827/5827/5827 5829/5829/5829 5861/5861/5861
f 5861/5861/5861 5829/5829/5829 5862/5862/5862
f 5829/5829/5829 5828/5828/5828 5862/5862/5862
f 5862/5862/5862 5828/5828/5828 5863/5863/5863
f 5863/5863/5863 5828/5828/5828 5864/5864/5864
f 5828/5828/5828 5830/5830/5830 5864/5864/5864
f 5830/5830/5830 5831/5831/5831 5864/5864/5864
f 5864/5864/5864 5831/5831/5831 5865/5865/5865
f 5831/5831/5831 5832/5832/5832 5865/5865/5865
f 5865/5865/5865 5832/5832/5832 5866/5866/5866
f 5832/5832/5832 5833/5833/5833 5866/5866/5866
f 5866/5866/5866 5833/5833/5833 5867/5867/5867
f 5833/5833/5833 5834/5834/5834 5867/5867/5867
f 5867/5867/5867 5834/5834/5834 5868/5868/5868
f 5834/5834/5834 5835/5835/5835 5868/5868/5868
f 5869/5869/5869 5868/5868/5868 5870/5870/5870
f 5868/5868/5868 5835/5835/5835 5870/5870/5870
f 5835/5835/5835 5836/5836/5836 5870/5870/5870
f 5870/5870/5870 5836/5836/5836 5871/5871/5871
f 5871/5871/5871 5836/5836/5836 5872/5872/5872
f 5836/5836/5836 5837/5837/5837 5872/5872/5872
f 5872/5872/5872 5837/5837/5837 5873/5873/5873
f 5837/5837/5837 5838/5838/5838 5873/5873/5873
f 5873/5873/5873 5838/5838/5838 5874/5874/5874
f 5838/5838/5838 5839/5839/5839 5874/5874/5874
f 5874/5874/5874 5839/5839/5839 5875/5875/5875
f 5839/5839/5839 5840/5840/5840 5875/5875/5875
f 5875/5875/5875 5840/5840/5840 5876/5876/5876
f 5840/5840/5840 5841/5841/5841 5876/5876/5876
f 5876/5876/5876 5841/5841/5841 5877/5877/5877
f 5841/5841/5841 5842/5842/5842 5877/5877/5877
f 5842/5842/5842 5843/5843/5843 5877/5877/5877
f 5843/5843/5843 5844/5844/5844 5877/5877/5877
f 5844/5844/5844 5845/5845/5845 5877/5877/5877
f 5877/5877/5877 5845/5845/5845 5878/5878/5878
f 5879/5879/5879 5878/5878/5878 5880/5880/5880
f 5878/5878/5878 5845/5845/5845 5880/5880/5880
f 5845/5845/5845 5846/5846/5846 5880/5880/5880
f 5880/5880/5880 5846/5846/5846 5881/5881/5881
f 5846/5846/5846 5847/5847/5847 5881/5881/5881
f 5881/5881/5881 5847/5847/5847 5882/5882/5882
f 5847/5847/5847 5848/5848/5848 5882/5882/5882
f 5882/5882/5882 5848/5848/5848 5883/5883/5883
f 5848/5848/5848 5849/5849/5849 5883/5883/5883
f 5883/5883/5883 5849/5849/5849 5884/5884/5884
f 5849/5849/5849 5850/5850/5850 5884/5884/5884
f 5884/5884/5884 5850/5850/5850 5885/5885/5885
f 5850/5850/5850 5851/5851/5851 5885/5885/5885
f 5851/5851/5851 5852/5852/5852 5885/5885/5885
f 5852/5852/5852 5853/5853/5853 5885/5885/5885
f 5853/5853/5853 5854/5854/5854 5885/5885/5885
f 5885/5885/5885 5854/5854/5854 5886/5886/5886
f 5854/5854/5854 5855/5855/5855 5886/5886/5886
f 5886/5886/5886 5855/5855/5855 5887/5887/5887
f 5887/5887/5887 5855/5855/5855 5888/5888/5888
f 5855/5855/5855 5856/5856/5856 5888/5888/5888
f 5856/5856/5856 5857/5857/5857 5888/5888/5888
f 5888/5888/5888 5857/5857/5857 5889/5889/5889
f 5857/5857/5857 5858/5858/5858 5889/5889/5889
f 5889/5889/5889 5858/5858/5858 5890/5890/5890
f 5858/5858/5858 5859/5859/5859 5890/5890/5890
f 5890/5890/5890 5859/5859/5859 5891/5891/5891
f 5859/5859/5859 5860/5860/5860 5891/5891/5891
f 5891/5891/5891 5860/5860/5860 5892/5892/5892
f 5860/5860/5860 5861/5861/5861 5892/5892/5892
f 5861/5861/5861 5862/5862/5862 5892/5892/5892
f 5892/5892/5892 5862/5862/5862 5893/5893/5893
f 5862/5862/5862 5863/5863/5863 5893/5893/5893
f 5893/5893/5893 5863/5863/5863 5894/5894/5894
f 5863/5863/5863 5864/5864/5864 5894/5894/5894
f 5894/5894/5894 5864/5864/5864 5895/5895/5895
f 5895/5895/5895 5864/5864/5864 5896/5896/5896
f 5864/5864/5864 5865/5865/5865 5896/5896/5896
f 5896/5896/5896 5865/5865/5865 5897/5897/5897
f 5865/5865/5865 5866/5866/5866 5897/5897/5897
f 5897/5897/5897 5866/5866/5866 5898/5898/5898
f 5866/5866/5866 5867/5867/5867 5898/5898/5898
f 5898/5898/5898 5867/5867/5867 5899/5899/5899
f 5867/5867/5867 5868/5868/5868 5899/5899/5899
f 5868/5868/5868 5869/5869/5869 5899/5899/5899
f 5899/5899/5899 5869/5869/5869 5900/5900/5900
f 5900/5900/5900 5869/5869/5869 5901/5901/5901
f 5869/5869/5869 5870/5870/5870 5901/5901/5901
f 5870/5870/5870 5871/5871/5871 5901/5901/5901
f 5901/5901/5901 5871/5871/5871 5902/5902/5902
f 5871/5871/5871 5872/5872/5872 5902/5902/5902
f 5872/5872/5872 5873/5873/5873 5902/5902/5902
f 5902/5902/5902 5873/5873/5873 5903/5903/5903
f 5873/5873/5873 5874/5874/5874 5903/5903/5903
f 5903/5903/5903 5874/5874/5874 5904/5904/5904
f 5874/5874/5874 5875/5875/5875 5904/5904/5904
f 5904/5904/5904 5875/5875/5875 5905/5905/5905
f 5875/5875/5875 5876/5876/5876 5905/5905/5905
f 5905/5905/5905 5876/5876/5876 5906/5906/5906
f 5876/5876/5876 5877/5877/5877 5906/5906/5906
f 5877/5877/5877 5878/5878/5878 5906/5906/5906
f 5906/5906/5906 5878/5878/5878 5907/5907/5907
f 5878/5878/5878 5879/5879/5879 5907/5907/5907
f 5907/5907/5907 5879/5879/5879 5908/5908/5908
f 5908/5908/5908 5879/5879/5879 5909/5909/5909
f 5879/5879/5879 5880/5880/5880 5909/5909/5909
f 5880/5880/5880 5881/5881/5881 5909/5909/5909
f 5909/5909/5909 5881/5881/5881 5910/5910/5910
f 5881/5881/5881 5882/5882/5882 5910/5910/5910
f 5910/5910/5910 5882/5882/5882 5911/5911/5911
f 5882/5882/5882 5883/5883/5883 5911/5911/5911
f 5911/5911/5911 5883/5883/5883 5912/5912/5912
f 5883/5883/5883 5884/5884/5884 5912/5912/5912
f 5912/5912/5912 5884/5884/5884 5913/5913/5913
f 5884/5884/5884 5885/5885/5885 5913/5913/5913
f 5885/5885/5885 5886/5886/5886 5913/5913/5913
f 5913/5913/5913 5886/5886/5886 5914/5914/5914
f 5886/5886/5886 5887/5887/5887 5914/5914/5914
f 5914/5914/5914 5887/5887/5887 5915/5915/5915
f 5887/5887/5887 5888/5888/5888 5915/5915/5915
f 5915/5915/5915 5888/5888/5888 5916/5916/5916
f 5916/5916/5916 5888/5888/5888 5917/5917/5917
f 5888/5888/5888 5889/5889/5889 5917/5917/5917
f 5917/5917/5917 5889/5889/5889 5918/5918/5918
f 5889/5889/5889 5890/5890/5890 5918/5918/5918
f 5918/5918/5918 5890/5890/5890 5919/5919/5919
f 5890/5890/5890 5891/5891/5891 5919/5919/5919
f 5919/5919/5919 5891/5891/5891 5920/5920/5920
f 5891/5891/5891 5892/5892/5892 5920/5920/5920
f 5892/5892/5892 5893/5893/5893 5920/5920/5920
f 5920/5920/5920 5893/5893/5893 5921/5921/5921
f 5893/5893/5893 5894/5894/5894 5921/5921/5921
f 5921/5921/5921 5894/5894/5894 5922/5922/5922
f 5894/5894/5894 5895/5895/5895 5922/5922/5922
f 5895/5895/5895 5896/5896/5896 5922/5922/5922
f 5896/5896/5896 5897/5897/5897 5922/5922/5922
f 5897/5897/5897 5898/5898/5898 5922/5922/5922
f 5898/5898/5898 5899/5899/5899 5922/5922/5922
f 5899/5899/5899 5900/5900/5900 5922/5922/5922
f 5922/5922/5922 5900/5900/5900 5924/5924/5924
f 5900/5900/5900 5901/5901/5901 5924/5924/5924
f 5901/5901/5901 5902/5902/5902 5924/5924/5924
f 5924/5924/5924 5902/5902/5902 5925/5925/5925
f 5925/5925/5925 5902/5902/5902 5926/5926/5926
f 5902/5902/5902 5903/5903/5903 5926/5926/5926
f 5926/5926/5926 5903/5903/5903 5927/5927/5927
f 5903/5903/5903 5904/5904/5904 5927/5927/5927
f 5927/5927/5927 5904/5904/5904 5928/5928/5928
f 5904/5904/5904 5905/5905/5905 5928/5928/5928
f 5928/5928/5928 5905/5905/5905 5929/5929/5929
f 5905/5905/5905 5906/5906/5906 5929/5929/5929
f 5906/5906/5906 5907/5907/5907 5929/5929/5929
f 5929/5929/5929 5907/5907/5907 5930/5930/5930
f 5907/5907/5907 5908/5908/5908 5930/5930/5930
f 5930/5930/5930 5908/5908/5908 5931/5931/5931
f 5908/5908/5908 5909/5909/5909 5931/5931/5931
f 5931/5931/5931 5909/5909/5909 5932/5932/5932
f 5932/5932/5932 5909/5909/5909 5933/5933/5933
f 5909/5909/5909 5910/5910/5910 5933/5933/5933
f 5933/5933/5933 5910/5910/5910 5934/5934/5934
f 5910/5910/5910 5911/5911/5911 5934/5934/5934
f 5934/5934/5934 5911/5911/5911 5935/5935/5935
f 5911/5911/5911 5912/5912/5912 5935/5935/5935
f 5935/5935/5935 5912/5912/5912 5936/5936/5936
f 5912/5912/5912 5913/5913/5913 5936/5936/5936
f 5913/5913/5913 5914/5914/5914 5936/5936/5936
f 5936/5936/5936 5914/5914/5914 5937/5937/5937
f 5914/5914/5914 5915/5915/5915 5937/5937/5937
f 5937/5937/5937 5915/5915/5915 5938/5938/5938
f 5915/5915/5915 5916/5916/5916 5938/5938/5938
f 5916/5916/5916 5917/5917/5917 5938/5938/5938
f 5917/5917/5917 5918/5918/5918 5938/5938/5938
f 5918/5918/5918 5919/5919/5919 5938/5938/5938
f 5919/5919/5919 5920/5920/5920 5938/5938/5938
f 5920/5920/5920 5921/5921/5921 5938/5938/5938
f 5921/5921/5921 5922/5922/5922 5938/5938/5938
f 5940/5940/5940 5938/5938/5938 5941/5941/5941
f 5941/5941/5941 5938/5938/5938 5942/5942/5942
f 5942/5942/5942 5938/5938/5938 5943/5943/5943
f 5938/5938/5938 5922/5922/5922 5943/5943/5943
f 5944/5944/5944 5923/5923/5923 5946/5946/5946
f 5945/5945/5945 5922/5922/5922 5947/5947/5947
f 5947/5947/5947 5922/5922/5922 5948/5948/5948
f 5948/5948/5948 5922/5922/5922 5949/5949/5949
f 5949/5949/5949 5922/5922/5922 5950/5950/5950
f 5950/5950/5950 5922/5922/5922 5951/5951/5951
f 5951/5951/5951 5922/5922/5922 5952/5952/5952
f 5952/5952/5952 5922/5922/5922 5953/5953/5953
f 5953/5953/5953 5922/5922/5922 5954/5954/5954
f 5955/5955/5955 5956/5956/5956 5957/5957/5957
f 5956/5956/5956 5959/5959/5959 5957/5957/5957
f 5959/5959/5959 5960/5960/5960 5957/5957/5957
f 5960/5960/5960 5961/5961/5961 5957/5957/5957
f 5961/5961/5961 5962/5962/5962 5957/5957/5957
f 5962/5962/5962 5963/5963/5963 5957/5957/5957
f 5963/5963/5963 5954/5954/5954 5957/5957/5957
f 5954/5954/5954 5922/5922/5922 5957/5957/5957
f 5922/5922/5922 5924/5924/5924 5957/5957/5957
f 5924/5924/5924 5925/5925/5925 5957/5957/5957
f 5925/5925/5925 5926/5926/5926 5957/5957/5957
f 5926/5926/5926 5927/5927/5927 5957/5957/5957
f 5927/5927/5927 5928/5928/5928 5957/5957/5957
f 5928/5928/5928 5929/5929/5929 5957/5957/5957
f 5929/5929/5929 5930/5930/5930 5957/5957/5957
f 5930/5930/5930 5931/5931/5931 5957/5957/5957
f 5957/5957/5957 5931/5931/5931 5964/5964/5964
f 5931/5931/5931 5932/5932/5932 5964/5964/5964
f 5932/5932/5932 5933/5933/5933 5964/5964/5964
f 5933/5933/5933 5934/5934/5934 5964/5964/5964
f 5934/5934/5934 5935/5935/5935 5964/5964/5964
f 5935/5935/5935 5936/5936/5936 5964/5964/5964
f 5936/5936/5936 5937/5937/5937 5964/5964/5964
f 5937/5937/5937 5938/5938/5938 5964/5964/5964
f 5965/5965/5965 5964/5964/5964 5966/5966/5966
f 5966/5966/5966 5964/5964/5964 5967/5967/5967
f 5964/5964/5964 5938/5938/5938 5967/5967/5967
f 5967/5967/5967 5938/5938/5938 5968/5968/5968
f 5968/5968/5968 5938/5938/5938 5969/5969/5969
f 5969/5969/5969 5938/5938/5938 5970/5970/5970
f 5970/5970/5970 5938/5938/5938 5971/5971/5971
f 5971/5971/5971 5938/5938/5938 5972/5972/5972
f 5972/5972/5972 5938/5938/5938 5973/5973/5973
f 5973/5973/5973 5938/5938/5938 5974/5974/5974
f 5975/5975/5975 5939/5939/5939 5977/5977/5977
f 5938/5938/5938 5940/5940/5940 5976/5976/5976
f 5976/5976/5976 5940/5940/5940 5978/5978/5978
f 5978/5978/5978 5940/5940/5940 5979/5979/5979
f 5979/5979/5979 5940/5940/5940 5980/5980/5980
f 5940/5940/5940 5981/5981/5981 5980/5980/5980
f 5980/5980/5980 5981/5981/5981 5982/5982/5982
f 5982/5982/5982 5981/5981/5981 5983/5983/5983
f 5981/5981/5981 5984/5984/5984 5983/5983/5983
f 5983/5983/5983 5984/5984/5984 5985/5985/5985
f 5984/5984/5984 5986/5986/5986 5985/5985/5985
f 5986/5986/5986 5987/5987/5987 5985/5985/5985
f 5987/5987/5987 5988/5988/5988 5985/5985/5985
f 5988/5988/5988 5989/5989/5989 5985/5985/5985
f 5989/5989/5989 5990/5990/5990 5985/5985/5985
f 5990/5990/5990 5991/5991/5991 5985/5985/5985
f 5991/5991/5991 5955/5955/5955 5985/5985/5985
f 5985/5985/5985 5955/5955/5955 5992/5992/5992
f 5955/5955/5955 5957/5957/5957 5992/5992/5992
f 5992/5992/5992 5957/5957/5957 5993/5993/5993
f 5993/5993/5993 5957/5957/5957 5994/5994/5994
f 5994/5994/5994 5957/5957/5957 5995/5995/5995
f 5995/5995/5995 5957/5957/5957 5996/5996/5996
f 5997/5997/5997 5958/5958/5958 5999/5999/5999
f 5957/5957/5957 5964/5964/5964 5998/5998/5998
f 6000/6000/6000 5964/5964/5964 6001/6001/6001
f 6001/6001/6001 5964/5964/5964 6002/6002/6002
f 6002/6002/6002 5964/5964/5964 6003/6003/6003
f 6003/6003/6003 5964/5964/5964 6004/6004/6004
f 5964/5964/5964 5965/5965/5965 6004/6004/6004
f 6005/6005/6005 6006/6006/6006 6007/6007/6007
f 6006/6006/6006 6008/6008/6008 6007/6007/6007
f 6008/6008/6008 6009/6009/6009 6007/6007/6007
f 6010/6010/6010 6007/6007/6007 6011/6011/6011
f 6007/6007/6007 6009/6009/6009 6011/6011/6011
f 6012/6012/6012 6013/6013/6013 6014/6014/6014
f 6013/6013/6013 6015/6015/6015 6014/6014/6014
f 6014/6014/6014 6015/6015/6015 6016/6016/6016
f 6015/6015/6015 6017/6017/6017 6016/6016/6016
f 6011/6011/6011 6016/6016/6016 6018/6018/6018
f 6016/6016/6016 6017/6017/6017 6018/6018/6018
f 6019/6019/6019 6020/6020/6020 6021/6021/6021
f 6020/6020/6020 6018/6018/6018 6021/6021/6021
f 6021/6021/6021 6018/6018/6018 6022/6022/6022
f 6018/6018/6018 6017/6017/6017 6022/6022/6022
f 6022/6022/6022 6017/6017/6017 6023/6023/6023
f 6017/6017/6017 6015/6015/6015 6023/6023/6023
f 6023/6023/6023 6015/6015/6015 6024/6024/6024
f 6015/6015/6015 6013/6013/6013 6024/6024/6024
f 6024/6024/6024 6013/6013/6013 6025/6025/6025
f 6013/6013/6013 6012/6012/6012 6025/6025/6025
f 6025/6025/6025 6012/6012/6012 6026/6026/6026
f 6012/6012/6012 6014/6014/6014 6026/6026/6026
f 6026/6026/6026 6014/6014/6014 6027/6027/6027
f 6014/6014/6014 6016/6016/6016 6027/6027/6027
f 6027/6027/6027 6016/6016/6016 6028/6028/6028
f 6016/6016/6016 6011/6011/6011 6028/6028/6028
f 6028/6028/6028 6011/6011/6011 6029/6029/6029
f 6011/6011/6011 6009/6009/6009 6029/6029/6029
f 6029/6029/6029 6009/6009/6009 6030/6030/6030
f 6009/6009/6009 6008/6008/6008 6030/6030/6030
f 6030/6030/6030 6008/6008/6008 6031/6031/6031
f 6008/6008/6008 6006/6006/6006 6031/6031/6031
f 6031/6031/6031 6006/6006/6006 6032/6032/6032
f 6006/6006/6006 6005/6005/6005 6032/6032/6032
f 6032/6032/6032 6005/6005/6005 6033/6033/6033
f 6005/6005/6005 6007/6007/6007 6033/6033/6033
f 6033/6033/6033 6007/6007/6007 6034/6034/6034
f 6007/6007/6007 6010/6010/6010 6034/6034/6034
f 6034/6034/6034 6010/6010/6010 6035/6035/6035
f 6035/6035/6035 6010/6010/6010 6036/6036/6036
f 6010/6010/6010 6011/6011/6011 6036/6036/6036
f 6011/6011/6011 6018/6018/6018 6036/6036/6036
f 6018/6018/6018 6020/6020/6020 6036/6036/6036
f 6038/6038/6038 6037/6037/6037 6039/6039/6039
f 6037/6037/6037 6040/6040/6040 6039/6039/6039
f 6040/6040/6040 6041/6041/6041 6039/6039/6039
f 6039/6039/6039 6041/6041/6041 6042/6042/6042
f 6041/6041/6041 6043/6043/6043 6042/6042/6042
f 6042/6042/6042 6043/6043/6043 6044/6044/6044
f 6043/6043/6043 6045/6045/6045 6044/6044/6044
f 6044/6044/6044 6045/6045/6045 6046/6046/6046
f 6045/6045/6045 6047/6047/6047 6046/6046/6046
f 6046/6046/6046 6047/6047/6047 6048/6048/6048
f 6047/6047/6047 6049/6049/6049 6048/6048/6048
f 6048/6048/6048 6049/6049/6049 6050/6050/6050
f 6049/6049/6049 6051/6051/6051 6050/6050/6050
f 6050/6050/6050 6051/6051/6051 6052/6052/6052
f 6051/6051/6051 6053/6053/6053 6052/6052/6052
f 6055/6055/6055 6054/6054/6054 6056/6056/6056
f 6057/6057/6057 6058/6058/6058 6059/6059/6059
f 6059/6059/6059 6058/6058/6058 6060/6060/6060
f 6058/6058/6058 6061/6061/6061 6060/6060/6060
f 6060/6060/6060 6061/6061/6061 6062/6062/6062
f 6061/6061/6061 6063/6063/6063 6062/6062/6062
f 6062/6062/6062 6063/6063/6063 6064/6064/6064
f 6063/6063/6063 6065/6065/6065 6064/6064/6064
f 6064/6064/6064 6065/6065/6065 6066/6066/6066
f 6065/6065/6065 6067/6067/6067 6066/6066/6066
f 6066/6066/6066 6067/6067/6067 6068/6068/6068
f 6067/6067/6067 6069/6069/6069 6068/6068/6068
f 6068/6068/6068 6069/6069/6069 6070/6070/6070
f 6069/6069/6069 6071/6071/6071 6070/6070/6070
f 6070/6070/6070 6071/6071/6071 6072/6072/6072
f 6071/6071/6071 6073/6073/6073 6072/6072/6072
f 6072/6072/6072 6073/6073/6073 6074/6074/6074
f 6073/6073/6073 6075/6075/6075 6074/6074/6074
f 6074/6074/6074 6075/6075/6075 6076/6076/6076
f 6075/6075/6075 6077/6077/6077 6076/6076/6076
f 6076/6076/6076 6077/6077/6077 6078/6078/6078
f 6077/6077/6077 6079/6079/6079 6078/6078/6078
f 6078/6078/6078 6079/6079/6079 6080/6080/6080
f 6079/6079/6079 6081/6081/6081 6080/6080/6080
f 6080/6080/6080 6081/6081/6081 6082/6082/6082
f 6081/6081/6081 6083/6083/6083 6082/6082/6082
f 6082/6082/6082 6083/6083/6083 6084/6084/6084
f 6083/6083/6083 6085/6085/6085 6084/6084/6084
f 6084/6084/6084 6085/6085/6085 6086/6086/6086
f 6085/6085/6085 6087/6087/6087 6086/6086/6086
f 6086/6086/6086 6087/6087/6087 6088/6088/6088
f 6087/6087/6087 6089/6089/6089 6088/6088/6088
f 6088/6088/6088 6089/6089/6089 6090/6090/6090
f 6089/6089/6089 6091/6091/6091 6090/6090/6090
f 6090/6090/6090 6091/6091/6091 6092/6092/6092
f 6091/6091/6091 6093/6093/6093 6092/6092/6092
f 6092/6092/6092 6093/6093/6093 6094/6094/6094
f 6093/6093/6093 6095/6095/6095 6094/6094/6094
f 6094/6094/6094 6095/6095/6095 6096/6096/6096
f 6095/6095/6095 6097/6097/6097 6096/6096/6096
f 6096/6096/6096 6097/6097/6097 6098/6098/6098
f 6097/6097/6097 6099/6099/6099 6098/6098/6098
f 6098/6098/6098 6099/6099/6099 6100/6100/6100
f 6099/6099/6099 6101/6101/6101 6100/6100/6100
f 6100/6100/6100 6101/6101/6101 6102/6102/6102
f 6101/6101/6101 6103/6103/6103 6102/6102/6102
f 6102/6102/6102 6103/6103/6103 6104/6104/6104
f 6103/6103/6103 6057/6057/6057 6104/6104/6104
f 6057/6057/6057 6059/6059/6059 6104/6104/6104
f 6105/6105/6105 6106/6106/6106 6107/6107/6107
f 6107/6107/6107 6106/6106/6106 6108/6108/6108
f 6106/6106/6106 6109/6109/6109 6108/6108/6108
f 6108/6108/6108 6109/6109/6109 6110/6110/6110
f 6109/6109/6109 6111/6111/6111 6110/6110/6110
f 6110/6110/6110 6111/6111/6111 6112/6112/6112
f 6111/6111/6111 6113/6113/6113 6112/6112/6112
f 6112/6112/6112 6113/6113/6113 6114/6114/6114
f 6113/6113/6113 6115/6115/6115 6114/6114/6114
f 6114/6114/6114 6115/6115/6115 6116/6116/6116
f 6115/6115/6115 6117/6117/6117 6116/6116/6116
f 6117/6117/6117 6118/6118/6118 6116/6116/6116
f 6119/6119/6119 6120/6120/6120 6121/6121/6121
f 6120/6120/6120 6122/6122/6122 6121/6121/6121
f 6123/6123/6123 6124/6124/6124 6126/6126/6126
f 6124/6124/6124 6127/6127/6127 6126/6126/6126
f 6128/6128/6128 6129/6129/6129 6125/6125/6125
f 6125/6125/6125 6129/6129/6129 6130/6130/6130
f 6129/6129/6129 6131/6131/6131 6130/6130/6130
f 6130/6130/6130 6131/6131/6131 6132/6132/6132
f 6131/6131/6131 6133/6133/6133 6132/6132/6132
f 6132/6132/6132 6133/6133/6133 6134/6134/6134
f 6133/6133/6133 6135/6135/6135 6134/6134/6134
f 6134/6134/6134 6135/6135/6135 6136/6136/6136
f 6135/6135/6135 6137/6137/6137 6136/6136/6136
f 6136/6136/6136 6137/6137/6137 6138/6138/6138
f 6137/6137/6137 6139/6139/6139 6138/6138/6138
f 6139/6139/6139 6140/6140/6140 6138/6138/6138

